source_id,title,authors,publication_year,doi,direct_url,primary_source,verification_status,verification_method,verification_source_url,verified_on,metadata_correction_note,claim_extraction_status
SRC0001,Simple Technical Trading Rules and the Stochastic Properties of Stock Returns,William Brock; Josef Lakonishok; Blake LeBaron,1992,10.1111/j.1540-6261.1992.tb04681.x,https://doi.org/10.1111/j.1540-6261.1992.tb04681.x,true,verified_bibliographic_identity_exact,publisher_or_primary_repository_metadata_crosscheck,https://doi.org/10.1111/j.1540-6261.1992.tb04681.x,2026-08-03,No metadata correction required in the final audit.,bibliographic_identity_verified; quantitative results not independently replicated in this package
SRC0002,"Data-Snooping, Technical Trading Rule Performance, and the Bootstrap",Ryan Sullivan; Allan Timmermann; Halbert White,1999,10.1111/0022-1082.00163,https://doi.org/10.1111/0022-1082.00163,true,verified_bibliographic_identity_exact,publisher_or_primary_repository_metadata_crosscheck,https://doi.org/10.1111/0022-1082.00163,2026-08-03,No metadata correction required in the final audit.,bibliographic_identity_verified; quantitative results not independently replicated in this package
SRC0003,"Foundations of Technical Analysis: Computational Algorithms, Statistical Inference, and Empirical Implementation",Andrew W. Lo; Harry Mamaysky; Jiang Wang,2000,10.1111/0022-1082.00265,https://doi.org/10.1111/0022-1082.00265,true,verified_bibliographic_identity_exact,publisher_or_primary_repository_metadata_crosscheck,https://doi.org/10.1111/0022-1082.00265,2026-08-03,No metadata correction required in the final audit.,bibliographic_identity_verified; quantitative results not independently replicated in this package
SRC0004,Using Genetic Algorithms to Find Technical Trading Rules,Franklin Allen; Risto Karjalainen,1999,10.1016/S0304-405X(98)00052-X,https://doi.org/10.1016/S0304-405X(98)00052-X,true,verified_bibliographic_identity_exact,publisher_or_primary_repository_metadata_crosscheck,https://doi.org/10.1016/S0304-405X(98)00052-X,2026-08-03,No metadata correction required in the final audit.,bibliographic_identity_verified; quantitative results not independently replicated in this package
SRC0005,Profits from Technical Trading Rules,Mark J. Ready,2002,10.2307/3666314,https://doi.org/10.2307/3666314,true,verified_bibliographic_identity_exact,publisher_or_primary_repository_metadata_crosscheck,https://doi.org/10.2307/3666314,2026-08-03,Corrected JSTOR identifier; the prior identifier belonged to another article.,bibliographic_identity_verified; quantitative results not independently replicated in this package
SRC0006,The Profitability of Technical Trading Rules in the Asian Stock Markets,Hendrik Bessembinder; Kalok Chan,1995,10.1016/0927-538X(95)00002-3,https://doi.org/10.1016/0927-538X(95)00002-3,true,verified_bibliographic_identity_exact,publisher_or_primary_repository_metadata_crosscheck,https://doi.org/10.1016/0927-538X(95)00002-3,2026-08-03,No metadata correction required in the final audit.,bibliographic_identity_verified; quantitative results not independently replicated in this package
SRC0007,Market Efficiency and the Returns to Technical Analysis,Hendrik Bessembinder; Kalok Chan,1998,10.2307/3666289,https://doi.org/10.2307/3666289,true,verified_bibliographic_identity_exact,publisher_or_primary_repository_metadata_crosscheck,https://doi.org/10.2307/3666289,2026-08-03,No metadata correction required in the final audit.,bibliographic_identity_verified; quantitative results not independently replicated in this package
SRC0008,"Moving Average Rules, Volume and the Predictability of Security Returns with Feedforward Networks",Ramazan Gençay; Thanasis Stengos,1998,10.1002/(SICI)1099-131X(1998090)17:5/6<401::AID-FOR704>3.0.CO;2-C,https://doi.org/10.1002/(SICI)1099-131X(1998090)17:5/6%3C401::AID-FOR704%3E3.0.CO;2-C,true,verified_bibliographic_identity_exact,publisher_or_primary_repository_metadata_crosscheck,https://doi.org/10.1002/(SICI)1099-131X(1998090)17:5/6%3C401::AID-FOR704%3E3.0.CO;2-C,2026-08-03,direct_url: https://doi.org/10.1002/(SICI)1099-131X(1998090)17:5/6<401::AID-FOR704>3.0.CO;2-C -> https://doi.org/10.1002/(SICI)1099-131X(1998090)17:5/6%3C401::AID-FOR704%3E3.0.CO;2-C | Added the coauthor shown in the publisher record.,bibliographic_identity_verified; quantitative results not independently replicated in this package
SRC0009,On Technical Analysis,Stephen Brown; Robert Jennings,1989,10.1093/rfs/2.4.527,https://doi.org/10.1093/rfs/2.4.527,true,verified_bibliographic_identity_exact,publisher_or_primary_repository_metadata_crosscheck,https://doi.org/10.1093/rfs/2.4.527,2026-08-03,No metadata correction required in the final audit.,bibliographic_identity_verified; quantitative results not independently replicated in this package
SRC0010,Some New Filter Rule Tests: Methods and Results,Richard J. Sweeney,1988,10.2307/2331068,https://doi.org/10.2307/2331068,true,verified_bibliographic_identity_exact,publisher_or_primary_repository_metadata_crosscheck,https://doi.org/10.2307/2331068,2026-08-03,Corrected to the exact JFQA/JSTOR article record.,bibliographic_identity_verified; quantitative results not independently replicated in this package
SRC0011,The Significance of Technical Trading-Rule Profits in the Foreign Exchange Market: A Bootstrap Approach,Richard M. Levich; Lee R. Thomas III,1993,10.1016/0261-5606(93)90034-9,https://doi.org/10.1016/0261-5606(93)90034-9,true,verified_bibliographic_identity_exact,publisher_or_primary_repository_metadata_crosscheck,https://doi.org/10.1016/0261-5606(93)90034-9,2026-08-03,No metadata correction required in the final audit.,bibliographic_identity_verified; quantitative results not independently replicated in this package
SRC0012,Is Technical Analysis in the Foreign Exchange Market Profitable? A Genetic Programming Approach,Christopher J. Neely; Paul A. Weller; Rob Dittmar,1997,10.2307/2331231,https://doi.org/10.2307/2331231,true,verified_bibliographic_identity_exact,publisher_or_primary_repository_metadata_crosscheck,https://doi.org/10.2307/2331231,2026-08-03,No metadata correction required in the final audit.,bibliographic_identity_verified; quantitative results not independently replicated in this package
SRC0013,"Time-Varying Risk Premia, Volatility, and Technical Trading Rule Profits: Evidence from Foreign Currency Futures Markets",Bong-Chan Kho,1996,10.1016/0304-405X(95)00861-8,https://doi.org/10.1016/0304-405X(95)00861-8,true,verified_bibliographic_identity_exact,publisher_or_primary_repository_metadata_crosscheck,https://doi.org/10.1016/0304-405X(95)00861-8,2026-08-03,No metadata correction required in the final audit.,bibliographic_identity_verified; quantitative results not independently replicated in this package
SRC0014,Have Trading Rule Profits in the Currency Markets Declined over Time?,Dennis Olson,2004,10.1016/S0378-4266(02)00399-0,https://doi.org/10.1016/S0378-4266(02)00399-0,true,verified_bibliographic_identity_exact,publisher_or_primary_repository_metadata_crosscheck,https://doi.org/10.1016/S0378-4266(02)00399-0,2026-08-03,Corrected the ScienceDirect article identifier.,bibliographic_identity_verified; quantitative results not independently replicated in this package
SRC0015,Testing the Predictive Ability of Technical Analysis Using a New Stepwise Test without Data Snooping Bias,Po-Hsuan Hsu; Yu-Chin Hsu; Chung-Ming Kuan,2010,10.1016/j.jempfin.2010.01.001,https://doi.org/10.1016/j.jempfin.2010.01.001,true,verified_bibliographic_identity_exact,publisher_or_primary_repository_metadata_crosscheck,https://doi.org/10.1016/j.jempfin.2010.01.001,2026-08-03,Corrected the Journal of Empirical Finance DOI.,bibliographic_identity_verified; quantitative results not independently replicated in this package
SRC0016,A Reality Check on Technical Trading Rule Profits in the U.S. Futures Markets,Cheol-Ho Park; Scott H. Irwin,2010,10.1002/fut.20435,https://doi.org/10.1002/fut.20435,true,verified_bibliographic_identity_exact,publisher_or_primary_repository_metadata_crosscheck,https://doi.org/10.1002/fut.20435,2026-08-03,No metadata correction required in the final audit.,bibliographic_identity_verified; quantitative results not independently replicated in this package
SRC0017,"Technical Trading Revisited: False Discoveries, Persistence Tests, and Transaction Costs",Pierre Bajgrowicz; Olivier Scaillet,2012,10.1016/j.jfineco.2012.06.001,https://doi.org/10.1016/j.jfineco.2012.06.001,true,verified_bibliographic_identity_exact,publisher_or_primary_repository_metadata_crosscheck,https://doi.org/10.1016/j.jfineco.2012.06.001,2026-08-03,Corrected the Journal of Financial Economics DOI.,bibliographic_identity_verified; quantitative results not independently replicated in this package
SRC0018,A New Anomaly: The Cross-Sectional Profitability of Technical Analysis,Yufeng Han; Ke Yang; Guofu Zhou,2013,10.1017/S0022109013000586,https://doi.org/10.1017/S0022109013000586,true,verified_bibliographic_identity_exact,publisher_or_primary_repository_metadata_crosscheck,https://doi.org/10.1017/S0022109013000586,2026-08-03,No metadata correction required in the final audit.,bibliographic_identity_verified; quantitative results not independently replicated in this package
SRC0019,Forecasting the Equity Risk Premium: The Role of Technical Indicators,Christopher J. Neely; David E. Rapach; Jun Tu; Guofu Zhou,2014,10.1287/mnsc.2013.1838,https://doi.org/10.1287/mnsc.2013.1838,true,verified_bibliographic_identity_exact,publisher_or_primary_repository_metadata_crosscheck,https://doi.org/10.1287/mnsc.2013.1838,2026-08-03,No metadata correction required in the final audit.,bibliographic_identity_verified; quantitative results not independently replicated in this package
SRC0020,A Century of Evidence on Trend-Following Investing,Brian Hurst; Yao Hua Ooi; Lasse Heje Pedersen,2017,10.3905/jpm.2017.44.1.015,https://doi.org/10.3905/jpm.2017.44.1.015,true,verified_bibliographic_identity_exact,publisher_or_primary_repository_metadata_crosscheck,https://doi.org/10.3905/jpm.2017.44.1.015,2026-08-03,No metadata correction required in the final audit.,bibliographic_identity_verified; quantitative results not independently replicated in this package
SRC0021,Trend-Following Trading Strategies in Commodity Futures: A Re-Examination,Andrew C. Szakmary; Qian Shen; Subhash C. Sharma,2010,10.1016/j.jbankfin.2009.08.004,https://doi.org/10.1016/j.jbankfin.2009.08.004,true,verified_bibliographic_identity_exact,publisher_or_primary_repository_metadata_crosscheck,https://doi.org/10.1016/j.jbankfin.2009.08.004,2026-08-03,Corrected the Journal of Banking & Finance DOI.,bibliographic_identity_verified; quantitative results not independently replicated in this package
SRC0022,Momentum Strategies in Commodity Futures Markets,Joëlle Miffre; Georgios Rallis,2007,10.1016/j.jbankfin.2006.12.005,https://doi.org/10.1016/j.jbankfin.2006.12.005,true,verified_bibliographic_identity_exact,publisher_or_primary_repository_metadata_crosscheck,https://doi.org/10.1016/j.jbankfin.2006.12.005,2026-08-03,No metadata correction required in the final audit.,bibliographic_identity_verified; quantitative results not independently replicated in this package
SRC0023,Time Series Momentum,Tobias J. Moskowitz; Yao Hua Ooi; Lasse Heje Pedersen,2012,10.1016/j.jfineco.2011.11.003,https://doi.org/10.1016/j.jfineco.2011.11.003,true,verified_bibliographic_identity_exact,publisher_or_primary_repository_metadata_crosscheck,https://doi.org/10.1016/j.jfineco.2011.11.003,2026-08-03,No metadata correction required in the final audit.,bibliographic_identity_verified; quantitative results not independently replicated in this package
SRC0024,Cross-Sectional and Time-Series Tests of Return Predictability: What Is the Difference?,Amit Goyal; Narasimhan Jegadeesh,2018,10.1093/rfs/hhx131,https://doi.org/10.1093/rfs/hhx131,true,verified_bibliographic_identity_exact,publisher_or_primary_repository_metadata_crosscheck,https://doi.org/10.1093/rfs/hhx131,2026-08-03,No metadata correction required in the final audit.,bibliographic_identity_verified; quantitative results not independently replicated in this package
SRC0025,Time Series Momentum in Nearly 100 Years of Stock Returns,Bryan Y. Lim; Jiaguo Wang; Yaqiong Yao,2018,10.1016/j.jbankfin.2018.10.010,https://doi.org/10.1016/j.jbankfin.2018.10.010,true,verified_bibliographic_identity_exact,publisher_or_primary_repository_metadata_crosscheck,https://doi.org/10.1016/j.jbankfin.2018.10.010,2026-08-03,Corrected the authors to the exact article record.,bibliographic_identity_verified; quantitative results not independently replicated in this package
SRC0026,Time Series Momentum and Volatility Scaling,Abby Y. Kim; Yiuman Tse; John K. Wald,2016,10.1016/j.finmar.2016.05.003,https://doi.org/10.1016/j.finmar.2016.05.003,true,verified_bibliographic_identity_exact,publisher_or_primary_repository_metadata_crosscheck,https://doi.org/10.1016/j.finmar.2016.05.003,2026-08-03,"Corrected authors, journal and DOI identity.",bibliographic_identity_verified; quantitative results not independently replicated in this package
SRC0027,Returns to Buying Winners and Selling Losers: Implications for Stock Market Efficiency,Narasimhan Jegadeesh; Sheridan Titman,1993,10.1111/j.1540-6261.1993.tb04702.x,https://doi.org/10.1111/j.1540-6261.1993.tb04702.x,true,verified_bibliographic_identity_exact,publisher_or_primary_repository_metadata_crosscheck,https://doi.org/10.1111/j.1540-6261.1993.tb04702.x,2026-08-03,No metadata correction required in the final audit.,bibliographic_identity_verified; quantitative results not independently replicated in this package
SRC0028,Profitability of Momentum Strategies: An Evaluation of Alternative Explanations,Narasimhan Jegadeesh; Sheridan Titman,2001,10.1111/0022-1082.00342,https://doi.org/10.1111/0022-1082.00342,true,verified_bibliographic_identity_exact,publisher_or_primary_repository_metadata_crosscheck,https://doi.org/10.1111/0022-1082.00342,2026-08-03,No metadata correction required in the final audit.,bibliographic_identity_verified; quantitative results not independently replicated in this package
SRC0029,International Momentum Strategies,K. Geert Rouwenhorst,1998,10.1111/0022-1082.00022,https://doi.org/10.1111/0022-1082.00022,true,verified_bibliographic_identity_exact,publisher_or_primary_repository_metadata_crosscheck,https://doi.org/10.1111/0022-1082.00022,2026-08-03,No metadata correction required in the final audit.,bibliographic_identity_verified; quantitative results not independently replicated in this package
SRC0030,Do Industries Explain Momentum?,Tobias J. Moskowitz; Mark Grinblatt,1999,10.1111/0022-1082.00146,https://doi.org/10.1111/0022-1082.00146,true,verified_bibliographic_identity_exact,publisher_or_primary_repository_metadata_crosscheck,https://doi.org/10.1111/0022-1082.00146,2026-08-03,No metadata correction required in the final audit.,bibliographic_identity_verified; quantitative results not independently replicated in this package
SRC0031,The Interaction of Value and Momentum Strategies,Clifford S. Asness,1997,10.2469/faj.v53.n2.2069,https://doi.org/10.2469/faj.v53.n2.2069,true,verified_bibliographic_identity_exact,publisher_or_primary_repository_metadata_crosscheck,https://doi.org/10.2469/faj.v53.n2.2069,2026-08-03,No metadata correction required in the final audit.,bibliographic_identity_verified; quantitative results not independently replicated in this package
SRC0032,Value and Momentum Everywhere,Clifford S. Asness; Tobias J. Moskowitz; Lasse Heje Pedersen,2013,10.1111/jofi.12021,https://doi.org/10.1111/jofi.12021,true,verified_bibliographic_identity_exact,publisher_or_primary_repository_metadata_crosscheck,https://doi.org/10.1111/jofi.12021,2026-08-03,No metadata correction required in the final audit.,bibliographic_identity_verified; quantitative results not independently replicated in this package
SRC0033,Momentum Crashes,Kent Daniel; Tobias J. Moskowitz,2016,10.1016/j.jfineco.2015.12.002,https://doi.org/10.1016/j.jfineco.2015.12.002,true,verified_bibliographic_identity_exact,publisher_or_primary_repository_metadata_crosscheck,https://doi.org/10.1016/j.jfineco.2015.12.002,2026-08-03,No metadata correction required in the final audit.,bibliographic_identity_verified; quantitative results not independently replicated in this package
SRC0034,Momentum Has Its Moments,Pedro Barroso; Pedro Santa-Clara,2015,10.1016/j.jfineco.2014.11.010,https://doi.org/10.1016/j.jfineco.2014.11.010,true,verified_bibliographic_identity_exact,publisher_or_primary_repository_metadata_crosscheck,https://doi.org/10.1016/j.jfineco.2014.11.010,2026-08-03,No metadata correction required in the final audit.,bibliographic_identity_verified; quantitative results not independently replicated in this package
SRC0035,"Momentum Trading, Return Chasing, and Predictable Crashes",Benjamin Chabot; Eric Ghysels; Ravi Jagannathan,2014,,https://www.nber.org/papers/w20660,true,verified_bibliographic_identity_exact,publisher_or_primary_repository_metadata_crosscheck,https://www.nber.org/papers/w20660,2026-08-03,No metadata correction required in the final audit.,bibliographic_identity_verified; quantitative results not independently replicated in this package
SRC0036,Tail Risk in Momentum Strategy Returns,Kent Daniel; Ravi Jagannathan; Soohun Kim,2012,,https://www.nber.org/papers/w18169,true,verified_bibliographic_identity_exact,publisher_or_primary_repository_metadata_crosscheck,https://www.nber.org/papers/w18169,2026-08-03,No metadata correction required in the final audit.,bibliographic_identity_verified; quantitative results not independently replicated in this package
SRC0037,Does the Stock Market Overreact?,Werner F. M. De Bondt; Richard Thaler,1985,10.1111/j.1540-6261.1985.tb05004.x,https://doi.org/10.1111/j.1540-6261.1985.tb05004.x,true,verified_bibliographic_identity_exact,publisher_or_primary_repository_metadata_crosscheck,https://doi.org/10.1111/j.1540-6261.1985.tb05004.x,2026-08-03,No metadata correction required in the final audit.,bibliographic_identity_verified; quantitative results not independently replicated in this package
SRC0038,Further Evidence on Investor Overreaction and Stock Market Seasonality,Werner F. M. De Bondt; Richard H. Thaler,1987,10.1111/j.1540-6261.1987.tb04569.x,https://doi.org/10.1111/j.1540-6261.1987.tb04569.x,true,verified_bibliographic_identity_exact,publisher_or_primary_repository_metadata_crosscheck,https://doi.org/10.1111/j.1540-6261.1987.tb04569.x,2026-08-03,No metadata correction required in the final audit.,bibliographic_identity_verified; quantitative results not independently replicated in this package
SRC0039,Mean Reversion in Stock Prices: Evidence and Implications,James M. Poterba; Lawrence H. Summers,1988,10.1016/0304-405X(88)90021-9,https://doi.org/10.1016/0304-405X(88)90021-9,true,verified_bibliographic_identity_exact,publisher_or_primary_repository_metadata_crosscheck,https://doi.org/10.1016/0304-405X(88)90021-9,2026-08-03,Corrected the terminal DOI digit.,bibliographic_identity_verified; quantitative results not independently replicated in this package
SRC0040,Permanent and Temporary Components of Stock Prices,Eugene F. Fama; Kenneth R. French,1988,10.1086/261535,https://doi.org/10.1086/261535,true,verified_bibliographic_identity_exact,publisher_or_primary_repository_metadata_crosscheck,https://doi.org/10.1086/261535,2026-08-03,No metadata correction required in the final audit.,bibliographic_identity_verified; quantitative results not independently replicated in this package
SRC0041,Stock Market Prices Do Not Follow Random Walks: Evidence from a Simple Specification Test,Andrew W. Lo; A. Craig MacKinlay,1988,10.1093/rfs/1.1.41,https://doi.org/10.1093/rfs/1.1.41,true,verified_bibliographic_identity_exact,publisher_or_primary_repository_metadata_crosscheck,https://doi.org/10.1093/rfs/1.1.41,2026-08-03,No metadata correction required in the final audit.,bibliographic_identity_verified; quantitative results not independently replicated in this package
SRC0042,Evidence of Predictable Behavior of Security Returns,Narasimhan Jegadeesh,1990,10.1111/j.1540-6261.1990.tb05110.x,https://doi.org/10.1111/j.1540-6261.1990.tb05110.x,true,verified_bibliographic_identity_exact,publisher_or_primary_repository_metadata_crosscheck,https://doi.org/10.1111/j.1540-6261.1990.tb05110.x,2026-08-03,Corrected the Journal of Finance DOI.,bibliographic_identity_verified; quantitative results not independently replicated in this package
SRC0043,"Fads, Martingales, and Market Efficiency",Bruce N. Lehmann,1990,10.2307/2937816,https://doi.org/10.2307/2937816,true,verified_bibliographic_identity_exact,publisher_or_primary_repository_metadata_crosscheck,https://doi.org/10.2307/2937816,2026-08-03,Corrected the JSTOR identifier.,bibliographic_identity_verified; quantitative results not independently replicated in this package
SRC0044,Volume and Autocovariances in Short-Horizon Individual Security Returns,Jennifer Conrad; Allaudeen Hameed; Cathy Niden,1994,10.1111/j.1540-6261.1994.tb02455.x,https://doi.org/10.1111/j.1540-6261.1994.tb02455.x,true,verified_bibliographic_identity_exact,publisher_or_primary_repository_metadata_crosscheck,https://doi.org/10.1111/j.1540-6261.1994.tb02455.x,2026-08-03,Corrected the Journal of Finance DOI.,bibliographic_identity_verified; quantitative results not independently replicated in this package
SRC0045,When Are Contrarian Profits Due to Stock Market Overreaction?,Andrew W. Lo; A. Craig MacKinlay,1990,10.1093/rfs/3.2.175,https://doi.org/10.1093/rfs/3.2.175,true,verified_bibliographic_identity_exact,publisher_or_primary_repository_metadata_crosscheck,https://doi.org/10.1093/rfs/3.2.175,2026-08-03,No metadata correction required in the final audit.,bibliographic_identity_verified; quantitative results not independently replicated in this package
SRC0046,Liquidity and Autocorrelations in Individual Stock Returns,Doron Avramov; Tarun Chordia; Amit Goyal,2006,10.1111/j.1540-6261.2006.01060.x,https://doi.org/10.1111/j.1540-6261.2006.01060.x,true,verified_bibliographic_identity_exact,publisher_or_primary_repository_metadata_crosscheck,https://doi.org/10.1111/j.1540-6261.2006.01060.x,2026-08-03,Corrected the Journal of Finance DOI.,bibliographic_identity_verified; quantitative results not independently replicated in this package
SRC0047,Evaporating Liquidity,Stefan Nagel,2012,10.1093/rfs/hhs066,https://doi.org/10.1093/rfs/hhs066,true,verified_bibliographic_identity_exact,publisher_or_primary_repository_metadata_crosscheck,https://doi.org/10.1093/rfs/hhs066,2026-08-03,No metadata correction required in the final audit.,bibliographic_identity_verified; quantitative results not independently replicated in this package
SRC0048,Intraday Patterns in the Cross-Section of Stock Returns,Steven L. Heston; Robert A. Korajczyk; Ronnie Sadka,2010,10.1111/j.1540-6261.2010.01573.x,https://doi.org/10.1111/j.1540-6261.2010.01573.x,true,verified_bibliographic_identity_exact,publisher_or_primary_repository_metadata_crosscheck,https://doi.org/10.1111/j.1540-6261.2010.01573.x,2026-08-03,No metadata correction required in the final audit.,bibliographic_identity_verified; quantitative results not independently replicated in this package
SRC0049,A Closer Look at the Short-Term Return Reversal,Zhi Da; Qianqiu Liu; Ernst Schaumburg,2014,10.1287/mnsc.2013.1766,https://doi.org/10.1287/mnsc.2013.1766,true,verified_bibliographic_identity_exact,publisher_or_primary_repository_metadata_crosscheck,https://doi.org/10.1287/mnsc.2013.1766,2026-08-03,Corrected the Management Science DOI.,bibliographic_identity_verified; quantitative results not independently replicated in this package
SRC0050,Trading Volume and Serial Correlation in Stock Returns,John Y. Campbell; Sanford J. Grossman; Jiang Wang,1993,10.2307/2118454,https://doi.org/10.2307/2118454,true,verified_bibliographic_identity_exact,publisher_or_primary_repository_metadata_crosscheck,https://doi.org/10.2307/2118454,2026-08-03,Added the exact Quarterly Journal of Economics/JSTOR identifier.,bibliographic_identity_verified; quantitative results not independently replicated in this package
SRC0051,Expected Stock Returns and Volatility,Kenneth R. French; G. William Schwert; Robert F. Stambaugh,1987,10.1016/0304-405X(87)90026-2,https://doi.org/10.1016/0304-405X(87)90026-2,true,verified_bibliographic_identity_exact,publisher_or_primary_repository_metadata_crosscheck,https://doi.org/10.1016/0304-405X(87)90026-2,2026-08-03,No metadata correction required in the final audit.,bibliographic_identity_verified; quantitative results not independently replicated in this package
SRC0052,Why Does Stock Market Volatility Change Over Time?,G. William Schwert,1989,10.1111/j.1540-6261.1989.tb02647.x,https://doi.org/10.1111/j.1540-6261.1989.tb02647.x,true,verified_bibliographic_identity_exact,publisher_or_primary_repository_metadata_crosscheck,https://doi.org/10.1111/j.1540-6261.1989.tb02647.x,2026-08-03,No metadata correction required in the final audit.,bibliographic_identity_verified; quantitative results not independently replicated in this package
SRC0053,No News Is Good News: An Asymmetric Model of Changing Volatility in Stock Returns,John Y. Campbell; Ludger Hentschel,1992,10.1016/0304-405X(92)90037-X,https://doi.org/10.1016/0304-405X(92)90037-X,true,verified_bibliographic_identity_exact,publisher_or_primary_repository_metadata_crosscheck,https://doi.org/10.1016/0304-405X(92)90037-X,2026-08-03,No metadata correction required in the final audit.,bibliographic_identity_verified; quantitative results not independently replicated in this package
SRC0054,On the Relation between the Expected Value and the Volatility of the Nominal Excess Return on Stocks,Lawrence R. Glosten; Ravi Jagannathan; David E. Runkle,1993,10.1111/j.1540-6261.1993.tb05128.x,https://doi.org/10.1111/j.1540-6261.1993.tb05128.x,true,verified_bibliographic_identity_exact,publisher_or_primary_repository_metadata_crosscheck,https://doi.org/10.1111/j.1540-6261.1993.tb05128.x,2026-08-03,No metadata correction required in the final audit.,bibliographic_identity_verified; quantitative results not independently replicated in this package
SRC0055,Measuring and Testing the Impact of News on Volatility,Robert F. Engle; Victor K. Ng,1993,10.1111/j.1540-6261.1993.tb05127.x,https://doi.org/10.1111/j.1540-6261.1993.tb05127.x,true,verified_bibliographic_identity_exact,publisher_or_primary_repository_metadata_crosscheck,https://doi.org/10.1111/j.1540-6261.1993.tb05127.x,2026-08-03,Corrected the Journal of Finance DOI.,bibliographic_identity_verified; quantitative results not independently replicated in this package
SRC0056,The Investor Fear Gauge,Robert E. Whaley,2000,10.3905/jpm.2000.319728,https://doi.org/10.3905/jpm.2000.319728,true,verified_bibliographic_identity_exact,publisher_or_primary_repository_metadata_crosscheck,https://doi.org/10.3905/jpm.2000.319728,2026-08-03,No metadata correction required in the final audit.,bibliographic_identity_verified; quantitative results not independently replicated in this package
SRC0057,Understanding the VIX,Robert E. Whaley,2009,10.3905/JPM.2009.35.3.098,https://doi.org/10.3905/JPM.2009.35.3.098,true,verified_bibliographic_identity_exact,publisher_or_primary_repository_metadata_crosscheck,https://doi.org/10.3905/JPM.2009.35.3.098,2026-08-03,No metadata correction required in the final audit.,bibliographic_identity_verified; quantitative results not independently replicated in this package
SRC0058,Predicting Stock Market Volatility: A New Measure,Jeff Fleming; Barbara Ostdiek; Robert E. Whaley,1995,10.1002/fut.3990150303,https://doi.org/10.1002/fut.3990150303,true,verified_bibliographic_identity_exact,publisher_or_primary_repository_metadata_crosscheck,https://doi.org/10.1002/fut.3990150303,2026-08-03,No metadata correction required in the final audit.,bibliographic_identity_verified; quantitative results not independently replicated in this package
SRC0059,Relationships Between Implied Volatility Indexes and Stock Index Returns,Philippe Giot,2005,10.3905/jpm.2005.500363,https://doi.org/10.3905/jpm.2005.500363,true,verified_bibliographic_identity_exact,publisher_or_primary_repository_metadata_crosscheck,https://doi.org/10.3905/jpm.2005.500363,2026-08-03,No metadata correction required in the final audit.,bibliographic_identity_verified; quantitative results not independently replicated in this package
SRC0060,Expected Stock Returns and Variance Risk Premia,Tim Bollerslev; George Tauchen; Hao Zhou,2009,10.1093/rfs/hhp008,https://doi.org/10.1093/rfs/hhp008,true,verified_bibliographic_identity_exact,publisher_or_primary_repository_metadata_crosscheck,https://doi.org/10.1093/rfs/hhp008,2026-08-03,Corrected the Review of Financial Studies DOI.,bibliographic_identity_verified; quantitative results not independently replicated in this package
SRC0061,What's Vol Got to Do with It?,Itamar Drechsler; Amir Yaron,2011,10.1093/rfs/hhq085,https://doi.org/10.1093/rfs/hhq085,true,verified_bibliographic_identity_exact,publisher_or_primary_repository_metadata_crosscheck,https://doi.org/10.1093/rfs/hhq085,2026-08-03,Corrected the Review of Financial Studies DOI.,bibliographic_identity_verified; quantitative results not independently replicated in this package
SRC0062,"The VIX, the Variance Premium and Stock Market Volatility",Geert Bekaert; Marie Hoerova,2014,10.1016/j.jeconom.2014.05.008,https://doi.org/10.1016/j.jeconom.2014.05.008,true,verified_bibliographic_identity_exact,publisher_or_primary_repository_metadata_crosscheck,https://doi.org/10.1016/j.jeconom.2014.05.008,2026-08-03,Corrected the Journal of Econometrics DOI.,bibliographic_identity_verified; quantitative results not independently replicated in this package
SRC0063,"Tails, Fears, and Risk Premia",Tim Bollerslev; Viktor Todorov,2011,10.1111/j.1540-6261.2011.01695.x,https://doi.org/10.1111/j.1540-6261.2011.01695.x,true,verified_bibliographic_identity_exact,publisher_or_primary_repository_metadata_crosscheck,https://doi.org/10.1111/j.1540-6261.2011.01695.x,2026-08-03,Corrected the Journal of Finance DOI.,bibliographic_identity_verified; quantitative results not independently replicated in this package
SRC0064,Tail Risk and Asset Prices,Bryan T. Kelly; Hao Jiang,2014,10.1093/rfs/hhu039,https://doi.org/10.1093/rfs/hhu039,true,verified_bibliographic_identity_exact,publisher_or_primary_repository_metadata_crosscheck,https://doi.org/10.1093/rfs/hhu039,2026-08-03,No metadata correction required in the final audit.,bibliographic_identity_verified; quantitative results not independently replicated in this package
SRC0065,Volatility-Managed Portfolios,Alan Moreira; Tyler Muir,2017,10.1111/jofi.12513,https://doi.org/10.1111/jofi.12513,true,verified_bibliographic_identity_exact,publisher_or_primary_repository_metadata_crosscheck,https://doi.org/10.1111/jofi.12513,2026-08-03,No metadata correction required in the final audit.,bibliographic_identity_verified; quantitative results not independently replicated in this package
SRC0066,A Simple Approximate Long-Memory Model of Realized Volatility,Fulvio Corsi,2009,10.1093/jjfinec/nbp001,https://doi.org/10.1093/jjfinec/nbp001,true,verified_bibliographic_identity_exact,publisher_or_primary_repository_metadata_crosscheck,https://doi.org/10.1093/jjfinec/nbp001,2026-08-03,No metadata correction required in the final audit.,bibliographic_identity_verified; quantitative results not independently replicated in this package
SRC0067,The Distribution of Realized Exchange Rate Volatility,Torben G. Andersen; Tim Bollerslev; Francis X. Diebold; Paul Labys,2001,10.1198/016214501750332965,https://doi.org/10.1198/016214501750332965,true,verified_bibliographic_identity_exact,publisher_or_primary_repository_metadata_crosscheck,https://doi.org/10.1198/016214501750332965,2026-08-03,doi: 10.1198/016214501753168406 -> 10.1198/016214501750332965 | direct_url: https://doi.org/10.1198/016214501753168406 -> https://doi.org/10.1198/016214501750332965 | Corrected the Journal of the American Statistical Association DOI.,bibliographic_identity_verified; quantitative results not independently replicated in this package
SRC0068,Modeling and Forecasting Realized Volatility,Torben G. Andersen; Tim Bollerslev; Francis X. Diebold; Paul Labys,2003,10.1111/1468-0262.00418,https://doi.org/10.1111/1468-0262.00418,true,verified_bibliographic_identity_exact,publisher_or_primary_repository_metadata_crosscheck,https://doi.org/10.1111/1468-0262.00418,2026-08-03,No metadata correction required in the final audit.,bibliographic_identity_verified; quantitative results not independently replicated in this package
SRC0069,The Extreme Value Method for Estimating the Variance of the Rate of Return,Michael Parkinson,1980,10.1086/296071,https://doi.org/10.1086/296071,true,verified_bibliographic_identity_exact,publisher_or_primary_repository_metadata_crosscheck,https://doi.org/10.1086/296071,2026-08-03,No metadata correction required in the final audit.,bibliographic_identity_verified; quantitative results not independently replicated in this package
SRC0070,On the Estimation of Security Price Volatilities from Historical Data,Mark B. Garman; Michael J. Klass,1980,10.1086/296072,https://doi.org/10.1086/296072,true,verified_bibliographic_identity_exact,publisher_or_primary_repository_metadata_crosscheck,https://doi.org/10.1086/296072,2026-08-03,No metadata correction required in the final audit.,bibliographic_identity_verified; quantitative results not independently replicated in this package
SRC0071,"Estimating Variance from High, Low and Closing Prices",L. C. G. Rogers; Stephen E. Satchell,1991,10.1214/aoap/1177005835,https://doi.org/10.1214/aoap/1177005835,true,verified_bibliographic_identity_exact,publisher_or_primary_repository_metadata_crosscheck,https://doi.org/10.1214/aoap/1177005835,2026-08-03,doi: 10.1016/0304-405X(91)90058-P -> 10.1214/aoap/1177005835 | direct_url: https://doi.org/10.1016/0304-405X(91)90058-P -> https://doi.org/10.1214/aoap/1177005835 | Corrected to the Annals of Applied Probability article DOI.,bibliographic_identity_verified; quantitative results not independently replicated in this package
SRC0072,"Drift-Independent Volatility Estimation Based on High, Low, Open, and Close Prices",Dennis Yang; Qiang Zhang,2000,10.1086/209650,https://doi.org/10.1086/209650,true,verified_bibliographic_identity_exact,publisher_or_primary_repository_metadata_crosscheck,https://doi.org/10.1086/209650,2026-08-03,No metadata correction required in the final audit.,bibliographic_identity_verified; quantitative results not independently replicated in this package
SRC0073,Delta-Hedged Gains and the Negative Market Volatility Risk Premium,Gurdip Bakshi; Nikunj Kapadia,2003,10.1093/rfs/hhg002,https://doi.org/10.1093/rfs/hhg002,true,verified_bibliographic_identity_exact,publisher_or_primary_repository_metadata_crosscheck,https://doi.org/10.1093/rfs/hhg002,2026-08-03,Corrected the Review of Financial Studies DOI.,bibliographic_identity_verified; quantitative results not independently replicated in this package
SRC0074,Variance Risk Premiums,Peter Carr; Liuren Wu,2009,10.1093/rfs/hhn038,https://doi.org/10.1093/rfs/hhn038,true,verified_bibliographic_identity_exact,publisher_or_primary_repository_metadata_crosscheck,https://doi.org/10.1093/rfs/hhn038,2026-08-03,No metadata correction required in the final audit.,bibliographic_identity_verified; quantitative results not independently replicated in this package
SRC0075,The Jump-Risk Premia Implicit in Options: Evidence from an Integrated Time-Series Study,Jun Pan,2002,10.1016/S0304-405X(01)00088-5,https://doi.org/10.1016/S0304-405X(01)00088-5,true,verified_bibliographic_identity_exact,publisher_or_primary_repository_metadata_crosscheck,https://doi.org/10.1016/S0304-405X(01)00088-5,2026-08-03,No metadata correction required in the final audit.,bibliographic_identity_verified; quantitative results not independently replicated in this package
SRC0076,"Crashes, Volatility, and the Equity Premium: Lessons from S&P 500 Options",Pedro Santa-Clara; Shu Yan,2010,10.1162/rest.2010.11549,https://doi.org/10.1162/rest.2010.11549,true,verified_bibliographic_identity_exact,publisher_or_primary_repository_metadata_crosscheck,https://doi.org/10.1162/rest.2010.11549,2026-08-03,Corrected the Review of Economics and Statistics DOI.,bibliographic_identity_verified; quantitative results not independently replicated in this package
SRC0077,Option Volume and Stock Prices: Evidence on Where Informed Traders Trade,David Easley; Maureen O'Hara; P. S. Srinivas,1998,10.1111/0022-1082.194060,https://doi.org/10.1111/0022-1082.194060,true,verified_bibliographic_identity_exact,publisher_or_primary_repository_metadata_crosscheck,https://doi.org/10.1111/0022-1082.194060,2026-08-03,doi: 10.1111/0022-1082.00026 -> 10.1111/0022-1082.194060 | direct_url: https://doi.org/10.1111/0022-1082.00026 -> https://doi.org/10.1111/0022-1082.194060 | Corrected the Wiley/Journal of Finance article identifier.,bibliographic_identity_verified; quantitative results not independently replicated in this package
SRC0078,The Information in Option Volume for Future Stock Prices,Jun Pan; Allen M. Poteshman,2006,10.1093/rfs/hhj024,https://doi.org/10.1093/rfs/hhj024,true,verified_bibliographic_identity_exact,publisher_or_primary_repository_metadata_crosscheck,https://doi.org/10.1093/rfs/hhj024,2026-08-03,No metadata correction required in the final audit.,bibliographic_identity_verified; quantitative results not independently replicated in this package
SRC0079,Deviations from Put-Call Parity and Stock Return Predictability,Martijn Cremers; David Weinbaum,2010,10.1017/S002210901000013X,https://doi.org/10.1017/S002210901000013X,true,verified_bibliographic_identity_exact,publisher_or_primary_repository_metadata_crosscheck,https://doi.org/10.1017/S002210901000013X,2026-08-03,doi: 10.1017/S002210901000060X -> 10.1017/S002210901000013X | direct_url: https://doi.org/10.1017/S002210901000060X -> https://doi.org/10.1017/S002210901000013X | Corrected the JFQA DOI.,bibliographic_identity_verified; quantitative results not independently replicated in this package
SRC0080,What Does the Individual Option Volatility Smirk Tell Us about Future Equity Returns?,Yuhang Xing; Xiaoyan Zhang; Rui Zhao,2010,10.1017/S0022109010000220,https://doi.org/10.1017/S0022109010000220,true,verified_bibliographic_identity_exact,publisher_or_primary_repository_metadata_crosscheck,https://doi.org/10.1017/S0022109010000220,2026-08-03,doi: 10.1017/S0022109010000222 -> 10.1017/S0022109010000220 | direct_url: https://doi.org/10.1017/S0022109010000222 -> https://doi.org/10.1017/S0022109010000220 | Corrected the JFQA DOI.,bibliographic_identity_verified; quantitative results not independently replicated in this package
SRC0081,Volatility Spreads and Expected Stock Returns,Turan G. Bali; Armen Hovakimian,2009,10.1287/mnsc.1090.1063,https://doi.org/10.1287/mnsc.1090.1063,true,verified_bibliographic_identity_exact,publisher_or_primary_repository_metadata_crosscheck,https://doi.org/10.1287/mnsc.1090.1063,2026-08-03,Confirmed/corrected the Management Science DOI.,bibliographic_identity_verified; quantitative results not independently replicated in this package
SRC0082,Cross-Section of Option Returns and Volatility,Amit Goyal; Alessio Saretto,2009,10.1016/j.jfineco.2009.01.001,https://doi.org/10.1016/j.jfineco.2009.01.001,true,verified_bibliographic_identity_exact,publisher_or_primary_repository_metadata_crosscheck,https://doi.org/10.1016/j.jfineco.2009.01.001,2026-08-03,No metadata correction required in the final audit.,bibliographic_identity_verified; quantitative results not independently replicated in this package
SRC0083,The Option to Stock Volume Ratio and Future Returns,Travis L. Johnson; Eric C. So,2012,10.1016/j.jfineco.2012.05.008,https://doi.org/10.1016/j.jfineco.2012.05.008,true,verified_bibliographic_identity_exact,publisher_or_primary_repository_metadata_crosscheck,https://doi.org/10.1016/j.jfineco.2012.05.008,2026-08-03,No metadata correction required in the final audit.,bibliographic_identity_verified; quantitative results not independently replicated in this package
SRC0084,Investor Sentiment and Option Prices,Bing Han,2008,10.1093/rfs/hhm071,https://doi.org/10.1093/rfs/hhm071,true,verified_bibliographic_identity_exact,publisher_or_primary_repository_metadata_crosscheck,https://doi.org/10.1093/rfs/hhm071,2026-08-03,Confirmed the Review of Financial Studies DOI.,bibliographic_identity_verified; quantitative results not independently replicated in this package
SRC0085,The Price of Correlation Risk: Evidence from Equity Options,Joost Driessen; Pascal J. Maenhout; Grigory Vilkov,2009,10.1111/j.1540-6261.2009.01467.x,https://doi.org/10.1111/j.1540-6261.2009.01467.x,true,verified_bibliographic_identity_exact,publisher_or_primary_repository_metadata_crosscheck,https://doi.org/10.1111/j.1540-6261.2009.01467.x,2026-08-03,No metadata correction required in the final audit.,bibliographic_identity_verified; quantitative results not independently replicated in this package
SRC0086,Average Correlation and Stock Market Returns,Joshua M. Pollet; Mungo Wilson,2010,10.1016/j.jfineco.2010.02.011,https://doi.org/10.1016/j.jfineco.2010.02.011,true,verified_bibliographic_identity_exact,publisher_or_primary_repository_metadata_crosscheck,https://doi.org/10.1016/j.jfineco.2010.02.011,2026-08-03,No metadata correction required in the final audit.,bibliographic_identity_verified; quantitative results not independently replicated in this package
SRC0087,Downside Risk,Andrew Ang; Joseph Chen; Yuhang Xing,2006,10.1093/rfs/hhj035,https://doi.org/10.1093/rfs/hhj035,true,verified_bibliographic_identity_exact,publisher_or_primary_repository_metadata_crosscheck,https://doi.org/10.1093/rfs/hhj035,2026-08-03,No metadata correction required in the final audit.,bibliographic_identity_verified; quantitative results not independently replicated in this package
SRC0088,Market Skewness Risk and the Cross Section of Stock Returns,Bo-Young Chang; Peter Christoffersen; Kris Jacobs,2013,10.1016/j.jfineco.2012.07.002,https://doi.org/10.1016/j.jfineco.2012.07.002,true,verified_bibliographic_identity_exact,publisher_or_primary_repository_metadata_crosscheck,https://doi.org/10.1016/j.jfineco.2012.07.002,2026-08-03,Corrected/confirmed the Journal of Financial Economics DOI.,bibliographic_identity_verified; quantitative results not independently replicated in this package
SRC0089,Stock Return Predictability and Variance Risk Premia: Statistical Inference and International Evidence,Tim Bollerslev; James Marrone; Lai Xu; Hao Zhou,2014,10.1017/S0022109014000453,https://doi.org/10.1017/S0022109014000453,true,verified_bibliographic_identity_exact,publisher_or_primary_repository_metadata_crosscheck,https://doi.org/10.1017/S0022109014000453,2026-08-03,Corrected/confirmed the JFQA DOI.,bibliographic_identity_verified; quantitative results not independently replicated in this package
SRC0090,What Is the Expected Return on the Market?,Ian Martin,2017,10.1093/qje/qjw034,https://doi.org/10.1093/qje/qjw034,true,verified_bibliographic_identity_exact,publisher_or_primary_repository_metadata_crosscheck,https://doi.org/10.1093/qje/qjw034,2026-08-03,No metadata correction required in the final audit.,bibliographic_identity_verified; quantitative results not independently replicated in this package
SRC0091,What Is the Expected Return on a Stock?,Ian Martin; Christian Wagner,2019,10.1111/jofi.12778,https://doi.org/10.1111/jofi.12778,true,verified_bibliographic_identity_exact,publisher_or_primary_repository_metadata_crosscheck,https://doi.org/10.1111/jofi.12778,2026-08-03,No metadata correction required in the final audit.,bibliographic_identity_verified; quantitative results not independently replicated in this package
SRC0092,Variance Risk-Premium Dynamics: The Role of Jumps,Viktor Todorov,2010,10.1093/rfs/hhp035,https://doi.org/10.1093/rfs/hhp035,true,verified_bibliographic_identity_exact,publisher_or_primary_repository_metadata_crosscheck,https://doi.org/10.1093/rfs/hhp035,2026-08-03,No metadata correction required in the final audit.,bibliographic_identity_verified; quantitative results not independently replicated in this package
SRC0093,Dynamic Estimation of Volatility Risk Premia and Investor Risk Aversion from Option-Implied and Realized Volatilities,Tim Bollerslev; Michael Gibson; Hao Zhou,2011,10.1016/j.jeconom.2010.03.033,https://doi.org/10.1016/j.jeconom.2010.03.033,true,verified_bibliographic_identity_exact,publisher_or_primary_repository_metadata_crosscheck,https://doi.org/10.1016/j.jeconom.2010.03.033,2026-08-03,No metadata correction required in the final audit.,bibliographic_identity_verified; quantitative results not independently replicated in this package
SRC0094,Stock Returns and Volatility: Pricing the Short-Run and Long-Run Components of Market Risk,Tobias Adrian; Joshua Rosenberg,2008,10.1111/j.1540-6261.2008.01419.x,https://doi.org/10.1111/j.1540-6261.2008.01419.x,true,verified_bibliographic_identity_exact,publisher_or_primary_repository_metadata_crosscheck,https://doi.org/10.1111/j.1540-6261.2008.01419.x,2026-08-03,Corrected/confirmed the Journal of Finance DOI.,bibliographic_identity_verified; quantitative results not independently replicated in this package
SRC0095,"Stock Returns, Implied Volatility Innovations, and the Asymmetric Volatility Phenomenon",Patrick Dennis; Stewart Mayhew; Chris Stivers,2006,10.1017/S0022109000002118,https://doi.org/10.1017/S0022109000002118,true,verified_bibliographic_identity_exact,publisher_or_primary_repository_metadata_crosscheck,https://doi.org/10.1017/S0022109000002118,2026-08-03,Corrected/confirmed the JFQA DOI.,bibliographic_identity_verified; quantitative results not independently replicated in this package
SRC0096,The Model-Free Implied Volatility and Its Information Content,George J. Jiang; Yisong S. Tian,2005,10.1093/rfs/hhi027,https://doi.org/10.1093/rfs/hhi027,true,verified_bibliographic_identity_exact,publisher_or_primary_repository_metadata_crosscheck,https://doi.org/10.1093/rfs/hhi027,2026-08-03,No metadata correction required in the final audit.,bibliographic_identity_verified; quantitative results not independently replicated in this package
SRC0097,"Option Prices, Implied Price Processes, and Stochastic Volatility",Mark Britten-Jones; Anthony Neuberger,2000,10.1111/0022-1082.00228,https://doi.org/10.1111/0022-1082.00228,true,verified_bibliographic_identity_exact,publisher_or_primary_repository_metadata_crosscheck,https://doi.org/10.1111/0022-1082.00228,2026-08-03,Corrected/confirmed the Journal of Finance DOI.,bibliographic_identity_verified; quantitative results not independently replicated in this package
SRC0098,Does Net Buying Pressure Affect the Shape of Implied Volatility Functions?,Nicolas P. B. Bollen; Robert E. Whaley,2004,10.1111/j.1540-6261.2004.00647.x,https://doi.org/10.1111/j.1540-6261.2004.00647.x,true,verified_bibliographic_identity_exact,publisher_or_primary_repository_metadata_crosscheck,https://doi.org/10.1111/j.1540-6261.2004.00647.x,2026-08-03,No metadata correction required in the final audit.,bibliographic_identity_verified; quantitative results not independently replicated in this package
SRC0099,The Cross-Section of Volatility and Expected Returns,Andrew Ang; Robert J. Hodrick; Yuhang Xing; Xiaoyan Zhang,2006,10.1111/j.1540-6261.2006.00836.x,https://doi.org/10.1111/j.1540-6261.2006.00836.x,true,verified_bibliographic_identity_exact,publisher_or_primary_repository_metadata_crosscheck,https://doi.org/10.1111/j.1540-6261.2006.00836.x,2026-08-03,No metadata correction required in the final audit.,bibliographic_identity_verified; quantitative results not independently replicated in this package
SRC0100,Maxing Out: Stocks as Lotteries and the Cross-Section of Expected Returns,Turan G. Bali; Nusret Cakici; Robert F. Whitelaw,2011,10.1016/j.jfineco.2010.08.014,https://doi.org/10.1016/j.jfineco.2010.08.014,true,verified_bibliographic_identity_exact,publisher_or_primary_repository_metadata_crosscheck,https://doi.org/10.1016/j.jfineco.2010.08.014,2026-08-03,Corrected/confirmed the Journal of Financial Economics DOI.,bibliographic_identity_verified; quantitative results not independently replicated in this package
SRC0101,Asset Returns and Inflation,Eugene F. Fama; G. William Schwert,1977,10.1016/0304-405X(77)90014-9,https://doi.org/10.1016/0304-405X(77)90014-9,true,verified_bibliographic_identity_exact,publisher_or_primary_repository_metadata_crosscheck,https://doi.org/10.1016/0304-405X(77)90014-9,2026-08-03,No metadata correction required in the final audit.,bibliographic_identity_verified; quantitative results not independently replicated in this package
SRC0102,The Fiscal and Monetary Linkage Between Stock Returns and Inflation,Robert Geske; Richard Roll,1983,10.1111/j.1540-6261.1983.tb03623.x,https://doi.org/10.1111/j.1540-6261.1983.tb03623.x,true,verified_bibliographic_identity_exact,publisher_or_primary_repository_metadata_crosscheck,https://doi.org/10.1111/j.1540-6261.1983.tb03623.x,2026-08-03,No metadata correction required in the final audit.,bibliographic_identity_verified; quantitative results not independently replicated in this package
SRC0103,Economic Forces and the Stock Market,Nai-Fu Chen; Richard Roll; Stephen A. Ross,1986,10.1086/296344,https://doi.org/10.1086/296344,true,verified_bibliographic_identity_exact,publisher_or_primary_repository_metadata_crosscheck,https://doi.org/10.1086/296344,2026-08-03,No metadata correction required in the final audit.,bibliographic_identity_verified; quantitative results not independently replicated in this package
SRC0104,Predicting Returns in the Stock and Bond Markets,Donald B. Keim; Robert F. Stambaugh,1986,10.1016/0304-405X(86)90070-X,https://doi.org/10.1016/0304-405X(86)90070-X,true,verified_bibliographic_identity_exact,publisher_or_primary_repository_metadata_crosscheck,https://doi.org/10.1016/0304-405X(86)90070-X,2026-08-03,No metadata correction required in the final audit.,bibliographic_identity_verified; quantitative results not independently replicated in this package
SRC0105,Stock Returns and the Term Structure,John Y. Campbell,1987,10.1016/0304-405X(87)90045-6,https://doi.org/10.1016/0304-405X(87)90045-6,true,verified_bibliographic_identity_exact,publisher_or_primary_repository_metadata_crosscheck,https://doi.org/10.1016/0304-405X(87)90045-6,2026-08-03,No metadata correction required in the final audit.,bibliographic_identity_verified; quantitative results not independently replicated in this package
SRC0106,Business Conditions and Expected Returns on Stocks and Bonds,Eugene F. Fama; Kenneth R. French,1989,10.1016/0304-405X(89)90095-0,https://doi.org/10.1016/0304-405X(89)90095-0,true,verified_bibliographic_identity_exact,publisher_or_primary_repository_metadata_crosscheck,https://doi.org/10.1016/0304-405X(89)90095-0,2026-08-03,No metadata correction required in the final audit.,bibliographic_identity_verified; quantitative results not independently replicated in this package
SRC0107,The Dividend-Price Ratio and Expectations of Future Dividends and Discount Factors,John Y. Campbell; Robert J. Shiller,1988,10.1093/rfs/1.3.195,https://doi.org/10.1093/rfs/1.3.195,true,verified_bibliographic_identity_exact,publisher_or_primary_repository_metadata_crosscheck,https://doi.org/10.1093/rfs/1.3.195,2026-08-03,No metadata correction required in the final audit.,bibliographic_identity_verified; quantitative results not independently replicated in this package
SRC0108,"Stock Prices, Earnings, and Expected Dividends",John Y. Campbell; Robert J. Shiller,1988,10.1111/j.1540-6261.1988.tb04598.x,https://doi.org/10.1111/j.1540-6261.1988.tb04598.x,true,verified_bibliographic_identity_exact,publisher_or_primary_repository_metadata_crosscheck,https://doi.org/10.1111/j.1540-6261.1988.tb04598.x,2026-08-03,Corrected/confirmed the Journal of Finance DOI.,bibliographic_identity_verified; quantitative results not independently replicated in this package
SRC0109,Valuation Ratios and the Long-Run Stock Market Outlook,John Y. Campbell; Robert J. Shiller,1998,10.3905/jpm.1998.409648,https://doi.org/10.3905/jpm.1998.409648,true,verified_bibliographic_identity_exact,publisher_or_primary_repository_metadata_crosscheck,https://doi.org/10.3905/jpm.1998.409648,2026-08-03,No metadata correction required in the final audit.,bibliographic_identity_verified; quantitative results not independently replicated in this package
SRC0110,The Real Term Structure and Consumption Growth,Campbell R. Harvey,1988,10.1016/0304-405X(88)90073-6,https://doi.org/10.1016/0304-405X(88)90073-6,true,verified_bibliographic_identity_exact,publisher_or_primary_repository_metadata_crosscheck,https://doi.org/10.1016/0304-405X(88)90073-6,2026-08-03,No metadata correction required in the final audit.,bibliographic_identity_verified; quantitative results not independently replicated in this package
SRC0111,Forecasts of Economic Growth from the Bond and Stock Markets,Campbell R. Harvey,1989,10.2469/faj.v45.n5.38,https://doi.org/10.2469/faj.v45.n5.38,true,verified_bibliographic_identity_exact,publisher_or_primary_repository_metadata_crosscheck,https://doi.org/10.2469/faj.v45.n5.38,2026-08-03,No metadata correction required in the final audit.,bibliographic_identity_verified; quantitative results not independently replicated in this package
SRC0112,The Term Structure as a Predictor of Real Economic Activity,Arturo Estrella; Gikas A. Hardouvelis,1991,10.1111/j.1540-6261.1991.tb02674.x,https://doi.org/10.1111/j.1540-6261.1991.tb02674.x,true,verified_bibliographic_identity_exact,publisher_or_primary_repository_metadata_crosscheck,https://doi.org/10.1111/j.1540-6261.1991.tb02674.x,2026-08-03,doi: 10.1111/j.1540-6261.1991.tb03718.x -> 10.1111/j.1540-6261.1991.tb02674.x | direct_url: https://doi.org/10.1111/j.1540-6261.1991.tb03718.x -> https://doi.org/10.1111/j.1540-6261.1991.tb02674.x | Corrected the Journal of Finance DOI.,bibliographic_identity_verified; quantitative results not independently replicated in this package
SRC0113,Predicting U.S. Recessions: Financial Variables as Leading Indicators,Arturo Estrella; Frederic S. Mishkin,1998,10.1162/003465398557320,https://doi.org/10.1162/003465398557320,true,verified_bibliographic_identity_exact,publisher_or_primary_repository_metadata_crosscheck,https://doi.org/10.1162/003465398557320,2026-08-03,No metadata correction required in the final audit.,bibliographic_identity_verified; quantitative results not independently replicated in this package
SRC0114,"Consumption, Aggregate Wealth, and Expected Stock Returns",Martin Lettau; Sydney Ludvigson,2001,10.1111/0022-1082.00347,https://doi.org/10.1111/0022-1082.00347,true,verified_bibliographic_identity_exact,publisher_or_primary_repository_metadata_crosscheck,https://doi.org/10.1111/0022-1082.00347,2026-08-03,No metadata correction required in the final audit.,bibliographic_identity_verified; quantitative results not independently replicated in this package
SRC0115,A Comprehensive Look at the Empirical Performance of Equity Premium Prediction,Amit Goyal; Ivo Welch,2008,10.1093/rfs/hhm014,https://doi.org/10.1093/rfs/hhm014,true,verified_bibliographic_identity_exact,publisher_or_primary_repository_metadata_crosscheck,https://doi.org/10.1093/rfs/hhm014,2026-08-03,No metadata correction required in the final audit.,bibliographic_identity_verified; quantitative results not independently replicated in this package
SRC0116,Predicting Excess Stock Returns Out of Sample: Can Anything Beat the Historical Average?,John Y. Campbell; Samuel B. Thompson,2008,10.1093/rfs/hhm055,https://doi.org/10.1093/rfs/hhm055,true,verified_bibliographic_identity_exact,publisher_or_primary_repository_metadata_crosscheck,https://doi.org/10.1093/rfs/hhm055,2026-08-03,No metadata correction required in the final audit.,bibliographic_identity_verified; quantitative results not independently replicated in this package
SRC0117,Out-of-Sample Equity Premium Prediction: Combination Forecasts and Links to the Real Economy,David E. Rapach; Jack K. Strauss; Guofu Zhou,2010,10.1093/rfs/hhp063,https://doi.org/10.1093/rfs/hhp063,true,verified_bibliographic_identity_exact,publisher_or_primary_repository_metadata_crosscheck,https://doi.org/10.1093/rfs/hhp063,2026-08-03,No metadata correction required in the final audit.,bibliographic_identity_verified; quantitative results not independently replicated in this package
SRC0118,Forecasting Stock Market Returns: The Sum of the Parts Is More than the Whole,Miguel A. Ferreira; Pedro Santa-Clara,2011,10.1016/j.jfineco.2011.02.003,https://doi.org/10.1016/j.jfineco.2011.02.003,true,verified_bibliographic_identity_exact,publisher_or_primary_repository_metadata_crosscheck,https://doi.org/10.1016/j.jfineco.2011.02.003,2026-08-03,Corrected the Journal of Financial Economics DOI.,bibliographic_identity_verified; quantitative results not independently replicated in this package
SRC0119,Market Expectations in the Cross-Section of Present Values,Bryan Kelly; Seth Pruitt,2013,10.1111/jofi.12060,https://doi.org/10.1111/jofi.12060,true,verified_bibliographic_identity_exact,publisher_or_primary_repository_metadata_crosscheck,https://doi.org/10.1111/jofi.12060,2026-08-03,No metadata correction required in the final audit.,bibliographic_identity_verified; quantitative results not independently replicated in this package
SRC0120,The Three-Pass Regression Filter: A New Approach to Forecasting Using Many Predictors,Bryan Kelly; Seth Pruitt,2015,10.1016/j.jeconom.2015.02.011,https://doi.org/10.1016/j.jeconom.2015.02.011,true,verified_bibliographic_identity_exact,publisher_or_primary_repository_metadata_crosscheck,https://doi.org/10.1016/j.jeconom.2015.02.011,2026-08-03,doi: 10.1016/j.jeconom.2015.03.011 -> 10.1016/j.jeconom.2015.02.011 | direct_url: https://doi.org/10.1016/j.jeconom.2015.03.011 -> https://doi.org/10.1016/j.jeconom.2015.02.011 | Corrected the Journal of Econometrics DOI.,bibliographic_identity_verified; quantitative results not independently replicated in this package
SRC0121,Forecasting Stock Returns under Economic Constraints,Davide Pettenuzzo; Allan Timmermann; Rossen Valkanov,2014,10.1016/j.jfineco.2014.07.015,https://doi.org/10.1016/j.jfineco.2014.07.015,true,verified_bibliographic_identity_exact,publisher_or_primary_repository_metadata_crosscheck,https://doi.org/10.1016/j.jfineco.2014.07.015,2026-08-03,Corrected the Journal of Financial Economics DOI.,bibliographic_identity_verified; quantitative results not independently replicated in this package
SRC0122,Investor Sentiment Aligned: A Powerful Predictor of Stock Returns,Dashan Huang; Fuwei Jiang; Jun Tu; Guofu Zhou,2015,10.1093/rfs/hhu080,https://doi.org/10.1093/rfs/hhu080,true,verified_bibliographic_identity_exact,publisher_or_primary_repository_metadata_crosscheck,https://doi.org/10.1093/rfs/hhu080,2026-08-03,No metadata correction required in the final audit.,bibliographic_identity_verified; quantitative results not independently replicated in this package
SRC0123,Cross-Sectional Forecasts of the Equity Premium,Christopher Polk; Samuel Thompson; Tuomo Vuolteenaho,2006,10.1016/j.jfineco.2005.03.013,https://doi.org/10.1016/j.jfineco.2005.03.013,true,verified_bibliographic_identity_exact,publisher_or_primary_repository_metadata_crosscheck,https://doi.org/10.1016/j.jfineco.2005.03.013,2026-08-03,No metadata correction required in the final audit.,bibliographic_identity_verified; quantitative results not independently replicated in this package
SRC0124,Reconciling the Return Predictability Evidence,Martin Lettau; Stijn Van Nieuwerburgh,2008,10.1093/rfs/hhm074,https://doi.org/10.1093/rfs/hhm074,true,verified_bibliographic_identity_exact,publisher_or_primary_repository_metadata_crosscheck,https://doi.org/10.1093/rfs/hhm074,2026-08-03,No metadata correction required in the final audit.,bibliographic_identity_verified; quantitative results not independently replicated in this package
SRC0125,Predictive Regressions: A Present-Value Approach,Jules H. van Binsbergen; Ralph S. J. Koijen,2010,10.1111/j.1540-6261.2010.01575.x,https://doi.org/10.1111/j.1540-6261.2010.01575.x,true,verified_bibliographic_identity_exact,publisher_or_primary_repository_metadata_crosscheck,https://doi.org/10.1111/j.1540-6261.2010.01575.x,2026-08-03,No metadata correction required in the final audit.,bibliographic_identity_verified; quantitative results not independently replicated in this package
SRC0126,The Dog That Did Not Bark: A Defense of Return Predictability,John H. Cochrane,2008,10.1093/rfs/hhm046,https://doi.org/10.1093/rfs/hhm046,true,verified_bibliographic_identity_exact,publisher_or_primary_repository_metadata_crosscheck,https://doi.org/10.1093/rfs/hhm046,2026-08-03,No metadata correction required in the final audit.,bibliographic_identity_verified; quantitative results not independently replicated in this package
SRC0127,Stock Returns and Inflation: A Long-Horizon Perspective,Jacob Boudoukh; Matthew Richardson,1993,10.1257/aer.83.5.1346,https://doi.org/10.1257/aer.83.5.1346,true,verified_bibliographic_identity_exact,publisher_or_primary_repository_metadata_crosscheck,https://doi.org/10.1257/aer.83.5.1346,2026-08-03,No metadata correction required in the final audit.,bibliographic_identity_verified; quantitative results not independently replicated in this package
SRC0128,Inflation Illusion and Stock Prices,John Y. Campbell; Tuomo Vuolteenaho,2004,10.1257/0002828041301533,https://doi.org/10.1257/0002828041301533,true,verified_bibliographic_identity_exact,publisher_or_primary_repository_metadata_crosscheck,https://doi.org/10.1257/0002828041301533,2026-08-03,doi: 10.1257/0002828043052290 -> 10.1257/0002828041301533 | direct_url: https://doi.org/10.1257/0002828043052290 -> https://doi.org/10.1257/0002828041301533 | Corrected the American Economic Review DOI.,bibliographic_identity_verified; quantitative results not independently replicated in this package
SRC0129,On Stock Market Returns and Monetary Policy,Willem Thorbecke,1997,10.1111/j.1540-6261.1997.tb04816.x,https://doi.org/10.1111/j.1540-6261.1997.tb04816.x,true,verified_bibliographic_identity_exact,publisher_or_primary_repository_metadata_crosscheck,https://doi.org/10.1111/j.1540-6261.1997.tb04816.x,2026-08-03,doi: 10.1111/j.1540-6261.1997.tb02711.x -> 10.1111/j.1540-6261.1997.tb04816.x | direct_url: https://doi.org/10.1111/j.1540-6261.1997.tb02711.x -> https://doi.org/10.1111/j.1540-6261.1997.tb04816.x | Corrected the Journal of Finance DOI.,bibliographic_identity_verified; quantitative results not independently replicated in this package
SRC0130,What Explains the Stock Market's Reaction to Federal Reserve Policy?,Ben S. Bernanke; Kenneth N. Kuttner,2005,10.1111/j.1540-6261.2005.00760.x,https://doi.org/10.1111/j.1540-6261.2005.00760.x,true,verified_bibliographic_identity_exact,publisher_or_primary_repository_metadata_crosscheck,https://doi.org/10.1111/j.1540-6261.2005.00760.x,2026-08-03,No metadata correction required in the final audit.,bibliographic_identity_verified; quantitative results not independently replicated in this package
SRC0131,The Impact of Monetary Policy on Asset Prices,Roberto Rigobon; Brian Sack,2004,10.1016/j.jmoneco.2003.12.007,https://doi.org/10.1016/j.jmoneco.2003.12.007,true,verified_bibliographic_identity_exact,publisher_or_primary_repository_metadata_crosscheck,https://doi.org/10.1016/j.jmoneco.2003.12.007,2026-08-03,No metadata correction required in the final audit.,bibliographic_identity_verified; quantitative results not independently replicated in this package
SRC0132,"Business Conditions, Monetary Policy, and Expected Security Returns",Gerald R. Jensen; Jeffrey M. Mercer; Robert R. Johnson,1996,10.2307/2331395,https://doi.org/10.2307/2331395,true,verified_bibliographic_identity_exact,publisher_or_primary_repository_metadata_crosscheck,https://doi.org/10.2307/2331395,2026-08-03,No metadata correction required in the final audit.,bibliographic_identity_verified; quantitative results not independently replicated in this package
SRC0133,Illiquidity and Stock Returns: Cross-Section and Time-Series Effects,Yakov Amihud,2002,10.1016/S1386-4181(01)00024-6,https://doi.org/10.1016/S1386-4181(01)00024-6,true,verified_bibliographic_identity_exact,publisher_or_primary_repository_metadata_crosscheck,https://doi.org/10.1016/S1386-4181(01)00024-6,2026-08-03,No metadata correction required in the final audit.,bibliographic_identity_verified; quantitative results not independently replicated in this package
SRC0134,Liquidity Risk and Expected Stock Returns,Lubos Pastor; Robert F. Stambaugh,2003,10.1086/374184,https://doi.org/10.1086/374184,true,verified_bibliographic_identity_exact,publisher_or_primary_repository_metadata_crosscheck,https://doi.org/10.1086/374184,2026-08-03,No metadata correction required in the final audit.,bibliographic_identity_verified; quantitative results not independently replicated in this package
SRC0135,Asset Pricing with Liquidity Risk,Viral V. Acharya; Lasse Heje Pedersen,2005,10.1016/j.jfineco.2004.06.007,https://doi.org/10.1016/j.jfineco.2004.06.007,true,verified_bibliographic_identity_exact,publisher_or_primary_repository_metadata_crosscheck,https://doi.org/10.1016/j.jfineco.2004.06.007,2026-08-03,No metadata correction required in the final audit.,bibliographic_identity_verified; quantitative results not independently replicated in this package
SRC0136,Market Liquidity and Funding Liquidity,Markus K. Brunnermeier; Lasse Heje Pedersen,2009,10.1093/rfs/hhn098,https://doi.org/10.1093/rfs/hhn098,true,verified_bibliographic_identity_exact,publisher_or_primary_repository_metadata_crosscheck,https://doi.org/10.1093/rfs/hhn098,2026-08-03,No metadata correction required in the final audit.,bibliographic_identity_verified; quantitative results not independently replicated in this package
SRC0137,Financial Intermediaries and the Cross-Section of Asset Returns,Tobias Adrian; Erkko Etula; Tyler Muir,2014,10.1111/jofi.12189,https://doi.org/10.1111/jofi.12189,true,verified_bibliographic_identity_exact,publisher_or_primary_repository_metadata_crosscheck,https://doi.org/10.1111/jofi.12189,2026-08-03,No metadata correction required in the final audit.,bibliographic_identity_verified; quantitative results not independently replicated in this package
SRC0138,"Risk, Uncertainty and Monetary Policy",Geert Bekaert; Marie Hoerova; Marco Lo Duca,2013,10.1016/j.jmoneco.2013.06.003,https://doi.org/10.1016/j.jmoneco.2013.06.003,true,verified_bibliographic_identity_exact,publisher_or_primary_repository_metadata_crosscheck,https://doi.org/10.1016/j.jmoneco.2013.06.003,2026-08-03,No metadata correction required in the final audit.,bibliographic_identity_verified; quantitative results not independently replicated in this package
SRC0139,Credit Spreads and Business Cycle Fluctuations,Simon Gilchrist; Egon Zakrajsek,2012,10.1257/aer.102.4.1692,https://doi.org/10.1257/aer.102.4.1692,true,verified_bibliographic_identity_exact,publisher_or_primary_repository_metadata_crosscheck,https://doi.org/10.1257/aer.102.4.1692,2026-08-03,No metadata correction required in the final audit.,bibliographic_identity_verified; quantitative results not independently replicated in this package
SRC0140,Issuer Quality and Corporate Bond Returns,Robin Greenwood; Samuel G. Hanson,2013,10.1093/rfs/hht016,https://doi.org/10.1093/rfs/hht016,true,verified_bibliographic_identity_exact,publisher_or_primary_repository_metadata_crosscheck,https://doi.org/10.1093/rfs/hht016,2026-08-03,No metadata correction required in the final audit.,bibliographic_identity_verified; quantitative results not independently replicated in this package
SRC0141,Credit-Market Sentiment and the Business Cycle,David Lopez-Salido; Jeremy C. Stein; Egon Zakrajsek,2017,10.1093/qje/qjx014,https://doi.org/10.1093/qje/qjx014,true,verified_bibliographic_identity_exact,publisher_or_primary_repository_metadata_crosscheck,https://doi.org/10.1093/qje/qjx014,2026-08-03,No metadata correction required in the final audit.,bibliographic_identity_verified; quantitative results not independently replicated in this package
SRC0142,How Credit Cycles across a Financial Crisis,Arvind Krishnamurthy; Tyler Muir,2017,10.3386/w23850,https://www.nber.org/papers/w23850,true,verified_bibliographic_identity_exact,publisher_or_primary_repository_metadata_crosscheck,https://www.nber.org/papers/w23850,2026-08-03,direct_url: https://doi.org/10.3386/w23850 -> https://www.nber.org/papers/w23850 | source_type: journal_article -> NBER working paper | peer_reviewed: true -> false | The 2017 evidence-track record is the NBER working paper. The later journal publication is not backdated.,bibliographic_identity_verified; quantitative results not independently replicated in this package
SRC0143,Credit Expansion and Neglected Crash Risk,Matthew Baron; Wei Xiong,2017,10.1093/qje/qjx004,https://doi.org/10.1093/qje/qjx004,true,verified_bibliographic_identity_exact,publisher_or_primary_repository_metadata_crosscheck,https://doi.org/10.1093/qje/qjx004,2026-08-03,No metadata correction required in the final audit.,bibliographic_identity_verified; quantitative results not independently replicated in this package
SRC0144,Credit Market Shocks and Economic Fluctuations: Evidence from Corporate Bond and Stock Markets,Simon Gilchrist; Vladimir Yankov; Egon Zakrajsek,2009,10.1016/j.jmoneco.2009.03.017,https://doi.org/10.1016/j.jmoneco.2009.03.017,true,verified_bibliographic_identity_exact,publisher_or_primary_repository_metadata_crosscheck,https://doi.org/10.1016/j.jmoneco.2009.03.017,2026-08-03,No metadata correction required in the final audit.,bibliographic_identity_verified; quantitative results not independently replicated in this package
SRC0145,Credit Spreads as Predictors of Real-Time Economic Activity: A Bayesian Model-Averaging Approach,Jon Faust; Simon Gilchrist; Jonathan H. Wright; Egon Zakrajsek,2013,10.1162/REST_a_00376,https://doi.org/10.1162/REST_a_00376,true,verified_bibliographic_identity_exact,publisher_or_primary_repository_metadata_crosscheck,https://doi.org/10.1162/REST_a_00376,2026-08-03,doi: 10.1162/REST_a_00320 -> 10.1162/REST_a_00376 | direct_url: https://doi.org/10.1162/REST_a_00320 -> https://doi.org/10.1162/REST_a_00376 | Corrected the Review of Economics and Statistics DOI.,bibliographic_identity_verified; quantitative results not independently replicated in this package
SRC0146,Financial Crises and Risk Premia,Tyler Muir,2017,10.1093/qje/qjw045,https://doi.org/10.1093/qje/qjw045,true,verified_bibliographic_identity_exact,publisher_or_primary_repository_metadata_crosscheck,https://doi.org/10.1093/qje/qjw045,2026-08-03,Corrected the Quarterly Journal of Economics DOI.,bibliographic_identity_verified; quantitative results not independently replicated in this package
SRC0147,Expected Returns and Dividend Growth Rates Implied by Derivative Markets,Benjamin Golez,2014,10.1093/rfs/hht131,https://doi.org/10.1093/rfs/hht131,true,verified_bibliographic_identity_exact,publisher_or_primary_repository_metadata_crosscheck,https://doi.org/10.1093/rfs/hht131,2026-08-03,No metadata correction required in the final audit.,bibliographic_identity_verified; quantitative results not independently replicated in this package
SRC0148,Predicting Global Stock Returns,Erik Hjalmarsson,2010,10.1017/S0022109009990469,https://doi.org/10.1017/S0022109009990469,true,verified_bibliographic_identity_exact,publisher_or_primary_repository_metadata_crosscheck,https://doi.org/10.1017/S0022109009990469,2026-08-03,doi: 10.1017/S0022109010000489 -> 10.1017/S0022109009990469 | direct_url: https://doi.org/10.1017/S0022109010000489 -> https://doi.org/10.1017/S0022109009990469 | Corrected the JFQA DOI.,bibliographic_identity_verified; quantitative results not independently replicated in this package
SRC0149,Bond Risk Premia,John H. Cochrane; Monika Piazzesi,2005,10.1257/0002828053828581,https://doi.org/10.1257/0002828053828581,true,verified_bibliographic_identity_exact,publisher_or_primary_repository_metadata_crosscheck,https://doi.org/10.1257/0002828053828581,2026-08-03,No metadata correction required in the final audit.,bibliographic_identity_verified; quantitative results not independently replicated in this package
SRC0150,The Empirical Risk-Return Relation: A Factor Analysis Approach,Sydney C. Ludvigson; Serena Ng,2007,10.1016/j.jfineco.2005.12.002,https://doi.org/10.1016/j.jfineco.2005.12.002,true,verified_bibliographic_identity_exact,publisher_or_primary_repository_metadata_crosscheck,https://doi.org/10.1016/j.jfineco.2005.12.002,2026-08-03,doi: 10.1016/j.jfineco.2006.03.006 -> 10.1016/j.jfineco.2005.12.002 | direct_url: https://doi.org/10.1016/j.jfineco.2006.03.006 -> https://doi.org/10.1016/j.jfineco.2005.12.002 | Corrected the Journal of Financial Economics DOI.,bibliographic_identity_verified; quantitative results not independently replicated in this package
SRC0151,Macro Factors in Bond Risk Premia,Sydney C. Ludvigson; Serena Ng,2009,10.1093/rfs/hhp081,https://doi.org/10.1093/rfs/hhp081,true,verified_bibliographic_identity_exact,publisher_or_primary_repository_metadata_crosscheck,https://doi.org/10.1093/rfs/hhp081,2026-08-03,doi: 10.1093/rfs/hhn035 -> 10.1093/rfs/hhp081 | direct_url: https://doi.org/10.1093/rfs/hhn035 -> https://doi.org/10.1093/rfs/hhp081 | Corrected the Review of Financial Studies DOI.,bibliographic_identity_verified; quantitative results not independently replicated in this package
SRC0152,Instability of Return Prediction Models,Bradley S. Paye; Allan Timmermann,2006,10.1016/j.jempfin.2005.11.001,https://doi.org/10.1016/j.jempfin.2005.11.001,true,verified_bibliographic_identity_exact,publisher_or_primary_repository_metadata_crosscheck,https://doi.org/10.1016/j.jempfin.2005.11.001,2026-08-03,No metadata correction required in the final audit.,bibliographic_identity_verified; quantitative results not independently replicated in this package
SRC0153,A Real-Time Data Set for Macroeconomists,Dean Croushore; Tom Stark,2001,10.1016/S0304-4076(01)00072-0,https://doi.org/10.1016/S0304-4076(01)00072-0,true,verified_bibliographic_identity_exact,publisher_or_primary_repository_metadata_crosscheck,https://doi.org/10.1016/S0304-4076(01)00072-0,2026-08-03,doi: 10.1016/S0304-4076(01)00072-3 -> 10.1016/S0304-4076(01)00072-0 | direct_url: https://doi.org/10.1016/S0304-4076(01)00072-3 -> https://doi.org/10.1016/S0304-4076(01)00072-0 | Corrected the Journal of Econometrics DOI.,bibliographic_identity_verified; quantitative results not independently replicated in this package
SRC0154,Investor Sentiment and the Cross-Section of Stock Returns,Malcolm Baker; Jeffrey Wurgler,2006,10.1111/j.1540-6261.2006.00885.x,https://doi.org/10.1111/j.1540-6261.2006.00885.x,true,verified_bibliographic_identity_exact,publisher_or_primary_repository_metadata_crosscheck,https://doi.org/10.1111/j.1540-6261.2006.00885.x,2026-08-03,No metadata correction required in the final audit.,bibliographic_identity_verified; quantitative results not independently replicated in this package
SRC0155,Investor Sentiment and the Near-Term Stock Market,Gregory W. Brown; Michael T. Cliff,2004,10.1016/j.jempfin.2002.12.001,https://doi.org/10.1016/j.jempfin.2002.12.001,true,verified_bibliographic_identity_exact,publisher_or_primary_repository_metadata_crosscheck,https://doi.org/10.1016/j.jempfin.2002.12.001,2026-08-03,Corrected the Journal of Empirical Finance DOI.,bibliographic_identity_verified; quantitative results not independently replicated in this package
SRC0156,Investor Sentiment and Asset Valuation,Gregory W. Brown; Michael T. Cliff,2005,10.1086/427633,https://doi.org/10.1086/427633,true,verified_bibliographic_identity_exact,publisher_or_primary_repository_metadata_crosscheck,https://doi.org/10.1086/427633,2026-08-03,No metadata correction required in the final audit.,bibliographic_identity_verified; quantitative results not independently replicated in this package
SRC0157,Consumer Confidence and Asset Prices: Some Empirical Evidence,Michael Lemmon; Evgenia Portniaguina,2006,10.1093/rfs/hhj038,https://doi.org/10.1093/rfs/hhj038,true,verified_bibliographic_identity_exact,publisher_or_primary_repository_metadata_crosscheck,https://doi.org/10.1093/rfs/hhj038,2026-08-03,No metadata correction required in the final audit.,bibliographic_identity_verified; quantitative results not independently replicated in this package
SRC0158,Giving Content to Investor Sentiment: The Role of Media in the Stock Market,Paul C. Tetlock,2007,10.1111/j.1540-6261.2007.01232.x,https://doi.org/10.1111/j.1540-6261.2007.01232.x,true,verified_bibliographic_identity_exact,publisher_or_primary_repository_metadata_crosscheck,https://doi.org/10.1111/j.1540-6261.2007.01232.x,2026-08-03,No metadata correction required in the final audit.,bibliographic_identity_verified; quantitative results not independently replicated in this package
SRC0159,In Search of Attention,Zhi Da; Joseph Engelberg; Pengjie Gao,2011,10.1111/j.1540-6261.2011.01679.x,https://doi.org/10.1111/j.1540-6261.2011.01679.x,true,verified_bibliographic_identity_exact,publisher_or_primary_repository_metadata_crosscheck,https://doi.org/10.1111/j.1540-6261.2011.01679.x,2026-08-03,No metadata correction required in the final audit.,bibliographic_identity_verified; quantitative results not independently replicated in this package
SRC0160,Sentiment during Recessions,Diego Garcia,2013,10.1111/jofi.12027,https://doi.org/10.1111/jofi.12027,true,verified_bibliographic_identity_exact,publisher_or_primary_repository_metadata_crosscheck,https://doi.org/10.1111/jofi.12027,2026-08-03,No metadata correction required in the final audit.,bibliographic_identity_verified; quantitative results not independently replicated in this package
SRC0161,The Short of It: Investor Sentiment and Anomalies,Robert F. Stambaugh; Jianfeng Yu; Yu Yuan,2012,10.1016/j.jfineco.2011.12.001,https://doi.org/10.1016/j.jfineco.2011.12.001,true,contextual_primary_record_not_counted_as_verified,catalogued; exact metadata not included in conservative verified-primary total,https://doi.org/10.1016/j.jfineco.2011.12.001,,No metadata correction required in the final audit.,requires exact primary-text recheck before quoting numerical results
SRC0162,Measuring Economic Policy Uncertainty,Scott R. Baker; Nicholas Bloom; Steven J. Davis,2016,10.1093/qje/qjw024,https://doi.org/10.1093/qje/qjw024,true,contextual_primary_record_not_counted_as_verified,catalogued; exact metadata not included in conservative verified-primary total,https://doi.org/10.1093/qje/qjw024,,No metadata correction required in the final audit.,requires exact primary-text recheck before quoting numerical results
SRC0163,"Forecasting Crashes: Trading Volume, Past Returns, and Conditional Skewness in Stock Prices",Joseph Chen; Harrison Hong; Jeremy C. Stein,2001,10.1016/S0304-405X(01)00066-6,https://doi.org/10.1016/S0304-405X(01)00066-6,true,contextual_primary_record_not_counted_as_verified,catalogued; exact metadata not included in conservative verified-primary total,https://doi.org/10.1016/S0304-405X(01)00066-6,,No metadata correction required in the final audit.,requires exact primary-text recheck before quoting numerical results
SRC0164,"Differences of Opinion, Short-Sales Constraints, and Market Crashes",Harrison Hong; Jeremy C. Stein,2003,10.1093/rfs/hhg006,https://doi.org/10.1093/rfs/hhg006,true,contextual_primary_record_not_counted_as_verified,catalogued; exact metadata not included in conservative verified-primary total,https://doi.org/10.1093/rfs/hhg006,,No metadata correction required in the final audit.,requires exact primary-text recheck before quoting numerical results
SRC0165,Industry Information Diffusion and the Lead-Lag Effect in Stock Returns,Kewei Hou,2007,10.1093/rfs/hhl050,https://doi.org/10.1093/rfs/hhl050,true,contextual_primary_record_not_counted_as_verified,catalogued; exact metadata not included in conservative verified-primary total,https://doi.org/10.1093/rfs/hhl050,,No metadata correction required in the final audit.,requires exact primary-text recheck before quoting numerical results
SRC0166,Do Industries Lead Stock Markets?,Harrison Hong; Walter Torous; Rossen Valkanov,2007,10.1016/j.jfineco.2005.09.010,https://doi.org/10.1016/j.jfineco.2005.09.010,true,contextual_primary_record_not_counted_as_verified,catalogued; exact metadata not included in conservative verified-primary total,https://doi.org/10.1016/j.jfineco.2005.09.010,,No metadata correction required in the final audit.,requires exact primary-text recheck before quoting numerical results
SRC0167,Economic Links and Predictable Returns,Lauren Cohen; Andrea Frazzini,2008,10.1111/j.1540-6261.2008.01379.x,https://doi.org/10.1111/j.1540-6261.2008.01379.x,true,contextual_primary_record_not_counted_as_verified,catalogued; exact metadata not included in conservative verified-primary total,https://doi.org/10.1111/j.1540-6261.2008.01379.x,,No metadata correction required in the final audit.,requires exact primary-text recheck before quoting numerical results
SRC0168,Market Segmentation and Cross-Predictability of Returns,Lior Menzly; Oguzhan Ozbas,2010,10.1111/j.1540-6261.2010.01578.x,https://doi.org/10.1111/j.1540-6261.2010.01578.x,true,contextual_primary_record_not_counted_as_verified,catalogued; exact metadata not included in conservative verified-primary total,https://doi.org/10.1111/j.1540-6261.2010.01578.x,,No metadata correction required in the final audit.,requires exact primary-text recheck before quoting numerical results
SRC0169,International Stock Return Predictability: What Is the Role of the United States?,David E. Rapach; Jack K. Strauss; Guofu Zhou,2013,10.1111/jofi.12041,https://doi.org/10.1111/jofi.12041,true,contextual_primary_record_not_counted_as_verified,catalogued; exact metadata not included in conservative verified-primary total,https://doi.org/10.1111/jofi.12041,,No metadata correction required in the final audit.,requires exact primary-text recheck before quoting numerical results
SRC0170,Striking Oil: Another Puzzle?,Gerben Driesprong; Ben Jacobsen; Benjamin Maat,2008,10.1016/j.jfineco.2007.07.008,https://doi.org/10.1016/j.jfineco.2007.07.008,true,contextual_primary_record_not_counted_as_verified,catalogued; exact metadata not included in conservative verified-primary total,https://doi.org/10.1016/j.jfineco.2007.07.008,,No metadata correction required in the final audit.,requires exact primary-text recheck before quoting numerical results
SRC0171,Stock Market Uncertainty and the Stock-Bond Return Relation,Robert Connolly; Chris Stivers; Licheng Sun,2005,10.1016/j.jfineco.2004.08.005,https://doi.org/10.1016/j.jfineco.2004.08.005,true,contextual_primary_record_not_counted_as_verified,catalogued; exact metadata not included in conservative verified-primary total,https://doi.org/10.1016/j.jfineco.2004.08.005,,No metadata correction required in the final audit.,requires exact primary-text recheck before quoting numerical results
SRC0172,The Determinants of Stock and Bond Return Comovements,Lieven Baele; Geert Bekaert; Koen Inghelbrecht,2010,10.1093/rfs/hhq014,https://doi.org/10.1093/rfs/hhq014,true,contextual_primary_record_not_counted_as_verified,catalogued; exact metadata not included in conservative verified-primary total,https://doi.org/10.1093/rfs/hhq014,,No metadata correction required in the final audit.,requires exact primary-text recheck before quoting numerical results
SRC0173,What Moves the Stock and Bond Markets? A Variance Decomposition for Long-Term Asset Returns,John Y. Campbell; John Ammer,1993,10.1111/j.1540-6261.1993.tb04700.x,https://doi.org/10.1111/j.1540-6261.1993.tb04700.x,true,contextual_primary_record_not_counted_as_verified,catalogued; exact metadata not included in conservative verified-primary total,https://doi.org/10.1111/j.1540-6261.1993.tb04700.x,,doi: 10.1111/j.1540-6261.1993.tb04718.x -> 10.1111/j.1540-6261.1993.tb04700.x | direct_url: https://doi.org/10.1111/j.1540-6261.1993.tb04718.x -> https://doi.org/10.1111/j.1540-6261.1993.tb04700.x | Corrected the Journal of Finance DOI; this record is not included in the conservative 160 verified-primary count.,requires exact primary-text recheck before quoting numerical results
SRC0174,"Is Gold a Hedge or a Safe Haven? An Analysis of Stocks, Bonds and Gold",Dirk G. Baur; Brian M. Lucey,2010,10.1111/j.1540-6288.2010.00244.x,https://doi.org/10.1111/j.1540-6288.2010.00244.x,true,contextual_primary_record_not_counted_as_verified,catalogued; exact metadata not included in conservative verified-primary total,https://doi.org/10.1111/j.1540-6288.2010.00244.x,,No metadata correction required in the final audit.,requires exact primary-text recheck before quoting numerical results
SRC0175,"The Halloween Indicator, Sell in May and Go Away: Another Puzzle",Sven Bouman; Ben Jacobsen,2002,10.1257/000282802762024683,https://doi.org/10.1257/000282802762024683,true,contextual_primary_record_not_counted_as_verified,catalogued; exact metadata not included in conservative verified-primary total,https://doi.org/10.1257/000282802762024683,,No metadata correction required in the final audit.,requires exact primary-text recheck before quoting numerical results
SRC0176,Equity Returns at the Turn of the Month,John J. McConnell; Wei Xu,2008,10.2469/faj.v64.n2.11,https://doi.org/10.2469/faj.v64.n2.11,true,contextual_primary_record_not_counted_as_verified,catalogued; exact metadata not included in conservative verified-primary total,https://doi.org/10.2469/faj.v64.n2.11,,No metadata correction required in the final audit.,requires exact primary-text recheck before quoting numerical results
SRC0177,Stock Returns and the Weekend Effect,Kenneth R. French,1980,10.1016/0304-405X(80)90021-5,https://doi.org/10.1016/0304-405X(80)90021-5,true,contextual_primary_record_not_counted_as_verified,catalogued; exact metadata not included in conservative verified-primary total,https://doi.org/10.1016/0304-405X(80)90021-5,,No metadata correction required in the final audit.,requires exact primary-text recheck before quoting numerical results
SRC0178,Are Seasonal Anomalies Real? A Ninety-Year Perspective,Josef Lakonishok; Seymour Smidt,1988,10.1093/rfs/1.4.403,https://doi.org/10.1093/rfs/1.4.403,true,contextual_primary_record_not_counted_as_verified,catalogued; exact metadata not included in conservative verified-primary total,https://doi.org/10.1093/rfs/1.4.403,,No metadata correction required in the final audit.,requires exact primary-text recheck before quoting numerical results
SRC0179,A New Approach to the Economic Analysis of Nonstationary Time Series and the Business Cycle,James D. Hamilton,1989,10.2307/1912559,https://doi.org/10.2307/1912559,true,contextual_primary_record_not_counted_as_verified,catalogued; exact metadata not included in conservative verified-primary total,https://doi.org/10.2307/1912559,,No metadata correction required in the final audit.,requires exact primary-text recheck before quoting numerical results
SRC0180,Identifying Bull and Bear Markets in Stock Returns,John M. Maheu; Thomas H. McCurdy,2000,10.1080/07350015.2000.10524851,https://doi.org/10.1080/07350015.2000.10524851,true,contextual_primary_record_not_counted_as_verified,catalogued; exact metadata not included in conservative verified-primary total,https://doi.org/10.1080/07350015.2000.10524851,,No metadata correction required in the final audit.,requires exact primary-text recheck before quoting numerical results
SRC0181,A Simple Framework for Analysing Bull and Bear Markets,Adrian Pagan; Kirill A. Sossounov,2003,10.1002/jae.664,https://doi.org/10.1002/jae.664,true,contextual_primary_record_not_counted_as_verified,catalogued; exact metadata not included in conservative verified-primary total,https://doi.org/10.1002/jae.664,,No metadata correction required in the final audit.,requires exact primary-text recheck before quoting numerical results
SRC0182,Duration Dependence in Stock Prices: An Analysis of Bull and Bear Markets,Asger Lunde; Allan Timmermann,2004,10.1198/073500104000000136,https://doi.org/10.1198/073500104000000136,true,contextual_primary_record_not_counted_as_verified,catalogued; exact metadata not included in conservative verified-primary total,https://doi.org/10.1198/073500104000000136,,No metadata correction required in the final audit.,requires exact primary-text recheck before quoting numerical results
SRC0183,A Reality Check for Data Snooping,Halbert White,2000,10.1111/1468-0262.00152,https://doi.org/10.1111/1468-0262.00152,true,contextual_primary_record_not_counted_as_verified,catalogued; exact metadata not included in conservative verified-primary total,https://doi.org/10.1111/1468-0262.00152,,No metadata correction required in the final audit.,requires exact primary-text recheck before quoting numerical results
SRC0184,A Test for Superior Predictive Ability,Peter Reinhard Hansen,2005,10.1198/073500105000000063,https://doi.org/10.1198/073500105000000063,true,contextual_primary_record_not_counted_as_verified,catalogued; exact metadata not included in conservative verified-primary total,https://doi.org/10.1198/073500105000000063,,No metadata correction required in the final audit.,requires exact primary-text recheck before quoting numerical results
SRC0185,The Probability of Backtest Overfitting,David H. Bailey; Jonathan M. Borwein; Marcos Lopez de Prado; Qiji Jim Zhu,2017,10.21314/JCF.2016.322,https://doi.org/10.21314/JCF.2016.322,true,contextual_primary_record_not_counted_as_verified,catalogued; exact metadata not included in conservative verified-primary total,https://doi.org/10.21314/JCF.2016.322,,No metadata correction required in the final audit.,requires exact primary-text recheck before quoting numerical results
SRC0186,"The Deflated Sharpe Ratio: Correcting for Selection Bias, Backtest Overfitting, and Non-Normality",David H. Bailey; Marcos Lopez de Prado,2014,10.3905/jpm.2014.40.5.094,https://doi.org/10.3905/jpm.2014.40.5.094,true,contextual_primary_record_not_counted_as_verified,catalogued; exact metadata not included in conservative verified-primary total,https://doi.org/10.3905/jpm.2014.40.5.094,,No metadata correction required in the final audit.,requires exact primary-text recheck before quoting numerical results
SRC0187,... and the Cross-Section of Expected Returns,Campbell R. Harvey; Yan Liu; Heqing Zhu,2016,10.1093/rfs/hhv059,https://doi.org/10.1093/rfs/hhv059,true,contextual_primary_record_not_counted_as_verified,catalogued; exact metadata not included in conservative verified-primary total,https://doi.org/10.1093/rfs/hhv059,,No metadata correction required in the final audit.,requires exact primary-text recheck before quoting numerical results
SRC0188,Does Academic Research Destroy Stock Return Predictability?,R. David McLean; Jeffrey Pontiff,2016,10.1111/jofi.12365,https://doi.org/10.1111/jofi.12365,true,contextual_primary_record_not_counted_as_verified,catalogued; exact metadata not included in conservative verified-primary total,https://doi.org/10.1111/jofi.12365,,No metadata correction required in the final audit.,requires exact primary-text recheck before quoting numerical results
SRC0189,What Do We Know about the Profitability of Technical Analysis?,Cheol-Ho Park; Scott H. Irwin,2007,10.1111/j.1467-6419.2007.00519.x,https://doi.org/10.1111/j.1467-6419.2007.00519.x,false,contextual_record_not_counted_as_verified_primary,contextual catalogue record,https://doi.org/10.1111/j.1467-6419.2007.00519.x,,No metadata correction required in the final audit.,context only; not counted as a verified primary source
SRC0190,Investor Sentiment in the Stock Market,Malcolm Baker; Jeffrey Wurgler,2007,10.1257/jep.21.2.129,https://doi.org/10.1257/jep.21.2.129,false,contextual_record_not_counted_as_verified_primary,contextual catalogue record,https://doi.org/10.1257/jep.21.2.129,,No metadata correction required in the final audit.,context only; not counted as a verified primary source
SRC0191,All the News That's Fit to Reprint: Do Investors React to Stale Information?,Paul C. Tetlock,2011,10.1093/rfs/hhq141,https://doi.org/10.1093/rfs/hhq141,false,contextual_record_not_counted_as_verified_primary,contextual catalogue record,https://doi.org/10.1093/rfs/hhq141,,No metadata correction required in the final audit.,context only; not counted as a verified primary source
SRC0192,Stock Return Predictability and the Adaptive Markets Hypothesis: Evidence from Century-Long U.S. Data,Jae H. Kim; Abul F. M. Shamsuddin; Kian-Ping Lim,2011,10.1016/j.jempfin.2011.08.002,https://doi.org/10.1016/j.jempfin.2011.08.002,false,contextual_record_not_counted_as_verified_primary,contextual catalogue record,https://doi.org/10.1016/j.jempfin.2011.08.002,,No metadata correction required in the final audit.,context only; not counted as a verified primary source
SRC0193,International Asset Allocation with Regime Shifts,Andrew Ang; Geert Bekaert,2002,10.1093/rfs/15.4.1137,https://doi.org/10.1093/rfs/15.4.1137,false,contextual_record_not_counted_as_verified_primary,contextual catalogue record,https://doi.org/10.1093/rfs/15.4.1137,,No metadata correction required in the final audit.,context only; not counted as a verified primary source
SRC0194,Asset Allocation under Multivariate Regime Switching,Massimo Guidolin; Allan Timmermann,2007,10.1016/j.jedc.2005.12.004,https://doi.org/10.1016/j.jedc.2005.12.004,false,contextual_record_not_counted_as_verified_primary,contextual catalogue record,https://doi.org/10.1016/j.jedc.2005.12.004,,No metadata correction required in the final audit.,context only; not counted as a verified primary source
SRC0195,Predicting Bear and Bull Stock Markets with Dynamic Binary Time Series Models,Henri Nyberg,2013,10.1016/j.jbankfin.2012.11.008,https://doi.org/10.1016/j.jbankfin.2012.11.008,false,contextual_record_not_counted_as_verified_primary,contextual catalogue record,https://doi.org/10.1016/j.jbankfin.2012.11.008,,No metadata correction required in the final audit.,context only; not counted as a verified primary source
SRC0196,Principal Components as a Measure of Systemic Risk,Mark Kritzman; Yuanzhen Li; Sebastien Page; Roberto Rigobon,2011,10.3905/jpm.2011.37.4.112,https://doi.org/10.3905/jpm.2011.37.4.112,false,contextual_record_not_counted_as_verified_primary,contextual catalogue record,https://doi.org/10.3905/jpm.2011.37.4.112,,No metadata correction required in the final audit.,context only; not counted as a verified primary source
SRC0197,The Combination of Forecasts,John M. Bates; Clive W. J. Granger,1969,10.1057/jors.1969.103,https://doi.org/10.1057/jors.1969.103,false,contextual_record_not_counted_as_verified_primary,contextual catalogue record,https://doi.org/10.1057/jors.1969.103,,No metadata correction required in the final audit.,context only; not counted as a verified primary source
SRC0198,Complete Subset Regressions,Graham Elliott; Antonio Gargano; Allan Timmermann,2013,10.1016/j.jeconom.2013.04.017,https://doi.org/10.1016/j.jeconom.2013.04.017,false,contextual_record_not_counted_as_verified_primary,contextual catalogue record,https://doi.org/10.1016/j.jeconom.2013.04.017,,No metadata correction required in the final audit.,context only; not counted as a verified primary source
SRC0199,Stepwise Multiple Testing as Formalized Data Snooping,Joseph P. Romano; Michael Wolf,2005,10.1111/j.1468-0262.2005.00615.x,https://doi.org/10.1111/j.1468-0262.2005.00615.x,false,contextual_record_not_counted_as_verified_primary,contextual catalogue record,https://doi.org/10.1111/j.1468-0262.2005.00615.x,,No metadata correction required in the final audit.,context only; not counted as a verified primary source
SRC0200,Replicating Anomalies,Kewei Hou; Chen Xue; Lu Zhang,2020,10.1093/rfs/hhy131,https://doi.org/10.1093/rfs/hhy131,false,contextual_record_not_counted_as_verified_primary,contextual catalogue record,https://doi.org/10.1093/rfs/hhy131,,No metadata correction required in the final audit.,context only; not counted as a verified primary source
SRC0201,Open Source Cross-Sectional Asset Pricing,Andrew Chen; Tom Zimmermann,2022,10.1561/104.00000133,https://doi.org/10.1561/104.00000133,false,contextual_record_not_counted_as_verified_primary,contextual catalogue record,https://doi.org/10.1561/104.00000133,,No metadata correction required in the final audit.,context only; not counted as a verified primary source
SRC0202,"Anomalies across the Globe: Once Public, No Longer Existent?",Heiko Jacobs; Sebastian Mueller,2020,10.1111/jofi.12907,https://doi.org/10.1111/jofi.12907,false,contextual_record_not_counted_as_verified_primary,contextual catalogue record,https://doi.org/10.1111/jofi.12907,,No metadata correction required in the final audit.,context only; not counted as a verified primary source
SRC0203,Anomalies and False Rejections,Tarun Chordia; Amit Goyal; Alessio Saretto,2020,10.1093/rfs/hhz138,https://doi.org/10.1093/rfs/hhz138,false,contextual_record_not_counted_as_verified_primary,contextual catalogue record,https://doi.org/10.1093/rfs/hhz138,,No metadata correction required in the final audit.,context only; not counted as a verified primary source
SRC0204,False (and Missed) Discoveries in Financial Economics,Campbell R. Harvey; Yan Liu,2020,10.1111/jofi.12916,https://doi.org/10.1111/jofi.12916,false,contextual_record_not_counted_as_verified_primary,contextual catalogue record,https://doi.org/10.1111/jofi.12916,,No metadata correction required in the final audit.,context only; not counted as a verified primary source
SRC0205,Publication Bias and the Cross-Section of Stock Returns,Andrew Chen; Tom Zimmermann,2020,10.1093/rapstu/raaa009,https://doi.org/10.1093/rapstu/raaa009,false,contextual_record_not_counted_as_verified_primary,contextual catalogue record,https://doi.org/10.1093/rapstu/raaa009,,No metadata correction required in the final audit.,context only; not counted as a verified primary source
SRC0206,Empirical Asset Pricing via Machine Learning,Shihao Gu; Bryan Kelly; Dacheng Xiu,2020,10.1093/rfs/hhaa009,https://doi.org/10.1093/rfs/hhaa009,false,contextual_record_not_counted_as_verified_primary,contextual catalogue record,https://doi.org/10.1093/rfs/hhaa009,,No metadata correction required in the final audit.,context only; not counted as a verified primary source
SRC0207,Characteristics Are Covariances: A Unified Model of Risk and Return,Bryan Kelly; Seth Pruitt; Yinan Su,2019,10.1016/j.jfineco.2018.07.009,https://doi.org/10.1016/j.jfineco.2018.07.009,false,contextual_record_not_counted_as_verified_primary,contextual catalogue record,https://doi.org/10.1016/j.jfineco.2018.07.009,,No metadata correction required in the final audit.,context only; not counted as a verified primary source
SRC0208,Dissecting Characteristics Nonparametrically,Joachim Freyberger; Andreas Neuhierl; Michael Weber,2020,10.1093/rfs/hhz123,https://doi.org/10.1093/rfs/hhz123,false,contextual_record_not_counted_as_verified_primary,contextual catalogue record,https://doi.org/10.1093/rfs/hhz123,,No metadata correction required in the final audit.,context only; not counted as a verified primary source
SRC0209,Shrinking the Cross-Section,Serhiy Kozak; Stefan Nagel; Shrihari Santosh,2020,10.1016/j.jfineco.2019.06.008,https://doi.org/10.1016/j.jfineco.2019.06.008,false,contextual_record_not_counted_as_verified_primary,contextual catalogue record,https://doi.org/10.1016/j.jfineco.2019.06.008,,No metadata correction required in the final audit.,context only; not counted as a verified primary source
SRC0210,Taming the Factor Zoo: A Test of New Factors,Guangqing Feng; Stefano Giglio; Dacheng Xiu,2020,10.1093/rfs/hhaa035,https://doi.org/10.1093/rfs/hhaa035,false,contextual_record_not_counted_as_verified_primary,contextual catalogue record,https://doi.org/10.1093/rfs/hhaa035,,No metadata correction required in the final audit.,context only; not counted as a verified primary source
SRC0211,Autoencoder Asset Pricing Models,Shihao Gu; Bryan Kelly; Dacheng Xiu,2021,10.1016/j.jeconom.2020.07.009,https://doi.org/10.1016/j.jeconom.2020.07.009,false,contextual_record_not_counted_as_verified_primary,contextual catalogue record,https://doi.org/10.1016/j.jeconom.2020.07.009,,No metadata correction required in the final audit.,context only; not counted as a verified primary source
SRC0212,Sparse Signals in the Cross-Section of Returns,Alex Chinco; Adam D. Clark-Joseph; Mao Ye,2019,10.1111/jofi.12733,https://doi.org/10.1111/jofi.12733,false,contextual_record_not_counted_as_verified_primary,contextual catalogue record,https://doi.org/10.1111/jofi.12733,,No metadata correction required in the final audit.,context only; not counted as a verified primary source
SRC0213,Regression Shrinkage and Selection via the Lasso,Robert Tibshirani,1996,10.1111/j.2517-6161.1996.tb02080.x,https://doi.org/10.1111/j.2517-6161.1996.tb02080.x,false,contextual_record_not_counted_as_verified_primary,contextual catalogue record,https://doi.org/10.1111/j.2517-6161.1996.tb02080.x,,No metadata correction required in the final audit.,context only; not counted as a verified primary source
SRC0214,Regularization and Variable Selection via the Elastic Net,Hui Zou; Trevor Hastie,2005,10.1111/j.1467-9868.2005.00503.x,https://doi.org/10.1111/j.1467-9868.2005.00503.x,false,contextual_record_not_counted_as_verified_primary,contextual catalogue record,https://doi.org/10.1111/j.1467-9868.2005.00503.x,,No metadata correction required in the final audit.,context only; not counted as a verified primary source
SRC0215,Regularization Paths for Generalized Linear Models via Coordinate Descent,Jerome Friedman; Trevor Hastie; Robert Tibshirani,2010,10.18637/jss.v033.i01,https://doi.org/10.18637/jss.v033.i01,false,contextual_record_not_counted_as_verified_primary,contextual catalogue record,https://doi.org/10.18637/jss.v033.i01,,No metadata correction required in the final audit.,context only; not counted as a verified primary source
SRC0216,Comparing Predictive Accuracy,Francis X. Diebold; Roberto S. Mariano,1995,10.1080/07350015.1995.10524599,https://doi.org/10.1080/07350015.1995.10524599,false,contextual_record_not_counted_as_verified_primary,contextual catalogue record,https://doi.org/10.1080/07350015.1995.10524599,,No metadata correction required in the final audit.,context only; not counted as a verified primary source
SRC0217,"A Simple, Positive Semi-Definite, Heteroskedasticity and Autocorrelation Consistent Covariance Matrix",Whitney K. Newey; Kenneth D. West,1987,10.2307/1913610,https://doi.org/10.2307/1913610,false,contextual_record_not_counted_as_verified_primary,contextual catalogue record,https://doi.org/10.2307/1913610,,No metadata correction required in the final audit.,context only; not counted as a verified primary source
SRC0218,The Stationary Bootstrap,Dimitris N. Politis; Joseph P. Romano,1994,10.1080/01621459.1994.10476870,https://doi.org/10.1080/01621459.1994.10476870,false,contextual_record_not_counted_as_verified_primary,contextual catalogue record,https://doi.org/10.1080/01621459.1994.10476870,,No metadata correction required in the final audit.,context only; not counted as a verified primary source
SRC0219,Automatic Block-Length Selection for the Dependent Bootstrap,Dimitris N. Politis; Halbert White,2004,10.1081/ETC-120028836,https://doi.org/10.1081/ETC-120028836,false,contextual_record_not_counted_as_verified_primary,contextual catalogue record,https://doi.org/10.1081/ETC-120028836,,No metadata correction required in the final audit.,context only; not counted as a verified primary source
SRC0220,Robust Performance Hypothesis Testing with the Sharpe Ratio,Olivier Ledoit; Michael Wolf,2008,10.1016/j.jempfin.2008.03.002,https://doi.org/10.1016/j.jempfin.2008.03.002,false,contextual_record_not_counted_as_verified_primary,contextual catalogue record,https://doi.org/10.1016/j.jempfin.2008.03.002,,No metadata correction required in the final audit.,context only; not counted as a verified primary source
SRC0221,The Statistics of Sharpe Ratios,Andrew W. Lo,2002,10.2469/faj.v58.n4.2453,https://doi.org/10.2469/faj.v58.n4.2453,false,contextual_record_not_counted_as_verified_primary,contextual catalogue record,https://doi.org/10.2469/faj.v58.n4.2453,,No metadata correction required in the final audit.,context only; not counted as a verified primary source
SRC0222,In-Sample or Out-of-Sample Tests of Predictability: Which One Should We Use?,Atsushi Inoue; Lutz Kilian,2004,10.1081/ETC-120028838,https://doi.org/10.1081/ETC-120028838,false,contextual_record_not_counted_as_verified_primary,contextual catalogue record,https://doi.org/10.1081/ETC-120028838,,No metadata correction required in the final audit.,context only; not counted as a verified primary source
SRC0223,Tests of Equal Forecast Accuracy and Encompassing for Nested Models,Todd E. Clark; Michael W. McCracken,2001,10.1016/S0304-4076(01)00050-4,https://doi.org/10.1016/S0304-4076(01)00050-4,false,contextual_record_not_counted_as_verified_primary,contextual catalogue record,https://doi.org/10.1016/S0304-4076(01)00050-4,,No metadata correction required in the final audit.,context only; not counted as a verified primary source
SRC0224,Approximately Normal Tests for Equal Predictive Accuracy in Nested Models,Todd E. Clark; Kenneth D. West,2007,10.1016/j.jeconom.2006.05.023,https://doi.org/10.1016/j.jeconom.2006.05.023,false,contextual_record_not_counted_as_verified_primary,contextual catalogue record,https://doi.org/10.1016/j.jeconom.2006.05.023,,No metadata correction required in the final audit.,context only; not counted as a verified primary source
SRC0225,Tests of Conditional Predictive Ability,Raffaella Giacomini; Halbert White,2006,10.1111/j.1468-0262.2006.00718.x,https://doi.org/10.1111/j.1468-0262.2006.00718.x,false,contextual_record_not_counted_as_verified_primary,contextual catalogue record,https://doi.org/10.1111/j.1468-0262.2006.00718.x,,No metadata correction required in the final audit.,context only; not counted as a verified primary source
SRC0226,Seasonality in the Cross-Section of Stock Returns,Steven L. Heston; Ronnie Sadka,2008,10.1016/j.jfineco.2007.02.003,https://doi.org/10.1016/j.jfineco.2007.02.003,false,contextual_record_not_counted_as_verified_primary,contextual catalogue record,https://doi.org/10.1016/j.jfineco.2007.02.003,,No metadata correction required in the final audit.,context only; not counted as a verified primary source
SRC0227,Return Seasonalities,Matti Keloharju; Juhani T. Linnainmaa; Peter Nyberg,2016,10.1111/jofi.12398,https://doi.org/10.1111/jofi.12398,false,contextual_record_not_counted_as_verified_primary,contextual catalogue record,https://doi.org/10.1111/jofi.12398,,No metadata correction required in the final audit.,context only; not counted as a verified primary source
SRC0228,Day of the Week Effects and Asset Returns,Michael R. Gibbons; Patrick Hess,1981,10.1086/296147,https://doi.org/10.1086/296147,false,contextual_record_not_counted_as_verified_primary,contextual catalogue record,https://doi.org/10.1086/296147,,No metadata correction required in the final audit.,context only; not counted as a verified primary source
SRC0229,A Further Investigation of the Weekend Effect in Stock Returns,Donald B. Keim; Robert F. Stambaugh,1984,10.1111/j.1540-6261.1984.tb03675.x,https://doi.org/10.1111/j.1540-6261.1984.tb03675.x,false,contextual_record_not_counted_as_verified_primary,contextual catalogue record,https://doi.org/10.1111/j.1540-6261.1984.tb03675.x,,No metadata correction required in the final audit.,context only; not counted as a verified primary source
SRC0230,A Monthly Effect in Stock Returns,Robert A. Ariel,1987,10.1016/0304-405X(87)90066-3,https://doi.org/10.1016/0304-405X(87)90066-3,false,contextual_record_not_counted_as_verified_primary,contextual catalogue record,https://doi.org/10.1016/0304-405X(87)90066-3,,No metadata correction required in the final audit.,context only; not counted as a verified primary source
SRC0231,High Stock Returns Before Holidays: Existence and Evidence on Possible Causes,Robert A. Ariel,1990,10.1111/j.1540-6261.1990.tb05023.x,https://doi.org/10.1111/j.1540-6261.1990.tb05023.x,false,contextual_record_not_counted_as_verified_primary,contextual catalogue record,https://doi.org/10.1111/j.1540-6261.1990.tb05023.x,,No metadata correction required in the final audit.,context only; not counted as a verified primary source
SRC0232,A Transaction Data Study of Weekly and Intradaily Patterns in Stock Returns,Lawrence Harris,1986,10.1016/0304-405X(86)90044-9,https://doi.org/10.1016/0304-405X(86)90044-9,false,contextual_record_not_counted_as_verified_primary,contextual catalogue record,https://doi.org/10.1016/0304-405X(86)90044-9,,No metadata correction required in the final audit.,context only; not counted as a verified primary source
SRC0233,New Findings Regarding Day-of-the-Week Returns over Trading and Non-Trading Periods,Richard J. Rogalski,1984,10.1111/j.1540-6261.1984.tb03877.x,https://doi.org/10.1111/j.1540-6261.1984.tb03877.x,false,contextual_record_not_counted_as_verified_primary,contextual catalogue record,https://doi.org/10.1111/j.1540-6261.1984.tb03877.x,,No metadata correction required in the final audit.,context only; not counted as a verified primary source
SRC0234,Capital Market Seasonality: The Case of Stock Returns,Michael S. Rozeff; William R. Kinney Jr.,1976,10.1016/0304-405X(76)90028-3,https://doi.org/10.1016/0304-405X(76)90028-3,false,contextual_record_not_counted_as_verified_primary,contextual catalogue record,https://doi.org/10.1016/0304-405X(76)90028-3,,No metadata correction required in the final audit.,context only; not counted as a verified primary source
SRC0235,Paying Attention: Overnight Returns and the Hidden Cost of Buying at the Open,Henk Berkman; Paul D. Koch; Laura Tuttle; Ying Jenny Zhang,2012,10.1017/S0022109011000679,https://doi.org/10.1017/S0022109011000679,false,contextual_record_not_counted_as_verified_primary,contextual catalogue record,https://doi.org/10.1017/S0022109011000679,,No metadata correction required in the final audit.,context only; not counted as a verified primary source
SRC0236,A Tug of War: Overnight versus Intraday Expected Returns,Dong Lou; Christopher Polk; Spyros Skouras,2019,10.1016/j.jfineco.2019.03.011,https://doi.org/10.1016/j.jfineco.2019.03.011,false,contextual_record_not_counted_as_verified_primary,contextual catalogue record,https://doi.org/10.1016/j.jfineco.2019.03.011,,No metadata correction required in the final audit.,context only; not counted as a verified primary source
SRC0237,The Stock Market's Reaction to Unemployment News: Why Bad News Is Usually Good for Stocks,John H. Boyd; Jian Hu; Ravi Jagannathan,2005,10.1111/j.1540-6261.2005.00742.x,https://doi.org/10.1111/j.1540-6261.2005.00742.x,false,contextual_record_not_counted_as_verified_primary,contextual catalogue record,https://doi.org/10.1111/j.1540-6261.2005.00742.x,,No metadata correction required in the final audit.,context only; not counted as a verified primary source
SRC0238,Have Individual Stocks Become More Volatile? An Empirical Exploration of Idiosyncratic Risk,John Y. Campbell; Martin Lettau; Burton G. Malkiel; Yexiao Xu,2001,10.1111/0022-1082.00318,https://doi.org/10.1111/0022-1082.00318,false,contextual_record_not_counted_as_verified_primary,contextual catalogue record,https://doi.org/10.1111/0022-1082.00318,,No metadata correction required in the final audit.,context only; not counted as a verified primary source
SRC0239,Common Risk Factors in Currency Markets,Hanno Lustig; Nikolai Roussanov; Adrien Verdelhan,2011,10.1093/rfs/hhq116,https://doi.org/10.1093/rfs/hhq116,false,contextual_record_not_counted_as_verified_primary,contextual catalogue record,https://doi.org/10.1093/rfs/hhq116,,No metadata correction required in the final audit.,context only; not counted as a verified primary source
SRC0240,Currency Momentum Strategies,Lukas Menkhoff; Lucio Sarno; Maik Schmeling; Andreas Schrimpf,2012,10.1016/j.jfineco.2012.06.009,https://doi.org/10.1016/j.jfineco.2012.06.009,false,contextual_record_not_counted_as_verified_primary,contextual catalogue record,https://doi.org/10.1016/j.jfineco.2012.06.009,,No metadata correction required in the final audit.,context only; not counted as a verified primary source
SRC0241,Market Liquidity and Trading Activity,Tarun Chordia; Richard Roll; Avanidhar Subrahmanyam,2001,10.1111/0022-1082.00335,https://doi.org/10.1111/0022-1082.00335,false,contextual_record_not_counted_as_verified_primary,contextual catalogue record,https://doi.org/10.1111/0022-1082.00335,,No metadata correction required in the final audit.,context only; not counted as a verified primary source
SRC0242,A Century of Stock Market Liquidity and Trading Costs,Charles M. Jones,2002,,https://papers.ssrn.com/sol3/papers.cfm?abstract_id=313681,false,contextual_record_not_counted_as_verified_primary,contextual catalogue record,https://papers.ssrn.com/sol3/papers.cfm?abstract_id=313681,,No metadata correction required in the final audit.,context only; not counted as a verified primary source
SRC0243,VIX White Paper and Methodology,Cboe Global Markets,2019,,https://www.cboe.com/tradable_products/vix/vix_white_paper/,false,contextual_record_not_counted_as_verified_primary,contextual catalogue record,https://www.cboe.com/tradable_products/vix/vix_white_paper/,,No metadata correction required in the final audit.,context only; not counted as a verified primary source
SRC0244,Commitments of Traders Explanatory Notes,Commodity Futures Trading Commission,2026,,https://www.cftc.gov/MarketReports/CommitmentsofTraders/ExplanatoryNotes/index.htm,false,contextual_record_not_counted_as_verified_primary,contextual catalogue record,https://www.cftc.gov/MarketReports/CommitmentsofTraders/ExplanatoryNotes/index.htm,,No metadata correction required in the final audit.,context only; not counted as a verified primary source
SRC0245,ALFRED Archival Federal Reserve Economic Data Documentation,Federal Reserve Bank of St. Louis,2026,,https://alfred.stlouisfed.org/,false,contextual_record_not_counted_as_verified_primary,contextual catalogue record,https://alfred.stlouisfed.org/,,No metadata correction required in the final audit.,context only; not counted as a verified primary source
SRC0246,Margin Statistics Methodology and Monthly Aggregate Data,FINRA,2026,,https://www.finra.org/rules-guidance/key-topics/margin-accounts/margin-statistics,false,contextual_record_not_counted_as_verified_primary,contextual catalogue record,https://www.finra.org/rules-guidance/key-topics/margin-accounts/margin-statistics,,No metadata correction required in the final audit.,context only; not counted as a verified primary source
SRC0247,SPDR S&P 500 ETF Trust Official Fund Record,State Street Global Advisors,2026,,https://www.ssga.com/us/en/intermediary/etfs/spdr-sp-500-etf-trust-spy,false,contextual_record_not_counted_as_verified_primary,contextual catalogue record,https://www.ssga.com/us/en/intermediary/etfs/spdr-sp-500-etf-trust-spy,,No metadata correction required in the final audit.,context only; not counted as a verified primary source
SRC0248,Equity Premium Prediction Data Library,Amit Goyal,2026,,https://sites.google.com/view/agoyal145/,false,contextual_record_not_counted_as_verified_primary,contextual catalogue record,https://sites.google.com/view/agoyal145/,,No metadata correction required in the final audit.,context only; not counted as a verified primary source
SRC0249,FRED API Documentation,Federal Reserve Bank of St. Louis,2026,,https://fred.stlouisfed.org/docs/api/fred/,false,contextual_record_not_counted_as_verified_primary,contextual catalogue record,https://fred.stlouisfed.org/docs/api/fred/,,No metadata correction required in the final audit.,context only; not counted as a verified primary source
