feature_id,family,feature_name,formula,inputs,lookback,frequency,available_at,causal_lag,normalization,missing_data_rule,warmup,point_in_time_requirement,canonical_hash_basis,research_source_ids,candidate_strategy_ids,risk_notes
FEAT0001,price_trend_sma,Price versus simple moving average — SMA_50,sma_t = mean(TR_CLOSE[t-49:t]) ; score_t = TR_CLOSE_t - sma_t,"[""DS002"", ""DS001""]",50,daily decision / source-native updates carried causally,after SPY regular-session close t and after every non-price input release_time <= close_t,source-specific release lag; decision only after release_time <= close_t,none; all rolling statistics use only observations available through close t,"Do not backfill from the future. Within source-specific staleness limits, carry forward only a value already released; otherwise preserve the previous +1/-1 position.",50,"All macro, survey, positioning and revised-index inputs require vintage/release timestamps; price data require action-consistent history.",e55dfb81b5f5da475b7fe6eb83b9404f078aa88d1921d140713357ab306a354e,"[""SRC0001"", ""SRC0002"", ""SRC0003""]","[""STRAT0001""]",whipsaw in sideways markets; sharp rebound after short state
FEAT0002,price_trend_sma,Price versus simple moving average — SMA_100,sma_t = mean(TR_CLOSE[t-99:t]) ; score_t = TR_CLOSE_t - sma_t,"[""DS002"", ""DS001""]",100,daily decision / source-native updates carried causally,after SPY regular-session close t and after every non-price input release_time <= close_t,source-specific release lag; decision only after release_time <= close_t,none; all rolling statistics use only observations available through close t,"Do not backfill from the future. Within source-specific staleness limits, carry forward only a value already released; otherwise preserve the previous +1/-1 position.",100,"All macro, survey, positioning and revised-index inputs require vintage/release timestamps; price data require action-consistent history.",5700ce7d26261b49caf3e5fb022b8d139131fba7cd484c89469dc76e961537e6,"[""SRC0001"", ""SRC0002"", ""SRC0003""]","[""STRAT0002""]",whipsaw in sideways markets; sharp rebound after short state
FEAT0003,price_trend_sma,Price versus simple moving average — SMA_150,sma_t = mean(TR_CLOSE[t-149:t]) ; score_t = TR_CLOSE_t - sma_t,"[""DS002"", ""DS001""]",150,daily decision / source-native updates carried causally,after SPY regular-session close t and after every non-price input release_time <= close_t,source-specific release lag; decision only after release_time <= close_t,none; all rolling statistics use only observations available through close t,"Do not backfill from the future. Within source-specific staleness limits, carry forward only a value already released; otherwise preserve the previous +1/-1 position.",150,"All macro, survey, positioning and revised-index inputs require vintage/release timestamps; price data require action-consistent history.",d01e5d4da544d6224f54aa311cfed1b15469b8886266af66a4ae5945a355cdfa,"[""SRC0001"", ""SRC0002"", ""SRC0003""]","[""STRAT0003""]",whipsaw in sideways markets; sharp rebound after short state
FEAT0004,price_trend_sma,Price versus simple moving average — SMA_200,sma_t = mean(TR_CLOSE[t-199:t]) ; score_t = TR_CLOSE_t - sma_t,"[""DS002"", ""DS001""]",200,daily decision / source-native updates carried causally,after SPY regular-session close t and after every non-price input release_time <= close_t,source-specific release lag; decision only after release_time <= close_t,none; all rolling statistics use only observations available through close t,"Do not backfill from the future. Within source-specific staleness limits, carry forward only a value already released; otherwise preserve the previous +1/-1 position.",200,"All macro, survey, positioning and revised-index inputs require vintage/release timestamps; price data require action-consistent history.",c4c7cef2adcdde05f0fae80b84a63913b099a5d50b2170bfe45672766b58e3c2,"[""SRC0001"", ""SRC0002"", ""SRC0003""]","[""STRAT0004""]",whipsaw in sideways markets; sharp rebound after short state
FEAT0005,price_trend_sma,Price versus simple moving average — SMA_250,sma_t = mean(TR_CLOSE[t-249:t]) ; score_t = TR_CLOSE_t - sma_t,"[""DS002"", ""DS001""]",250,daily decision / source-native updates carried causally,after SPY regular-session close t and after every non-price input release_time <= close_t,source-specific release lag; decision only after release_time <= close_t,none; all rolling statistics use only observations available through close t,"Do not backfill from the future. Within source-specific staleness limits, carry forward only a value already released; otherwise preserve the previous +1/-1 position.",250,"All macro, survey, positioning and revised-index inputs require vintage/release timestamps; price data require action-consistent history.",55371faea223e74ee6f792b6934982c188d66f3b91ee168eb965083d79f3c4c6,"[""SRC0001"", ""SRC0002"", ""SRC0003""]","[""STRAT0005""]",whipsaw in sideways markets; sharp rebound after short state
FEAT0006,price_trend_sma,Price versus simple moving average — SMA_300,sma_t = mean(TR_CLOSE[t-299:t]) ; score_t = TR_CLOSE_t - sma_t,"[""DS002"", ""DS001""]",300,daily decision / source-native updates carried causally,after SPY regular-session close t and after every non-price input release_time <= close_t,source-specific release lag; decision only after release_time <= close_t,none; all rolling statistics use only observations available through close t,"Do not backfill from the future. Within source-specific staleness limits, carry forward only a value already released; otherwise preserve the previous +1/-1 position.",300,"All macro, survey, positioning and revised-index inputs require vintage/release timestamps; price data require action-consistent history.",c69e49209f0a2a549a4bc48f2640bb353de493ea4a56d524b6408c613b21aaa9,"[""SRC0001"", ""SRC0002"", ""SRC0003""]","[""STRAT0006""]",whipsaw in sideways markets; sharp rebound after short state
FEAT0007,time_series_momentum,Own-return time-series momentum — RET_21,score_t = TR_CLOSE_t / TR_CLOSE[t-21] - 1,"[""DS002"", ""DS001""]",22,daily decision / source-native updates carried causally,after SPY regular-session close t and after every non-price input release_time <= close_t,source-specific release lag; decision only after release_time <= close_t,none; all rolling statistics use only observations available through close t,"Do not backfill from the future. Within source-specific staleness limits, carry forward only a value already released; otherwise preserve the previous +1/-1 position.",22,"All macro, survey, positioning and revised-index inputs require vintage/release timestamps; price data require action-consistent history.",8b4f77478fa40b4d5e585733dce628a64e54afe4c94e08290057a1290eef3d47,"[""SRC0020"", ""SRC0021"", ""SRC0022""]","[""STRAT0007""]",momentum crashes; horizon instability
FEAT0008,time_series_momentum,Own-return time-series momentum — RET_63,score_t = TR_CLOSE_t / TR_CLOSE[t-63] - 1,"[""DS002"", ""DS001""]",64,daily decision / source-native updates carried causally,after SPY regular-session close t and after every non-price input release_time <= close_t,source-specific release lag; decision only after release_time <= close_t,none; all rolling statistics use only observations available through close t,"Do not backfill from the future. Within source-specific staleness limits, carry forward only a value already released; otherwise preserve the previous +1/-1 position.",64,"All macro, survey, positioning and revised-index inputs require vintage/release timestamps; price data require action-consistent history.",7388a59bd72e335c623aff7d4ce6b3dabd88f518d92d5c3df56de16c49ad952f,"[""SRC0020"", ""SRC0021"", ""SRC0022""]","[""STRAT0008""]",momentum crashes; horizon instability
FEAT0009,time_series_momentum,Own-return time-series momentum — RET_126,score_t = TR_CLOSE_t / TR_CLOSE[t-126] - 1,"[""DS002"", ""DS001""]",127,daily decision / source-native updates carried causally,after SPY regular-session close t and after every non-price input release_time <= close_t,source-specific release lag; decision only after release_time <= close_t,none; all rolling statistics use only observations available through close t,"Do not backfill from the future. Within source-specific staleness limits, carry forward only a value already released; otherwise preserve the previous +1/-1 position.",127,"All macro, survey, positioning and revised-index inputs require vintage/release timestamps; price data require action-consistent history.",0d2f526cf1129f25aa73bb8aa64d3e14a9390f4378f5bb4161f5822977ca35d7,"[""SRC0020"", ""SRC0021"", ""SRC0022""]","[""STRAT0009""]",momentum crashes; horizon instability
FEAT0010,time_series_momentum,Own-return time-series momentum — RET_189,score_t = TR_CLOSE_t / TR_CLOSE[t-189] - 1,"[""DS002"", ""DS001""]",190,daily decision / source-native updates carried causally,after SPY regular-session close t and after every non-price input release_time <= close_t,source-specific release lag; decision only after release_time <= close_t,none; all rolling statistics use only observations available through close t,"Do not backfill from the future. Within source-specific staleness limits, carry forward only a value already released; otherwise preserve the previous +1/-1 position.",190,"All macro, survey, positioning and revised-index inputs require vintage/release timestamps; price data require action-consistent history.",40e23d29fd1314b5d1c9dd426e2c2970048edafb3351024a252bd43fc33daa95,"[""SRC0020"", ""SRC0021"", ""SRC0022""]","[""STRAT0010""]",momentum crashes; horizon instability
FEAT0011,time_series_momentum,Own-return time-series momentum — RET_252,score_t = TR_CLOSE_t / TR_CLOSE[t-252] - 1,"[""DS002"", ""DS001""]",253,daily decision / source-native updates carried causally,after SPY regular-session close t and after every non-price input release_time <= close_t,source-specific release lag; decision only after release_time <= close_t,none; all rolling statistics use only observations available through close t,"Do not backfill from the future. Within source-specific staleness limits, carry forward only a value already released; otherwise preserve the previous +1/-1 position.",253,"All macro, survey, positioning and revised-index inputs require vintage/release timestamps; price data require action-consistent history.",b1906002c9bf9c08b5654022f7a37dcb47f73f0a596b6e142f945821034a39e6,"[""SRC0020"", ""SRC0021"", ""SRC0022""]","[""STRAT0011""]",momentum crashes; horizon instability
FEAT0012,time_series_momentum,Own-return time-series momentum — RET_378,score_t = TR_CLOSE_t / TR_CLOSE[t-378] - 1,"[""DS002"", ""DS001""]",379,daily decision / source-native updates carried causally,after SPY regular-session close t and after every non-price input release_time <= close_t,source-specific release lag; decision only after release_time <= close_t,none; all rolling statistics use only observations available through close t,"Do not backfill from the future. Within source-specific staleness limits, carry forward only a value already released; otherwise preserve the previous +1/-1 position.",379,"All macro, survey, positioning and revised-index inputs require vintage/release timestamps; price data require action-consistent history.",c83e433e2e3eb880ec89c2b580bd081b5e4c035608c92db7d3f769b3159ee746,"[""SRC0020"", ""SRC0021"", ""SRC0022""]","[""STRAT0012""]",momentum crashes; horizon instability
FEAT0013,short_horizon_reversal,Short-horizon return reversal — REV_1,lag_return_t = TR_CLOSE_t / TR_CLOSE[t-1] - 1 ; score_t = -lag_return_t,"[""DS002"", ""DS001""]",2,daily decision / source-native updates carried causally,after SPY regular-session close t and after every non-price input release_time <= close_t,source-specific release lag; decision only after release_time <= close_t,none; all rolling statistics use only observations available through close t,"Do not backfill from the future. Within source-specific staleness limits, carry forward only a value already released; otherwise preserve the previous +1/-1 position.",2,"All macro, survey, positioning and revised-index inputs require vintage/release timestamps; price data require action-consistent history.",eea7364bb010da3f0835e360fe1051b3760a57386da86bf394fe2e4f28e3addb,"[""SRC0037"", ""SRC0038"", ""SRC0039""]","[""STRAT0013""]",overnight correction before next open; high turnover
FEAT0014,short_horizon_reversal,Short-horizon return reversal — REV_2,lag_return_t = TR_CLOSE_t / TR_CLOSE[t-2] - 1 ; score_t = -lag_return_t,"[""DS002"", ""DS001""]",3,daily decision / source-native updates carried causally,after SPY regular-session close t and after every non-price input release_time <= close_t,source-specific release lag; decision only after release_time <= close_t,none; all rolling statistics use only observations available through close t,"Do not backfill from the future. Within source-specific staleness limits, carry forward only a value already released; otherwise preserve the previous +1/-1 position.",3,"All macro, survey, positioning and revised-index inputs require vintage/release timestamps; price data require action-consistent history.",3f3056d736355c94a72ed399e5b1c89dd6d76acb4ffd12234f9dd90162aaa8d7,"[""SRC0037"", ""SRC0038"", ""SRC0039""]","[""STRAT0014""]",overnight correction before next open; high turnover
FEAT0015,short_horizon_reversal,Short-horizon return reversal — REV_3,lag_return_t = TR_CLOSE_t / TR_CLOSE[t-3] - 1 ; score_t = -lag_return_t,"[""DS002"", ""DS001""]",4,daily decision / source-native updates carried causally,after SPY regular-session close t and after every non-price input release_time <= close_t,source-specific release lag; decision only after release_time <= close_t,none; all rolling statistics use only observations available through close t,"Do not backfill from the future. Within source-specific staleness limits, carry forward only a value already released; otherwise preserve the previous +1/-1 position.",4,"All macro, survey, positioning and revised-index inputs require vintage/release timestamps; price data require action-consistent history.",62ff5584b23e7d625a5fd083b7f3faca7bc2fa5bb6d458e80ac87967afce516d,"[""SRC0037"", ""SRC0038"", ""SRC0039""]","[""STRAT0015""]",overnight correction before next open; high turnover
FEAT0016,short_horizon_reversal,Short-horizon return reversal — REV_5,lag_return_t = TR_CLOSE_t / TR_CLOSE[t-5] - 1 ; score_t = -lag_return_t,"[""DS002"", ""DS001""]",6,daily decision / source-native updates carried causally,after SPY regular-session close t and after every non-price input release_time <= close_t,source-specific release lag; decision only after release_time <= close_t,none; all rolling statistics use only observations available through close t,"Do not backfill from the future. Within source-specific staleness limits, carry forward only a value already released; otherwise preserve the previous +1/-1 position.",6,"All macro, survey, positioning and revised-index inputs require vintage/release timestamps; price data require action-consistent history.",0a841a0a1375d0988d33607070febb5ef618c5b9c5d4d4c00554279b7f9b4f33,"[""SRC0037"", ""SRC0038"", ""SRC0039""]","[""STRAT0016""]",overnight correction before next open; high turnover
FEAT0017,short_horizon_reversal,Short-horizon return reversal — REV_10,lag_return_t = TR_CLOSE_t / TR_CLOSE[t-10] - 1 ; score_t = -lag_return_t,"[""DS002"", ""DS001""]",11,daily decision / source-native updates carried causally,after SPY regular-session close t and after every non-price input release_time <= close_t,source-specific release lag; decision only after release_time <= close_t,none; all rolling statistics use only observations available through close t,"Do not backfill from the future. Within source-specific staleness limits, carry forward only a value already released; otherwise preserve the previous +1/-1 position.",11,"All macro, survey, positioning and revised-index inputs require vintage/release timestamps; price data require action-consistent history.",d99f891dcb9c05e472567afd60ee8a4eca15df569cc146de68742be55e6722bf,"[""SRC0037"", ""SRC0038"", ""SRC0039""]","[""STRAT0017""]",overnight correction before next open; high turnover
FEAT0018,short_horizon_reversal,Short-horizon return reversal — REV_20,lag_return_t = TR_CLOSE_t / TR_CLOSE[t-20] - 1 ; score_t = -lag_return_t,"[""DS002"", ""DS001""]",21,daily decision / source-native updates carried causally,after SPY regular-session close t and after every non-price input release_time <= close_t,source-specific release lag; decision only after release_time <= close_t,none; all rolling statistics use only observations available through close t,"Do not backfill from the future. Within source-specific staleness limits, carry forward only a value already released; otherwise preserve the previous +1/-1 position.",21,"All macro, survey, positioning and revised-index inputs require vintage/release timestamps; price data require action-consistent history.",679caaef9f87c4a96fec35f7cf901ca0391bc9879abe51ce135072352d9ccd85,"[""SRC0037"", ""SRC0038"", ""SRC0039""]","[""STRAT0018""]",overnight correction before next open; high turnover
FEAT0019,vix_term_structure,VIX term-structure risk state — VIX_VIX3M_100,"raw_ratio_t = VIX/VIX3M ; ratio_t = mean(raw_ratio, 1)","[""DS002"", ""DS001"", ""DS004"", ""DS009""]",2,daily decision / source-native updates carried causally,after SPY regular-session close t and after every non-price input release_time <= close_t,source-specific release lag; decision only after release_time <= close_t,none; all rolling statistics use only observations available through close t,"Do not backfill from the future. Within source-specific staleness limits, carry forward only a value already released; otherwise preserve the previous +1/-1 position.",2,"All macro, survey, positioning and revised-index inputs require vintage/release timestamps; price data require action-consistent history.",4738cf058db0186bfe891704563a9f11c71344324a032c1bea0d3acd2b7f9c92,"[""SRC0056"", ""SRC0057"", ""SRC0058"", ""SRC0060"", ""SRC0061"", ""SRC0062""]","[""STRAT0019""]",short history; backfilled dissemination; crisis whipsaw
FEAT0020,vix_term_structure,VIX term-structure risk state — VIX_VIX3M_095,"raw_ratio_t = VIX/VIX3M ; ratio_t = mean(raw_ratio, 1)","[""DS002"", ""DS001"", ""DS004"", ""DS009""]",2,daily decision / source-native updates carried causally,after SPY regular-session close t and after every non-price input release_time <= close_t,source-specific release lag; decision only after release_time <= close_t,none; all rolling statistics use only observations available through close t,"Do not backfill from the future. Within source-specific staleness limits, carry forward only a value already released; otherwise preserve the previous +1/-1 position.",2,"All macro, survey, positioning and revised-index inputs require vintage/release timestamps; price data require action-consistent history.",8f920ef7592ee4987224824ca50c1b6959c420688b7eadcd42099ccf804cb02e,"[""SRC0056"", ""SRC0057"", ""SRC0058"", ""SRC0060"", ""SRC0061"", ""SRC0062""]","[""STRAT0020""]",short history; backfilled dissemination; crisis whipsaw
FEAT0021,vix_term_structure,VIX term-structure risk state — VIX_VIX3M_105,"raw_ratio_t = VIX/VIX3M ; ratio_t = mean(raw_ratio, 1)","[""DS002"", ""DS001"", ""DS004"", ""DS009""]",2,daily decision / source-native updates carried causally,after SPY regular-session close t and after every non-price input release_time <= close_t,source-specific release lag; decision only after release_time <= close_t,none; all rolling statistics use only observations available through close t,"Do not backfill from the future. Within source-specific staleness limits, carry forward only a value already released; otherwise preserve the previous +1/-1 position.",2,"All macro, survey, positioning and revised-index inputs require vintage/release timestamps; price data require action-consistent history.",350c00eeca7f184d4cd5ddaf56ba4e39beb604fcbab52cabb833734970b14127,"[""SRC0056"", ""SRC0057"", ""SRC0058"", ""SRC0060"", ""SRC0061"", ""SRC0062""]","[""STRAT0021""]",short history; backfilled dissemination; crisis whipsaw
FEAT0022,vix_term_structure,VIX term-structure risk state — VIX_VIX3M_MA5,"raw_ratio_t = VIX/VIX3M ; ratio_t = mean(raw_ratio, 5)","[""DS002"", ""DS001"", ""DS004"", ""DS009""]",5,daily decision / source-native updates carried causally,after SPY regular-session close t and after every non-price input release_time <= close_t,source-specific release lag; decision only after release_time <= close_t,none; all rolling statistics use only observations available through close t,"Do not backfill from the future. Within source-specific staleness limits, carry forward only a value already released; otherwise preserve the previous +1/-1 position.",5,"All macro, survey, positioning and revised-index inputs require vintage/release timestamps; price data require action-consistent history.",440c10ce7dbea3a37afc136abce0b04524a5f33b108c131d876ea5d8448d7c0e,"[""SRC0056"", ""SRC0057"", ""SRC0058"", ""SRC0060"", ""SRC0061"", ""SRC0062""]","[""STRAT0022""]",short history; backfilled dissemination; crisis whipsaw
FEAT0023,vix_term_structure,VIX term-structure risk state — VX1_VX2_100,"raw_ratio_t = VX1/VX2 ; ratio_t = mean(raw_ratio, 1)","[""DS002"", ""DS001"", ""DS004"", ""DS011""]",2,daily decision / source-native updates carried causally,after SPY regular-session close t and after every non-price input release_time <= close_t,source-specific release lag; decision only after release_time <= close_t,none; all rolling statistics use only observations available through close t,"Do not backfill from the future. Within source-specific staleness limits, carry forward only a value already released; otherwise preserve the previous +1/-1 position.",2,"All macro, survey, positioning and revised-index inputs require vintage/release timestamps; price data require action-consistent history.",a05af9628a7e4fb0aaca689a422e5029747c5736dc4cb9409c06565f9077caa5,"[""SRC0056"", ""SRC0057"", ""SRC0058"", ""SRC0060"", ""SRC0061"", ""SRC0062""]","[""STRAT0023""]",short history; backfilled dissemination; crisis whipsaw
FEAT0024,vix_term_structure,VIX term-structure risk state — VX1_VX2_MA5,"raw_ratio_t = VX1/VX2 ; ratio_t = mean(raw_ratio, 5)","[""DS002"", ""DS001"", ""DS004"", ""DS011""]",5,daily decision / source-native updates carried causally,after SPY regular-session close t and after every non-price input release_time <= close_t,source-specific release lag; decision only after release_time <= close_t,none; all rolling statistics use only observations available through close t,"Do not backfill from the future. Within source-specific staleness limits, carry forward only a value already released; otherwise preserve the previous +1/-1 position.",5,"All macro, survey, positioning and revised-index inputs require vintage/release timestamps; price data require action-consistent history.",94444f08dc5f1d9f84cdbc29562f52755d3912d4abd4579e31470ff48686cf59,"[""SRC0056"", ""SRC0057"", ""SRC0058"", ""SRC0060"", ""SRC0061"", ""SRC0062""]","[""STRAT0024""]",short history; backfilled dissemination; crisis whipsaw
FEAT0025,simple_rule_ensemble,Fixed equal-weight simple-rule ensemble — CORE_3,"component_strategy_ids = ['STRAT0004', 'STRAT0011', 'STRAT0019'] ; component_votes_t = exact frozen +1/-1 output of each referenced strategy at t; no refit and no substituted alias ; score_t = sum(component_votes_t) with equal weights","[""DS002"", ""DS001"", ""DS004"", ""DS009""]",378,daily decision / source-native updates carried causally,after SPY regular-session close t and after every non-price input release_time <= close_t,source-specific release lag; decision only after release_time <= close_t,none; all rolling statistics use only observations available through close t,"Do not backfill from the future. Within source-specific staleness limits, carry forward only a value already released; otherwise preserve the previous +1/-1 position.",378,"All macro, survey, positioning and revised-index inputs require vintage/release timestamps; price data require action-consistent history.",26d8f1f4b318a795d227913b88239237bcddb366b8f463e98c7440f19e68046e,"[""SRC0117"", ""SRC0119"", ""SRC0120"", ""SRC0001"", ""SRC0002"", ""SRC0003""]","[""STRAT0025""]",correlated votes; hidden effective multiplicity
FEAT0026,simple_rule_ensemble,Fixed equal-weight simple-rule ensemble — CORE_5,"component_strategy_ids = ['STRAT0004', 'STRAT0011', 'STRAT0016', 'STRAT0019', 'STRAT0086'] ; component_votes_t = exact frozen +1/-1 output of each referenced strategy at t; no refit and no substituted alias ; score_t = sum(component_votes_t) with equal weights","[""DS002"", ""DS001"", ""DS004"", ""DS009"", ""DS024""]",378,daily decision / source-native updates carried causally,after SPY regular-session close t and after every non-price input release_time <= close_t,source-specific release lag; decision only after release_time <= close_t,none; all rolling statistics use only observations available through close t,"Do not backfill from the future. Within source-specific staleness limits, carry forward only a value already released; otherwise preserve the previous +1/-1 position.",378,"All macro, survey, positioning and revised-index inputs require vintage/release timestamps; price data require action-consistent history.",0ab7874e4af87fecb80e291a3b54b3a5dc368ea1e845c3d7a1821a060555ee72,"[""SRC0117"", ""SRC0119"", ""SRC0120"", ""SRC0001"", ""SRC0002"", ""SRC0003""]","[""STRAT0026""]",correlated votes; hidden effective multiplicity
FEAT0027,simple_rule_ensemble,Fixed equal-weight simple-rule ensemble — TREND_MACRO,"component_strategy_ids = ['STRAT0004', 'STRAT0046', 'STRAT0079', 'STRAT0086'] ; component_votes_t = exact frozen +1/-1 output of each referenced strategy at t; no refit and no substituted alias ; score_t = sum(component_votes_t) with equal weights","[""DS002"", ""DS001"", ""DS024"", ""DS016"", ""DS018""]",378,daily decision / source-native updates carried causally,after SPY regular-session close t and after every non-price input release_time <= close_t,source-specific release lag; decision only after release_time <= close_t,none; all rolling statistics use only observations available through close t,"Do not backfill from the future. Within source-specific staleness limits, carry forward only a value already released; otherwise preserve the previous +1/-1 position.",378,"All macro, survey, positioning and revised-index inputs require vintage/release timestamps; price data require action-consistent history.",41f23f47a4842cf9e6dfe9e9599bd7af3bc2e2241bbbc3abd47a8b290a0eb193,"[""SRC0117"", ""SRC0119"", ""SRC0120"", ""SRC0001"", ""SRC0002"", ""SRC0003""]","[""STRAT0027""]",correlated votes; hidden effective multiplicity
FEAT0028,simple_rule_ensemble,Fixed equal-weight simple-rule ensemble — TREND_VOL,"component_strategy_ids = ['STRAT0004', 'STRAT0009', 'STRAT0068', 'STRAT0019', 'STRAT0055'] ; component_votes_t = exact frozen +1/-1 output of each referenced strategy at t; no refit and no substituted alias ; score_t = sum(component_votes_t) with equal weights","[""DS002"", ""DS001"", ""DS004"", ""DS009""]",378,daily decision / source-native updates carried causally,after SPY regular-session close t and after every non-price input release_time <= close_t,source-specific release lag; decision only after release_time <= close_t,none; all rolling statistics use only observations available through close t,"Do not backfill from the future. Within source-specific staleness limits, carry forward only a value already released; otherwise preserve the previous +1/-1 position.",378,"All macro, survey, positioning and revised-index inputs require vintage/release timestamps; price data require action-consistent history.",2fb7c2405682f8bad8b2c2b2d6b4053955b0675be45341a9cb9fa83a180e5467,"[""SRC0117"", ""SRC0119"", ""SRC0120"", ""SRC0001"", ""SRC0002"", ""SRC0003""]","[""STRAT0028""]",correlated votes; hidden effective multiplicity
FEAT0029,simple_rule_ensemble,Fixed equal-weight simple-rule ensemble — DIVERSE_7,"component_strategy_ids = ['STRAT0004', 'STRAT0011', 'STRAT0016', 'STRAT0019', 'STRAT0079', 'STRAT0086', 'STRAT0144'] ; component_votes_t = exact frozen +1/-1 output of each referenced strategy at t; no refit and no substituted alias ; score_t = sum(component_votes_t) with equal weights","[""DS002"", ""DS001"", ""DS004"", ""DS009"", ""DS024"", ""DS016"", ""DS018""]",378,daily decision / source-native updates carried causally,after SPY regular-session close t and after every non-price input release_time <= close_t,source-specific release lag; decision only after release_time <= close_t,none; all rolling statistics use only observations available through close t,"Do not backfill from the future. Within source-specific staleness limits, carry forward only a value already released; otherwise preserve the previous +1/-1 position.",378,"All macro, survey, positioning and revised-index inputs require vintage/release timestamps; price data require action-consistent history.",bdee6bea441e76f8b293a612dd4c4e1c5453ebeb65f39ec26960dac0444af1bb,"[""SRC0117"", ""SRC0119"", ""SRC0120"", ""SRC0001"", ""SRC0002"", ""SRC0003""]","[""STRAT0029""]",correlated votes; hidden effective multiplicity
FEAT0030,simple_rule_ensemble,Fixed equal-weight simple-rule ensemble — DIVERSE_9,"component_strategy_ids = ['STRAT0004', 'STRAT0041', 'STRAT0046', 'STRAT0011', 'STRAT0016', 'STRAT0019', 'STRAT0079', 'STRAT0086', 'STRAT0120'] ; component_votes_t = exact frozen +1/-1 output of each referenced strategy at t; no refit and no substituted alias ; score_t = sum(component_votes_t) with equal weights","[""DS002"", ""DS001"", ""DS004"", ""DS009"", ""DS024"", ""DS016"", ""DS018"", ""DS023"", ""DS050"", ""DS052"", ""DS051"", ""DS017""]",378,daily decision / source-native updates carried causally,after SPY regular-session close t and after every non-price input release_time <= close_t,source-specific release lag; decision only after release_time <= close_t,none; all rolling statistics use only observations available through close t,"Do not backfill from the future. Within source-specific staleness limits, carry forward only a value already released; otherwise preserve the previous +1/-1 position.",378,"All macro, survey, positioning and revised-index inputs require vintage/release timestamps; price data require action-consistent history.",2a3c599cdb7526947dfd536cc3600e337d10c3b913b3fb1061e49f3fdfa7bb39,"[""SRC0117"", ""SRC0119"", ""SRC0120"", ""SRC0001"", ""SRC0002"", ""SRC0003""]","[""STRAT0030""]",correlated votes; hidden effective multiplicity
FEAT0031,trend_ensemble,Multi-horizon trend vote — VOTE_21_63_126,"vote_h_t = sign(TR_CLOSE_t / TR_CLOSE[t-h] - 1) for h in [21, 63, 126] ; score_t = sum(vote_h_t)","[""DS002"", ""DS001""]",127,daily decision / source-native updates carried causally,after SPY regular-session close t and after every non-price input release_time <= close_t,source-specific release lag; decision only after release_time <= close_t,none; all rolling statistics use only observations available through close t,"Do not backfill from the future. Within source-specific staleness limits, carry forward only a value already released; otherwise preserve the previous +1/-1 position.",127,"All macro, survey, positioning and revised-index inputs require vintage/release timestamps; price data require action-consistent history.",ce4b12dea56a1d00a2b41c3e8ab7cddfd24ba7468d5fe7f8b73cf50782282fbe,"[""SRC0001"", ""SRC0002"", ""SRC0003"", ""SRC0020"", ""SRC0021"", ""SRC0022""]","[""STRAT0031""]",correlated horizons; rebound losses
FEAT0032,trend_ensemble,Multi-horizon trend vote — VOTE_63_126_252,"vote_h_t = sign(TR_CLOSE_t / TR_CLOSE[t-h] - 1) for h in [63, 126, 252] ; score_t = sum(vote_h_t)","[""DS002"", ""DS001""]",253,daily decision / source-native updates carried causally,after SPY regular-session close t and after every non-price input release_time <= close_t,source-specific release lag; decision only after release_time <= close_t,none; all rolling statistics use only observations available through close t,"Do not backfill from the future. Within source-specific staleness limits, carry forward only a value already released; otherwise preserve the previous +1/-1 position.",253,"All macro, survey, positioning and revised-index inputs require vintage/release timestamps; price data require action-consistent history.",b792b81d778f76bbc6ad3974d53bd127ec9215c283262320f4886fdec1294663,"[""SRC0001"", ""SRC0002"", ""SRC0003"", ""SRC0020"", ""SRC0021"", ""SRC0022""]","[""STRAT0032""]",correlated horizons; rebound losses
FEAT0033,trend_ensemble,Multi-horizon trend vote — VOTE_21_63_126_252,"vote_h_t = sign(TR_CLOSE_t / TR_CLOSE[t-h] - 1) for h in [21, 63, 126, 252] ; score_t = sum(vote_h_t)","[""DS002"", ""DS001""]",253,daily decision / source-native updates carried causally,after SPY regular-session close t and after every non-price input release_time <= close_t,source-specific release lag; decision only after release_time <= close_t,none; all rolling statistics use only observations available through close t,"Do not backfill from the future. Within source-specific staleness limits, carry forward only a value already released; otherwise preserve the previous +1/-1 position.",253,"All macro, survey, positioning and revised-index inputs require vintage/release timestamps; price data require action-consistent history.",c6b3c87f451a71b3f7f8a9590e285b93624ffd6579d5ea2dadb1f19e7dde257c,"[""SRC0001"", ""SRC0002"", ""SRC0003"", ""SRC0020"", ""SRC0021"", ""SRC0022""]","[""STRAT0033""]",correlated horizons; rebound losses
FEAT0034,trend_ensemble,Multi-horizon trend vote — VOTE_50_100_200,"vote_h_t = sign(TR_CLOSE_t / TR_CLOSE[t-h] - 1) for h in [50, 100, 200] ; score_t = sum(vote_h_t)","[""DS002"", ""DS001""]",201,daily decision / source-native updates carried causally,after SPY regular-session close t and after every non-price input release_time <= close_t,source-specific release lag; decision only after release_time <= close_t,none; all rolling statistics use only observations available through close t,"Do not backfill from the future. Within source-specific staleness limits, carry forward only a value already released; otherwise preserve the previous +1/-1 position.",201,"All macro, survey, positioning and revised-index inputs require vintage/release timestamps; price data require action-consistent history.",dd4fb09691c852e045f6f5e89a86431d4c13b12ea82afe987fd85dcc0942bc4f,"[""SRC0001"", ""SRC0002"", ""SRC0003"", ""SRC0020"", ""SRC0021"", ""SRC0022""]","[""STRAT0034""]",correlated horizons; rebound losses
FEAT0035,trend_ensemble,Multi-horizon trend vote — VOTE_42_84_168_252,"vote_h_t = sign(TR_CLOSE_t / TR_CLOSE[t-h] - 1) for h in [42, 84, 168, 252] ; score_t = sum(vote_h_t)","[""DS002"", ""DS001""]",253,daily decision / source-native updates carried causally,after SPY regular-session close t and after every non-price input release_time <= close_t,source-specific release lag; decision only after release_time <= close_t,none; all rolling statistics use only observations available through close t,"Do not backfill from the future. Within source-specific staleness limits, carry forward only a value already released; otherwise preserve the previous +1/-1 position.",253,"All macro, survey, positioning and revised-index inputs require vintage/release timestamps; price data require action-consistent history.",39e30378c54b355bd8e73388af7dbfd211b9a96081963337570895e559960acb,"[""SRC0001"", ""SRC0002"", ""SRC0003"", ""SRC0020"", ""SRC0021"", ""SRC0022""]","[""STRAT0035""]",correlated horizons; rebound losses
FEAT0036,trend_ensemble,Multi-horizon trend vote — VOTE_63_126_189_252_378,"vote_h_t = sign(TR_CLOSE_t / TR_CLOSE[t-h] - 1) for h in [63, 126, 189, 252, 378] ; score_t = sum(vote_h_t)","[""DS002"", ""DS001""]",379,daily decision / source-native updates carried causally,after SPY regular-session close t and after every non-price input release_time <= close_t,source-specific release lag; decision only after release_time <= close_t,none; all rolling statistics use only observations available through close t,"Do not backfill from the future. Within source-specific staleness limits, carry forward only a value already released; otherwise preserve the previous +1/-1 position.",379,"All macro, survey, positioning and revised-index inputs require vintage/release timestamps; price data require action-consistent history.",353ea79de00710628482fc75b578da087a94b9de173a176f25cad296608449b1,"[""SRC0001"", ""SRC0002"", ""SRC0003"", ""SRC0020"", ""SRC0021"", ""SRC0022""]","[""STRAT0036""]",correlated horizons; rebound losses
FEAT0037,dual_ma_cross,Fast/slow moving-average crossover — MA_10_50,fast_t = mean(TR_CLOSE[t-9:t]) ; slow_t = mean(TR_CLOSE[t-49:t]) ; score_t = fast_t - slow_t,"[""DS002"", ""DS001""]",50,daily decision / source-native updates carried causally,after SPY regular-session close t and after every non-price input release_time <= close_t,source-specific release lag; decision only after release_time <= close_t,none; all rolling statistics use only observations available through close t,"Do not backfill from the future. Within source-specific staleness limits, carry forward only a value already released; otherwise preserve the previous +1/-1 position.",50,"All macro, survey, positioning and revised-index inputs require vintage/release timestamps; price data require action-consistent history.",781b236cddecddfa35b86aed2569bb03f6739ffdb19c8cf8bba4f0accc3f6926,"[""SRC0001"", ""SRC0002"", ""SRC0003""]","[""STRAT0037""]",lag and whipsaw
FEAT0038,dual_ma_cross,Fast/slow moving-average crossover — MA_20_100,fast_t = mean(TR_CLOSE[t-19:t]) ; slow_t = mean(TR_CLOSE[t-99:t]) ; score_t = fast_t - slow_t,"[""DS002"", ""DS001""]",100,daily decision / source-native updates carried causally,after SPY regular-session close t and after every non-price input release_time <= close_t,source-specific release lag; decision only after release_time <= close_t,none; all rolling statistics use only observations available through close t,"Do not backfill from the future. Within source-specific staleness limits, carry forward only a value already released; otherwise preserve the previous +1/-1 position.",100,"All macro, survey, positioning and revised-index inputs require vintage/release timestamps; price data require action-consistent history.",bcabea7b0cb230bb1ce1a93f2dfcb2cce0f70a3325e9131b7e08750d33511642,"[""SRC0001"", ""SRC0002"", ""SRC0003""]","[""STRAT0038""]",lag and whipsaw
FEAT0039,dual_ma_cross,Fast/slow moving-average crossover — MA_20_200,fast_t = mean(TR_CLOSE[t-19:t]) ; slow_t = mean(TR_CLOSE[t-199:t]) ; score_t = fast_t - slow_t,"[""DS002"", ""DS001""]",200,daily decision / source-native updates carried causally,after SPY regular-session close t and after every non-price input release_time <= close_t,source-specific release lag; decision only after release_time <= close_t,none; all rolling statistics use only observations available through close t,"Do not backfill from the future. Within source-specific staleness limits, carry forward only a value already released; otherwise preserve the previous +1/-1 position.",200,"All macro, survey, positioning and revised-index inputs require vintage/release timestamps; price data require action-consistent history.",4ec4e0a62d7851c29c37671f0719e92b2d1ec04ea136ca1acd215455e65a5ad9,"[""SRC0001"", ""SRC0002"", ""SRC0003""]","[""STRAT0039""]",lag and whipsaw
FEAT0040,dual_ma_cross,Fast/slow moving-average crossover — MA_50_150,fast_t = mean(TR_CLOSE[t-49:t]) ; slow_t = mean(TR_CLOSE[t-149:t]) ; score_t = fast_t - slow_t,"[""DS002"", ""DS001""]",150,daily decision / source-native updates carried causally,after SPY regular-session close t and after every non-price input release_time <= close_t,source-specific release lag; decision only after release_time <= close_t,none; all rolling statistics use only observations available through close t,"Do not backfill from the future. Within source-specific staleness limits, carry forward only a value already released; otherwise preserve the previous +1/-1 position.",150,"All macro, survey, positioning and revised-index inputs require vintage/release timestamps; price data require action-consistent history.",01c68b7533da74c32b829702005a69173298091f78c3fae3bf5b3d9263d4ae86,"[""SRC0001"", ""SRC0002"", ""SRC0003""]","[""STRAT0040""]",lag and whipsaw
FEAT0041,dual_ma_cross,Fast/slow moving-average crossover — MA_50_200,fast_t = mean(TR_CLOSE[t-49:t]) ; slow_t = mean(TR_CLOSE[t-199:t]) ; score_t = fast_t - slow_t,"[""DS002"", ""DS001""]",200,daily decision / source-native updates carried causally,after SPY regular-session close t and after every non-price input release_time <= close_t,source-specific release lag; decision only after release_time <= close_t,none; all rolling statistics use only observations available through close t,"Do not backfill from the future. Within source-specific staleness limits, carry forward only a value already released; otherwise preserve the previous +1/-1 position.",200,"All macro, survey, positioning and revised-index inputs require vintage/release timestamps; price data require action-consistent history.",9e00ab2b055ec8e6e4496693e6ca2f6439c3f81c70fdecdee9bab25c8b043543,"[""SRC0001"", ""SRC0002"", ""SRC0003""]","[""STRAT0041""]",lag and whipsaw
FEAT0042,dual_ma_cross,Fast/slow moving-average crossover — MA_100_250,fast_t = mean(TR_CLOSE[t-99:t]) ; slow_t = mean(TR_CLOSE[t-249:t]) ; score_t = fast_t - slow_t,"[""DS002"", ""DS001""]",250,daily decision / source-native updates carried causally,after SPY regular-session close t and after every non-price input release_time <= close_t,source-specific release lag; decision only after release_time <= close_t,none; all rolling statistics use only observations available through close t,"Do not backfill from the future. Within source-specific staleness limits, carry forward only a value already released; otherwise preserve the previous +1/-1 position.",250,"All macro, survey, positioning and revised-index inputs require vintage/release timestamps; price data require action-consistent history.",3f3803e27c38fb493602db6e71acb005a607cea5707d335ae1ac2b1b0b0f338c,"[""SRC0001"", ""SRC0002"", ""SRC0003""]","[""STRAT0042""]",lag and whipsaw
FEAT0043,price_breakout,Prior-range price breakout — DONCHIAN_20,prior_high_t = max(TR_CLOSE[t-20:t-1]) ; prior_low_t = min(TR_CLOSE[t-20:t-1]),"[""DS002"", ""DS001""]",21,daily decision / source-native updates carried causally,after SPY regular-session close t and after every non-price input release_time <= close_t,source-specific release lag; decision only after release_time <= close_t,none; all rolling statistics use only observations available through close t,"Do not backfill from the future. Within source-specific staleness limits, carry forward only a value already released; otherwise preserve the previous +1/-1 position.",21,"All macro, survey, positioning and revised-index inputs require vintage/release timestamps; price data require action-consistent history.",e6debdb5922f9b7a7b950f7117b5b42a88b16f01e2a4fe18702df924c84dc350,"[""SRC0001"", ""SRC0002"", ""SRC0003""]","[""STRAT0043""]",false breakouts; sparse switches
FEAT0044,price_breakout,Prior-range price breakout — DONCHIAN_55,prior_high_t = max(TR_CLOSE[t-55:t-1]) ; prior_low_t = min(TR_CLOSE[t-55:t-1]),"[""DS002"", ""DS001""]",56,daily decision / source-native updates carried causally,after SPY regular-session close t and after every non-price input release_time <= close_t,source-specific release lag; decision only after release_time <= close_t,none; all rolling statistics use only observations available through close t,"Do not backfill from the future. Within source-specific staleness limits, carry forward only a value already released; otherwise preserve the previous +1/-1 position.",56,"All macro, survey, positioning and revised-index inputs require vintage/release timestamps; price data require action-consistent history.",0843e81b3f4df9b6ac22b0603fa9a67c156427cac936b494f23e0d5ceff808d8,"[""SRC0001"", ""SRC0002"", ""SRC0003""]","[""STRAT0044""]",false breakouts; sparse switches
FEAT0045,price_breakout,Prior-range price breakout — DONCHIAN_90,prior_high_t = max(TR_CLOSE[t-90:t-1]) ; prior_low_t = min(TR_CLOSE[t-90:t-1]),"[""DS002"", ""DS001""]",91,daily decision / source-native updates carried causally,after SPY regular-session close t and after every non-price input release_time <= close_t,source-specific release lag; decision only after release_time <= close_t,none; all rolling statistics use only observations available through close t,"Do not backfill from the future. Within source-specific staleness limits, carry forward only a value already released; otherwise preserve the previous +1/-1 position.",91,"All macro, survey, positioning and revised-index inputs require vintage/release timestamps; price data require action-consistent history.",63050a42ae954e717c405e92d518766b5eec5bfba6d9d585f0a6a0289bb9c3b5,"[""SRC0001"", ""SRC0002"", ""SRC0003""]","[""STRAT0045""]",false breakouts; sparse switches
FEAT0046,price_breakout,Prior-range price breakout — DONCHIAN_126,prior_high_t = max(TR_CLOSE[t-126:t-1]) ; prior_low_t = min(TR_CLOSE[t-126:t-1]),"[""DS002"", ""DS001""]",127,daily decision / source-native updates carried causally,after SPY regular-session close t and after every non-price input release_time <= close_t,source-specific release lag; decision only after release_time <= close_t,none; all rolling statistics use only observations available through close t,"Do not backfill from the future. Within source-specific staleness limits, carry forward only a value already released; otherwise preserve the previous +1/-1 position.",127,"All macro, survey, positioning and revised-index inputs require vintage/release timestamps; price data require action-consistent history.",dba7a3ad8301ec07784cedca0164990ffcff1a66aaaad066e587fd3c439a6f72,"[""SRC0001"", ""SRC0002"", ""SRC0003""]","[""STRAT0046""]",false breakouts; sparse switches
FEAT0047,price_breakout,Prior-range price breakout — DONCHIAN_189,prior_high_t = max(TR_CLOSE[t-189:t-1]) ; prior_low_t = min(TR_CLOSE[t-189:t-1]),"[""DS002"", ""DS001""]",190,daily decision / source-native updates carried causally,after SPY regular-session close t and after every non-price input release_time <= close_t,source-specific release lag; decision only after release_time <= close_t,none; all rolling statistics use only observations available through close t,"Do not backfill from the future. Within source-specific staleness limits, carry forward only a value already released; otherwise preserve the previous +1/-1 position.",190,"All macro, survey, positioning and revised-index inputs require vintage/release timestamps; price data require action-consistent history.",150609b5c2cab0506a2df87c3de0221bdb3ff48b9201196a14e8ef6c979b7b67,"[""SRC0001"", ""SRC0002"", ""SRC0003""]","[""STRAT0047""]",false breakouts; sparse switches
FEAT0048,price_breakout,Prior-range price breakout — DONCHIAN_252,prior_high_t = max(TR_CLOSE[t-252:t-1]) ; prior_low_t = min(TR_CLOSE[t-252:t-1]),"[""DS002"", ""DS001""]",253,daily decision / source-native updates carried causally,after SPY regular-session close t and after every non-price input release_time <= close_t,source-specific release lag; decision only after release_time <= close_t,none; all rolling statistics use only observations available through close t,"Do not backfill from the future. Within source-specific staleness limits, carry forward only a value already released; otherwise preserve the previous +1/-1 position.",253,"All macro, survey, positioning and revised-index inputs require vintage/release timestamps; price data require action-consistent history.",a4297200c66531eceb04e5e770ed94e64dda13a1692754d7db4dd5c40c200a44,"[""SRC0001"", ""SRC0002"", ""SRC0003""]","[""STRAT0048""]",false breakouts; sparse switches
FEAT0049,volume_conditioned_reversal,Volume-gated reversal — REV1_VOL20_Z1,"lag_return_t = TR_CLOSE_t / TR_CLOSE[t-1] - 1 ; volume_z_t = rolling_zscore(log(1+volume), 20) ; score_t = -sign(lag_return_t) only when volume_z_t exceeds threshold","[""DS002"", ""DS001""]",21,daily decision / source-native updates carried causally,after SPY regular-session close t and after every non-price input release_time <= close_t,source-specific release lag; decision only after release_time <= close_t,rolling z-score over 20 completed sessions,"Do not backfill from the future. Within source-specific staleness limits, carry forward only a value already released; otherwise preserve the previous +1/-1 position.",21,"All macro, survey, positioning and revised-index inputs require vintage/release timestamps; price data require action-consistent history.",10f1bc6765a7209b9b2e9c7beff006f8b58565b7ac8e91db18e50a34d78f5958,"[""SRC0037"", ""SRC0038"", ""SRC0039"", ""SRC0047"", ""SRC0050"", ""SRC0133""]","[""STRAT0049""]",volume definition changes; overnight recovery
FEAT0050,volume_conditioned_reversal,Volume-gated reversal — REV2_VOL20_Z1,"lag_return_t = TR_CLOSE_t / TR_CLOSE[t-2] - 1 ; volume_z_t = rolling_zscore(log(1+volume), 20) ; score_t = -sign(lag_return_t) only when volume_z_t exceeds threshold","[""DS002"", ""DS001""]",21,daily decision / source-native updates carried causally,after SPY regular-session close t and after every non-price input release_time <= close_t,source-specific release lag; decision only after release_time <= close_t,rolling z-score over 20 completed sessions,"Do not backfill from the future. Within source-specific staleness limits, carry forward only a value already released; otherwise preserve the previous +1/-1 position.",21,"All macro, survey, positioning and revised-index inputs require vintage/release timestamps; price data require action-consistent history.",4b00317ae4eba2d3cf4e69f717218a7ef64c86b7e8c841c3731204734da71392,"[""SRC0037"", ""SRC0038"", ""SRC0039"", ""SRC0047"", ""SRC0050"", ""SRC0133""]","[""STRAT0050""]",volume definition changes; overnight recovery
FEAT0051,volume_conditioned_reversal,Volume-gated reversal — REV5_VOL20_Z1,"lag_return_t = TR_CLOSE_t / TR_CLOSE[t-5] - 1 ; volume_z_t = rolling_zscore(log(1+volume), 20) ; score_t = -sign(lag_return_t) only when volume_z_t exceeds threshold","[""DS002"", ""DS001""]",21,daily decision / source-native updates carried causally,after SPY regular-session close t and after every non-price input release_time <= close_t,source-specific release lag; decision only after release_time <= close_t,rolling z-score over 20 completed sessions,"Do not backfill from the future. Within source-specific staleness limits, carry forward only a value already released; otherwise preserve the previous +1/-1 position.",21,"All macro, survey, positioning and revised-index inputs require vintage/release timestamps; price data require action-consistent history.",e1304ebb1152ee69ed89fce21d5d3feeca19f62c24127135df64a01f32067996,"[""SRC0037"", ""SRC0038"", ""SRC0039"", ""SRC0047"", ""SRC0050"", ""SRC0133""]","[""STRAT0051""]",volume definition changes; overnight recovery
FEAT0052,volume_conditioned_reversal,Volume-gated reversal — REV1_VOL63_Z1,"lag_return_t = TR_CLOSE_t / TR_CLOSE[t-1] - 1 ; volume_z_t = rolling_zscore(log(1+volume), 63) ; score_t = -sign(lag_return_t) only when volume_z_t exceeds threshold","[""DS002"", ""DS001""]",64,daily decision / source-native updates carried causally,after SPY regular-session close t and after every non-price input release_time <= close_t,source-specific release lag; decision only after release_time <= close_t,rolling z-score over 63 completed sessions,"Do not backfill from the future. Within source-specific staleness limits, carry forward only a value already released; otherwise preserve the previous +1/-1 position.",64,"All macro, survey, positioning and revised-index inputs require vintage/release timestamps; price data require action-consistent history.",ecd15d227d465a4dddccd22d771f80c32da82a89a679776fdbd8e750f665c2a8,"[""SRC0037"", ""SRC0038"", ""SRC0039"", ""SRC0047"", ""SRC0050"", ""SRC0133""]","[""STRAT0052""]",volume definition changes; overnight recovery
FEAT0053,volume_conditioned_reversal,Volume-gated reversal — REV5_VOL63_Z1,"lag_return_t = TR_CLOSE_t / TR_CLOSE[t-5] - 1 ; volume_z_t = rolling_zscore(log(1+volume), 63) ; score_t = -sign(lag_return_t) only when volume_z_t exceeds threshold","[""DS002"", ""DS001""]",64,daily decision / source-native updates carried causally,after SPY regular-session close t and after every non-price input release_time <= close_t,source-specific release lag; decision only after release_time <= close_t,rolling z-score over 63 completed sessions,"Do not backfill from the future. Within source-specific staleness limits, carry forward only a value already released; otherwise preserve the previous +1/-1 position.",64,"All macro, survey, positioning and revised-index inputs require vintage/release timestamps; price data require action-consistent history.",8d4adb3b0b89ad919e2149ffcdc7845af04104ae62b3fe5f75f11633e7f9ca75,"[""SRC0037"", ""SRC0038"", ""SRC0039"", ""SRC0047"", ""SRC0050"", ""SRC0133""]","[""STRAT0053""]",volume definition changes; overnight recovery
FEAT0054,volume_conditioned_reversal,Volume-gated reversal — REV10_VOL63_Z1,"lag_return_t = TR_CLOSE_t / TR_CLOSE[t-10] - 1 ; volume_z_t = rolling_zscore(log(1+volume), 63) ; score_t = -sign(lag_return_t) only when volume_z_t exceeds threshold","[""DS002"", ""DS001""]",64,daily decision / source-native updates carried causally,after SPY regular-session close t and after every non-price input release_time <= close_t,source-specific release lag; decision only after release_time <= close_t,rolling z-score over 63 completed sessions,"Do not backfill from the future. Within source-specific staleness limits, carry forward only a value already released; otherwise preserve the previous +1/-1 position.",64,"All macro, survey, positioning and revised-index inputs require vintage/release timestamps; price data require action-consistent history.",fb013a96bb4d91d39bed9576539899a19415ab478333f6d89adb1a8f4c89ee27,"[""SRC0037"", ""SRC0038"", ""SRC0039"", ""SRC0047"", ""SRC0050"", ""SRC0133""]","[""STRAT0054""]",volume definition changes; overnight recovery
FEAT0055,variance_risk_premium_proxy,Free variance-risk-premium proxy — VRP20_POS_LONG,"realized_variance_t = 252*mean(log_return^2, 20) ; vrp_proxy_t = (VIX_t/100)^2 - realized_variance_t","[""DS002"", ""DS001"", ""DS004""]",21,daily decision / source-native updates carried causally,after SPY regular-session close t and after every non-price input release_time <= close_t,source-specific release lag; decision only after release_time <= close_t,none; all rolling statistics use only observations available through close t,"Do not backfill from the future. Within source-specific staleness limits, carry forward only a value already released; otherwise preserve the previous +1/-1 position.",21,"All macro, survey, positioning and revised-index inputs require vintage/release timestamps; price data require action-consistent history.",02cc6246d3080c462fbcfd4b1eb3d5768eef0bec03d5d34e9ad41217e47bd462,"[""SRC0060"", ""SRC0061"", ""SRC0062""]","[""STRAT0055""]",proxy error; sign/decomposition ambiguity
FEAT0056,variance_risk_premium_proxy,Free variance-risk-premium proxy — VRP20_POS_SHORT,"realized_variance_t = 252*mean(log_return^2, 20) ; vrp_proxy_t = (VIX_t/100)^2 - realized_variance_t","[""DS002"", ""DS001"", ""DS004""]",21,daily decision / source-native updates carried causally,after SPY regular-session close t and after every non-price input release_time <= close_t,source-specific release lag; decision only after release_time <= close_t,none; all rolling statistics use only observations available through close t,"Do not backfill from the future. Within source-specific staleness limits, carry forward only a value already released; otherwise preserve the previous +1/-1 position.",21,"All macro, survey, positioning and revised-index inputs require vintage/release timestamps; price data require action-consistent history.",7dce59d357eb3cda58c3fdf70051d084007abe95f9c82a2aa0c0bfa23ac7c50f,"[""SRC0060"", ""SRC0061"", ""SRC0062""]","[""STRAT0056""]",proxy error; sign/decomposition ambiguity
FEAT0057,variance_risk_premium_proxy,Free variance-risk-premium proxy — VRP63_POS_LONG,"realized_variance_t = 252*mean(log_return^2, 63) ; vrp_proxy_t = (VIX_t/100)^2 - realized_variance_t","[""DS002"", ""DS001"", ""DS004""]",64,daily decision / source-native updates carried causally,after SPY regular-session close t and after every non-price input release_time <= close_t,source-specific release lag; decision only after release_time <= close_t,none; all rolling statistics use only observations available through close t,"Do not backfill from the future. Within source-specific staleness limits, carry forward only a value already released; otherwise preserve the previous +1/-1 position.",64,"All macro, survey, positioning and revised-index inputs require vintage/release timestamps; price data require action-consistent history.",bcc1a484b9bd9a7b68e9353d255b7b295919245b14a92da88a710e0bc7c37587,"[""SRC0060"", ""SRC0061"", ""SRC0062""]","[""STRAT0057""]",proxy error; sign/decomposition ambiguity
FEAT0058,variance_risk_premium_proxy,Free variance-risk-premium proxy — VRP63_POS_SHORT,"realized_variance_t = 252*mean(log_return^2, 63) ; vrp_proxy_t = (VIX_t/100)^2 - realized_variance_t","[""DS002"", ""DS001"", ""DS004""]",64,daily decision / source-native updates carried causally,after SPY regular-session close t and after every non-price input release_time <= close_t,source-specific release lag; decision only after release_time <= close_t,none; all rolling statistics use only observations available through close t,"Do not backfill from the future. Within source-specific staleness limits, carry forward only a value already released; otherwise preserve the previous +1/-1 position.",64,"All macro, survey, positioning and revised-index inputs require vintage/release timestamps; price data require action-consistent history.",9f262cbbe10a165e6fcdb3fa4eb9f9c584057a8011d02a2f2bc2f32cbd427b46,"[""SRC0060"", ""SRC0061"", ""SRC0062""]","[""STRAT0058""]",proxy error; sign/decomposition ambiguity
FEAT0059,variance_risk_premium_proxy,Free variance-risk-premium proxy — VRP126_POS_LONG,"realized_variance_t = 252*mean(log_return^2, 126) ; vrp_proxy_t = (VIX_t/100)^2 - realized_variance_t","[""DS002"", ""DS001"", ""DS004""]",127,daily decision / source-native updates carried causally,after SPY regular-session close t and after every non-price input release_time <= close_t,source-specific release lag; decision only after release_time <= close_t,none; all rolling statistics use only observations available through close t,"Do not backfill from the future. Within source-specific staleness limits, carry forward only a value already released; otherwise preserve the previous +1/-1 position.",127,"All macro, survey, positioning and revised-index inputs require vintage/release timestamps; price data require action-consistent history.",85b52aef2c079941b2b6d5bee4a70c3f9758ebec76d5bf44da17c6597e4c1c4f,"[""SRC0060"", ""SRC0061"", ""SRC0062""]","[""STRAT0059""]",proxy error; sign/decomposition ambiguity
FEAT0060,variance_risk_premium_proxy,Free variance-risk-premium proxy — VRP126_POS_SHORT,"realized_variance_t = 252*mean(log_return^2, 126) ; vrp_proxy_t = (VIX_t/100)^2 - realized_variance_t","[""DS002"", ""DS001"", ""DS004""]",127,daily decision / source-native updates carried causally,after SPY regular-session close t and after every non-price input release_time <= close_t,source-specific release lag; decision only after release_time <= close_t,none; all rolling statistics use only observations available through close t,"Do not backfill from the future. Within source-specific staleness limits, carry forward only a value already released; otherwise preserve the previous +1/-1 position.",127,"All macro, survey, positioning and revised-index inputs require vintage/release timestamps; price data require action-consistent history.",93ef632bf455cff64b95e95a4b4b04b2683e362caf75c986b180245ae9583851,"[""SRC0060"", ""SRC0061"", ""SRC0062""]","[""STRAT0060""]",proxy error; sign/decomposition ambiguity
FEAT0061,vix_extreme_reversal,VIX extreme panic reversal — VIX_PCTL_90_10,"vix_pct_t = causal_percentile_rank(VIX_t, window=252)","[""DS002"", ""DS001"", ""DS004""]",253,daily decision / source-native updates carried causally,after SPY regular-session close t and after every non-price input release_time <= close_t,source-specific release lag; decision only after release_time <= close_t,none; all rolling statistics use only observations available through close t,"Do not backfill from the future. Within source-specific staleness limits, carry forward only a value already released; otherwise preserve the previous +1/-1 position.",253,"All macro, survey, positioning and revised-index inputs require vintage/release timestamps; price data require action-consistent history.",f70b0cf79eeaa1ece5545abe3dc630760e1c08c42801f9a39e3458f48e3f6651,"[""SRC0056"", ""SRC0057"", ""SRC0058"", ""SRC0033"", ""SRC0035"", ""SRC0036""]","[""STRAT0061""]",extreme thresholds; short side weak
FEAT0062,vix_extreme_reversal,VIX extreme panic reversal — VIX_PCTL_95_05,"vix_pct_t = causal_percentile_rank(VIX_t, window=252)","[""DS002"", ""DS001"", ""DS004""]",253,daily decision / source-native updates carried causally,after SPY regular-session close t and after every non-price input release_time <= close_t,source-specific release lag; decision only after release_time <= close_t,none; all rolling statistics use only observations available through close t,"Do not backfill from the future. Within source-specific staleness limits, carry forward only a value already released; otherwise preserve the previous +1/-1 position.",253,"All macro, survey, positioning and revised-index inputs require vintage/release timestamps; price data require action-consistent history.",8f930db0576ceff31084229fbdab2e07f8c7dd86c6eb7190680c579a6d5e997e,"[""SRC0056"", ""SRC0057"", ""SRC0058"", ""SRC0033"", ""SRC0035"", ""SRC0036""]","[""STRAT0062""]",extreme thresholds; short side weak
FEAT0063,vix_extreme_reversal,VIX extreme panic reversal — VIX_PCTL_85_15,"vix_pct_t = causal_percentile_rank(VIX_t, window=126)","[""DS002"", ""DS001"", ""DS004""]",127,daily decision / source-native updates carried causally,after SPY regular-session close t and after every non-price input release_time <= close_t,source-specific release lag; decision only after release_time <= close_t,none; all rolling statistics use only observations available through close t,"Do not backfill from the future. Within source-specific staleness limits, carry forward only a value already released; otherwise preserve the previous +1/-1 position.",127,"All macro, survey, positioning and revised-index inputs require vintage/release timestamps; price data require action-consistent history.",f1358253d5fc12036e28e783eb8daa73e1c90882a99a1e0968c07056060e79bb,"[""SRC0056"", ""SRC0057"", ""SRC0058"", ""SRC0033"", ""SRC0035"", ""SRC0036""]","[""STRAT0063""]",extreme thresholds; short side weak
FEAT0064,vix_extreme_reversal,VIX extreme panic reversal — VIX_Z_20_2,"vix_z_t = rolling_zscore(log(VIX), 20)","[""DS002"", ""DS001"", ""DS004""]",21,daily decision / source-native updates carried causally,after SPY regular-session close t and after every non-price input release_time <= close_t,source-specific release lag; decision only after release_time <= close_t,none; all rolling statistics use only observations available through close t,"Do not backfill from the future. Within source-specific staleness limits, carry forward only a value already released; otherwise preserve the previous +1/-1 position.",21,"All macro, survey, positioning and revised-index inputs require vintage/release timestamps; price data require action-consistent history.",6f2156df675093f3645d1ec96f38ce32621ec6d43998993ba9e9c1f513fb052b,"[""SRC0056"", ""SRC0057"", ""SRC0058"", ""SRC0033"", ""SRC0035"", ""SRC0036""]","[""STRAT0064""]",extreme thresholds; short side weak
FEAT0065,vix_extreme_reversal,VIX extreme panic reversal — VIX_Z_63_2,"vix_z_t = rolling_zscore(log(VIX), 63)","[""DS002"", ""DS001"", ""DS004""]",64,daily decision / source-native updates carried causally,after SPY regular-session close t and after every non-price input release_time <= close_t,source-specific release lag; decision only after release_time <= close_t,none; all rolling statistics use only observations available through close t,"Do not backfill from the future. Within source-specific staleness limits, carry forward only a value already released; otherwise preserve the previous +1/-1 position.",64,"All macro, survey, positioning and revised-index inputs require vintage/release timestamps; price data require action-consistent history.",bfd48194167854be9b9029e9a12749f12fe37f9f7e0b0be3d5a48441a1329061,"[""SRC0056"", ""SRC0057"", ""SRC0058"", ""SRC0033"", ""SRC0035"", ""SRC0036""]","[""STRAT0065""]",extreme thresholds; short side weak
FEAT0066,vix_extreme_reversal,VIX extreme panic reversal — VIX_Z_252_15,"vix_z_t = rolling_zscore(log(VIX), 252)","[""DS002"", ""DS001"", ""DS004""]",253,daily decision / source-native updates carried causally,after SPY regular-session close t and after every non-price input release_time <= close_t,source-specific release lag; decision only after release_time <= close_t,none; all rolling statistics use only observations available through close t,"Do not backfill from the future. Within source-specific staleness limits, carry forward only a value already released; otherwise preserve the previous +1/-1 position.",253,"All macro, survey, positioning and revised-index inputs require vintage/release timestamps; price data require action-consistent history.",2c4da1964273e47316de0d26cdae237a50a6e314348db11254347d6ed0257199,"[""SRC0056"", ""SRC0057"", ""SRC0058"", ""SRC0033"", ""SRC0035"", ""SRC0036""]","[""STRAT0066""]",extreme thresholds; short side weak
FEAT0067,vix_level_change,VIX level/change continuation — VIX_CHG_1,vix_change_t = log(VIX_t / VIX[t-1]) ; score_t = -vix_change_t,"[""DS002"", ""DS001"", ""DS004""]",2,daily decision / source-native updates carried causally,after SPY regular-session close t and after every non-price input release_time <= close_t,source-specific release lag; decision only after release_time <= close_t,none; all rolling statistics use only observations available through close t,"Do not backfill from the future. Within source-specific staleness limits, carry forward only a value already released; otherwise preserve the previous +1/-1 position.",2,"All macro, survey, positioning and revised-index inputs require vintage/release timestamps; price data require action-consistent history.",c42af3f4a065819217cca31818559694e2767baf34fe229fa60df6f1fcc56d9b,"[""SRC0056"", ""SRC0057"", ""SRC0058""]","[""STRAT0067""]",contemporaneous versus predictive confusion
FEAT0068,vix_level_change,VIX level/change continuation — VIX_CHG_5,vix_change_t = log(VIX_t / VIX[t-5]) ; score_t = -vix_change_t,"[""DS002"", ""DS001"", ""DS004""]",6,daily decision / source-native updates carried causally,after SPY regular-session close t and after every non-price input release_time <= close_t,source-specific release lag; decision only after release_time <= close_t,none; all rolling statistics use only observations available through close t,"Do not backfill from the future. Within source-specific staleness limits, carry forward only a value already released; otherwise preserve the previous +1/-1 position.",6,"All macro, survey, positioning and revised-index inputs require vintage/release timestamps; price data require action-consistent history.",8955102a5c8eda42a9f5ab8c14fa0e500455a8ef65146dad4bded9d1d826c0d6,"[""SRC0056"", ""SRC0057"", ""SRC0058""]","[""STRAT0068""]",contemporaneous versus predictive confusion
FEAT0069,vix_level_change,VIX level/change continuation — VIX_CHG_10,vix_change_t = log(VIX_t / VIX[t-10]) ; score_t = -vix_change_t,"[""DS002"", ""DS001"", ""DS004""]",11,daily decision / source-native updates carried causally,after SPY regular-session close t and after every non-price input release_time <= close_t,source-specific release lag; decision only after release_time <= close_t,none; all rolling statistics use only observations available through close t,"Do not backfill from the future. Within source-specific staleness limits, carry forward only a value already released; otherwise preserve the previous +1/-1 position.",11,"All macro, survey, positioning and revised-index inputs require vintage/release timestamps; price data require action-consistent history.",5593d8a627bceac1892eff87290966e88e337378be2fc116e79659d1a5fecd64,"[""SRC0056"", ""SRC0057"", ""SRC0058""]","[""STRAT0069""]",contemporaneous versus predictive confusion
FEAT0070,vix_level_change,VIX level/change continuation — VIX_Z_20_05,"vix_z_t = rolling_zscore(log(VIX), 20) ; score_t = -vix_z_t","[""DS002"", ""DS001"", ""DS004""]",21,daily decision / source-native updates carried causally,after SPY regular-session close t and after every non-price input release_time <= close_t,source-specific release lag; decision only after release_time <= close_t,rolling z-score over 20 observations,"Do not backfill from the future. Within source-specific staleness limits, carry forward only a value already released; otherwise preserve the previous +1/-1 position.",21,"All macro, survey, positioning and revised-index inputs require vintage/release timestamps; price data require action-consistent history.",433cd7c13b33b6c430d15fc153994586c5d6d8917c82cade1a6fdd21515061e1,"[""SRC0056"", ""SRC0057"", ""SRC0058""]","[""STRAT0070""]",contemporaneous versus predictive confusion
FEAT0071,vix_level_change,VIX level/change continuation — VIX_Z_63_10,"vix_z_t = rolling_zscore(log(VIX), 63) ; score_t = -vix_z_t","[""DS002"", ""DS001"", ""DS004""]",64,daily decision / source-native updates carried causally,after SPY regular-session close t and after every non-price input release_time <= close_t,source-specific release lag; decision only after release_time <= close_t,rolling z-score over 63 observations,"Do not backfill from the future. Within source-specific staleness limits, carry forward only a value already released; otherwise preserve the previous +1/-1 position.",64,"All macro, survey, positioning and revised-index inputs require vintage/release timestamps; price data require action-consistent history.",aa1e1483f23fc22b78986bb405d3bb992b937f5cecd8dc46cbee3e17e7bb4455,"[""SRC0056"", ""SRC0057"", ""SRC0058""]","[""STRAT0071""]",contemporaneous versus predictive confusion
FEAT0072,vix_level_change,VIX level/change continuation — VIX_MA_20,vix_ma_t = mean(VIX[t-19:t]) ; score_t = vix_ma_t - VIX_t,"[""DS002"", ""DS001"", ""DS004""]",20,daily decision / source-native updates carried causally,after SPY regular-session close t and after every non-price input release_time <= close_t,source-specific release lag; decision only after release_time <= close_t,none; all rolling statistics use only observations available through close t,"Do not backfill from the future. Within source-specific staleness limits, carry forward only a value already released; otherwise preserve the previous +1/-1 position.",20,"All macro, survey, positioning and revised-index inputs require vintage/release timestamps; price data require action-consistent history.",bb4542a47b352240c7f0e2a9ee5acaa148ccf9510bbf548854ebfea05613dfe7,"[""SRC0056"", ""SRC0057"", ""SRC0058""]","[""STRAT0072""]",contemporaneous versus predictive confusion
FEAT0073,realized_volatility_state,Realized-volatility shock state — RV20_Z1_CONT,"rv_t = sqrt(252)*std(log_return, 20) ; rv_z_t = expanding_zscore(rv_t, minimum=252) ; day_sign_t = sign(log_return_t) ; score_t = day_sign_t * 1 when rv_z_t > 1.0; otherwise previous position","[""DS002"", ""DS001""]",253,daily decision / source-native updates carried causally,after SPY regular-session close t and after every non-price input release_time <= close_t,source-specific release lag; decision only after release_time <= close_t,expanding z-score through t only,"Do not backfill from the future. Within source-specific staleness limits, carry forward only a value already released; otherwise preserve the previous +1/-1 position.",253,"All macro, survey, positioning and revised-index inputs require vintage/release timestamps; price data require action-consistent history.",b95cdd0767ec7c09e363747bd7811833ce3f8a9e0824924bd7d8073fcf14d02e,"[""SRC0051"", ""SRC0052"", ""SRC0053""]","[""STRAT0073""]",volatility alone has ambiguous directional sign
FEAT0074,realized_volatility_state,Realized-volatility shock state — RV63_Z1_CONT,"rv_t = sqrt(252)*std(log_return, 63) ; rv_z_t = expanding_zscore(rv_t, minimum=252) ; day_sign_t = sign(log_return_t) ; score_t = day_sign_t * 1 when rv_z_t > 1.0; otherwise previous position","[""DS002"", ""DS001""]",253,daily decision / source-native updates carried causally,after SPY regular-session close t and after every non-price input release_time <= close_t,source-specific release lag; decision only after release_time <= close_t,expanding z-score through t only,"Do not backfill from the future. Within source-specific staleness limits, carry forward only a value already released; otherwise preserve the previous +1/-1 position.",253,"All macro, survey, positioning and revised-index inputs require vintage/release timestamps; price data require action-consistent history.",6eb6c2980de5ee9b0c26149b4cdc898b75606d0b12d169ddbfe79f5d18209f3b,"[""SRC0051"", ""SRC0052"", ""SRC0053""]","[""STRAT0074""]",volatility alone has ambiguous directional sign
FEAT0075,realized_volatility_state,Realized-volatility shock state — RV126_Z1_CONT,"rv_t = sqrt(252)*std(log_return, 126) ; rv_z_t = expanding_zscore(rv_t, minimum=252) ; day_sign_t = sign(log_return_t) ; score_t = day_sign_t * 1 when rv_z_t > 1.0; otherwise previous position","[""DS002"", ""DS001""]",253,daily decision / source-native updates carried causally,after SPY regular-session close t and after every non-price input release_time <= close_t,source-specific release lag; decision only after release_time <= close_t,expanding z-score through t only,"Do not backfill from the future. Within source-specific staleness limits, carry forward only a value already released; otherwise preserve the previous +1/-1 position.",253,"All macro, survey, positioning and revised-index inputs require vintage/release timestamps; price data require action-consistent history.",b0501fe794575e985a4401a9ec5604f7ae4a2dbb5ecc2c955ebd6fae616064ee,"[""SRC0051"", ""SRC0052"", ""SRC0053""]","[""STRAT0075""]",volatility alone has ambiguous directional sign
FEAT0076,realized_volatility_state,Realized-volatility shock state — RV20_Z1_REV,"rv_t = sqrt(252)*std(log_return, 20) ; rv_z_t = expanding_zscore(rv_t, minimum=252) ; day_sign_t = sign(log_return_t) ; score_t = day_sign_t * -1 when rv_z_t > 1.0; otherwise previous position","[""DS002"", ""DS001""]",253,daily decision / source-native updates carried causally,after SPY regular-session close t and after every non-price input release_time <= close_t,source-specific release lag; decision only after release_time <= close_t,expanding z-score through t only,"Do not backfill from the future. Within source-specific staleness limits, carry forward only a value already released; otherwise preserve the previous +1/-1 position.",253,"All macro, survey, positioning and revised-index inputs require vintage/release timestamps; price data require action-consistent history.",2b538611010adcef032d8c872751737d9ba1b45453c5561813babdd62998906d,"[""SRC0051"", ""SRC0052"", ""SRC0053""]","[""STRAT0076""]",volatility alone has ambiguous directional sign
FEAT0077,realized_volatility_state,Realized-volatility shock state — RV63_Z1_REV,"rv_t = sqrt(252)*std(log_return, 63) ; rv_z_t = expanding_zscore(rv_t, minimum=252) ; day_sign_t = sign(log_return_t) ; score_t = day_sign_t * -1 when rv_z_t > 1.0; otherwise previous position","[""DS002"", ""DS001""]",253,daily decision / source-native updates carried causally,after SPY regular-session close t and after every non-price input release_time <= close_t,source-specific release lag; decision only after release_time <= close_t,expanding z-score through t only,"Do not backfill from the future. Within source-specific staleness limits, carry forward only a value already released; otherwise preserve the previous +1/-1 position.",253,"All macro, survey, positioning and revised-index inputs require vintage/release timestamps; price data require action-consistent history.",afd3b2207a28b3183eeb1455ff83d7498bcb2192dbee69a87439414a0f5b9fe9,"[""SRC0051"", ""SRC0052"", ""SRC0053""]","[""STRAT0077""]",volatility alone has ambiguous directional sign
FEAT0078,realized_volatility_state,Realized-volatility shock state — RV126_Z1_REV,"rv_t = sqrt(252)*std(log_return, 126) ; rv_z_t = expanding_zscore(rv_t, minimum=252) ; day_sign_t = sign(log_return_t) ; score_t = day_sign_t * -1 when rv_z_t > 1.0; otherwise previous position","[""DS002"", ""DS001""]",253,daily decision / source-native updates carried causally,after SPY regular-session close t and after every non-price input release_time <= close_t,source-specific release lag; decision only after release_time <= close_t,expanding z-score through t only,"Do not backfill from the future. Within source-specific staleness limits, carry forward only a value already released; otherwise preserve the previous +1/-1 position.",253,"All macro, survey, positioning and revised-index inputs require vintage/release timestamps; price data require action-consistent history.",850e2f35c3e2f91e6556948418b26c53cee3580befa42095ce0facc1763ef8ba,"[""SRC0051"", ""SRC0052"", ""SRC0053""]","[""STRAT0078""]",volatility alone has ambiguous directional sign
FEAT0079,yield_curve_regime,Yield-curve regime — T10Y3M_ZERO,spread_t = 10y-3m ; score_t = spread_t-0.0,"[""DS002"", ""DS001"", ""DS016"", ""DS018""]",1,daily decision / source-native updates carried causally,"after the relevant Treasury series observation has been published; if after SPY close, earliest use is next session close",source-specific release lag; decision only after release_time <= close_t,none; all rolling statistics use only observations available through close t,"Do not backfill from the future. Within source-specific staleness limits, carry forward only a value already released; otherwise preserve the previous +1/-1 position.",1,"All macro, survey, positioning and revised-index inputs require vintage/release timestamps; price data require action-consistent history.",d761fb73576a92de87b7f92871027144fa4a14b3ef5a33412870c724e38c501f,"[""SRC0101"", ""SRC0102"", ""SRC0103""]","[""STRAT0079""]",long lead; zero-lower-bound regime change
FEAT0080,yield_curve_regime,Yield-curve regime — T10Y2Y_ZERO,spread_t = 10y-2y ; score_t = spread_t-0.0,"[""DS002"", ""DS001"", ""DS016"", ""DS017""]",1,daily decision / source-native updates carried causally,"after the relevant Treasury series observation has been published; if after SPY close, earliest use is next session close",source-specific release lag; decision only after release_time <= close_t,none; all rolling statistics use only observations available through close t,"Do not backfill from the future. Within source-specific staleness limits, carry forward only a value already released; otherwise preserve the previous +1/-1 position.",1,"All macro, survey, positioning and revised-index inputs require vintage/release timestamps; price data require action-consistent history.",03c5306eb52a748fb0cb0df12872d948f13436b957a5355c0dcc0ef91e72f4ff,"[""SRC0101"", ""SRC0102"", ""SRC0103""]","[""STRAT0080""]",long lead; zero-lower-bound regime change
FEAT0081,yield_curve_regime,Yield-curve regime — T10Y3M_050,spread_t = 10y-3m ; score_t = spread_t-0.5,"[""DS002"", ""DS001"", ""DS016"", ""DS018""]",1,daily decision / source-native updates carried causally,"after the relevant Treasury series observation has been published; if after SPY close, earliest use is next session close",source-specific release lag; decision only after release_time <= close_t,none; all rolling statistics use only observations available through close t,"Do not backfill from the future. Within source-specific staleness limits, carry forward only a value already released; otherwise preserve the previous +1/-1 position.",1,"All macro, survey, positioning and revised-index inputs require vintage/release timestamps; price data require action-consistent history.",498b18e67fb2a7274bab2304f5350d355a5c5d9e818dbcff695f140777909f9d,"[""SRC0101"", ""SRC0102"", ""SRC0103""]","[""STRAT0081""]",long lead; zero-lower-bound regime change
FEAT0082,yield_curve_regime,Yield-curve regime — T10Y2Y_050,spread_t = 10y-2y ; score_t = spread_t-0.5,"[""DS002"", ""DS001"", ""DS016"", ""DS017""]",1,daily decision / source-native updates carried causally,"after the relevant Treasury series observation has been published; if after SPY close, earliest use is next session close",source-specific release lag; decision only after release_time <= close_t,none; all rolling statistics use only observations available through close t,"Do not backfill from the future. Within source-specific staleness limits, carry forward only a value already released; otherwise preserve the previous +1/-1 position.",1,"All macro, survey, positioning and revised-index inputs require vintage/release timestamps; price data require action-consistent history.",df7bc83667f149299620a36b79777d03ab6211423047009717a7b0ff9ffc6bbe,"[""SRC0101"", ""SRC0102"", ""SRC0103""]","[""STRAT0082""]",long lead; zero-lower-bound regime change
FEAT0083,yield_curve_regime,Yield-curve regime — CURVE_SLOPE_CHANGE20,spread_t = 10y-3m ; score_t = spread_t-spread[t-20],"[""DS002"", ""DS001"", ""DS016"", ""DS018""]",21,daily decision / source-native updates carried causally,"after the relevant Treasury series observation has been published; if after SPY close, earliest use is next session close",source-specific release lag; decision only after release_time <= close_t,none; all rolling statistics use only observations available through close t,"Do not backfill from the future. Within source-specific staleness limits, carry forward only a value already released; otherwise preserve the previous +1/-1 position.",21,"All macro, survey, positioning and revised-index inputs require vintage/release timestamps; price data require action-consistent history.",89a4a13a79d18447c35c373e8ebd9ff69ac0e81cc98c08ab1b146676c042378e,"[""SRC0101"", ""SRC0102"", ""SRC0103""]","[""STRAT0083""]",long lead; zero-lower-bound regime change
FEAT0084,yield_curve_regime,Yield-curve regime — CURVE_VOTE,s1_t = DGS10_t-DGS3MO_t ; s2_t = DGS10_t-DGS2_t ; score_t = sign(s1_t)+sign(s2_t),"[""DS002"", ""DS001"", ""DS016"", ""DS018"", ""DS017""]",1,daily decision / source-native updates carried causally,"after the relevant Treasury series observation has been published; if after SPY close, earliest use is next session close",source-specific release lag; decision only after release_time <= close_t,none; all rolling statistics use only observations available through close t,"Do not backfill from the future. Within source-specific staleness limits, carry forward only a value already released; otherwise preserve the previous +1/-1 position.",1,"All macro, survey, positioning and revised-index inputs require vintage/release timestamps; price data require action-consistent history.",e5bbb0fb258aef71f6d499c0e43ae7ed02ac92d8c479c782d7dfeb648b8e6588,"[""SRC0101"", ""SRC0102"", ""SRC0103""]","[""STRAT0084""]",long lead; zero-lower-bound regime change
FEAT0085,credit_spread_regime,Credit-spread widening/tightening — HY_OAS_CHG5,credit_t = causal_series(HY_OAS) ; score_t = -(credit_t-credit[t-5]),"[""DS002"", ""DS001"", ""DS024""]",6,daily decision / source-native updates carried causally,after provider/FRED publication timestamp; never backdate to observation date,source-specific release lag; decision only after release_time <= close_t,none; all rolling statistics use only observations available through close t,"Do not backfill from the future. Within source-specific staleness limits, carry forward only a value already released; otherwise preserve the previous +1/-1 position.",6,"All macro, survey, positioning and revised-index inputs require vintage/release timestamps; price data require action-consistent history.",76f3e8d4d1ae5fe181ed6ab13486ba79f7154d254f1f333ab1cbe9c6f038e9f3,"[""SRC0137"", ""SRC0138"", ""SRC0139""]","[""STRAT0085""]",late signals; provider revisions
FEAT0086,credit_spread_regime,Credit-spread widening/tightening — HY_OAS_CHG20,credit_t = causal_series(HY_OAS) ; score_t = -(credit_t-credit[t-20]),"[""DS002"", ""DS001"", ""DS024""]",21,daily decision / source-native updates carried causally,after provider/FRED publication timestamp; never backdate to observation date,source-specific release lag; decision only after release_time <= close_t,none; all rolling statistics use only observations available through close t,"Do not backfill from the future. Within source-specific staleness limits, carry forward only a value already released; otherwise preserve the previous +1/-1 position.",21,"All macro, survey, positioning and revised-index inputs require vintage/release timestamps; price data require action-consistent history.",5a51772b35d573ce8ad19e50b0576e9d3c0dde73dedb8969131f48e474b861a1,"[""SRC0137"", ""SRC0138"", ""SRC0139""]","[""STRAT0086""]",late signals; provider revisions
FEAT0087,credit_spread_regime,Credit-spread widening/tightening — HY_OAS_CHG63,credit_t = causal_series(HY_OAS) ; score_t = -(credit_t-credit[t-63]),"[""DS002"", ""DS001"", ""DS024""]",64,daily decision / source-native updates carried causally,after provider/FRED publication timestamp; never backdate to observation date,source-specific release lag; decision only after release_time <= close_t,none; all rolling statistics use only observations available through close t,"Do not backfill from the future. Within source-specific staleness limits, carry forward only a value already released; otherwise preserve the previous +1/-1 position.",64,"All macro, survey, positioning and revised-index inputs require vintage/release timestamps; price data require action-consistent history.",d35099a74822308591e0ab40e5defa1a982fb280261ae641c6359f6ea77c5783,"[""SRC0137"", ""SRC0138"", ""SRC0139""]","[""STRAT0087""]",late signals; provider revisions
FEAT0088,credit_spread_regime,Credit-spread widening/tightening — IG_OAS_CHG20,credit_t = causal_series(IG_OAS) ; score_t = -(credit_t-credit[t-20]),"[""DS002"", ""DS001"", ""DS023""]",21,daily decision / source-native updates carried causally,after provider/FRED publication timestamp; never backdate to observation date,source-specific release lag; decision only after release_time <= close_t,none; all rolling statistics use only observations available through close t,"Do not backfill from the future. Within source-specific staleness limits, carry forward only a value already released; otherwise preserve the previous +1/-1 position.",21,"All macro, survey, positioning and revised-index inputs require vintage/release timestamps; price data require action-consistent history.",e4765f08f1397dda3cd6147dbfed832b43d31e26271b56a0d0000aa0b4ebf9eb,"[""SRC0137"", ""SRC0138"", ""SRC0139""]","[""STRAT0088""]",late signals; provider revisions
FEAT0089,credit_spread_regime,Credit-spread widening/tightening — BAA10Y_CHG3M,credit_t = causal_series(BAA10Y) ; score_t = -(credit_t-credit[t-63]),"[""DS002"", ""DS001"", ""DS022""]",64,daily decision / source-native updates carried causally,after provider/FRED publication timestamp; never backdate to observation date,source-specific release lag; decision only after release_time <= close_t,none; all rolling statistics use only observations available through close t,"Do not backfill from the future. Within source-specific staleness limits, carry forward only a value already released; otherwise preserve the previous +1/-1 position.",64,"All macro, survey, positioning and revised-index inputs require vintage/release timestamps; price data require action-consistent history.",df249798e3bcc33b817d22a11e61857dfa9dc8866fdbb9851ed778792576210b,"[""SRC0137"", ""SRC0138"", ""SRC0139""]","[""STRAT0089""]",late signals; provider revisions
FEAT0090,credit_spread_regime,Credit-spread widening/tightening — CREDIT_VOTE,credit_t = causal_series(HY_IG_BAA) ; score_t = -(credit_t-credit[t-20]),"[""DS002"", ""DS001"", ""DS024"", ""DS023"", ""DS022""]",21,daily decision / source-native updates carried causally,after provider/FRED publication timestamp; never backdate to observation date,source-specific release lag; decision only after release_time <= close_t,none; all rolling statistics use only observations available through close t,"Do not backfill from the future. Within source-specific staleness limits, carry forward only a value already released; otherwise preserve the previous +1/-1 position.",21,"All macro, survey, positioning and revised-index inputs require vintage/release timestamps; price data require action-consistent history.",ffce283cd8100d3c9fb1aac47b78e986bbf22b25ffb7b2f9e865d5513c39054a,"[""SRC0137"", ""SRC0138"", ""SRC0139""]","[""STRAT0090""]",late signals; provider revisions
FEAT0091,financial_conditions_regime,Financial-conditions state — NFCI_LEVEL,fci_t = causal_series(NFCI) ; score_t = -fci_t,"[""DS002"", ""DS001"", ""DS025""]",253,daily decision / source-native updates carried causally,after official release; weekly indexes are held constant only after their publication timestamp,source-specific release lag; decision only after release_time <= close_t,none; all rolling statistics use only observations available through close t,"Do not backfill from the future. Within source-specific staleness limits, carry forward only a value already released; otherwise preserve the previous +1/-1 position.",253,"All macro, survey, positioning and revised-index inputs require vintage/release timestamps; price data require action-consistent history.",6dc72da9c7866bc9a35673d601e9b42a341e6512ebdb9852aba52d55dba2fb8e,"[""SRC0137"", ""SRC0138"", ""SRC0139""]","[""STRAT0091""]",historical revisions; composite opacity
FEAT0092,financial_conditions_regime,Financial-conditions state — NFCI_CHG4W,fci_t = causal_series(NFCI) ; score_t = -(fci_t-fci[t-4]),"[""DS002"", ""DS001"", ""DS025""]",5,daily decision / source-native updates carried causally,after official release; weekly indexes are held constant only after their publication timestamp,source-specific release lag; decision only after release_time <= close_t,none; all rolling statistics use only observations available through close t,"Do not backfill from the future. Within source-specific staleness limits, carry forward only a value already released; otherwise preserve the previous +1/-1 position.",5,"All macro, survey, positioning and revised-index inputs require vintage/release timestamps; price data require action-consistent history.",42bc5dad7ffff9507faef78fc5a2249795520c337b215603299b1dc4fd0e5e00,"[""SRC0137"", ""SRC0138"", ""SRC0139""]","[""STRAT0092""]",historical revisions; composite opacity
FEAT0093,financial_conditions_regime,Financial-conditions state — ANFCI_LEVEL,fci_t = causal_series(ANFCI) ; score_t = -fci_t,"[""DS002"", ""DS001"", ""DS026""]",253,daily decision / source-native updates carried causally,after official release; weekly indexes are held constant only after their publication timestamp,source-specific release lag; decision only after release_time <= close_t,none; all rolling statistics use only observations available through close t,"Do not backfill from the future. Within source-specific staleness limits, carry forward only a value already released; otherwise preserve the previous +1/-1 position.",253,"All macro, survey, positioning and revised-index inputs require vintage/release timestamps; price data require action-consistent history.",c76612bae686343f8541def1e249bb7a755a7f9c6a6ffc1d9755ddae7d713ba3,"[""SRC0137"", ""SRC0138"", ""SRC0139""]","[""STRAT0093""]",historical revisions; composite opacity
FEAT0094,financial_conditions_regime,Financial-conditions state — OFR_FSI_LEVEL,fci_t = causal_series(OFR_FSI) ; score_t = -fci_t,"[""DS002"", ""DS001"", ""DS028""]",253,daily decision / source-native updates carried causally,after official release; weekly indexes are held constant only after their publication timestamp,source-specific release lag; decision only after release_time <= close_t,none; all rolling statistics use only observations available through close t,"Do not backfill from the future. Within source-specific staleness limits, carry forward only a value already released; otherwise preserve the previous +1/-1 position.",253,"All macro, survey, positioning and revised-index inputs require vintage/release timestamps; price data require action-consistent history.",b9cb8e414066c4fa1b1404f78628d17a134f5162556c5b20944a3b10d343d61e,"[""SRC0137"", ""SRC0138"", ""SRC0139""]","[""STRAT0094""]",historical revisions; composite opacity
FEAT0095,financial_conditions_regime,Financial-conditions state — OFR_FSI_CHG20,fci_t = causal_series(OFR_FSI) ; score_t = -(fci_t-fci[t-20]),"[""DS002"", ""DS001"", ""DS028""]",21,daily decision / source-native updates carried causally,after official release; weekly indexes are held constant only after their publication timestamp,source-specific release lag; decision only after release_time <= close_t,none; all rolling statistics use only observations available through close t,"Do not backfill from the future. Within source-specific staleness limits, carry forward only a value already released; otherwise preserve the previous +1/-1 position.",21,"All macro, survey, positioning and revised-index inputs require vintage/release timestamps; price data require action-consistent history.",ad3c862bcec8fd8036286f8438da744f57f1cec0b5e2f25cc6e2df84a697ae0a,"[""SRC0137"", ""SRC0138"", ""SRC0139""]","[""STRAT0095""]",historical revisions; composite opacity
FEAT0096,financial_conditions_regime,Financial-conditions state — FCI_VOTE,"score_t = -sum(sign(NFCI_t), sign(ANFCI_t), sign(OFR_FSI_t))","[""DS002"", ""DS001""]",253,daily decision / source-native updates carried causally,after official release; weekly indexes are held constant only after their publication timestamp,source-specific release lag; decision only after release_time <= close_t,none; all rolling statistics use only observations available through close t,"Do not backfill from the future. Within source-specific staleness limits, carry forward only a value already released; otherwise preserve the previous +1/-1 position.",253,"All macro, survey, positioning and revised-index inputs require vintage/release timestamps; price data require action-consistent history.",385beb71f4a215563a460e3d84a7aaf4fad02d2135e1d3810f28f844b023933f,"[""SRC0137"", ""SRC0138"", ""SRC0139""]","[""STRAT0096""]",historical revisions; composite opacity
FEAT0097,correlation_dispersion_proxy,Sector correlation/dispersion proxy — SECTOR_CORR_20,"corr_t = mean_pairwise_correlation(sector_total_returns, 20) ; disp_t = cross_sectional_std(sector_total_returns, 20) ; market_trend_t = sign(SPY_TR_CLOSE_t / SPY_TR_CLOSE[t-20] - 1) ; score_t = market_trend_t if corr_t below its expanding median else -1 when market_trend_t < 0 and +1 otherwise","[""DS002"", ""DS001"", ""DS056""]",253,daily decision / source-native updates carried causally,after SPY regular-session close t and after every non-price input release_time <= close_t,source-specific release lag; decision only after release_time <= close_t,expanding median/z-score through t only,"Do not backfill from the future. Within source-specific staleness limits, carry forward only a value already released; otherwise preserve the previous +1/-1 position.",253,"All macro, survey, positioning and revised-index inputs require vintage/release timestamps; price data require action-consistent history.",a98e23f8072061af95321da161daeb63fef76b3c62e5fb4fe1f827b5d7616168,"[""SRC0085"", ""SRC0086""]","[""STRAT0097""]",ETF inception; proxy not S&P point-in-time constituents
FEAT0098,correlation_dispersion_proxy,Sector correlation/dispersion proxy — SECTOR_CORR_63,"corr_t = mean_pairwise_correlation(sector_total_returns, 63) ; disp_t = cross_sectional_std(sector_total_returns, 20) ; market_trend_t = sign(SPY_TR_CLOSE_t / SPY_TR_CLOSE[t-20] - 1) ; score_t = market_trend_t if corr_t below its expanding median else -1 when market_trend_t < 0 and +1 otherwise","[""DS002"", ""DS001"", ""DS056""]",253,daily decision / source-native updates carried causally,after SPY regular-session close t and after every non-price input release_time <= close_t,source-specific release lag; decision only after release_time <= close_t,expanding median/z-score through t only,"Do not backfill from the future. Within source-specific staleness limits, carry forward only a value already released; otherwise preserve the previous +1/-1 position.",253,"All macro, survey, positioning and revised-index inputs require vintage/release timestamps; price data require action-consistent history.",8a9232705b7147472ac1ff44965167fe1b05967d12191b5ea210d29b2c36d19f,"[""SRC0085"", ""SRC0086""]","[""STRAT0098""]",ETF inception; proxy not S&P point-in-time constituents
FEAT0099,correlation_dispersion_proxy,Sector correlation/dispersion proxy — SECTOR_CORR_126,"corr_t = mean_pairwise_correlation(sector_total_returns, 126) ; disp_t = cross_sectional_std(sector_total_returns, 20) ; market_trend_t = sign(SPY_TR_CLOSE_t / SPY_TR_CLOSE[t-20] - 1) ; score_t = market_trend_t if corr_t below its expanding median else -1 when market_trend_t < 0 and +1 otherwise","[""DS002"", ""DS001"", ""DS056""]",253,daily decision / source-native updates carried causally,after SPY regular-session close t and after every non-price input release_time <= close_t,source-specific release lag; decision only after release_time <= close_t,expanding median/z-score through t only,"Do not backfill from the future. Within source-specific staleness limits, carry forward only a value already released; otherwise preserve the previous +1/-1 position.",253,"All macro, survey, positioning and revised-index inputs require vintage/release timestamps; price data require action-consistent history.",a1d58c6705835b76d4da60e9ad52d4ee49b363aaddacf546cf7cf10276dc7840,"[""SRC0085"", ""SRC0086""]","[""STRAT0099""]",ETF inception; proxy not S&P point-in-time constituents
FEAT0100,correlation_dispersion_proxy,Sector correlation/dispersion proxy — CORR_MINUS_DISP_20,"corr_t = mean_pairwise_correlation(sector_total_returns, 20) ; disp_t = cross_sectional_std(sector_total_returns, 20) ; market_trend_t = sign(SPY_TR_CLOSE_t / SPY_TR_CLOSE[t-20] - 1) ; score_t = market_trend_t - sign(corr_z_t - disp_z_t)","[""DS002"", ""DS001"", ""DS056""]",253,daily decision / source-native updates carried causally,after SPY regular-session close t and after every non-price input release_time <= close_t,source-specific release lag; decision only after release_time <= close_t,expanding median/z-score through t only,"Do not backfill from the future. Within source-specific staleness limits, carry forward only a value already released; otherwise preserve the previous +1/-1 position.",253,"All macro, survey, positioning and revised-index inputs require vintage/release timestamps; price data require action-consistent history.",1cc220054cf6163883252d379c7a36dc2e0b7b34251f74b5011d20330a7f24f3,"[""SRC0085"", ""SRC0086""]","[""STRAT0100""]",ETF inception; proxy not S&P point-in-time constituents
FEAT0101,correlation_dispersion_proxy,Sector correlation/dispersion proxy — CORR_MINUS_DISP_63,"corr_t = mean_pairwise_correlation(sector_total_returns, 63) ; disp_t = cross_sectional_std(sector_total_returns, 63) ; market_trend_t = sign(SPY_TR_CLOSE_t / SPY_TR_CLOSE[t-20] - 1) ; score_t = market_trend_t - sign(corr_z_t - disp_z_t)","[""DS002"", ""DS001"", ""DS056""]",253,daily decision / source-native updates carried causally,after SPY regular-session close t and after every non-price input release_time <= close_t,source-specific release lag; decision only after release_time <= close_t,expanding median/z-score through t only,"Do not backfill from the future. Within source-specific staleness limits, carry forward only a value already released; otherwise preserve the previous +1/-1 position.",253,"All macro, survey, positioning and revised-index inputs require vintage/release timestamps; price data require action-consistent history.",a73b4965138d2930d64257dfda36f2850edc398c733e877244ac756f2ac20e3d,"[""SRC0085"", ""SRC0086""]","[""STRAT0101""]",ETF inception; proxy not S&P point-in-time constituents
FEAT0102,correlation_dispersion_proxy,Sector correlation/dispersion proxy — SECTOR_LEADERSHIP_20,"corr_t = mean_pairwise_correlation(sector_total_returns, 20) ; disp_t = cross_sectional_std(sector_total_returns, 20) ; market_trend_t = sign(SPY_TR_CLOSE_t / SPY_TR_CLOSE[t-20] - 1) ; score_t = sign(equal_weight_sector_return_20 - SPY_return_20)","[""DS002"", ""DS001"", ""DS056""]",253,daily decision / source-native updates carried causally,after SPY regular-session close t and after every non-price input release_time <= close_t,source-specific release lag; decision only after release_time <= close_t,expanding median/z-score through t only,"Do not backfill from the future. Within source-specific staleness limits, carry forward only a value already released; otherwise preserve the previous +1/-1 position.",253,"All macro, survey, positioning and revised-index inputs require vintage/release timestamps; price data require action-consistent history.",65ddc66046ffd11b672377a291113a6b609123b35261abe2f1df37eb69b886fb,"[""SRC0085"", ""SRC0086""]","[""STRAT0102""]",ETF inception; proxy not S&P point-in-time constituents
FEAT0103,breadth_trend_proxy,Exchange breadth trend proxy — AD_LINE_20,"breadth_t = causal_exchange_proxy(advance_decline_line) ; score_t = breadth_t - mean(breadth, 20)","[""DS002"", ""DS001"", ""DS071""]",21,daily decision / source-native updates carried causally,after SPY regular-session close t and after every non-price input release_time <= close_t,source-specific release lag; decision only after release_time <= close_t,none; all rolling statistics use only observations available through close t,"Do not backfill from the future. Within source-specific staleness limits, carry forward only a value already released; otherwise preserve the previous +1/-1 position.",21,"All macro, survey, positioning and revised-index inputs require vintage/release timestamps; price data require action-consistent history.",420679fe8e8dfcc77af6273d2f7133e29fc2333aec11740068c97978fc349fff,"[""SRC0085"", ""SRC0086"", ""SRC0001"", ""SRC0002"", ""SRC0003""]","[""STRAT0103""]",not S&P-specific; archive definition changes
FEAT0104,breadth_trend_proxy,Exchange breadth trend proxy — AD_LINE_50,"breadth_t = causal_exchange_proxy(advance_decline_line) ; score_t = breadth_t - mean(breadth, 50)","[""DS002"", ""DS001"", ""DS071""]",51,daily decision / source-native updates carried causally,after SPY regular-session close t and after every non-price input release_time <= close_t,source-specific release lag; decision only after release_time <= close_t,none; all rolling statistics use only observations available through close t,"Do not backfill from the future. Within source-specific staleness limits, carry forward only a value already released; otherwise preserve the previous +1/-1 position.",51,"All macro, survey, positioning and revised-index inputs require vintage/release timestamps; price data require action-consistent history.",b7274282235c0e2bd46564af5d756fbcf90312453bc08490125ffd76cb247238,"[""SRC0085"", ""SRC0086"", ""SRC0001"", ""SRC0002"", ""SRC0003""]","[""STRAT0104""]",not S&P-specific; archive definition changes
FEAT0105,breadth_trend_proxy,Exchange breadth trend proxy — AD_LINE_100,"breadth_t = causal_exchange_proxy(advance_decline_line) ; score_t = breadth_t - mean(breadth, 100)","[""DS002"", ""DS001"", ""DS071""]",101,daily decision / source-native updates carried causally,after SPY regular-session close t and after every non-price input release_time <= close_t,source-specific release lag; decision only after release_time <= close_t,none; all rolling statistics use only observations available through close t,"Do not backfill from the future. Within source-specific staleness limits, carry forward only a value already released; otherwise preserve the previous +1/-1 position.",101,"All macro, survey, positioning and revised-index inputs require vintage/release timestamps; price data require action-consistent history.",916bd958ec0f111820ad545a2a4913a04b60a8a25051f822ce2af151a19488cd,"[""SRC0085"", ""SRC0086"", ""SRC0001"", ""SRC0002"", ""SRC0003""]","[""STRAT0105""]",not S&P-specific; archive definition changes
FEAT0106,breadth_trend_proxy,Exchange breadth trend proxy — NHNL_20,"breadth_t = causal_exchange_proxy(new_highs_minus_lows) ; score_t = breadth_t - mean(breadth, 20)","[""DS002"", ""DS001"", ""DS071""]",21,daily decision / source-native updates carried causally,after SPY regular-session close t and after every non-price input release_time <= close_t,source-specific release lag; decision only after release_time <= close_t,none; all rolling statistics use only observations available through close t,"Do not backfill from the future. Within source-specific staleness limits, carry forward only a value already released; otherwise preserve the previous +1/-1 position.",21,"All macro, survey, positioning and revised-index inputs require vintage/release timestamps; price data require action-consistent history.",ae049c55e1887072c403ffd91ad15b2a6e6a558dbae1a75596298ff7649e8f52,"[""SRC0085"", ""SRC0086"", ""SRC0001"", ""SRC0002"", ""SRC0003""]","[""STRAT0106""]",not S&P-specific; archive definition changes
FEAT0107,breadth_trend_proxy,Exchange breadth trend proxy — ABOVE_MA50,"breadth_t = causal_exchange_proxy(percent_above_ma50) ; score_t = breadth_t - mean(breadth, 20)","[""DS002"", ""DS001"", ""DS071""]",21,daily decision / source-native updates carried causally,after SPY regular-session close t and after every non-price input release_time <= close_t,source-specific release lag; decision only after release_time <= close_t,none; all rolling statistics use only observations available through close t,"Do not backfill from the future. Within source-specific staleness limits, carry forward only a value already released; otherwise preserve the previous +1/-1 position.",21,"All macro, survey, positioning and revised-index inputs require vintage/release timestamps; price data require action-consistent history.",4abe90b1ecaccfbcd8c88c863fb66888f3963063a8400c7398b8a9dc813062c1,"[""SRC0085"", ""SRC0086"", ""SRC0001"", ""SRC0002"", ""SRC0003""]","[""STRAT0107""]",not S&P-specific; archive definition changes
FEAT0108,breadth_trend_proxy,Exchange breadth trend proxy — ABOVE_MA200,"breadth_t = causal_exchange_proxy(percent_above_ma200) ; score_t = breadth_t - mean(breadth, 20)","[""DS002"", ""DS001"", ""DS071""]",21,daily decision / source-native updates carried causally,after SPY regular-session close t and after every non-price input release_time <= close_t,source-specific release lag; decision only after release_time <= close_t,none; all rolling statistics use only observations available through close t,"Do not backfill from the future. Within source-specific staleness limits, carry forward only a value already released; otherwise preserve the previous +1/-1 position.",21,"All macro, survey, positioning and revised-index inputs require vintage/release timestamps; price data require action-consistent history.",ae6ccc22a02e324fe2c792bd2ff74b11bc36630937c00bbe9d451a9687b269d2,"[""SRC0085"", ""SRC0086"", ""SRC0001"", ""SRC0002"", ""SRC0003""]","[""STRAT0108""]",not S&P-specific; archive definition changes
FEAT0109,breadth_thrust_proxy,Exchange breadth thrust proxy — THRUST_10_065_035,"thrust_t = mean(advancing_issues_or_volume / total, 10)","[""DS002"", ""DS001"", ""DS071""]",11,daily decision / source-native updates carried causally,after SPY regular-session close t and after every non-price input release_time <= close_t,source-specific release lag; decision only after release_time <= close_t,none; all rolling statistics use only observations available through close t,"Do not backfill from the future. Within source-specific staleness limits, carry forward only a value already released; otherwise preserve the previous +1/-1 position.",11,"All macro, survey, positioning and revised-index inputs require vintage/release timestamps; price data require action-consistent history.",6214e4a08ab6b0645b15ad7e59ca2e1cadca8c96a1a4ee560bd964bc28ad9c36,"[""SRC0085"", ""SRC0086"", ""SRC0047"", ""SRC0050"", ""SRC0133""]","[""STRAT0109""]",threshold mining; non-equivalent exchanges
FEAT0110,breadth_thrust_proxy,Exchange breadth thrust proxy — THRUST_10_060_040,"thrust_t = mean(advancing_issues_or_volume / total, 10)","[""DS002"", ""DS001"", ""DS071""]",11,daily decision / source-native updates carried causally,after SPY regular-session close t and after every non-price input release_time <= close_t,source-specific release lag; decision only after release_time <= close_t,none; all rolling statistics use only observations available through close t,"Do not backfill from the future. Within source-specific staleness limits, carry forward only a value already released; otherwise preserve the previous +1/-1 position.",11,"All macro, survey, positioning and revised-index inputs require vintage/release timestamps; price data require action-consistent history.",ef44e8fdf41f2da344d5c2003b078c8a1677b100e7247dce15edcde55efeeadd,"[""SRC0085"", ""SRC0086"", ""SRC0047"", ""SRC0050"", ""SRC0133""]","[""STRAT0110""]",threshold mining; non-equivalent exchanges
FEAT0111,breadth_thrust_proxy,Exchange breadth thrust proxy — THRUST_20_060_040,"thrust_t = mean(advancing_issues_or_volume / total, 20)","[""DS002"", ""DS001"", ""DS071""]",21,daily decision / source-native updates carried causally,after SPY regular-session close t and after every non-price input release_time <= close_t,source-specific release lag; decision only after release_time <= close_t,none; all rolling statistics use only observations available through close t,"Do not backfill from the future. Within source-specific staleness limits, carry forward only a value already released; otherwise preserve the previous +1/-1 position.",21,"All macro, survey, positioning and revised-index inputs require vintage/release timestamps; price data require action-consistent history.",6ac5f195394309c434effcbedb5f8c63a2300c44d12ea3c86f3ecdbc179eea08,"[""SRC0085"", ""SRC0086"", ""SRC0047"", ""SRC0050"", ""SRC0133""]","[""STRAT0111""]",threshold mining; non-equivalent exchanges
FEAT0112,breadth_thrust_proxy,Exchange breadth thrust proxy — UPVOL_10_065_035,"thrust_t = mean(advancing_issues_or_volume / total, 10)","[""DS002"", ""DS001"", ""DS071""]",11,daily decision / source-native updates carried causally,after SPY regular-session close t and after every non-price input release_time <= close_t,source-specific release lag; decision only after release_time <= close_t,none; all rolling statistics use only observations available through close t,"Do not backfill from the future. Within source-specific staleness limits, carry forward only a value already released; otherwise preserve the previous +1/-1 position.",11,"All macro, survey, positioning and revised-index inputs require vintage/release timestamps; price data require action-consistent history.",82461715e3f185347a6ab14e77cd44cee5db1988ff75953db316d5cf800468bd,"[""SRC0085"", ""SRC0086"", ""SRC0047"", ""SRC0050"", ""SRC0133""]","[""STRAT0112""]",threshold mining; non-equivalent exchanges
FEAT0113,breadth_thrust_proxy,Exchange breadth thrust proxy — NHNL_THRUST_20,"thrust_t = mean(advancing_issues_or_volume / total, 20)","[""DS002"", ""DS001"", ""DS071""]",21,daily decision / source-native updates carried causally,after SPY regular-session close t and after every non-price input release_time <= close_t,source-specific release lag; decision only after release_time <= close_t,none; all rolling statistics use only observations available through close t,"Do not backfill from the future. Within source-specific staleness limits, carry forward only a value already released; otherwise preserve the previous +1/-1 position.",21,"All macro, survey, positioning and revised-index inputs require vintage/release timestamps; price data require action-consistent history.",bac65fa55492d35be2c9fa7bc5213f5e9d94e64526ef0d40286c18833b6b02c1,"[""SRC0085"", ""SRC0086"", ""SRC0047"", ""SRC0050"", ""SRC0133""]","[""STRAT0113""]",threshold mining; non-equivalent exchanges
FEAT0114,breadth_thrust_proxy,Exchange breadth thrust proxy — MCCLELLAN_SIGN,"ratio_t = normalized_advancers_minus_decliners ; score_t = EMA(ratio,19) - EMA(ratio,39)","[""DS002"", ""DS001"", ""DS071""]",40,daily decision / source-native updates carried causally,after SPY regular-session close t and after every non-price input release_time <= close_t,source-specific release lag; decision only after release_time <= close_t,none; all rolling statistics use only observations available through close t,"Do not backfill from the future. Within source-specific staleness limits, carry forward only a value already released; otherwise preserve the previous +1/-1 position.",40,"All macro, survey, positioning and revised-index inputs require vintage/release timestamps; price data require action-consistent history.",a73b3a7b91eeeaf22973c51e1a1a5a337438774d1f5d4f8bea8cdd6158b31029,"[""SRC0085"", ""SRC0086"", ""SRC0047"", ""SRC0050"", ""SRC0133""]","[""STRAT0114""]",threshold mining; non-equivalent exchanges
FEAT0115,cross_asset_risk_off,Cross-asset risk-off score — HYG_LQD_20,component_signs_t = fixed risk-on mappings for ['HYG/LQD'] over 20 sessions ; score_t = sum(component_signs_t),"[""DS002"", ""DS001"", ""DS053"", ""DS054""]",21,daily decision / source-native updates carried causally,after all component closes/releases; foreign fixes published after SPY close are lagged to the next decision,source-specific release lag; decision only after release_time <= close_t,none; all rolling statistics use only observations available through close t,"Do not backfill from the future. Within source-specific staleness limits, carry forward only a value already released; otherwise preserve the previous +1/-1 position.",21,"All macro, survey, positioning and revised-index inputs require vintage/release timestamps; price data require action-consistent history.",197887035f0c8377c5e7bf91cc47a0f320f594eeaffccd594d3d4d39489c32ee,"[""SRC0165"", ""SRC0166"", ""SRC0167""]","[""STRAT0115""]",time zones; ETF inception; changing correlations
FEAT0116,cross_asset_risk_off,Cross-asset risk-off score — TLT_SPY_20,component_signs_t = fixed risk-on mappings for ['TLT/SPY'] over 20 sessions ; score_t = sum(component_signs_t),"[""DS002"", ""DS001"", ""DS055""]",21,daily decision / source-native updates carried causally,after all component closes/releases; foreign fixes published after SPY close are lagged to the next decision,source-specific release lag; decision only after release_time <= close_t,none; all rolling statistics use only observations available through close t,"Do not backfill from the future. Within source-specific staleness limits, carry forward only a value already released; otherwise preserve the previous +1/-1 position.",21,"All macro, survey, positioning and revised-index inputs require vintage/release timestamps; price data require action-consistent history.",f0c5ca95dfa995fd4404065e921113ca28b37b497bcb8ab5dd62c8ae8b03f219,"[""SRC0165"", ""SRC0166"", ""SRC0167""]","[""STRAT0116""]",time zones; ETF inception; changing correlations
FEAT0117,cross_asset_risk_off,Cross-asset risk-off score — DOLLAR_GOLD_20,"component_signs_t = fixed risk-on mappings for ['USD', 'GOLD'] over 20 sessions ; score_t = sum(component_signs_t)","[""DS002"", ""DS001"", ""DS050"", ""DS052""]",21,daily decision / source-native updates carried causally,after all component closes/releases; foreign fixes published after SPY close are lagged to the next decision,source-specific release lag; decision only after release_time <= close_t,none; all rolling statistics use only observations available through close t,"Do not backfill from the future. Within source-specific staleness limits, carry forward only a value already released; otherwise preserve the previous +1/-1 position.",21,"All macro, survey, positioning and revised-index inputs require vintage/release timestamps; price data require action-consistent history.",2cb07281d9d54a29db7c549d32c429dc1460b56408b0e05f5c6b680fd4a54479,"[""SRC0165"", ""SRC0166"", ""SRC0167""]","[""STRAT0117""]",time zones; ETF inception; changing correlations
FEAT0118,cross_asset_risk_off,Cross-asset risk-off score — OIL_CREDIT_20,"component_signs_t = fixed risk-on mappings for ['WTI', 'HY_OAS'] over 20 sessions ; score_t = sum(component_signs_t)","[""DS002"", ""DS001"", ""DS024"", ""DS051""]",21,daily decision / source-native updates carried causally,after all component closes/releases; foreign fixes published after SPY close are lagged to the next decision,source-specific release lag; decision only after release_time <= close_t,none; all rolling statistics use only observations available through close t,"Do not backfill from the future. Within source-specific staleness limits, carry forward only a value already released; otherwise preserve the previous +1/-1 position.",21,"All macro, survey, positioning and revised-index inputs require vintage/release timestamps; price data require action-consistent history.",ee58531b0022e36d5269fcc29a313b69b2f772cefcd6150f01e83ac631648c1d,"[""SRC0165"", ""SRC0166"", ""SRC0167""]","[""STRAT0118""]",time zones; ETF inception; changing correlations
FEAT0119,cross_asset_risk_off,Cross-asset risk-off score — RISK_OFF_4,"component_signs_t = fixed risk-on mappings for ['HY_OAS', 'USD', 'GOLD', 'YIELD_CURVE'] over 20 sessions ; score_t = sum(component_signs_t)","[""DS002"", ""DS001"", ""DS024"", ""DS050"", ""DS052"", ""DS016"", ""DS017""]",21,daily decision / source-native updates carried causally,after all component closes/releases; foreign fixes published after SPY close are lagged to the next decision,source-specific release lag; decision only after release_time <= close_t,none; all rolling statistics use only observations available through close t,"Do not backfill from the future. Within source-specific staleness limits, carry forward only a value already released; otherwise preserve the previous +1/-1 position.",21,"All macro, survey, positioning and revised-index inputs require vintage/release timestamps; price data require action-consistent history.",35ce86e8f9d6a161559f51b487226cd99d5fda34bf132da06751fe538535ba86,"[""SRC0165"", ""SRC0166"", ""SRC0167""]","[""STRAT0119""]",time zones; ETF inception; changing correlations
FEAT0120,cross_asset_risk_off,Cross-asset risk-off score — RISK_OFF_7,"component_signs_t = fixed risk-on mappings for ['HY_OAS', 'IG_OAS', 'USD', 'GOLD', 'WTI', 'T10Y2Y', 'VIX'] over 20 sessions ; score_t = sum(component_signs_t)","[""DS002"", ""DS001"", ""DS024"", ""DS023"", ""DS050"", ""DS052"", ""DS051"", ""DS016"", ""DS017"", ""DS004""]",21,daily decision / source-native updates carried causally,after all component closes/releases; foreign fixes published after SPY close are lagged to the next decision,source-specific release lag; decision only after release_time <= close_t,none; all rolling statistics use only observations available through close t,"Do not backfill from the future. Within source-specific staleness limits, carry forward only a value already released; otherwise preserve the previous +1/-1 position.",21,"All macro, survey, positioning and revised-index inputs require vintage/release timestamps; price data require action-consistent history.",6a76dcfa1e9eba9a2f158540ba32b92e9da4d424a3d6057260e3c00ca0337046,"[""SRC0165"", ""SRC0166"", ""SRC0167""]","[""STRAT0120""]",time zones; ETF inception; changing correlations
FEAT0121,monetary_inflation_regime,Monetary and inflation regime — REAL_FEDFUNDS_CPI,inflation_yoy_t = causal_yoy(CPI) ; real_rate_t = fedfunds - inflation_yoy_t ; score_t = -real_rate_t,"[""DS002"", ""DS001"", ""DS021"", ""DS033""]",253,daily decision / source-native updates carried causally,only after first-release macro values are published; use ALFRED/official vintages and conservative release lags,source-specific release lag; decision only after release_time <= close_t,none; all rolling statistics use only observations available through close t,"Do not backfill from the future. Within source-specific staleness limits, carry forward only a value already released; otherwise preserve the previous +1/-1 position.",253,"All macro, survey, positioning and revised-index inputs require vintage/release timestamps; price data require action-consistent history.",245253237804faf1bfa8ff4a475a64fcd89fa3233542672d7052e5c033f3214e,"[""SRC0101"", ""SRC0102"", ""SRC0103"", ""SRC0153""]","[""STRAT0121""]",release revisions; ambiguous equity sign
FEAT0122,monetary_inflation_regime,Monetary and inflation regime — REAL_FEDFUNDS_PCE,inflation_yoy_t = causal_yoy(PCE) ; real_rate_t = fedfunds - inflation_yoy_t ; score_t = -real_rate_t,"[""DS002"", ""DS001"", ""DS021"", ""DS034""]",253,daily decision / source-native updates carried causally,only after first-release macro values are published; use ALFRED/official vintages and conservative release lags,source-specific release lag; decision only after release_time <= close_t,none; all rolling statistics use only observations available through close t,"Do not backfill from the future. Within source-specific staleness limits, carry forward only a value already released; otherwise preserve the previous +1/-1 position.",253,"All macro, survey, positioning and revised-index inputs require vintage/release timestamps; price data require action-consistent history.",833e2cc25c70243f841e4c3074f7a70077a397439486b05aae605f37dad7d525,"[""SRC0101"", ""SRC0102"", ""SRC0103"", ""SRC0153""]","[""STRAT0122""]",release revisions; ambiguous equity sign
FEAT0123,monetary_inflation_regime,Monetary and inflation regime — BREAKEVEN_CHG20,score_t = T10YIE_t-T10YIE[t-20],"[""DS002"", ""DS001"", ""DS040""]",21,daily decision / source-native updates carried causally,only after first-release macro values are published; use ALFRED/official vintages and conservative release lags,source-specific release lag; decision only after release_time <= close_t,none; all rolling statistics use only observations available through close t,"Do not backfill from the future. Within source-specific staleness limits, carry forward only a value already released; otherwise preserve the previous +1/-1 position.",21,"All macro, survey, positioning and revised-index inputs require vintage/release timestamps; price data require action-consistent history.",6dc2736c9306a213ae073773aa2a8dfcf96942b4ea74650ba782f07fff3767ff,"[""SRC0101"", ""SRC0102"", ""SRC0103"", ""SRC0153""]","[""STRAT0123""]",release revisions; ambiguous equity sign
FEAT0124,monetary_inflation_regime,Monetary and inflation regime — WALCL_CHG13W,score_t = log(WALCL_t/WALCL[t-13]),"[""DS002"", ""DS001"", ""DS038""]",14,daily decision / source-native updates carried causally,only after first-release macro values are published; use ALFRED/official vintages and conservative release lags,source-specific release lag; decision only after release_time <= close_t,none; all rolling statistics use only observations available through close t,"Do not backfill from the future. Within source-specific staleness limits, carry forward only a value already released; otherwise preserve the previous +1/-1 position.",14,"All macro, survey, positioning and revised-index inputs require vintage/release timestamps; price data require action-consistent history.",600cdd2d0b41000d94a4f4a8a57281c1d25855dc6e7d3f450adc1d053b18eb82,"[""SRC0101"", ""SRC0102"", ""SRC0103"", ""SRC0153""]","[""STRAT0124""]",release revisions; ambiguous equity sign
FEAT0125,monetary_inflation_regime,Monetary and inflation regime — M2_REAL_GROWTH,score_t = yoy(M2_t/CPI_t),"[""DS002"", ""DS001"", ""DS039"", ""DS033""]",13,daily decision / source-native updates carried causally,only after first-release macro values are published; use ALFRED/official vintages and conservative release lags,source-specific release lag; decision only after release_time <= close_t,none; all rolling statistics use only observations available through close t,"Do not backfill from the future. Within source-specific staleness limits, carry forward only a value already released; otherwise preserve the previous +1/-1 position.",13,"All macro, survey, positioning and revised-index inputs require vintage/release timestamps; price data require action-consistent history.",84865875fd0cb70b4995eedfe570aa57648942a0031f790057206aa53fefac55,"[""SRC0101"", ""SRC0102"", ""SRC0103"", ""SRC0153""]","[""STRAT0125""]",release revisions; ambiguous equity sign
FEAT0126,monetary_inflation_regime,Monetary and inflation regime — MONETARY_VOTE,"score_t = vote(-real_policy_rate, balance_sheet_growth, real_M2_growth, -inflation_acceleration)","[""DS002"", ""DS001"", ""DS021"", ""DS033"", ""DS040"", ""DS038"", ""DS039""]",253,daily decision / source-native updates carried causally,only after first-release macro values are published; use ALFRED/official vintages and conservative release lags,source-specific release lag; decision only after release_time <= close_t,none; all rolling statistics use only observations available through close t,"Do not backfill from the future. Within source-specific staleness limits, carry forward only a value already released; otherwise preserve the previous +1/-1 position.",253,"All macro, survey, positioning and revised-index inputs require vintage/release timestamps; price data require action-consistent history.",74760572994d1343d93de7c8916d233881652f169f5e157123d93aba5c79c4d6,"[""SRC0101"", ""SRC0102"", ""SRC0103"", ""SRC0153""]","[""STRAT0126""]",release revisions; ambiguous equity sign
FEAT0127,valuation_equity_premium,Constrained equity-premium forecast — DP_SIGN,forecast_t = constrained_recursive_OOS_forecast(['dividend_price']); coefficients estimated only with observations available through t ; score_t = forecast_t,"[""DS002"", ""DS001"", ""DS048"", ""DS029""]",120,daily decision / source-native updates carried causally,monthly signal becomes available after all component releases; held until next valid update,source-specific release lag; decision only after release_time <= close_t,recursive standardization fitted only on the expanding historical window,"Do not backfill from the future. Within source-specific staleness limits, carry forward only a value already released; otherwise preserve the previous +1/-1 position.",120,"All macro, survey, positioning and revised-index inputs require vintage/release timestamps; price data require action-consistent history.",029ac073dbd7b9b5cc7af3e82a354c44caecaf60546ecb8246b1cbe2da671280,"[""SRC0104"", ""SRC0106"", ""SRC0107""]","[""STRAT0127""]",weak signal; rare shorts; vintage risk
FEAT0128,valuation_equity_premium,Constrained equity-premium forecast — EP_SIGN,forecast_t = constrained_recursive_OOS_forecast(['earnings_price']); coefficients estimated only with observations available through t ; score_t = forecast_t,"[""DS002"", ""DS001"", ""DS048"", ""DS029""]",120,daily decision / source-native updates carried causally,monthly signal becomes available after all component releases; held until next valid update,source-specific release lag; decision only after release_time <= close_t,recursive standardization fitted only on the expanding historical window,"Do not backfill from the future. Within source-specific staleness limits, carry forward only a value already released; otherwise preserve the previous +1/-1 position.",120,"All macro, survey, positioning and revised-index inputs require vintage/release timestamps; price data require action-consistent history.",8667772b1f9824082583aa47792591ad2bf3360efa32e15cdc1f42cdadec44d7,"[""SRC0104"", ""SRC0106"", ""SRC0107""]","[""STRAT0128""]",weak signal; rare shorts; vintage risk
FEAT0129,valuation_equity_premium,Constrained equity-premium forecast — TERM_DEFAULT_SIGN,"forecast_t = constrained_recursive_OOS_forecast(['term_spread', 'default_spread']); coefficients estimated only with observations available through t ; score_t = forecast_t","[""DS002"", ""DS001"", ""DS048"", ""DS029""]",120,daily decision / source-native updates carried causally,monthly signal becomes available after all component releases; held until next valid update,source-specific release lag; decision only after release_time <= close_t,recursive standardization fitted only on the expanding historical window,"Do not backfill from the future. Within source-specific staleness limits, carry forward only a value already released; otherwise preserve the previous +1/-1 position.",120,"All macro, survey, positioning and revised-index inputs require vintage/release timestamps; price data require action-consistent history.",28dbc6265d6dd7c91e96a8f46ede07e8e6f4e7d00561ef04cc3596acb9da62df,"[""SRC0104"", ""SRC0106"", ""SRC0107""]","[""STRAT0129""]",weak signal; rare shorts; vintage risk
FEAT0130,valuation_equity_premium,Constrained equity-premium forecast — ISSUANCE_SIGN,forecast_t = constrained_recursive_OOS_forecast(['net_equity_issuance']); coefficients estimated only with observations available through t ; score_t = forecast_t,"[""DS002"", ""DS001"", ""DS048"", ""DS029""]",120,daily decision / source-native updates carried causally,monthly signal becomes available after all component releases; held until next valid update,source-specific release lag; decision only after release_time <= close_t,recursive standardization fitted only on the expanding historical window,"Do not backfill from the future. Within source-specific staleness limits, carry forward only a value already released; otherwise preserve the previous +1/-1 position.",120,"All macro, survey, positioning and revised-index inputs require vintage/release timestamps; price data require action-consistent history.",8a863684e583a21c0576c8827bfb86b6b8e1a743a40b45b9aba8c5d57be88fbb,"[""SRC0104"", ""SRC0106"", ""SRC0107""]","[""STRAT0130""]",weak signal; rare shorts; vintage risk
FEAT0131,valuation_equity_premium,Constrained equity-premium forecast — SUM_OF_PARTS_SIGN,"forecast_t = constrained_recursive_OOS_forecast(['dividend_yield', 'earnings_growth', 'valuation_change']); coefficients estimated only with observations available through t ; score_t = forecast_t","[""DS002"", ""DS001"", ""DS048"", ""DS029""]",120,daily decision / source-native updates carried causally,monthly signal becomes available after all component releases; held until next valid update,source-specific release lag; decision only after release_time <= close_t,recursive standardization fitted only on the expanding historical window,"Do not backfill from the future. Within source-specific staleness limits, carry forward only a value already released; otherwise preserve the previous +1/-1 position.",120,"All macro, survey, positioning and revised-index inputs require vintage/release timestamps; price data require action-consistent history.",fb9a6928736c11af599919adc04ccfbd069033955b4ff5ac28d0079612f58999,"[""SRC0104"", ""SRC0106"", ""SRC0107""]","[""STRAT0131""]",weak signal; rare shorts; vintage risk
FEAT0132,valuation_equity_premium,Constrained equity-premium forecast — CONSTRAINED_COMBO,"forecast_t = constrained_recursive_OOS_forecast(['dp', 'ep', 'term', 'default', 'inflation', 'issuance']); coefficients estimated only with observations available through t ; score_t = forecast_t","[""DS002"", ""DS001"", ""DS048"", ""DS029""]",120,daily decision / source-native updates carried causally,monthly signal becomes available after all component releases; held until next valid update,source-specific release lag; decision only after release_time <= close_t,recursive standardization fitted only on the expanding historical window,"Do not backfill from the future. Within source-specific staleness limits, carry forward only a value already released; otherwise preserve the previous +1/-1 position.",120,"All macro, survey, positioning and revised-index inputs require vintage/release timestamps; price data require action-consistent history.",8fb9ead596da131a6f22d7f5917ed5d304bed225c40416aa352b9061ea5cb8a7,"[""SRC0104"", ""SRC0106"", ""SRC0107""]","[""STRAT0132""]",weak signal; rare shorts; vintage risk
FEAT0133,sentiment_positioning,Sentiment and positioning — AAII_CONTRARIAN,raw_t = causal_standardized_signal(AAII) ; score_t = -raw_t,"[""DS002"", ""DS001"", ""DS042""]",156,daily decision / source-native updates carried causally,"after survey/report publication, not survey reference date",source-specific release lag; decision only after release_time <= close_t,expanding z-score/percentile through t only,"Do not backfill from the future. Within source-specific staleness limits, carry forward only a value already released; otherwise preserve the previous +1/-1 position.",156,"All macro, survey, positioning and revised-index inputs require vintage/release timestamps; price data require action-consistent history.",c8a9adf6ca1a526955100a56166b741f6b459211479bb4af1dd564f39af9203e,"[""SRC0122"", ""SRC0154"", ""SRC0155""]","[""STRAT0133""]",sign depends on horizon; publication lag
FEAT0134,sentiment_positioning,Sentiment and positioning — AAII_CONTINUATION,raw_t = causal_standardized_signal(AAII) ; score_t = raw_t,"[""DS002"", ""DS001"", ""DS042""]",156,daily decision / source-native updates carried causally,"after survey/report publication, not survey reference date",source-specific release lag; decision only after release_time <= close_t,expanding z-score/percentile through t only,"Do not backfill from the future. Within source-specific staleness limits, carry forward only a value already released; otherwise preserve the previous +1/-1 position.",156,"All macro, survey, positioning and revised-index inputs require vintage/release timestamps; price data require action-consistent history.",49615cd21d6374161f66ba155aa740ad90b9675723a28393932ab1a3dc53a93d,"[""SRC0122"", ""SRC0154"", ""SRC0155""]","[""STRAT0134""]",sign depends on horizon; publication lag
FEAT0135,sentiment_positioning,Sentiment and positioning — NAAIM_CONTRARIAN,raw_t = causal_standardized_signal(NAAIM) ; score_t = -raw_t,"[""DS002"", ""DS001"", ""DS043""]",156,daily decision / source-native updates carried causally,"after survey/report publication, not survey reference date",source-specific release lag; decision only after release_time <= close_t,expanding z-score/percentile through t only,"Do not backfill from the future. Within source-specific staleness limits, carry forward only a value already released; otherwise preserve the previous +1/-1 position.",156,"All macro, survey, positioning and revised-index inputs require vintage/release timestamps; price data require action-consistent history.",33af62a7eb4dd119d791a5671a0213228cb15ce578d7c5b7052ecd27a4b1a529,"[""SRC0122"", ""SRC0154"", ""SRC0155""]","[""STRAT0135""]",sign depends on horizon; publication lag
FEAT0136,sentiment_positioning,Sentiment and positioning — COT_ES_CONTRARIAN,raw_t = causal_standardized_signal(COT) ; score_t = -raw_t,"[""DS002"", ""DS001"", ""DS015""]",156,daily decision / source-native updates carried causally,"after survey/report publication, not survey reference date",source-specific release lag; decision only after release_time <= close_t,expanding z-score/percentile through t only,"Do not backfill from the future. Within source-specific staleness limits, carry forward only a value already released; otherwise preserve the previous +1/-1 position.",156,"All macro, survey, positioning and revised-index inputs require vintage/release timestamps; price data require action-consistent history.",ff8272c1a06d71ba3343fcb15ed0a3e65df7ef7e0a792b23d50e0f06042eb81d,"[""SRC0122"", ""SRC0154"", ""SRC0155""]","[""STRAT0136""]",sign depends on horizon; publication lag
FEAT0137,sentiment_positioning,Sentiment and positioning — EPU_RISK_OFF,raw_t = causal_standardized_signal(EPU) ; score_t = -raw_t  # higher policy uncertainty is risk-off,"[""DS002"", ""DS001"", ""DS045""]",156,daily decision / source-native updates carried causally,"after survey/report publication, not survey reference date",source-specific release lag; decision only after release_time <= close_t,expanding z-score/percentile through t only,"Do not backfill from the future. Within source-specific staleness limits, carry forward only a value already released; otherwise preserve the previous +1/-1 position.",156,"All macro, survey, positioning and revised-index inputs require vintage/release timestamps; price data require action-consistent history.",73aac47a4dd420e092a8acc4ca83ebca85ae8b4b3a8dcdad88892a37162dde9b,"[""SRC0122"", ""SRC0154"", ""SRC0155""]","[""STRAT0137""]",sign depends on horizon; publication lag
FEAT0138,sentiment_positioning,Sentiment and positioning — SENTIMENT_VOTE,"raw_t = causal_standardized_signal(AAII_NAAIM_COT_EPU) ; score_t = fixed_equal_weight_vote(-AAII,-NAAIM,-COT,-EPU)","[""DS002"", ""DS001"", ""DS042"", ""DS043"", ""DS015"", ""DS045""]",156,daily decision / source-native updates carried causally,"after survey/report publication, not survey reference date",source-specific release lag; decision only after release_time <= close_t,expanding z-score/percentile through t only,"Do not backfill from the future. Within source-specific staleness limits, carry forward only a value already released; otherwise preserve the previous +1/-1 position.",156,"All macro, survey, positioning and revised-index inputs require vintage/release timestamps; price data require action-consistent history.",7357c7ff3cd93a35d37e62c730959c03425b10d181bc065d24b08bd4d827c902,"[""SRC0122"", ""SRC0154"", ""SRC0155""]","[""STRAT0138""]",sign depends on horizon; publication lag
FEAT0139,calendar_seasonality,Calendar seasonality — TURN_MONTH_3_TREND_OVERRIDE,sma200_t = mean(SPY_TR_CLOSE[t-199:t]) ; base_trend_t = sign(SPY_TR_CLOSE_t - sma200_t) ; calendar_state_t = NYSE_calendar_rule(last1_first2_long_else_sma200),"[""DS002"", ""DS001""]",200,daily decision / source-native updates carried causally,calendar is known before decision t; SMA200 uses only SPY total-return closes through t,source-specific release lag; decision only after release_time <= close_t,none; all rolling statistics use only observations available through close t,"Do not backfill from the future. Within source-specific staleness limits, carry forward only a value already released; otherwise preserve the previous +1/-1 position.",200,"All macro, survey, positioning and revised-index inputs require vintage/release timestamps; price data require action-consistent history.",dfa8bcdd4e9ba2cf2be965779ff2bbd69bc00a3a17d7a06feab516218901ca05,"[""SRC0048"", ""SRC0175"", ""SRC0176""]","[""STRAT0139""]",large anomaly zoo; decay after publication
FEAT0140,calendar_seasonality,Calendar seasonality — TURN_MONTH_7_TREND_OVERRIDE,sma200_t = mean(SPY_TR_CLOSE[t-199:t]) ; base_trend_t = sign(SPY_TR_CLOSE_t - sma200_t) ; calendar_state_t = NYSE_calendar_rule(last4_first3_long_else_sma200),"[""DS002"", ""DS001""]",200,daily decision / source-native updates carried causally,calendar is known before decision t; SMA200 uses only SPY total-return closes through t,source-specific release lag; decision only after release_time <= close_t,none; all rolling statistics use only observations available through close t,"Do not backfill from the future. Within source-specific staleness limits, carry forward only a value already released; otherwise preserve the previous +1/-1 position.",200,"All macro, survey, positioning and revised-index inputs require vintage/release timestamps; price data require action-consistent history.",07530fc9761175478538507360be28e3bfeab09b760548d14448b556bee582da,"[""SRC0048"", ""SRC0175"", ""SRC0176""]","[""STRAT0140""]",large anomaly zoo; decay after publication
FEAT0141,calendar_seasonality,Calendar seasonality — MONDAY_SHORT_TREND_OTHER,sma200_t = mean(SPY_TR_CLOSE[t-199:t]) ; base_trend_t = sign(SPY_TR_CLOSE_t - sma200_t) ; calendar_state_t = NYSE_calendar_rule(monday_short_else_sma200),"[""DS002"", ""DS001""]",200,daily decision / source-native updates carried causally,calendar is known before decision t; SMA200 uses only SPY total-return closes through t,source-specific release lag; decision only after release_time <= close_t,none; all rolling statistics use only observations available through close t,"Do not backfill from the future. Within source-specific staleness limits, carry forward only a value already released; otherwise preserve the previous +1/-1 position.",200,"All macro, survey, positioning and revised-index inputs require vintage/release timestamps; price data require action-consistent history.",9fcc64a678cf002817303d8c6e0b5235a18006fb29ff1f8221ad45aa6d9f6bc3,"[""SRC0048"", ""SRC0175"", ""SRC0176""]","[""STRAT0141""]",large anomaly zoo; decay after publication
FEAT0142,calendar_seasonality,Calendar seasonality — FRIDAY_LONG_TREND_OTHER,sma200_t = mean(SPY_TR_CLOSE[t-199:t]) ; base_trend_t = sign(SPY_TR_CLOSE_t - sma200_t) ; calendar_state_t = NYSE_calendar_rule(friday_long_else_sma200),"[""DS002"", ""DS001""]",200,daily decision / source-native updates carried causally,calendar is known before decision t; SMA200 uses only SPY total-return closes through t,source-specific release lag; decision only after release_time <= close_t,none; all rolling statistics use only observations available through close t,"Do not backfill from the future. Within source-specific staleness limits, carry forward only a value already released; otherwise preserve the previous +1/-1 position.",200,"All macro, survey, positioning and revised-index inputs require vintage/release timestamps; price data require action-consistent history.",7cac8ab540742c15540fa41410c623dfc7cace2d310d4b48659ee0d43f6b9e66,"[""SRC0048"", ""SRC0175"", ""SRC0176""]","[""STRAT0142""]",large anomaly zoo; decay after publication
FEAT0143,calendar_seasonality,Calendar seasonality — PREHOLIDAY_LONG_TREND_OTHER,sma200_t = mean(SPY_TR_CLOSE[t-199:t]) ; base_trend_t = sign(SPY_TR_CLOSE_t - sma200_t) ; calendar_state_t = NYSE_calendar_rule(preholiday_long_else_sma200),"[""DS002"", ""DS001""]",200,daily decision / source-native updates carried causally,calendar is known before decision t; SMA200 uses only SPY total-return closes through t,source-specific release lag; decision only after release_time <= close_t,none; all rolling statistics use only observations available through close t,"Do not backfill from the future. Within source-specific staleness limits, carry forward only a value already released; otherwise preserve the previous +1/-1 position.",200,"All macro, survey, positioning and revised-index inputs require vintage/release timestamps; price data require action-consistent history.",b8b2c7a2bf1d2fa54287cd590c8f733690fa90f1ad2ddae5974b925cd9756e39,"[""SRC0048"", ""SRC0175"", ""SRC0176""]","[""STRAT0143""]",large anomaly zoo; decay after publication
FEAT0144,calendar_seasonality,Calendar seasonality — HALLOWEEN_LONG_TREND_SUMMER,sma200_t = mean(SPY_TR_CLOSE[t-199:t]) ; base_trend_t = sign(SPY_TR_CLOSE_t - sma200_t) ; calendar_state_t = NYSE_calendar_rule(nov_apr_long_else_sma200),"[""DS002"", ""DS001""]",200,daily decision / source-native updates carried causally,calendar is known before decision t; SMA200 uses only SPY total-return closes through t,source-specific release lag; decision only after release_time <= close_t,none; all rolling statistics use only observations available through close t,"Do not backfill from the future. Within source-specific staleness limits, carry forward only a value already released; otherwise preserve the previous +1/-1 position.",200,"All macro, survey, positioning and revised-index inputs require vintage/release timestamps; price data require action-consistent history.",bf6b921e0e46ea8497482d4014a9874a9584fc5f73c3d8be5ff63f7f31d1a8cc,"[""SRC0048"", ""SRC0175"", ""SRC0176""]","[""STRAT0144""]",large anomaly zoo; decay after publication
FEAT0145,overnight_futures_proxy,SPY overnight/gap directional proxy — SPY_ON_CONT,spy_overnight_t = SPY_TR_OPEN_t / SPY_TR_CLOSE_{t-1} - 1 ; score_t = spy_overnight_t,"[""DS002"", ""DS001""]",3,daily; value for session t is fully known by SPY close t,SPY open/close and corporate-action records for session t are known by close t; VIX-close filtered variant is also known by close t; first permissible trade effect is SPY open t+1,session-t feature may first change the position at the next tradable SPY open t+1,none except the explicitly specified 20-session rolling z-score using observations through t only,"Never forward-fill a missing SPY bar or corporate action. If any required session-t input is unresolved, preserve the prior +1/-1 position and log the ineligible decision.",3,Construct SPY_TR_OPEN and SPY_TR_CLOSE from immutable raw OHLC plus split/distribution events; do not use retrospectively adjusted OHLC without an audited factor reconstruction.,947d85046b14f38514b2f5949312868fed82c9d0328ca48981a395338c28c1db,"[""SRC0048"", ""SRC0175"", ""SRC0176"", ""SRC0165"", ""SRC0166"", ""SRC0167""]","[""STRAT0145""]",A faulty adjusted-open reconstruction can create artificial gaps; continuation versus reversal is sample-dependent; these variants deliberately omit paid ES intraday history.
FEAT0146,overnight_futures_proxy,SPY overnight/gap directional proxy — SPY_ON_REV,spy_overnight_t = SPY_TR_OPEN_t / SPY_TR_CLOSE_{t-1} - 1 ; score_t = -spy_overnight_t,"[""DS002"", ""DS001""]",3,daily; value for session t is fully known by SPY close t,SPY open/close and corporate-action records for session t are known by close t; VIX-close filtered variant is also known by close t; first permissible trade effect is SPY open t+1,session-t feature may first change the position at the next tradable SPY open t+1,none except the explicitly specified 20-session rolling z-score using observations through t only,"Never forward-fill a missing SPY bar or corporate action. If any required session-t input is unresolved, preserve the prior +1/-1 position and log the ineligible decision.",3,Construct SPY_TR_OPEN and SPY_TR_CLOSE from immutable raw OHLC plus split/distribution events; do not use retrospectively adjusted OHLC without an audited factor reconstruction.,ca7dad756e768e629346b2aa5cf8c57c4d55ba269fd6ff1584cfeb1012c7907a,"[""SRC0048"", ""SRC0175"", ""SRC0176"", ""SRC0165"", ""SRC0166"", ""SRC0167""]","[""STRAT0146""]",A faulty adjusted-open reconstruction can create artificial gaps; continuation versus reversal is sample-dependent; these variants deliberately omit paid ES intraday history.
FEAT0147,overnight_futures_proxy,SPY overnight/gap directional proxy — SPY_ON_5_CONT,spy_overnight_t = SPY_TR_OPEN_t / SPY_TR_CLOSE_{t-1} - 1 ; spy_overnight_5_t = product_{i=0..4}(1+spy_overnight_{t-i})-1 ; score_t = spy_overnight_5_t,"[""DS002"", ""DS001""]",6,daily; value for session t is fully known by SPY close t,SPY open/close and corporate-action records for session t are known by close t; VIX-close filtered variant is also known by close t; first permissible trade effect is SPY open t+1,session-t feature may first change the position at the next tradable SPY open t+1,none except the explicitly specified 20-session rolling z-score using observations through t only,"Never forward-fill a missing SPY bar or corporate action. If any required session-t input is unresolved, preserve the prior +1/-1 position and log the ineligible decision.",6,Construct SPY_TR_OPEN and SPY_TR_CLOSE from immutable raw OHLC plus split/distribution events; do not use retrospectively adjusted OHLC without an audited factor reconstruction.,701832c495be66cf04bf59c6c95a9260705128a23cdcfe9a4c0a6a0b4cdca716,"[""SRC0048"", ""SRC0175"", ""SRC0176"", ""SRC0165"", ""SRC0166"", ""SRC0167""]","[""STRAT0147""]",A faulty adjusted-open reconstruction can create artificial gaps; continuation versus reversal is sample-dependent; these variants deliberately omit paid ES intraday history.
FEAT0148,overnight_futures_proxy,SPY overnight/gap directional proxy — SPY_GAP_Z20_CONT,"spy_overnight_t = SPY_TR_OPEN_t / SPY_TR_CLOSE_{t-1} - 1 ; gap_z20_t = rolling_zscore(spy_overnight,20,through=t) ; score_t = gap_z20_t","[""DS002"", ""DS001""]",21,daily; value for session t is fully known by SPY close t,SPY open/close and corporate-action records for session t are known by close t; VIX-close filtered variant is also known by close t; first permissible trade effect is SPY open t+1,session-t feature may first change the position at the next tradable SPY open t+1,none except the explicitly specified 20-session rolling z-score using observations through t only,"Never forward-fill a missing SPY bar or corporate action. If any required session-t input is unresolved, preserve the prior +1/-1 position and log the ineligible decision.",21,Construct SPY_TR_OPEN and SPY_TR_CLOSE from immutable raw OHLC plus split/distribution events; do not use retrospectively adjusted OHLC without an audited factor reconstruction.,d95615d2ce0623bae5f3096e3119eadc81062562ac59d4339a19d297d8a669f4,"[""SRC0048"", ""SRC0175"", ""SRC0176"", ""SRC0165"", ""SRC0166"", ""SRC0167""]","[""STRAT0148""]",A faulty adjusted-open reconstruction can create artificial gaps; continuation versus reversal is sample-dependent; these variants deliberately omit paid ES intraday history.
FEAT0149,overnight_futures_proxy,SPY overnight/gap directional proxy — SPY_GAP_Z20_REV,"spy_overnight_t = SPY_TR_OPEN_t / SPY_TR_CLOSE_{t-1} - 1 ; gap_z20_t = rolling_zscore(spy_overnight,20,through=t) ; score_t = -gap_z20_t","[""DS002"", ""DS001""]",21,daily; value for session t is fully known by SPY close t,SPY open/close and corporate-action records for session t are known by close t; VIX-close filtered variant is also known by close t; first permissible trade effect is SPY open t+1,session-t feature may first change the position at the next tradable SPY open t+1,none except the explicitly specified 20-session rolling z-score using observations through t only,"Never forward-fill a missing SPY bar or corporate action. If any required session-t input is unresolved, preserve the prior +1/-1 position and log the ineligible decision.",21,Construct SPY_TR_OPEN and SPY_TR_CLOSE from immutable raw OHLC plus split/distribution events; do not use retrospectively adjusted OHLC without an audited factor reconstruction.,613c2eeaff3e399d3ddd4d45d21d2103657b17c62c33d19a41e89ddc2e6efe56,"[""SRC0048"", ""SRC0175"", ""SRC0176"", ""SRC0165"", ""SRC0166"", ""SRC0167""]","[""STRAT0149""]",A faulty adjusted-open reconstruction can create artificial gaps; continuation versus reversal is sample-dependent; these variants deliberately omit paid ES intraday history.
FEAT0150,overnight_futures_proxy,SPY overnight/gap directional proxy — SPY_ON_VIX_FILTER,spy_overnight_t = SPY_TR_OPEN_t / SPY_TR_CLOSE_{t-1} - 1 ; vix_change_t = VIX_CLOSE_t/VIX_CLOSE_{t-1}-1 ; score_t = sign(spy_overnight_t) if vix_change_t<=0 else -sign(spy_overnight_t),"[""DS002"", ""DS001"", ""DS004""]",3,daily; value for session t is fully known by SPY close t,SPY open/close and corporate-action records for session t are known by close t; VIX-close filtered variant is also known by close t; first permissible trade effect is SPY open t+1,session-t feature may first change the position at the next tradable SPY open t+1,none except the explicitly specified 20-session rolling z-score using observations through t only,"Never forward-fill a missing SPY bar or corporate action. If any required session-t input is unresolved, preserve the prior +1/-1 position and log the ineligible decision.",3,Construct SPY_TR_OPEN and SPY_TR_CLOSE from immutable raw OHLC plus split/distribution events; do not use retrospectively adjusted OHLC without an audited factor reconstruction.,e1dfad3898a02327ae03bb4e5b6e757ad985c6f26ff86655f79cc4e7030cc6fa,"[""SRC0048"", ""SRC0175"", ""SRC0176"", ""SRC0165"", ""SRC0166"", ""SRC0167""]","[""STRAT0150""]",A faulty adjusted-open reconstruction can create artificial gaps; continuation versus reversal is sample-dependent; these variants deliberately omit paid ES intraday history.
FEAT0151,markov_regime_filtered,Filtered two-state regime model — HMM_RET_2S_756,fit a two-state Gaussian/AR model on ['return'] using 756 observations ending at t ; label the state with higher conditional mean as bull using fitted parameters only ; score_t = filtered_P_bull_t - 0.5,"[""DS002"", ""DS001""]",756,daily decision / source-native updates carried causally,after SPY regular-session close t and after every non-price input release_time <= close_t,source-specific release lag; decision only after release_time <= close_t,state labels fixed by conditional return mean; deterministic multistart seeds; never use smoothed probabilities,"Do not backfill from the future. Within source-specific staleness limits, carry forward only a value already released; otherwise preserve the previous +1/-1 position.",756,"All macro, survey, positioning and revised-index inputs require vintage/release timestamps; price data require action-consistent history.",15287f6b48189440f4911bd5dc76887ed791ffa716fd7cab41cd81436bb0ef85,"[""SRC0179"", ""SRC0180"", ""SRC0181""]","[""STRAT0151""]",state instability; local maxima; smoothed-probability lookahead
FEAT0152,markov_regime_filtered,Filtered two-state regime model — HMM_RET_RV_2S_756,"fit a two-state Gaussian/AR model on ['return', 'rv20'] using 756 observations ending at t ; label the state with higher conditional mean as bull using fitted parameters only ; score_t = filtered_P_bull_t - 0.5","[""DS002"", ""DS001""]",756,daily decision / source-native updates carried causally,after SPY regular-session close t and after every non-price input release_time <= close_t,source-specific release lag; decision only after release_time <= close_t,state labels fixed by conditional return mean; deterministic multistart seeds; never use smoothed probabilities,"Do not backfill from the future. Within source-specific staleness limits, carry forward only a value already released; otherwise preserve the previous +1/-1 position.",756,"All macro, survey, positioning and revised-index inputs require vintage/release timestamps; price data require action-consistent history.",bf337c173fdec8832be0f6ef5759869c7364deef687253872271d953bbec7e4e,"[""SRC0179"", ""SRC0180"", ""SRC0181""]","[""STRAT0152""]",state instability; local maxima; smoothed-probability lookahead
FEAT0153,markov_regime_filtered,Filtered two-state regime model — HMM_RET_RV_2S_1260,"fit a two-state Gaussian/AR model on ['return', 'rv20'] using 1260 observations ending at t ; label the state with higher conditional mean as bull using fitted parameters only ; score_t = filtered_P_bull_t - 0.5","[""DS002"", ""DS001""]",1260,daily decision / source-native updates carried causally,after SPY regular-session close t and after every non-price input release_time <= close_t,source-specific release lag; decision only after release_time <= close_t,state labels fixed by conditional return mean; deterministic multistart seeds; never use smoothed probabilities,"Do not backfill from the future. Within source-specific staleness limits, carry forward only a value already released; otherwise preserve the previous +1/-1 position.",1260,"All macro, survey, positioning and revised-index inputs require vintage/release timestamps; price data require action-consistent history.",80a6936ccbdf55343291dcc51ae8206798c03bc36cd480666b43dfa1ebef3e45,"[""SRC0179"", ""SRC0180"", ""SRC0181""]","[""STRAT0153""]",state instability; local maxima; smoothed-probability lookahead
FEAT0154,markov_regime_filtered,Filtered two-state regime model — MS_AR1_2S_EXPANDING,fit a two-state Gaussian/AR model on ['return'] using expanding observations ending at t ; label the state with higher conditional mean as bull using fitted parameters only ; score_t = filtered_P_bull_t - 0.5,"[""DS002"", ""DS001""]",756,daily decision / source-native updates carried causally,after SPY regular-session close t and after every non-price input release_time <= close_t,source-specific release lag; decision only after release_time <= close_t,state labels fixed by conditional return mean; deterministic multistart seeds; never use smoothed probabilities,"Do not backfill from the future. Within source-specific staleness limits, carry forward only a value already released; otherwise preserve the previous +1/-1 position.",756,"All macro, survey, positioning and revised-index inputs require vintage/release timestamps; price data require action-consistent history.",79b1329597b6e7c8d034ad5472a85187e0cb8b89020d7aed55c786651ffd216b,"[""SRC0179"", ""SRC0180"", ""SRC0181""]","[""STRAT0154""]",state instability; local maxima; smoothed-probability lookahead
FEAT0155,markov_regime_filtered,Filtered two-state regime model — HMM_RET_VIX_2S_756,"fit a two-state Gaussian/AR model on ['return', 'vix'] using 756 observations ending at t ; label the state with higher conditional mean as bull using fitted parameters only ; score_t = filtered_P_bull_t - 0.5","[""DS002"", ""DS001"", ""DS004""]",756,daily decision / source-native updates carried causally,after SPY regular-session close t and after every non-price input release_time <= close_t,source-specific release lag; decision only after release_time <= close_t,state labels fixed by conditional return mean; deterministic multistart seeds; never use smoothed probabilities,"Do not backfill from the future. Within source-specific staleness limits, carry forward only a value already released; otherwise preserve the previous +1/-1 position.",756,"All macro, survey, positioning and revised-index inputs require vintage/release timestamps; price data require action-consistent history.",95768bb4ad9b228713bc536ce60908c6698e763fa7a33044f57d99b43cbeb737,"[""SRC0179"", ""SRC0180"", ""SRC0181""]","[""STRAT0155""]",state instability; local maxima; smoothed-probability lookahead
FEAT0156,markov_regime_filtered,Filtered two-state regime model — HMM_RET_CREDIT_2S_1260,"fit a two-state Gaussian/AR model on ['return', 'hy_oas'] using 1260 observations ending at t ; label the state with higher conditional mean as bull using fitted parameters only ; score_t = filtered_P_bull_t - 0.5","[""DS002"", ""DS001"", ""DS024""]",1260,daily decision / source-native updates carried causally,after SPY regular-session close t and after every non-price input release_time <= close_t,source-specific release lag; decision only after release_time <= close_t,state labels fixed by conditional return mean; deterministic multistart seeds; never use smoothed probabilities,"Do not backfill from the future. Within source-specific staleness limits, carry forward only a value already released; otherwise preserve the previous +1/-1 position.",1260,"All macro, survey, positioning and revised-index inputs require vintage/release timestamps; price data require action-consistent history.",1baf69486a5a84dd1b9b722dc87bc0631ac7ba845bd24c7208f60c6a46594210,"[""SRC0179"", ""SRC0180"", ""SRC0181""]","[""STRAT0156""]",state instability; local maxima; smoothed-probability lookahead
FEAT0157,regularized_logit,Nested elastic-net logistic direction model — LOGIT_PRICE,"X_t = causal fixed feature set ['ret1', 'ret5', 'ret20', 'sma50_gap', 'sma200_gap'] ; model = logistic regression with elastic_net penalty ; hyperparameters chosen by nested expanding folds entirely inside train ; score_t = P(return_open_to_open_tplus1>0 | X_t)-0.5","[""DS002"", ""DS001""]",756,daily decision / source-native updates carried causally,after SPY regular-session close t and after every non-price input release_time <= close_t,source-specific release lag; decision only after release_time <= close_t,median/imputation/scaling fitted within each train fold only; no validation refit for selection,"Do not backfill from the future. Within source-specific staleness limits, carry forward only a value already released; otherwise preserve the previous +1/-1 position.",756,"All macro, survey, positioning and revised-index inputs require vintage/release timestamps; price data require action-consistent history.",2908d19e71b42eda4bbd09d6e91f4f660cbd4db83a85d24afcfd418d2286105a,"[""SRC0117"", ""SRC0119"", ""SRC0120"", ""SRC0183"", ""SRC0184"", ""SRC0185""]","[""STRAT0157""]",feature mining; hyperparameter leakage; instability
FEAT0158,regularized_logit,Nested elastic-net logistic direction model — LOGIT_PRICE_VOL,"X_t = causal fixed feature set ['ret1', 'ret5', 'ret20', 'rv20', 'rv63', 'vix_change'] ; model = logistic regression with elastic_net penalty ; hyperparameters chosen by nested expanding folds entirely inside train ; score_t = P(return_open_to_open_tplus1>0 | X_t)-0.5","[""DS002"", ""DS001"", ""DS004""]",756,daily decision / source-native updates carried causally,after SPY regular-session close t and after every non-price input release_time <= close_t,source-specific release lag; decision only after release_time <= close_t,median/imputation/scaling fitted within each train fold only; no validation refit for selection,"Do not backfill from the future. Within source-specific staleness limits, carry forward only a value already released; otherwise preserve the previous +1/-1 position.",756,"All macro, survey, positioning and revised-index inputs require vintage/release timestamps; price data require action-consistent history.",9de5aba37f1b61b20bab65cdf7888fdd70efb9268d113aeb361d0b532aa03089,"[""SRC0117"", ""SRC0119"", ""SRC0120"", ""SRC0183"", ""SRC0184"", ""SRC0185""]","[""STRAT0158""]",feature mining; hyperparameter leakage; instability
FEAT0159,regularized_logit,Nested elastic-net logistic direction model — LOGIT_MACRO,"X_t = causal fixed feature set ['t10y3m', 'hy_oas_change', 'nfci', 'real_fedfunds'] ; model = logistic regression with elastic_net penalty ; hyperparameters chosen by nested expanding folds entirely inside train ; score_t = P(return_open_to_open_tplus1>0 | X_t)-0.5","[""DS002"", ""DS001"", ""DS016"", ""DS018"", ""DS024"", ""DS025"", ""DS021"", ""DS033""]",756,daily decision / source-native updates carried causally,after SPY regular-session close t and after every non-price input release_time <= close_t,source-specific release lag; decision only after release_time <= close_t,median/imputation/scaling fitted within each train fold only; no validation refit for selection,"Do not backfill from the future. Within source-specific staleness limits, carry forward only a value already released; otherwise preserve the previous +1/-1 position.",756,"All macro, survey, positioning and revised-index inputs require vintage/release timestamps; price data require action-consistent history.",61f258b73a72c33cadbc2493c287120cb6e9a3d79869b1c9a22339ca911726ae,"[""SRC0117"", ""SRC0119"", ""SRC0120"", ""SRC0183"", ""SRC0184"", ""SRC0185""]","[""STRAT0159""]",feature mining; hyperparameter leakage; instability
FEAT0160,regularized_logit,Nested elastic-net logistic direction model — LOGIT_DIVERSE_10,"X_t = causal fixed feature set ['price', 'vol', 'vix', 'credit', 'curve', 'calendar'] ; model = logistic regression with elastic_net penalty ; hyperparameters chosen by nested expanding folds entirely inside train ; score_t = P(return_open_to_open_tplus1>0 | X_t)-0.5","[""DS002"", ""DS001"", ""DS004"", ""DS024"", ""DS016"", ""DS018"", ""DS025"", ""DS021"", ""DS033""]",756,daily decision / source-native updates carried causally,after SPY regular-session close t and after every non-price input release_time <= close_t,source-specific release lag; decision only after release_time <= close_t,median/imputation/scaling fitted within each train fold only; no validation refit for selection,"Do not backfill from the future. Within source-specific staleness limits, carry forward only a value already released; otherwise preserve the previous +1/-1 position.",756,"All macro, survey, positioning and revised-index inputs require vintage/release timestamps; price data require action-consistent history.",8796c8c089cd86152f5cdb2681737a66a199132523655053fb7bec53fcd65806,"[""SRC0117"", ""SRC0119"", ""SRC0120"", ""SRC0183"", ""SRC0184"", ""SRC0185""]","[""STRAT0160""]",feature mining; hyperparameter leakage; instability
FEAT0161,regularized_logit,Nested elastic-net logistic direction model — LOGIT_L1,X_t = causal fixed feature set ['fixed_20'] ; model = logistic regression with l1 penalty ; hyperparameters chosen by nested expanding folds entirely inside train ; score_t = P(return_open_to_open_tplus1>0 | X_t)-0.5,"[""DS002"", ""DS001"", ""DS004"", ""DS024"", ""DS016"", ""DS018"", ""DS025"", ""DS021"", ""DS033""]",756,daily decision / source-native updates carried causally,after SPY regular-session close t and after every non-price input release_time <= close_t,source-specific release lag; decision only after release_time <= close_t,median/imputation/scaling fitted within each train fold only; no validation refit for selection,"Do not backfill from the future. Within source-specific staleness limits, carry forward only a value already released; otherwise preserve the previous +1/-1 position.",756,"All macro, survey, positioning and revised-index inputs require vintage/release timestamps; price data require action-consistent history.",5b5025c7b556a4c0cfa64ea479c7feeb2e7d3bc574c0958a9c4e84a1838ea029,"[""SRC0117"", ""SRC0119"", ""SRC0120"", ""SRC0183"", ""SRC0184"", ""SRC0185""]","[""STRAT0161""]",feature mining; hyperparameter leakage; instability
FEAT0162,regularized_logit,Nested elastic-net logistic direction model — LOGIT_L2,X_t = causal fixed feature set ['fixed_20'] ; model = logistic regression with l2 penalty ; hyperparameters chosen by nested expanding folds entirely inside train ; score_t = P(return_open_to_open_tplus1>0 | X_t)-0.5,"[""DS002"", ""DS001"", ""DS004"", ""DS024"", ""DS016"", ""DS018"", ""DS025"", ""DS021"", ""DS033""]",756,daily decision / source-native updates carried causally,after SPY regular-session close t and after every non-price input release_time <= close_t,source-specific release lag; decision only after release_time <= close_t,median/imputation/scaling fitted within each train fold only; no validation refit for selection,"Do not backfill from the future. Within source-specific staleness limits, carry forward only a value already released; otherwise preserve the previous +1/-1 position.",756,"All macro, survey, positioning and revised-index inputs require vintage/release timestamps; price data require action-consistent history.",779804181c8c08ccd17d00555f27ff4a69efc7a56a9a0b9b95b238fc2f9439a0,"[""SRC0117"", ""SRC0119"", ""SRC0120"", ""SRC0183"", ""SRC0184"", ""SRC0185""]","[""STRAT0162""]",feature mining; hyperparameter leakage; instability
FEAT0163,volatility_conditioned_trend,Trend adjusted by volatility state — TREND63_RV20_CONT,"trend_t = sign(TR_CLOSE_t / TR_CLOSE[t-63] - 1) ; rv_t = sqrt(252)*std(log_return, 20) ; rv_z_t = expanding_zscore(rv_t, minimum=252) ; score_t = trend_t * (1 if rv_z_t > 1.0 else 1)","[""DS002"", ""DS001""]",253,daily decision / source-native updates carried causally,after SPY regular-session close t and after every non-price input release_time <= close_t,source-specific release lag; decision only after release_time <= close_t,expanding z-score using observations through t only,"Do not backfill from the future. Within source-specific staleness limits, carry forward only a value already released; otherwise preserve the previous +1/-1 position.",253,"All macro, survey, positioning and revised-index inputs require vintage/release timestamps; price data require action-consistent history.",7d6deeab38835b48b775822d7e5bc07eb0d5fe7de733cb220903b18e0ec5d6c5,"[""SRC0020"", ""SRC0021"", ""SRC0022"", ""SRC0051"", ""SRC0052"", ""SRC0053""]","[""STRAT0163""]",directional sign not same as exposure scaling
FEAT0164,volatility_conditioned_trend,Trend adjusted by volatility state — TREND126_RV20_CONT,"trend_t = sign(TR_CLOSE_t / TR_CLOSE[t-126] - 1) ; rv_t = sqrt(252)*std(log_return, 20) ; rv_z_t = expanding_zscore(rv_t, minimum=252) ; score_t = trend_t * (1 if rv_z_t > 1.0 else 1)","[""DS002"", ""DS001""]",253,daily decision / source-native updates carried causally,after SPY regular-session close t and after every non-price input release_time <= close_t,source-specific release lag; decision only after release_time <= close_t,expanding z-score using observations through t only,"Do not backfill from the future. Within source-specific staleness limits, carry forward only a value already released; otherwise preserve the previous +1/-1 position.",253,"All macro, survey, positioning and revised-index inputs require vintage/release timestamps; price data require action-consistent history.",114ba5fa280059ce9cdc4b3ba5718df2ecf76323a50e90ca5dcba5af1e6234fa,"[""SRC0020"", ""SRC0021"", ""SRC0022"", ""SRC0051"", ""SRC0052"", ""SRC0053""]","[""STRAT0164""]",directional sign not same as exposure scaling
FEAT0165,volatility_conditioned_trend,Trend adjusted by volatility state — TREND252_RV20_CONT,"trend_t = sign(TR_CLOSE_t / TR_CLOSE[t-252] - 1) ; rv_t = sqrt(252)*std(log_return, 20) ; rv_z_t = expanding_zscore(rv_t, minimum=252) ; score_t = trend_t * (1 if rv_z_t > 1.0 else 1)","[""DS002"", ""DS001""]",253,daily decision / source-native updates carried causally,after SPY regular-session close t and after every non-price input release_time <= close_t,source-specific release lag; decision only after release_time <= close_t,expanding z-score using observations through t only,"Do not backfill from the future. Within source-specific staleness limits, carry forward only a value already released; otherwise preserve the previous +1/-1 position.",253,"All macro, survey, positioning and revised-index inputs require vintage/release timestamps; price data require action-consistent history.",107c6207d19baf36285f8e8dafc728a61acc58444ff1593b26da377896a7d8ac,"[""SRC0020"", ""SRC0021"", ""SRC0022"", ""SRC0051"", ""SRC0052"", ""SRC0053""]","[""STRAT0165""]",directional sign not same as exposure scaling
FEAT0166,volatility_conditioned_trend,Trend adjusted by volatility state — TREND63_RV63_REV,"trend_t = sign(TR_CLOSE_t / TR_CLOSE[t-63] - 1) ; rv_t = sqrt(252)*std(log_return, 63) ; rv_z_t = expanding_zscore(rv_t, minimum=252) ; score_t = trend_t * (-1 if rv_z_t > 1.0 else 1)","[""DS002"", ""DS001""]",253,daily decision / source-native updates carried causally,after SPY regular-session close t and after every non-price input release_time <= close_t,source-specific release lag; decision only after release_time <= close_t,expanding z-score using observations through t only,"Do not backfill from the future. Within source-specific staleness limits, carry forward only a value already released; otherwise preserve the previous +1/-1 position.",253,"All macro, survey, positioning and revised-index inputs require vintage/release timestamps; price data require action-consistent history.",9465cd7b29f1282990da53f572fe3bf6451cf1a8dae89d4ce3da31e52aa5fd9e,"[""SRC0020"", ""SRC0021"", ""SRC0022"", ""SRC0051"", ""SRC0052"", ""SRC0053""]","[""STRAT0166""]",directional sign not same as exposure scaling
FEAT0167,volatility_conditioned_trend,Trend adjusted by volatility state — TREND126_RV63_REV,"trend_t = sign(TR_CLOSE_t / TR_CLOSE[t-126] - 1) ; rv_t = sqrt(252)*std(log_return, 63) ; rv_z_t = expanding_zscore(rv_t, minimum=252) ; score_t = trend_t * (-1 if rv_z_t > 1.0 else 1)","[""DS002"", ""DS001""]",253,daily decision / source-native updates carried causally,after SPY regular-session close t and after every non-price input release_time <= close_t,source-specific release lag; decision only after release_time <= close_t,expanding z-score using observations through t only,"Do not backfill from the future. Within source-specific staleness limits, carry forward only a value already released; otherwise preserve the previous +1/-1 position.",253,"All macro, survey, positioning and revised-index inputs require vintage/release timestamps; price data require action-consistent history.",7ff496f9950dcb52a44b7527743337f440fcf3d7c3262e7b35ef4cc202097643,"[""SRC0020"", ""SRC0021"", ""SRC0022"", ""SRC0051"", ""SRC0052"", ""SRC0053""]","[""STRAT0167""]",directional sign not same as exposure scaling
FEAT0168,volatility_conditioned_trend,Trend adjusted by volatility state — TREND252_RV63_REV,"trend_t = sign(TR_CLOSE_t / TR_CLOSE[t-252] - 1) ; rv_t = sqrt(252)*std(log_return, 63) ; rv_z_t = expanding_zscore(rv_t, minimum=252) ; score_t = trend_t * (-1 if rv_z_t > 1.0 else 1)","[""DS002"", ""DS001""]",253,daily decision / source-native updates carried causally,after SPY regular-session close t and after every non-price input release_time <= close_t,source-specific release lag; decision only after release_time <= close_t,expanding z-score using observations through t only,"Do not backfill from the future. Within source-specific staleness limits, carry forward only a value already released; otherwise preserve the previous +1/-1 position.",253,"All macro, survey, positioning and revised-index inputs require vintage/release timestamps; price data require action-consistent history.",8ac55433a65ebb0f12eed22583e05fa01c05eada9bc69804d382d41bccad9d76,"[""SRC0020"", ""SRC0021"", ""SRC0022"", ""SRC0051"", ""SRC0052"", ""SRC0053""]","[""STRAT0168""]",directional sign not same as exposure scaling
