source_id,authors,title,publication_year,publication_date_if_known,direct_url,doi,source_type,peer_reviewed,period_tested,universe,data_used,frequency,signal_definition,execution_assumption,published_cost_assumption,published_results,out_of_sample_evidence,independent_replication,daily_replication_possible,available_before_2011,lookahead_risk,survivorship_risk,revision_risk,data_mining_risk,parameter_count,evidence_quality,usefulness_for_plus_minus_one,decision,decision_reason,study_claim,model_inference,unverified_items,evidence_track,research_family,primary_source,verification_status,canonical_key,verification_method,verification_source_url,verified_on,metadata_correction_note,claim_extraction_status
SRC0001,William Brock; Josef Lakonishok; Blake LeBaron,Simple Technical Trading Rules and the Stochastic Properties of Stock Returns,1992,,https://doi.org/10.1111/j.1540-6261.1992.tb04681.x,10.1111/j.1540-6261.1992.tb04681.x,journal_article,true,Daily to monthly market data; see original paper.,"Equity indexes, stocks or liquid futures.","Prices, returns and technical transforms.",daily_or_monthly,"Moving-average, filter or breakout signal.",Paper-specific; Aurora does not assume equivalence to close-t decision and next-open t+1 execution.,Paper-specific; not imported. Aurora headline costs are fixed at zero by the user.,Reports conditional return-distribution differences for moving-average and trading-range-break rules on the DJIA.,See original source; explicit OOS is recorded in the synthesis for priority papers.,Mixed or not fully re-extracted; related replications and contradictions are registered separately.,yes_or_transformable_with_causal_asof_join,true,low_to_medium,low_to_medium,low,high,paper_specific,high,high,include_candidate_or_feature_evidence,"Retained only as hypothesis, feature, negative control or validation method; no published return is treated as an Aurora result.",Reports conditional return-distribution differences for moving-average and trading-range-break rules on the DJIA.,"Only deterministic, causal, zero-cost +1/-1 translations explicitly listed in candidate_strategy_pack.jsonl are permitted.","Unless stated in research_synthesis.md: exact sample endpoints, coefficients, transaction costs, execution timing and standalone SPY transfer.",pre_2011_evidence,price_trend_and_moving_averages,true,verified_bibliographic_identity_exact,doi:10.1111/j.1540-6261.1992.tb04681.x,publisher_or_primary_repository_metadata_crosscheck,https://doi.org/10.1111/j.1540-6261.1992.tb04681.x,2026-08-03,No metadata correction required in the final audit.,bibliographic_identity_verified; quantitative results not independently replicated in this package
SRC0002,Ryan Sullivan; Allan Timmermann; Halbert White,"Data-Snooping, Technical Trading Rule Performance, and the Bootstrap",1999,,https://doi.org/10.1111/0022-1082.00163,10.1111/0022-1082.00163,journal_article,true,Daily to monthly market data; see original paper.,"Equity indexes, stocks or liquid futures.","Prices, returns and technical transforms.",daily_or_monthly,"Moving-average, filter or breakout signal.",Paper-specific; Aurora does not assume equivalence to close-t decision and next-open t+1 execution.,Paper-specific; not imported. Aurora headline costs are fixed at zero by the user.,Shows that inference about the best technical rule must account for the full searched rule universe.,See original source; explicit OOS is recorded in the synthesis for priority papers.,Mixed or not fully re-extracted; related replications and contradictions are registered separately.,yes_or_transformable_with_causal_asof_join,true,low_to_medium,low_to_medium,low,high,paper_specific,high,high,include_candidate_or_feature_evidence,"Retained only as hypothesis, feature, negative control or validation method; no published return is treated as an Aurora result.",Shows that inference about the best technical rule must account for the full searched rule universe.,"Only deterministic, causal, zero-cost +1/-1 translations explicitly listed in candidate_strategy_pack.jsonl are permitted.","Unless stated in research_synthesis.md: exact sample endpoints, coefficients, transaction costs, execution timing and standalone SPY transfer.",pre_2011_evidence,price_trend_and_moving_averages,true,verified_bibliographic_identity_exact,doi:10.1111/0022-1082.00163,publisher_or_primary_repository_metadata_crosscheck,https://doi.org/10.1111/0022-1082.00163,2026-08-03,No metadata correction required in the final audit.,bibliographic_identity_verified; quantitative results not independently replicated in this package
SRC0003,Andrew W. Lo; Harry Mamaysky; Jiang Wang,"Foundations of Technical Analysis: Computational Algorithms, Statistical Inference, and Empirical Implementation",2000,,https://doi.org/10.1111/0022-1082.00265,10.1111/0022-1082.00265,journal_article,true,Daily to monthly market data; see original paper.,"Equity indexes, stocks or liquid futures.","Prices, returns and technical transforms.",daily_or_monthly,"Moving-average, filter or breakout signal.",Paper-specific; Aurora does not assume equivalence to close-t decision and next-open t+1 execution.,Paper-specific; not imported. Aurora headline costs are fixed at zero by the user.,Bibliographic identity and relevance were checked; exact coefficients and sample endpoints were not re-extracted for this lower-priority record.,See original source; explicit OOS is recorded in the synthesis for priority papers.,Mixed or not fully re-extracted; related replications and contradictions are registered separately.,yes_or_transformable_with_causal_asof_join,true,low_to_medium,low_to_medium,low,high,paper_specific,high,high,include_candidate_or_feature_evidence,"Retained only as hypothesis, feature, negative control or validation method; no published return is treated as an Aurora result.",Bibliographic identity and relevance were checked; exact coefficients and sample endpoints were not re-extracted for this lower-priority record.,"Only deterministic, causal, zero-cost +1/-1 translations explicitly listed in candidate_strategy_pack.jsonl are permitted.","Unless stated in research_synthesis.md: exact sample endpoints, coefficients, transaction costs, execution timing and standalone SPY transfer.",pre_2011_evidence,price_trend_and_moving_averages,true,verified_bibliographic_identity_exact,doi:10.1111/0022-1082.00265,publisher_or_primary_repository_metadata_crosscheck,https://doi.org/10.1111/0022-1082.00265,2026-08-03,No metadata correction required in the final audit.,bibliographic_identity_verified; quantitative results not independently replicated in this package
SRC0004,Franklin Allen; Risto Karjalainen,Using Genetic Algorithms to Find Technical Trading Rules,1999,,https://doi.org/10.1016/S0304-405X(98)00052-X,10.1016/S0304-405X(98)00052-X,journal_article,true,Daily to monthly market data; see original paper.,"Equity indexes, stocks or liquid futures.","Prices, returns and technical transforms.",daily_or_monthly,"Moving-average, filter or breakout signal.",Paper-specific; Aurora does not assume equivalence to close-t decision and next-open t+1 execution.,Paper-specific; not imported. Aurora headline costs are fixed at zero by the user.,Bibliographic identity and relevance were checked; exact coefficients and sample endpoints were not re-extracted for this lower-priority record.,See original source; explicit OOS is recorded in the synthesis for priority papers.,Mixed or not fully re-extracted; related replications and contradictions are registered separately.,yes_or_transformable_with_causal_asof_join,true,low_to_medium,low_to_medium,low,high,paper_specific,high,high,include_candidate_or_feature_evidence,"Retained only as hypothesis, feature, negative control or validation method; no published return is treated as an Aurora result.",Bibliographic identity and relevance were checked; exact coefficients and sample endpoints were not re-extracted for this lower-priority record.,"Only deterministic, causal, zero-cost +1/-1 translations explicitly listed in candidate_strategy_pack.jsonl are permitted.","Unless stated in research_synthesis.md: exact sample endpoints, coefficients, transaction costs, execution timing and standalone SPY transfer.",pre_2011_evidence,price_trend_and_moving_averages,true,verified_bibliographic_identity_exact,doi:10.1016/s0304-405x(98)00052-x,publisher_or_primary_repository_metadata_crosscheck,https://doi.org/10.1016/S0304-405X(98)00052-X,2026-08-03,No metadata correction required in the final audit.,bibliographic_identity_verified; quantitative results not independently replicated in this package
SRC0005,Mark J. Ready,Profits from Technical Trading Rules,2002,,https://doi.org/10.2307/3666314,10.2307/3666314,journal_article,true,Daily to monthly market data; see original paper.,"Equity indexes, stocks or liquid futures.","Prices, returns and technical transforms.",daily_or_monthly,"Moving-average, filter or breakout signal.",Paper-specific; Aurora does not assume equivalence to close-t decision and next-open t+1 execution.,Paper-specific; not imported. Aurora headline costs are fixed at zero by the user.,Bibliographic identity and relevance were checked; exact coefficients and sample endpoints were not re-extracted for this lower-priority record.,See original source; explicit OOS is recorded in the synthesis for priority papers.,Mixed or not fully re-extracted; related replications and contradictions are registered separately.,yes_or_transformable_with_causal_asof_join,true,low_to_medium,low_to_medium,low,high,paper_specific,high,high,include_candidate_or_feature_evidence,"Retained only as hypothesis, feature, negative control or validation method; no published return is treated as an Aurora result.",Bibliographic identity and relevance were checked; exact coefficients and sample endpoints were not re-extracted for this lower-priority record.,"Only deterministic, causal, zero-cost +1/-1 translations explicitly listed in candidate_strategy_pack.jsonl are permitted.","Unless stated in research_synthesis.md: exact sample endpoints, coefficients, transaction costs, execution timing and standalone SPY transfer.",pre_2011_evidence,price_trend_and_moving_averages,true,verified_bibliographic_identity_exact,doi:10.2307/3666314,publisher_or_primary_repository_metadata_crosscheck,https://doi.org/10.2307/3666314,2026-08-03,Corrected JSTOR identifier; the prior identifier belonged to another article.,bibliographic_identity_verified; quantitative results not independently replicated in this package
SRC0006,Hendrik Bessembinder; Kalok Chan,The Profitability of Technical Trading Rules in the Asian Stock Markets,1995,,https://doi.org/10.1016/0927-538X(95)00002-3,10.1016/0927-538X(95)00002-3,journal_article,true,Daily to monthly market data; see original paper.,"Equity indexes, stocks or liquid futures.","Prices, returns and technical transforms.",daily_or_monthly,"Moving-average, filter or breakout signal.",Paper-specific; Aurora does not assume equivalence to close-t decision and next-open t+1 execution.,Paper-specific; not imported. Aurora headline costs are fixed at zero by the user.,Bibliographic identity and relevance were checked; exact coefficients and sample endpoints were not re-extracted for this lower-priority record.,See original source; explicit OOS is recorded in the synthesis for priority papers.,Mixed or not fully re-extracted; related replications and contradictions are registered separately.,yes_or_transformable_with_causal_asof_join,true,low_to_medium,low_to_medium,low,high,paper_specific,high,high,include_candidate_or_feature_evidence,"Retained only as hypothesis, feature, negative control or validation method; no published return is treated as an Aurora result.",Bibliographic identity and relevance were checked; exact coefficients and sample endpoints were not re-extracted for this lower-priority record.,"Only deterministic, causal, zero-cost +1/-1 translations explicitly listed in candidate_strategy_pack.jsonl are permitted.","Unless stated in research_synthesis.md: exact sample endpoints, coefficients, transaction costs, execution timing and standalone SPY transfer.",pre_2011_evidence,price_trend_and_moving_averages,true,verified_bibliographic_identity_exact,doi:10.1016/0927-538x(95)00002-3,publisher_or_primary_repository_metadata_crosscheck,https://doi.org/10.1016/0927-538X(95)00002-3,2026-08-03,No metadata correction required in the final audit.,bibliographic_identity_verified; quantitative results not independently replicated in this package
SRC0007,Hendrik Bessembinder; Kalok Chan,Market Efficiency and the Returns to Technical Analysis,1998,,https://doi.org/10.2307/3666289,10.2307/3666289,journal_article,true,Daily to monthly market data; see original paper.,"Equity indexes, stocks or liquid futures.","Prices, returns and technical transforms.",daily_or_monthly,"Moving-average, filter or breakout signal.",Paper-specific; Aurora does not assume equivalence to close-t decision and next-open t+1 execution.,Paper-specific; not imported. Aurora headline costs are fixed at zero by the user.,Bibliographic identity and relevance were checked; exact coefficients and sample endpoints were not re-extracted for this lower-priority record.,See original source; explicit OOS is recorded in the synthesis for priority papers.,Mixed or not fully re-extracted; related replications and contradictions are registered separately.,yes_or_transformable_with_causal_asof_join,true,low_to_medium,low_to_medium,low,high,paper_specific,high,high,include_candidate_or_feature_evidence,"Retained only as hypothesis, feature, negative control or validation method; no published return is treated as an Aurora result.",Bibliographic identity and relevance were checked; exact coefficients and sample endpoints were not re-extracted for this lower-priority record.,"Only deterministic, causal, zero-cost +1/-1 translations explicitly listed in candidate_strategy_pack.jsonl are permitted.","Unless stated in research_synthesis.md: exact sample endpoints, coefficients, transaction costs, execution timing and standalone SPY transfer.",pre_2011_evidence,price_trend_and_moving_averages,true,verified_bibliographic_identity_exact,doi:10.2307/3666289,publisher_or_primary_repository_metadata_crosscheck,https://doi.org/10.2307/3666289,2026-08-03,No metadata correction required in the final audit.,bibliographic_identity_verified; quantitative results not independently replicated in this package
SRC0008,Ramazan Gençay; Thanasis Stengos,"Moving Average Rules, Volume and the Predictability of Security Returns with Feedforward Networks",1998,,https://doi.org/10.1002/(SICI)1099-131X(1998090)17:5/6%3C401::AID-FOR704%3E3.0.CO;2-C,10.1002/(SICI)1099-131X(1998090)17:5/6<401::AID-FOR704>3.0.CO;2-C,journal_article,true,Daily to monthly market data; see original paper.,"Equity indexes, stocks or liquid futures.","Prices, returns and technical transforms.",daily_or_monthly,"Moving-average, filter or breakout signal.",Paper-specific; Aurora does not assume equivalence to close-t decision and next-open t+1 execution.,Paper-specific; not imported. Aurora headline costs are fixed at zero by the user.,Bibliographic identity and relevance were checked; exact coefficients and sample endpoints were not re-extracted for this lower-priority record.,See original source; explicit OOS is recorded in the synthesis for priority papers.,Mixed or not fully re-extracted; related replications and contradictions are registered separately.,yes_or_transformable_with_causal_asof_join,true,low_to_medium,low_to_medium,low,high,paper_specific,high,high,include_candidate_or_feature_evidence,"Retained only as hypothesis, feature, negative control or validation method; no published return is treated as an Aurora result.",Bibliographic identity and relevance were checked; exact coefficients and sample endpoints were not re-extracted for this lower-priority record.,"Only deterministic, causal, zero-cost +1/-1 translations explicitly listed in candidate_strategy_pack.jsonl are permitted.","Unless stated in research_synthesis.md: exact sample endpoints, coefficients, transaction costs, execution timing and standalone SPY transfer.",pre_2011_evidence,price_trend_and_moving_averages,true,verified_bibliographic_identity_exact,doi:10.1002/(sici)1099-131x(1998090)17:5/6<401::aid-for704>3.0.co;2-c,publisher_or_primary_repository_metadata_crosscheck,https://doi.org/10.1002/(SICI)1099-131X(1998090)17:5/6%3C401::AID-FOR704%3E3.0.CO;2-C,2026-08-03,direct_url: https://doi.org/10.1002/(SICI)1099-131X(1998090)17:5/6<401::AID-FOR704>3.0.CO;2-C -> https://doi.org/10.1002/(SICI)1099-131X(1998090)17:5/6%3C401::AID-FOR704%3E3.0.CO;2-C | Added the coauthor shown in the publisher record.,bibliographic_identity_verified; quantitative results not independently replicated in this package
SRC0009,Stephen Brown; Robert Jennings,On Technical Analysis,1989,,https://doi.org/10.1093/rfs/2.4.527,10.1093/rfs/2.4.527,journal_article,true,Daily to monthly market data; see original paper.,"Equity indexes, stocks or liquid futures.","Prices, returns and technical transforms.",daily_or_monthly,"Moving-average, filter or breakout signal.",Paper-specific; Aurora does not assume equivalence to close-t decision and next-open t+1 execution.,Paper-specific; not imported. Aurora headline costs are fixed at zero by the user.,Bibliographic identity and relevance were checked; exact coefficients and sample endpoints were not re-extracted for this lower-priority record.,See original source; explicit OOS is recorded in the synthesis for priority papers.,Mixed or not fully re-extracted; related replications and contradictions are registered separately.,yes_or_transformable_with_causal_asof_join,true,low_to_medium,low_to_medium,low,high,paper_specific,high,high,include_candidate_or_feature_evidence,"Retained only as hypothesis, feature, negative control or validation method; no published return is treated as an Aurora result.",Bibliographic identity and relevance were checked; exact coefficients and sample endpoints were not re-extracted for this lower-priority record.,"Only deterministic, causal, zero-cost +1/-1 translations explicitly listed in candidate_strategy_pack.jsonl are permitted.","Unless stated in research_synthesis.md: exact sample endpoints, coefficients, transaction costs, execution timing and standalone SPY transfer.",pre_2011_evidence,price_trend_and_moving_averages,true,verified_bibliographic_identity_exact,doi:10.1093/rfs/2.4.527,publisher_or_primary_repository_metadata_crosscheck,https://doi.org/10.1093/rfs/2.4.527,2026-08-03,No metadata correction required in the final audit.,bibliographic_identity_verified; quantitative results not independently replicated in this package
SRC0010,Richard J. Sweeney,Some New Filter Rule Tests: Methods and Results,1988,,https://doi.org/10.2307/2331068,10.2307/2331068,journal_article,true,Daily to monthly market data; see original paper.,"Equity indexes, stocks or liquid futures.","Prices, returns and technical transforms.",daily_or_monthly,"Moving-average, filter or breakout signal.",Paper-specific; Aurora does not assume equivalence to close-t decision and next-open t+1 execution.,Paper-specific; not imported. Aurora headline costs are fixed at zero by the user.,Bibliographic identity and relevance were checked; exact coefficients and sample endpoints were not re-extracted for this lower-priority record.,See original source; explicit OOS is recorded in the synthesis for priority papers.,Mixed or not fully re-extracted; related replications and contradictions are registered separately.,yes_or_transformable_with_causal_asof_join,true,low_to_medium,low_to_medium,low,high,paper_specific,high,high,include_candidate_or_feature_evidence,"Retained only as hypothesis, feature, negative control or validation method; no published return is treated as an Aurora result.",Bibliographic identity and relevance were checked; exact coefficients and sample endpoints were not re-extracted for this lower-priority record.,"Only deterministic, causal, zero-cost +1/-1 translations explicitly listed in candidate_strategy_pack.jsonl are permitted.","Unless stated in research_synthesis.md: exact sample endpoints, coefficients, transaction costs, execution timing and standalone SPY transfer.",pre_2011_evidence,price_trend_and_moving_averages,true,verified_bibliographic_identity_exact,doi:10.2307/2331068,publisher_or_primary_repository_metadata_crosscheck,https://doi.org/10.2307/2331068,2026-08-03,Corrected to the exact JFQA/JSTOR article record.,bibliographic_identity_verified; quantitative results not independently replicated in this package
SRC0011,Richard M. Levich; Lee R. Thomas III,The Significance of Technical Trading-Rule Profits in the Foreign Exchange Market: A Bootstrap Approach,1993,,https://doi.org/10.1016/0261-5606(93)90034-9,10.1016/0261-5606(93)90034-9,journal_article,true,Daily to monthly market data; see original paper.,"Equity indexes, stocks or liquid futures.","Prices, returns and technical transforms.",daily_or_monthly,"Moving-average, filter or breakout signal.",Paper-specific; Aurora does not assume equivalence to close-t decision and next-open t+1 execution.,Paper-specific; not imported. Aurora headline costs are fixed at zero by the user.,Bibliographic identity and relevance were checked; exact coefficients and sample endpoints were not re-extracted for this lower-priority record.,See original source; explicit OOS is recorded in the synthesis for priority papers.,Mixed or not fully re-extracted; related replications and contradictions are registered separately.,yes_or_transformable_with_causal_asof_join,true,low_to_medium,low_to_medium,low,high,paper_specific,high,high,include_candidate_or_feature_evidence,"Retained only as hypothesis, feature, negative control or validation method; no published return is treated as an Aurora result.",Bibliographic identity and relevance were checked; exact coefficients and sample endpoints were not re-extracted for this lower-priority record.,"Only deterministic, causal, zero-cost +1/-1 translations explicitly listed in candidate_strategy_pack.jsonl are permitted.","Unless stated in research_synthesis.md: exact sample endpoints, coefficients, transaction costs, execution timing and standalone SPY transfer.",pre_2011_evidence,price_trend_and_moving_averages,true,verified_bibliographic_identity_exact,doi:10.1016/0261-5606(93)90034-9,publisher_or_primary_repository_metadata_crosscheck,https://doi.org/10.1016/0261-5606(93)90034-9,2026-08-03,No metadata correction required in the final audit.,bibliographic_identity_verified; quantitative results not independently replicated in this package
SRC0012,Christopher J. Neely; Paul A. Weller; Rob Dittmar,Is Technical Analysis in the Foreign Exchange Market Profitable? A Genetic Programming Approach,1997,,https://doi.org/10.2307/2331231,10.2307/2331231,journal_article,true,Daily to monthly market data; see original paper.,"Equity indexes, stocks or liquid futures.","Prices, returns and technical transforms.",daily_or_monthly,"Moving-average, filter or breakout signal.",Paper-specific; Aurora does not assume equivalence to close-t decision and next-open t+1 execution.,Paper-specific; not imported. Aurora headline costs are fixed at zero by the user.,Bibliographic identity and relevance were checked; exact coefficients and sample endpoints were not re-extracted for this lower-priority record.,See original source; explicit OOS is recorded in the synthesis for priority papers.,Mixed or not fully re-extracted; related replications and contradictions are registered separately.,yes_or_transformable_with_causal_asof_join,true,low_to_medium,low_to_medium,low,high,paper_specific,high,high,include_candidate_or_feature_evidence,"Retained only as hypothesis, feature, negative control or validation method; no published return is treated as an Aurora result.",Bibliographic identity and relevance were checked; exact coefficients and sample endpoints were not re-extracted for this lower-priority record.,"Only deterministic, causal, zero-cost +1/-1 translations explicitly listed in candidate_strategy_pack.jsonl are permitted.","Unless stated in research_synthesis.md: exact sample endpoints, coefficients, transaction costs, execution timing and standalone SPY transfer.",pre_2011_evidence,price_trend_and_moving_averages,true,verified_bibliographic_identity_exact,doi:10.2307/2331231,publisher_or_primary_repository_metadata_crosscheck,https://doi.org/10.2307/2331231,2026-08-03,No metadata correction required in the final audit.,bibliographic_identity_verified; quantitative results not independently replicated in this package
SRC0013,Bong-Chan Kho,"Time-Varying Risk Premia, Volatility, and Technical Trading Rule Profits: Evidence from Foreign Currency Futures Markets",1996,,https://doi.org/10.1016/0304-405X(95)00861-8,10.1016/0304-405X(95)00861-8,journal_article,true,Daily to monthly market data; see original paper.,"Equity indexes, stocks or liquid futures.","Prices, returns and technical transforms.",daily_or_monthly,"Moving-average, filter or breakout signal.",Paper-specific; Aurora does not assume equivalence to close-t decision and next-open t+1 execution.,Paper-specific; not imported. Aurora headline costs are fixed at zero by the user.,Bibliographic identity and relevance were checked; exact coefficients and sample endpoints were not re-extracted for this lower-priority record.,See original source; explicit OOS is recorded in the synthesis for priority papers.,Mixed or not fully re-extracted; related replications and contradictions are registered separately.,yes_or_transformable_with_causal_asof_join,true,low_to_medium,low_to_medium,low,high,paper_specific,high,high,include_candidate_or_feature_evidence,"Retained only as hypothesis, feature, negative control or validation method; no published return is treated as an Aurora result.",Bibliographic identity and relevance were checked; exact coefficients and sample endpoints were not re-extracted for this lower-priority record.,"Only deterministic, causal, zero-cost +1/-1 translations explicitly listed in candidate_strategy_pack.jsonl are permitted.","Unless stated in research_synthesis.md: exact sample endpoints, coefficients, transaction costs, execution timing and standalone SPY transfer.",pre_2011_evidence,price_trend_and_moving_averages,true,verified_bibliographic_identity_exact,doi:10.1016/0304-405x(95)00861-8,publisher_or_primary_repository_metadata_crosscheck,https://doi.org/10.1016/0304-405X(95)00861-8,2026-08-03,No metadata correction required in the final audit.,bibliographic_identity_verified; quantitative results not independently replicated in this package
SRC0014,Dennis Olson,Have Trading Rule Profits in the Currency Markets Declined over Time?,2004,,https://doi.org/10.1016/S0378-4266(02)00399-0,10.1016/S0378-4266(02)00399-0,journal_article,true,Daily to monthly market data; see original paper.,"Equity indexes, stocks or liquid futures.","Prices, returns and technical transforms.",daily_or_monthly,"Moving-average, filter or breakout signal.",Paper-specific; Aurora does not assume equivalence to close-t decision and next-open t+1 execution.,Paper-specific; not imported. Aurora headline costs are fixed at zero by the user.,Bibliographic identity and relevance were checked; exact coefficients and sample endpoints were not re-extracted for this lower-priority record.,See original source; explicit OOS is recorded in the synthesis for priority papers.,Mixed or not fully re-extracted; related replications and contradictions are registered separately.,yes_or_transformable_with_causal_asof_join,true,low_to_medium,low_to_medium,low,high,paper_specific,high,high,include_candidate_or_feature_evidence,"Retained only as hypothesis, feature, negative control or validation method; no published return is treated as an Aurora result.",Bibliographic identity and relevance were checked; exact coefficients and sample endpoints were not re-extracted for this lower-priority record.,"Only deterministic, causal, zero-cost +1/-1 translations explicitly listed in candidate_strategy_pack.jsonl are permitted.","Unless stated in research_synthesis.md: exact sample endpoints, coefficients, transaction costs, execution timing and standalone SPY transfer.",pre_2011_evidence,price_trend_and_moving_averages,true,verified_bibliographic_identity_exact,doi:10.1016/s0378-4266(02)00399-0,publisher_or_primary_repository_metadata_crosscheck,https://doi.org/10.1016/S0378-4266(02)00399-0,2026-08-03,Corrected the ScienceDirect article identifier.,bibliographic_identity_verified; quantitative results not independently replicated in this package
SRC0015,Po-Hsuan Hsu; Yu-Chin Hsu; Chung-Ming Kuan,Testing the Predictive Ability of Technical Analysis Using a New Stepwise Test without Data Snooping Bias,2010,,https://doi.org/10.1016/j.jempfin.2010.01.001,10.1016/j.jempfin.2010.01.001,journal_article,true,Daily to monthly market data; see original paper.,"Equity indexes, stocks or liquid futures.","Prices, returns and technical transforms.",daily_or_monthly,"Moving-average, filter or breakout signal.",Paper-specific; Aurora does not assume equivalence to close-t decision and next-open t+1 execution.,Paper-specific; not imported. Aurora headline costs are fixed at zero by the user.,Bibliographic identity and relevance were checked; exact coefficients and sample endpoints were not re-extracted for this lower-priority record.,See original source; explicit OOS is recorded in the synthesis for priority papers.,Mixed or not fully re-extracted; related replications and contradictions are registered separately.,yes_or_transformable_with_causal_asof_join,true,low_to_medium,low_to_medium,low,high,paper_specific,high,high,include_candidate_or_feature_evidence,"Retained only as hypothesis, feature, negative control or validation method; no published return is treated as an Aurora result.",Bibliographic identity and relevance were checked; exact coefficients and sample endpoints were not re-extracted for this lower-priority record.,"Only deterministic, causal, zero-cost +1/-1 translations explicitly listed in candidate_strategy_pack.jsonl are permitted.","Unless stated in research_synthesis.md: exact sample endpoints, coefficients, transaction costs, execution timing and standalone SPY transfer.",pre_2011_evidence,price_trend_and_moving_averages,true,verified_bibliographic_identity_exact,doi:10.1016/j.jempfin.2010.01.001,publisher_or_primary_repository_metadata_crosscheck,https://doi.org/10.1016/j.jempfin.2010.01.001,2026-08-03,Corrected the Journal of Empirical Finance DOI.,bibliographic_identity_verified; quantitative results not independently replicated in this package
SRC0016,Cheol-Ho Park; Scott H. Irwin,A Reality Check on Technical Trading Rule Profits in the U.S. Futures Markets,2010,,https://doi.org/10.1002/fut.20435,10.1002/fut.20435,journal_article,true,Daily to monthly market data; see original paper.,"Equity indexes, stocks or liquid futures.","Prices, returns and technical transforms.",daily_or_monthly,"Moving-average, filter or breakout signal.",Paper-specific; Aurora does not assume equivalence to close-t decision and next-open t+1 execution.,Paper-specific; not imported. Aurora headline costs are fixed at zero by the user.,Bibliographic identity and relevance were checked; exact coefficients and sample endpoints were not re-extracted for this lower-priority record.,See original source; explicit OOS is recorded in the synthesis for priority papers.,Mixed or not fully re-extracted; related replications and contradictions are registered separately.,yes_or_transformable_with_causal_asof_join,true,low_to_medium,low_to_medium,low,high,paper_specific,high,high,include_candidate_or_feature_evidence,"Retained only as hypothesis, feature, negative control or validation method; no published return is treated as an Aurora result.",Bibliographic identity and relevance were checked; exact coefficients and sample endpoints were not re-extracted for this lower-priority record.,"Only deterministic, causal, zero-cost +1/-1 translations explicitly listed in candidate_strategy_pack.jsonl are permitted.","Unless stated in research_synthesis.md: exact sample endpoints, coefficients, transaction costs, execution timing and standalone SPY transfer.",pre_2011_evidence,price_trend_and_moving_averages,true,verified_bibliographic_identity_exact,doi:10.1002/fut.20435,publisher_or_primary_repository_metadata_crosscheck,https://doi.org/10.1002/fut.20435,2026-08-03,No metadata correction required in the final audit.,bibliographic_identity_verified; quantitative results not independently replicated in this package
SRC0017,Pierre Bajgrowicz; Olivier Scaillet,"Technical Trading Revisited: False Discoveries, Persistence Tests, and Transaction Costs",2012,,https://doi.org/10.1016/j.jfineco.2012.06.001,10.1016/j.jfineco.2012.06.001,journal_article,true,Daily to monthly market data; see original paper.,"Equity indexes, stocks or liquid futures.","Prices, returns and technical transforms.",daily_or_monthly,"Moving-average, filter or breakout signal.",Paper-specific; Aurora does not assume equivalence to close-t decision and next-open t+1 execution.,Paper-specific; not imported. Aurora headline costs are fixed at zero by the user.,Bibliographic identity and relevance were checked; exact coefficients and sample endpoints were not re-extracted for this lower-priority record.,See original source; explicit OOS is recorded in the synthesis for priority papers.,Mixed or not fully re-extracted; related replications and contradictions are registered separately.,yes_or_transformable_with_causal_asof_join,false,low_to_medium,low_to_medium,low,high,paper_specific,high,high,include_candidate_or_feature_evidence,"Retained only as hypothesis, feature, negative control or validation method; no published return is treated as an Aurora result.",Bibliographic identity and relevance were checked; exact coefficients and sample endpoints were not re-extracted for this lower-priority record.,"Only deterministic, causal, zero-cost +1/-1 translations explicitly listed in candidate_strategy_pack.jsonl are permitted.","Unless stated in research_synthesis.md: exact sample endpoints, coefficients, transaction costs, execution timing and standalone SPY transfer.",post_2010_research,price_trend_and_moving_averages,true,verified_bibliographic_identity_exact,doi:10.1016/j.jfineco.2012.06.001,publisher_or_primary_repository_metadata_crosscheck,https://doi.org/10.1016/j.jfineco.2012.06.001,2026-08-03,Corrected the Journal of Financial Economics DOI.,bibliographic_identity_verified; quantitative results not independently replicated in this package
SRC0018,Yufeng Han; Ke Yang; Guofu Zhou,A New Anomaly: The Cross-Sectional Profitability of Technical Analysis,2013,,https://doi.org/10.1017/S0022109013000586,10.1017/S0022109013000586,journal_article,true,Daily to monthly market data; see original paper.,"Equity indexes, stocks or liquid futures.","Prices, returns and technical transforms.",daily_or_monthly,"Moving-average, filter or breakout signal.",Paper-specific; Aurora does not assume equivalence to close-t decision and next-open t+1 execution.,Paper-specific; not imported. Aurora headline costs are fixed at zero by the user.,Bibliographic identity and relevance were checked; exact coefficients and sample endpoints were not re-extracted for this lower-priority record.,See original source; explicit OOS is recorded in the synthesis for priority papers.,Mixed or not fully re-extracted; related replications and contradictions are registered separately.,yes_or_transformable_with_causal_asof_join,false,low_to_medium,low_to_medium,low,high,paper_specific,high,high,include_candidate_or_feature_evidence,"Retained only as hypothesis, feature, negative control or validation method; no published return is treated as an Aurora result.",Bibliographic identity and relevance were checked; exact coefficients and sample endpoints were not re-extracted for this lower-priority record.,"Only deterministic, causal, zero-cost +1/-1 translations explicitly listed in candidate_strategy_pack.jsonl are permitted.","Unless stated in research_synthesis.md: exact sample endpoints, coefficients, transaction costs, execution timing and standalone SPY transfer.",post_2010_research,price_trend_and_moving_averages,true,verified_bibliographic_identity_exact,doi:10.1017/s0022109013000586,publisher_or_primary_repository_metadata_crosscheck,https://doi.org/10.1017/S0022109013000586,2026-08-03,No metadata correction required in the final audit.,bibliographic_identity_verified; quantitative results not independently replicated in this package
SRC0019,Christopher J. Neely; David E. Rapach; Jun Tu; Guofu Zhou,Forecasting the Equity Risk Premium: The Role of Technical Indicators,2014,,https://doi.org/10.1287/mnsc.2013.1838,10.1287/mnsc.2013.1838,journal_article,true,Daily to monthly market data; see original paper.,"Equity indexes, stocks or liquid futures.","Prices, returns and technical transforms.",daily_or_monthly,"Moving-average, filter or breakout signal.",Paper-specific; Aurora does not assume equivalence to close-t decision and next-open t+1 execution.,Paper-specific; not imported. Aurora headline costs are fixed at zero by the user.,Bibliographic identity and relevance were checked; exact coefficients and sample endpoints were not re-extracted for this lower-priority record.,See original source; explicit OOS is recorded in the synthesis for priority papers.,Mixed or not fully re-extracted; related replications and contradictions are registered separately.,yes_or_transformable_with_causal_asof_join,false,low_to_medium,low_to_medium,low,high,paper_specific,high,high,include_candidate_or_feature_evidence,"Retained only as hypothesis, feature, negative control or validation method; no published return is treated as an Aurora result.",Bibliographic identity and relevance were checked; exact coefficients and sample endpoints were not re-extracted for this lower-priority record.,"Only deterministic, causal, zero-cost +1/-1 translations explicitly listed in candidate_strategy_pack.jsonl are permitted.","Unless stated in research_synthesis.md: exact sample endpoints, coefficients, transaction costs, execution timing and standalone SPY transfer.",post_2010_research,price_trend_and_moving_averages,true,verified_bibliographic_identity_exact,doi:10.1287/mnsc.2013.1838,publisher_or_primary_repository_metadata_crosscheck,https://doi.org/10.1287/mnsc.2013.1838,2026-08-03,No metadata correction required in the final audit.,bibliographic_identity_verified; quantitative results not independently replicated in this package
SRC0020,Brian Hurst; Yao Hua Ooi; Lasse Heje Pedersen,A Century of Evidence on Trend-Following Investing,2017,,https://doi.org/10.3905/jpm.2017.44.1.015,10.3905/jpm.2017.44.1.015,journal_article,true,Long liquid-asset histories; see original paper.,"Equity indexes, futures or asset portfolios.",Lagged own returns and trend.,daily_or_monthly,Directional continuation from lagged own return.,Paper-specific; Aurora does not assume equivalence to close-t decision and next-open t+1 execution.,Paper-specific; not imported. Aurora headline costs are fixed at zero by the user.,Bibliographic identity and relevance were checked; exact coefficients and sample endpoints were not re-extracted for this lower-priority record.,See original source; explicit OOS is recorded in the synthesis for priority papers.,Mixed or not fully re-extracted; related replications and contradictions are registered separately.,yes_or_transformable_with_causal_asof_join,false,low_to_medium,low_to_medium,low,medium,paper_specific,high,high,include_candidate_or_feature_evidence,"Retained only as hypothesis, feature, negative control or validation method; no published return is treated as an Aurora result.",Bibliographic identity and relevance were checked; exact coefficients and sample endpoints were not re-extracted for this lower-priority record.,"Only deterministic, causal, zero-cost +1/-1 translations explicitly listed in candidate_strategy_pack.jsonl are permitted.","Unless stated in research_synthesis.md: exact sample endpoints, coefficients, transaction costs, execution timing and standalone SPY transfer.",post_2010_research,time_series_momentum,true,verified_bibliographic_identity_exact,doi:10.3905/jpm.2017.44.1.015,publisher_or_primary_repository_metadata_crosscheck,https://doi.org/10.3905/jpm.2017.44.1.015,2026-08-03,No metadata correction required in the final audit.,bibliographic_identity_verified; quantitative results not independently replicated in this package
SRC0021,Andrew C. Szakmary; Qian Shen; Subhash C. Sharma,Trend-Following Trading Strategies in Commodity Futures: A Re-Examination,2010,,https://doi.org/10.1016/j.jbankfin.2009.08.004,10.1016/j.jbankfin.2009.08.004,journal_article,true,Long liquid-asset histories; see original paper.,"Equity indexes, futures or asset portfolios.",Lagged own returns and trend.,daily_or_monthly,Directional continuation from lagged own return.,Paper-specific; Aurora does not assume equivalence to close-t decision and next-open t+1 execution.,Paper-specific; not imported. Aurora headline costs are fixed at zero by the user.,Bibliographic identity and relevance were checked; exact coefficients and sample endpoints were not re-extracted for this lower-priority record.,See original source; explicit OOS is recorded in the synthesis for priority papers.,Mixed or not fully re-extracted; related replications and contradictions are registered separately.,yes_or_transformable_with_causal_asof_join,true,low_to_medium,low_to_medium,low,medium,paper_specific,high,high,include_candidate_or_feature_evidence,"Retained only as hypothesis, feature, negative control or validation method; no published return is treated as an Aurora result.",Bibliographic identity and relevance were checked; exact coefficients and sample endpoints were not re-extracted for this lower-priority record.,"Only deterministic, causal, zero-cost +1/-1 translations explicitly listed in candidate_strategy_pack.jsonl are permitted.","Unless stated in research_synthesis.md: exact sample endpoints, coefficients, transaction costs, execution timing and standalone SPY transfer.",pre_2011_evidence,time_series_momentum,true,verified_bibliographic_identity_exact,doi:10.1016/j.jbankfin.2009.08.004,publisher_or_primary_repository_metadata_crosscheck,https://doi.org/10.1016/j.jbankfin.2009.08.004,2026-08-03,Corrected the Journal of Banking & Finance DOI.,bibliographic_identity_verified; quantitative results not independently replicated in this package
SRC0022,Joëlle Miffre; Georgios Rallis,Momentum Strategies in Commodity Futures Markets,2007,,https://doi.org/10.1016/j.jbankfin.2006.12.005,10.1016/j.jbankfin.2006.12.005,journal_article,true,Long liquid-asset histories; see original paper.,"Equity indexes, futures or asset portfolios.",Lagged own returns and trend.,daily_or_monthly,Directional continuation from lagged own return.,Paper-specific; Aurora does not assume equivalence to close-t decision and next-open t+1 execution.,Paper-specific; not imported. Aurora headline costs are fixed at zero by the user.,Bibliographic identity and relevance were checked; exact coefficients and sample endpoints were not re-extracted for this lower-priority record.,See original source; explicit OOS is recorded in the synthesis for priority papers.,Mixed or not fully re-extracted; related replications and contradictions are registered separately.,yes_or_transformable_with_causal_asof_join,true,low_to_medium,low_to_medium,low,medium,paper_specific,high,high,include_candidate_or_feature_evidence,"Retained only as hypothesis, feature, negative control or validation method; no published return is treated as an Aurora result.",Bibliographic identity and relevance were checked; exact coefficients and sample endpoints were not re-extracted for this lower-priority record.,"Only deterministic, causal, zero-cost +1/-1 translations explicitly listed in candidate_strategy_pack.jsonl are permitted.","Unless stated in research_synthesis.md: exact sample endpoints, coefficients, transaction costs, execution timing and standalone SPY transfer.",pre_2011_evidence,time_series_momentum,true,verified_bibliographic_identity_exact,doi:10.1016/j.jbankfin.2006.12.005,publisher_or_primary_repository_metadata_crosscheck,https://doi.org/10.1016/j.jbankfin.2006.12.005,2026-08-03,No metadata correction required in the final audit.,bibliographic_identity_verified; quantitative results not independently replicated in this package
SRC0023,Tobias J. Moskowitz; Yao Hua Ooi; Lasse Heje Pedersen,Time Series Momentum,2012,,https://doi.org/10.1016/j.jfineco.2011.11.003,10.1016/j.jfineco.2011.11.003,journal_article,true,Long liquid-asset histories; see original paper.,"Equity indexes, futures or asset portfolios.",Lagged own returns and trend.,daily_or_monthly,Directional continuation from lagged own return.,Paper-specific; Aurora does not assume equivalence to close-t decision and next-open t+1 execution.,Paper-specific; not imported. Aurora headline costs are fixed at zero by the user.,Reports continuation from an asset own past return across many liquid futures and forwards.,See original source; explicit OOS is recorded in the synthesis for priority papers.,Mixed or not fully re-extracted; related replications and contradictions are registered separately.,yes_or_transformable_with_causal_asof_join,false,low_to_medium,low_to_medium,low,medium,paper_specific,high,high,include_candidate_or_feature_evidence,"Retained only as hypothesis, feature, negative control or validation method; no published return is treated as an Aurora result.",Reports continuation from an asset own past return across many liquid futures and forwards.,"Only deterministic, causal, zero-cost +1/-1 translations explicitly listed in candidate_strategy_pack.jsonl are permitted.","Unless stated in research_synthesis.md: exact sample endpoints, coefficients, transaction costs, execution timing and standalone SPY transfer.",post_2010_research,time_series_momentum,true,verified_bibliographic_identity_exact,doi:10.1016/j.jfineco.2011.11.003,publisher_or_primary_repository_metadata_crosscheck,https://doi.org/10.1016/j.jfineco.2011.11.003,2026-08-03,No metadata correction required in the final audit.,bibliographic_identity_verified; quantitative results not independently replicated in this package
SRC0024,Amit Goyal; Narasimhan Jegadeesh,Cross-Sectional and Time-Series Tests of Return Predictability: What Is the Difference?,2018,,https://doi.org/10.1093/rfs/hhx131,10.1093/rfs/hhx131,journal_article,true,Long liquid-asset histories; see original paper.,"Equity indexes, futures or asset portfolios.",Lagged own returns and trend.,daily_or_monthly,Directional continuation from lagged own return.,Paper-specific; Aurora does not assume equivalence to close-t decision and next-open t+1 execution.,Paper-specific; not imported. Aurora headline costs are fixed at zero by the user.,Bibliographic identity and relevance were checked; exact coefficients and sample endpoints were not re-extracted for this lower-priority record.,See original source; explicit OOS is recorded in the synthesis for priority papers.,Mixed or not fully re-extracted; related replications and contradictions are registered separately.,yes_or_transformable_with_causal_asof_join,false,low_to_medium,low_to_medium,low,medium,paper_specific,high,high,include_candidate_or_feature_evidence,"Retained only as hypothesis, feature, negative control or validation method; no published return is treated as an Aurora result.",Bibliographic identity and relevance were checked; exact coefficients and sample endpoints were not re-extracted for this lower-priority record.,"Only deterministic, causal, zero-cost +1/-1 translations explicitly listed in candidate_strategy_pack.jsonl are permitted.","Unless stated in research_synthesis.md: exact sample endpoints, coefficients, transaction costs, execution timing and standalone SPY transfer.",post_2010_research,time_series_momentum,true,verified_bibliographic_identity_exact,doi:10.1093/rfs/hhx131,publisher_or_primary_repository_metadata_crosscheck,https://doi.org/10.1093/rfs/hhx131,2026-08-03,No metadata correction required in the final audit.,bibliographic_identity_verified; quantitative results not independently replicated in this package
SRC0025,Bryan Y. Lim; Jiaguo Wang; Yaqiong Yao,Time Series Momentum in Nearly 100 Years of Stock Returns,2018,,https://doi.org/10.1016/j.jbankfin.2018.10.010,10.1016/j.jbankfin.2018.10.010,journal_article,true,Long liquid-asset histories; see original paper.,"Equity indexes, futures or asset portfolios.",Lagged own returns and trend.,daily_or_monthly,Directional continuation from lagged own return.,Paper-specific; Aurora does not assume equivalence to close-t decision and next-open t+1 execution.,Paper-specific; not imported. Aurora headline costs are fixed at zero by the user.,Bibliographic identity and relevance were checked; exact coefficients and sample endpoints were not re-extracted for this lower-priority record.,See original source; explicit OOS is recorded in the synthesis for priority papers.,Mixed or not fully re-extracted; related replications and contradictions are registered separately.,yes_or_transformable_with_causal_asof_join,false,low_to_medium,low_to_medium,low,medium,paper_specific,high,high,include_candidate_or_feature_evidence,"Retained only as hypothesis, feature, negative control or validation method; no published return is treated as an Aurora result.",Bibliographic identity and relevance were checked; exact coefficients and sample endpoints were not re-extracted for this lower-priority record.,"Only deterministic, causal, zero-cost +1/-1 translations explicitly listed in candidate_strategy_pack.jsonl are permitted.","Unless stated in research_synthesis.md: exact sample endpoints, coefficients, transaction costs, execution timing and standalone SPY transfer.",post_2010_research,time_series_momentum,true,verified_bibliographic_identity_exact,doi:10.1016/j.jbankfin.2018.10.010,publisher_or_primary_repository_metadata_crosscheck,https://doi.org/10.1016/j.jbankfin.2018.10.010,2026-08-03,Corrected the authors to the exact article record.,bibliographic_identity_verified; quantitative results not independently replicated in this package
SRC0026,Abby Y. Kim; Yiuman Tse; John K. Wald,Time Series Momentum and Volatility Scaling,2016,,https://doi.org/10.1016/j.finmar.2016.05.003,10.1016/j.finmar.2016.05.003,journal_article,true,Long liquid-asset histories; see original paper.,"Equity indexes, futures or asset portfolios.",Lagged own returns and trend.,daily_or_monthly,Directional continuation from lagged own return.,Paper-specific; Aurora does not assume equivalence to close-t decision and next-open t+1 execution.,Paper-specific; not imported. Aurora headline costs are fixed at zero by the user.,Bibliographic identity and relevance were checked; exact coefficients and sample endpoints were not re-extracted for this lower-priority record.,See original source; explicit OOS is recorded in the synthesis for priority papers.,Mixed or not fully re-extracted; related replications and contradictions are registered separately.,yes_or_transformable_with_causal_asof_join,false,low_to_medium,low_to_medium,low,medium,paper_specific,high,high,include_candidate_or_feature_evidence,"Retained only as hypothesis, feature, negative control or validation method; no published return is treated as an Aurora result.",Bibliographic identity and relevance were checked; exact coefficients and sample endpoints were not re-extracted for this lower-priority record.,"Only deterministic, causal, zero-cost +1/-1 translations explicitly listed in candidate_strategy_pack.jsonl are permitted.","Unless stated in research_synthesis.md: exact sample endpoints, coefficients, transaction costs, execution timing and standalone SPY transfer.",post_2010_research,time_series_momentum,true,verified_bibliographic_identity_exact,doi:10.1016/j.finmar.2016.05.003,publisher_or_primary_repository_metadata_crosscheck,https://doi.org/10.1016/j.finmar.2016.05.003,2026-08-03,"Corrected authors, journal and DOI identity.",bibliographic_identity_verified; quantitative results not independently replicated in this package
SRC0027,Narasimhan Jegadeesh; Sheridan Titman,Returns to Buying Winners and Selling Losers: Implications for Stock Market Efficiency,1993,,https://doi.org/10.1111/j.1540-6261.1993.tb04702.x,10.1111/j.1540-6261.1993.tb04702.x,journal_article,true,Long liquid-asset histories; see original paper.,"Equity indexes, futures or asset portfolios.",Lagged own returns and trend.,daily_or_monthly,Directional continuation from lagged own return.,Paper-specific; Aurora does not assume equivalence to close-t decision and next-open t+1 execution.,Paper-specific; not imported. Aurora headline costs are fixed at zero by the user.,Bibliographic identity and relevance were checked; exact coefficients and sample endpoints were not re-extracted for this lower-priority record.,See original source; explicit OOS is recorded in the synthesis for priority papers.,Mixed or not fully re-extracted; related replications and contradictions are registered separately.,yes_or_transformable_with_causal_asof_join,true,low_to_medium,low_to_medium,low,medium,paper_specific,high,high,include_candidate_or_feature_evidence,"Retained only as hypothesis, feature, negative control or validation method; no published return is treated as an Aurora result.",Bibliographic identity and relevance were checked; exact coefficients and sample endpoints were not re-extracted for this lower-priority record.,"Only deterministic, causal, zero-cost +1/-1 translations explicitly listed in candidate_strategy_pack.jsonl are permitted.","Unless stated in research_synthesis.md: exact sample endpoints, coefficients, transaction costs, execution timing and standalone SPY transfer.",pre_2011_evidence,time_series_momentum,true,verified_bibliographic_identity_exact,doi:10.1111/j.1540-6261.1993.tb04702.x,publisher_or_primary_repository_metadata_crosscheck,https://doi.org/10.1111/j.1540-6261.1993.tb04702.x,2026-08-03,No metadata correction required in the final audit.,bibliographic_identity_verified; quantitative results not independently replicated in this package
SRC0028,Narasimhan Jegadeesh; Sheridan Titman,Profitability of Momentum Strategies: An Evaluation of Alternative Explanations,2001,,https://doi.org/10.1111/0022-1082.00342,10.1111/0022-1082.00342,journal_article,true,Long liquid-asset histories; see original paper.,"Equity indexes, futures or asset portfolios.",Lagged own returns and trend.,daily_or_monthly,Directional continuation from lagged own return.,Paper-specific; Aurora does not assume equivalence to close-t decision and next-open t+1 execution.,Paper-specific; not imported. Aurora headline costs are fixed at zero by the user.,Bibliographic identity and relevance were checked; exact coefficients and sample endpoints were not re-extracted for this lower-priority record.,See original source; explicit OOS is recorded in the synthesis for priority papers.,Mixed or not fully re-extracted; related replications and contradictions are registered separately.,yes_or_transformable_with_causal_asof_join,true,low_to_medium,low_to_medium,low,medium,paper_specific,high,high,include_candidate_or_feature_evidence,"Retained only as hypothesis, feature, negative control or validation method; no published return is treated as an Aurora result.",Bibliographic identity and relevance were checked; exact coefficients and sample endpoints were not re-extracted for this lower-priority record.,"Only deterministic, causal, zero-cost +1/-1 translations explicitly listed in candidate_strategy_pack.jsonl are permitted.","Unless stated in research_synthesis.md: exact sample endpoints, coefficients, transaction costs, execution timing and standalone SPY transfer.",pre_2011_evidence,time_series_momentum,true,verified_bibliographic_identity_exact,doi:10.1111/0022-1082.00342,publisher_or_primary_repository_metadata_crosscheck,https://doi.org/10.1111/0022-1082.00342,2026-08-03,No metadata correction required in the final audit.,bibliographic_identity_verified; quantitative results not independently replicated in this package
SRC0029,K. Geert Rouwenhorst,International Momentum Strategies,1998,,https://doi.org/10.1111/0022-1082.00022,10.1111/0022-1082.00022,journal_article,true,Long liquid-asset histories; see original paper.,"Equity indexes, futures or asset portfolios.",Lagged own returns and trend.,daily_or_monthly,Directional continuation from lagged own return.,Paper-specific; Aurora does not assume equivalence to close-t decision and next-open t+1 execution.,Paper-specific; not imported. Aurora headline costs are fixed at zero by the user.,Bibliographic identity and relevance were checked; exact coefficients and sample endpoints were not re-extracted for this lower-priority record.,See original source; explicit OOS is recorded in the synthesis for priority papers.,Mixed or not fully re-extracted; related replications and contradictions are registered separately.,yes_or_transformable_with_causal_asof_join,true,low_to_medium,low_to_medium,low,medium,paper_specific,high,high,include_candidate_or_feature_evidence,"Retained only as hypothesis, feature, negative control or validation method; no published return is treated as an Aurora result.",Bibliographic identity and relevance were checked; exact coefficients and sample endpoints were not re-extracted for this lower-priority record.,"Only deterministic, causal, zero-cost +1/-1 translations explicitly listed in candidate_strategy_pack.jsonl are permitted.","Unless stated in research_synthesis.md: exact sample endpoints, coefficients, transaction costs, execution timing and standalone SPY transfer.",pre_2011_evidence,time_series_momentum,true,verified_bibliographic_identity_exact,doi:10.1111/0022-1082.00022,publisher_or_primary_repository_metadata_crosscheck,https://doi.org/10.1111/0022-1082.00022,2026-08-03,No metadata correction required in the final audit.,bibliographic_identity_verified; quantitative results not independently replicated in this package
SRC0030,Tobias J. Moskowitz; Mark Grinblatt,Do Industries Explain Momentum?,1999,,https://doi.org/10.1111/0022-1082.00146,10.1111/0022-1082.00146,journal_article,true,Long liquid-asset histories; see original paper.,"Equity indexes, futures or asset portfolios.",Lagged own returns and trend.,daily_or_monthly,Directional continuation from lagged own return.,Paper-specific; Aurora does not assume equivalence to close-t decision and next-open t+1 execution.,Paper-specific; not imported. Aurora headline costs are fixed at zero by the user.,Bibliographic identity and relevance were checked; exact coefficients and sample endpoints were not re-extracted for this lower-priority record.,See original source; explicit OOS is recorded in the synthesis for priority papers.,Mixed or not fully re-extracted; related replications and contradictions are registered separately.,yes_or_transformable_with_causal_asof_join,true,low_to_medium,low_to_medium,low,medium,paper_specific,high,high,include_candidate_or_feature_evidence,"Retained only as hypothesis, feature, negative control or validation method; no published return is treated as an Aurora result.",Bibliographic identity and relevance were checked; exact coefficients and sample endpoints were not re-extracted for this lower-priority record.,"Only deterministic, causal, zero-cost +1/-1 translations explicitly listed in candidate_strategy_pack.jsonl are permitted.","Unless stated in research_synthesis.md: exact sample endpoints, coefficients, transaction costs, execution timing and standalone SPY transfer.",pre_2011_evidence,time_series_momentum,true,verified_bibliographic_identity_exact,doi:10.1111/0022-1082.00146,publisher_or_primary_repository_metadata_crosscheck,https://doi.org/10.1111/0022-1082.00146,2026-08-03,No metadata correction required in the final audit.,bibliographic_identity_verified; quantitative results not independently replicated in this package
SRC0031,Clifford S. Asness,The Interaction of Value and Momentum Strategies,1997,,https://doi.org/10.2469/faj.v53.n2.2069,10.2469/faj.v53.n2.2069,journal_article,true,Long liquid-asset histories; see original paper.,"Equity indexes, futures or asset portfolios.",Lagged own returns and trend.,daily_or_monthly,Directional continuation from lagged own return.,Paper-specific; Aurora does not assume equivalence to close-t decision and next-open t+1 execution.,Paper-specific; not imported. Aurora headline costs are fixed at zero by the user.,Bibliographic identity and relevance were checked; exact coefficients and sample endpoints were not re-extracted for this lower-priority record.,See original source; explicit OOS is recorded in the synthesis for priority papers.,Mixed or not fully re-extracted; related replications and contradictions are registered separately.,yes_or_transformable_with_causal_asof_join,true,low_to_medium,low_to_medium,low,medium,paper_specific,high,high,include_candidate_or_feature_evidence,"Retained only as hypothesis, feature, negative control or validation method; no published return is treated as an Aurora result.",Bibliographic identity and relevance were checked; exact coefficients and sample endpoints were not re-extracted for this lower-priority record.,"Only deterministic, causal, zero-cost +1/-1 translations explicitly listed in candidate_strategy_pack.jsonl are permitted.","Unless stated in research_synthesis.md: exact sample endpoints, coefficients, transaction costs, execution timing and standalone SPY transfer.",pre_2011_evidence,time_series_momentum,true,verified_bibliographic_identity_exact,doi:10.2469/faj.v53.n2.2069,publisher_or_primary_repository_metadata_crosscheck,https://doi.org/10.2469/faj.v53.n2.2069,2026-08-03,No metadata correction required in the final audit.,bibliographic_identity_verified; quantitative results not independently replicated in this package
SRC0032,Clifford S. Asness; Tobias J. Moskowitz; Lasse Heje Pedersen,Value and Momentum Everywhere,2013,,https://doi.org/10.1111/jofi.12021,10.1111/jofi.12021,journal_article,true,Long liquid-asset histories; see original paper.,"Equity indexes, futures or asset portfolios.",Lagged own returns and trend.,daily_or_monthly,Directional continuation from lagged own return.,Paper-specific; Aurora does not assume equivalence to close-t decision and next-open t+1 execution.,Paper-specific; not imported. Aurora headline costs are fixed at zero by the user.,Bibliographic identity and relevance were checked; exact coefficients and sample endpoints were not re-extracted for this lower-priority record.,See original source; explicit OOS is recorded in the synthesis for priority papers.,Mixed or not fully re-extracted; related replications and contradictions are registered separately.,yes_or_transformable_with_causal_asof_join,false,low_to_medium,low_to_medium,low,medium,paper_specific,high,high,include_candidate_or_feature_evidence,"Retained only as hypothesis, feature, negative control or validation method; no published return is treated as an Aurora result.",Bibliographic identity and relevance were checked; exact coefficients and sample endpoints were not re-extracted for this lower-priority record.,"Only deterministic, causal, zero-cost +1/-1 translations explicitly listed in candidate_strategy_pack.jsonl are permitted.","Unless stated in research_synthesis.md: exact sample endpoints, coefficients, transaction costs, execution timing and standalone SPY transfer.",post_2010_research,time_series_momentum,true,verified_bibliographic_identity_exact,doi:10.1111/jofi.12021,publisher_or_primary_repository_metadata_crosscheck,https://doi.org/10.1111/jofi.12021,2026-08-03,No metadata correction required in the final audit.,bibliographic_identity_verified; quantitative results not independently replicated in this package
SRC0033,Kent Daniel; Tobias J. Moskowitz,Momentum Crashes,2016,,https://doi.org/10.1016/j.jfineco.2015.12.002,10.1016/j.jfineco.2015.12.002,journal_article,true,Long daily/options sample; see original paper.,U.S. equities / S&P 500.,"Tails, jumps, skewness and options.",daily_or_monthly,Crash/tail transition measure.,Paper-specific; Aurora does not assume equivalence to close-t decision and next-open t+1 execution.,Paper-specific; not imported. Aurora headline costs are fixed at zero by the user.,Documents severe momentum losses during sharp rebounds following stressed market states.,See original source; explicit OOS is recorded in the synthesis for priority papers.,Mixed or not fully re-extracted; related replications and contradictions are registered separately.,yes_or_transformable_with_causal_asof_join,false,low_to_medium,low_to_medium,low,medium,paper_specific,high,medium_high,include_candidate_or_feature_evidence,"Retained only as hypothesis, feature, negative control or validation method; no published return is treated as an Aurora result.",Documents severe momentum losses during sharp rebounds following stressed market states.,"Only deterministic, causal, zero-cost +1/-1 translations explicitly listed in candidate_strategy_pack.jsonl are permitted.","Unless stated in research_synthesis.md: exact sample endpoints, coefficients, transaction costs, execution timing and standalone SPY transfer.",post_2010_research,tail_risk_and_crash_transition,true,verified_bibliographic_identity_exact,doi:10.1016/j.jfineco.2015.12.002,publisher_or_primary_repository_metadata_crosscheck,https://doi.org/10.1016/j.jfineco.2015.12.002,2026-08-03,No metadata correction required in the final audit.,bibliographic_identity_verified; quantitative results not independently replicated in this package
SRC0034,Pedro Barroso; Pedro Santa-Clara,Momentum Has Its Moments,2015,,https://doi.org/10.1016/j.jfineco.2014.11.010,10.1016/j.jfineco.2014.11.010,journal_article,true,Long liquid-asset histories; see original paper.,"Equity indexes, futures or asset portfolios.",Lagged own returns and trend.,daily_or_monthly,Directional continuation from lagged own return.,Paper-specific; Aurora does not assume equivalence to close-t decision and next-open t+1 execution.,Paper-specific; not imported. Aurora headline costs are fixed at zero by the user.,Bibliographic identity and relevance were checked; exact coefficients and sample endpoints were not re-extracted for this lower-priority record.,See original source; explicit OOS is recorded in the synthesis for priority papers.,Mixed or not fully re-extracted; related replications and contradictions are registered separately.,yes_or_transformable_with_causal_asof_join,false,low_to_medium,low_to_medium,low,medium,paper_specific,high,high,include_candidate_or_feature_evidence,"Retained only as hypothesis, feature, negative control or validation method; no published return is treated as an Aurora result.",Bibliographic identity and relevance were checked; exact coefficients and sample endpoints were not re-extracted for this lower-priority record.,"Only deterministic, causal, zero-cost +1/-1 translations explicitly listed in candidate_strategy_pack.jsonl are permitted.","Unless stated in research_synthesis.md: exact sample endpoints, coefficients, transaction costs, execution timing and standalone SPY transfer.",post_2010_research,time_series_momentum,true,verified_bibliographic_identity_exact,doi:10.1016/j.jfineco.2014.11.010,publisher_or_primary_repository_metadata_crosscheck,https://doi.org/10.1016/j.jfineco.2014.11.010,2026-08-03,No metadata correction required in the final audit.,bibliographic_identity_verified; quantitative results not independently replicated in this package
SRC0035,Benjamin Chabot; Eric Ghysels; Ravi Jagannathan,"Momentum Trading, Return Chasing, and Predictable Crashes",2014,,https://www.nber.org/papers/w20660,,working_paper,false,Long daily/options sample; see original paper.,U.S. equities / S&P 500.,"Tails, jumps, skewness and options.",daily_or_monthly,Crash/tail transition measure.,Paper-specific; Aurora does not assume equivalence to close-t decision and next-open t+1 execution.,Paper-specific; not imported. Aurora headline costs are fixed at zero by the user.,Bibliographic identity and relevance were checked; exact coefficients and sample endpoints were not re-extracted for this lower-priority record.,See original source; explicit OOS is recorded in the synthesis for priority papers.,Mixed or not fully re-extracted; related replications and contradictions are registered separately.,yes_or_transformable_with_causal_asof_join,false,low_to_medium,low_to_medium,low,medium,paper_specific,high,medium_high,include_candidate_or_feature_evidence,"Retained only as hypothesis, feature, negative control or validation method; no published return is treated as an Aurora result.",Bibliographic identity and relevance were checked; exact coefficients and sample endpoints were not re-extracted for this lower-priority record.,"Only deterministic, causal, zero-cost +1/-1 translations explicitly listed in candidate_strategy_pack.jsonl are permitted.","Unless stated in research_synthesis.md: exact sample endpoints, coefficients, transaction costs, execution timing and standalone SPY transfer.",post_2010_research,tail_risk_and_crash_transition,true,verified_bibliographic_identity_exact,url:https://www.nber.org/papers/w20660,publisher_or_primary_repository_metadata_crosscheck,https://www.nber.org/papers/w20660,2026-08-03,No metadata correction required in the final audit.,bibliographic_identity_verified; quantitative results not independently replicated in this package
SRC0036,Kent Daniel; Ravi Jagannathan; Soohun Kim,Tail Risk in Momentum Strategy Returns,2012,,https://www.nber.org/papers/w18169,,working_paper,false,Long daily/options sample; see original paper.,U.S. equities / S&P 500.,"Tails, jumps, skewness and options.",daily_or_monthly,Crash/tail transition measure.,Paper-specific; Aurora does not assume equivalence to close-t decision and next-open t+1 execution.,Paper-specific; not imported. Aurora headline costs are fixed at zero by the user.,Bibliographic identity and relevance were checked; exact coefficients and sample endpoints were not re-extracted for this lower-priority record.,See original source; explicit OOS is recorded in the synthesis for priority papers.,Mixed or not fully re-extracted; related replications and contradictions are registered separately.,yes_or_transformable_with_causal_asof_join,false,low_to_medium,low_to_medium,low,medium,paper_specific,high,medium_high,include_candidate_or_feature_evidence,"Retained only as hypothesis, feature, negative control or validation method; no published return is treated as an Aurora result.",Bibliographic identity and relevance were checked; exact coefficients and sample endpoints were not re-extracted for this lower-priority record.,"Only deterministic, causal, zero-cost +1/-1 translations explicitly listed in candidate_strategy_pack.jsonl are permitted.","Unless stated in research_synthesis.md: exact sample endpoints, coefficients, transaction costs, execution timing and standalone SPY transfer.",post_2010_research,tail_risk_and_crash_transition,true,verified_bibliographic_identity_exact,url:https://www.nber.org/papers/w18169,publisher_or_primary_repository_metadata_crosscheck,https://www.nber.org/papers/w18169,2026-08-03,No metadata correction required in the final audit.,bibliographic_identity_verified; quantitative results not independently replicated in this package
SRC0037,Werner F. M. De Bondt; Richard Thaler,Does the Stock Market Overreact?,1985,,https://doi.org/10.1111/j.1540-6261.1985.tb05004.x,10.1111/j.1540-6261.1985.tb05004.x,journal_article,true,Historical equity returns; see original paper.,Aggregate indexes or stocks.,"Past returns, volume and liquidity.",daily_to_annual,Contrarian/reversal signal.,Paper-specific; Aurora does not assume equivalence to close-t decision and next-open t+1 execution.,Paper-specific; not imported. Aurora headline costs are fixed at zero by the user.,Bibliographic identity and relevance were checked; exact coefficients and sample endpoints were not re-extracted for this lower-priority record.,See original source; explicit OOS is recorded in the synthesis for priority papers.,Mixed or not fully re-extracted; related replications and contradictions are registered separately.,yes_or_transformable_with_causal_asof_join,true,low_to_medium,high_for_cross_section; low_for_index,low,medium,paper_specific,high,high,include_candidate_or_feature_evidence,"Retained only as hypothesis, feature, negative control or validation method; no published return is treated as an Aurora result.",Bibliographic identity and relevance were checked; exact coefficients and sample endpoints were not re-extracted for this lower-priority record.,"Only deterministic, causal, zero-cost +1/-1 translations explicitly listed in candidate_strategy_pack.jsonl are permitted.","Unless stated in research_synthesis.md: exact sample endpoints, coefficients, transaction costs, execution timing and standalone SPY transfer.",pre_2011_evidence,mean_reversion,true,verified_bibliographic_identity_exact,doi:10.1111/j.1540-6261.1985.tb05004.x,publisher_or_primary_repository_metadata_crosscheck,https://doi.org/10.1111/j.1540-6261.1985.tb05004.x,2026-08-03,No metadata correction required in the final audit.,bibliographic_identity_verified; quantitative results not independently replicated in this package
SRC0038,Werner F. M. De Bondt; Richard H. Thaler,Further Evidence on Investor Overreaction and Stock Market Seasonality,1987,,https://doi.org/10.1111/j.1540-6261.1987.tb04569.x,10.1111/j.1540-6261.1987.tb04569.x,journal_article,true,Historical equity returns; see original paper.,Aggregate indexes or stocks.,"Past returns, volume and liquidity.",daily_to_annual,Contrarian/reversal signal.,Paper-specific; Aurora does not assume equivalence to close-t decision and next-open t+1 execution.,Paper-specific; not imported. Aurora headline costs are fixed at zero by the user.,Bibliographic identity and relevance were checked; exact coefficients and sample endpoints were not re-extracted for this lower-priority record.,See original source; explicit OOS is recorded in the synthesis for priority papers.,Mixed or not fully re-extracted; related replications and contradictions are registered separately.,yes_or_transformable_with_causal_asof_join,true,low_to_medium,high_for_cross_section; low_for_index,low,medium,paper_specific,high,high,include_candidate_or_feature_evidence,"Retained only as hypothesis, feature, negative control or validation method; no published return is treated as an Aurora result.",Bibliographic identity and relevance were checked; exact coefficients and sample endpoints were not re-extracted for this lower-priority record.,"Only deterministic, causal, zero-cost +1/-1 translations explicitly listed in candidate_strategy_pack.jsonl are permitted.","Unless stated in research_synthesis.md: exact sample endpoints, coefficients, transaction costs, execution timing and standalone SPY transfer.",pre_2011_evidence,mean_reversion,true,verified_bibliographic_identity_exact,doi:10.1111/j.1540-6261.1987.tb04569.x,publisher_or_primary_repository_metadata_crosscheck,https://doi.org/10.1111/j.1540-6261.1987.tb04569.x,2026-08-03,No metadata correction required in the final audit.,bibliographic_identity_verified; quantitative results not independently replicated in this package
SRC0039,James M. Poterba; Lawrence H. Summers,Mean Reversion in Stock Prices: Evidence and Implications,1988,,https://doi.org/10.1016/0304-405X(88)90021-9,10.1016/0304-405X(88)90021-9,journal_article,true,Historical equity returns; see original paper.,Aggregate indexes or stocks.,"Past returns, volume and liquidity.",daily_to_annual,Contrarian/reversal signal.,Paper-specific; Aurora does not assume equivalence to close-t decision and next-open t+1 execution.,Paper-specific; not imported. Aurora headline costs are fixed at zero by the user.,Bibliographic identity and relevance were checked; exact coefficients and sample endpoints were not re-extracted for this lower-priority record.,See original source; explicit OOS is recorded in the synthesis for priority papers.,Mixed or not fully re-extracted; related replications and contradictions are registered separately.,yes_or_transformable_with_causal_asof_join,true,low_to_medium,high_for_cross_section; low_for_index,low,medium,paper_specific,high,high,include_candidate_or_feature_evidence,"Retained only as hypothesis, feature, negative control or validation method; no published return is treated as an Aurora result.",Bibliographic identity and relevance were checked; exact coefficients and sample endpoints were not re-extracted for this lower-priority record.,"Only deterministic, causal, zero-cost +1/-1 translations explicitly listed in candidate_strategy_pack.jsonl are permitted.","Unless stated in research_synthesis.md: exact sample endpoints, coefficients, transaction costs, execution timing and standalone SPY transfer.",pre_2011_evidence,mean_reversion,true,verified_bibliographic_identity_exact,doi:10.1016/0304-405x(88)90021-9,publisher_or_primary_repository_metadata_crosscheck,https://doi.org/10.1016/0304-405X(88)90021-9,2026-08-03,Corrected the terminal DOI digit.,bibliographic_identity_verified; quantitative results not independently replicated in this package
SRC0040,Eugene F. Fama; Kenneth R. French,Permanent and Temporary Components of Stock Prices,1988,,https://doi.org/10.1086/261535,10.1086/261535,journal_article,true,Historical equity returns; see original paper.,Aggregate indexes or stocks.,"Past returns, volume and liquidity.",daily_to_annual,Contrarian/reversal signal.,Paper-specific; Aurora does not assume equivalence to close-t decision and next-open t+1 execution.,Paper-specific; not imported. Aurora headline costs are fixed at zero by the user.,Bibliographic identity and relevance were checked; exact coefficients and sample endpoints were not re-extracted for this lower-priority record.,See original source; explicit OOS is recorded in the synthesis for priority papers.,Mixed or not fully re-extracted; related replications and contradictions are registered separately.,yes_or_transformable_with_causal_asof_join,true,low_to_medium,high_for_cross_section; low_for_index,low,medium,paper_specific,high,high,include_candidate_or_feature_evidence,"Retained only as hypothesis, feature, negative control or validation method; no published return is treated as an Aurora result.",Bibliographic identity and relevance were checked; exact coefficients and sample endpoints were not re-extracted for this lower-priority record.,"Only deterministic, causal, zero-cost +1/-1 translations explicitly listed in candidate_strategy_pack.jsonl are permitted.","Unless stated in research_synthesis.md: exact sample endpoints, coefficients, transaction costs, execution timing and standalone SPY transfer.",pre_2011_evidence,mean_reversion,true,verified_bibliographic_identity_exact,doi:10.1086/261535,publisher_or_primary_repository_metadata_crosscheck,https://doi.org/10.1086/261535,2026-08-03,No metadata correction required in the final audit.,bibliographic_identity_verified; quantitative results not independently replicated in this package
SRC0041,Andrew W. Lo; A. Craig MacKinlay,Stock Market Prices Do Not Follow Random Walks: Evidence from a Simple Specification Test,1988,,https://doi.org/10.1093/rfs/1.1.41,10.1093/rfs/1.1.41,journal_article,true,Historical equity returns; see original paper.,Aggregate indexes or stocks.,"Past returns, volume and liquidity.",daily_to_annual,Contrarian/reversal signal.,Paper-specific; Aurora does not assume equivalence to close-t decision and next-open t+1 execution.,Paper-specific; not imported. Aurora headline costs are fixed at zero by the user.,Bibliographic identity and relevance were checked; exact coefficients and sample endpoints were not re-extracted for this lower-priority record.,See original source; explicit OOS is recorded in the synthesis for priority papers.,Mixed or not fully re-extracted; related replications and contradictions are registered separately.,yes_or_transformable_with_causal_asof_join,true,low_to_medium,high_for_cross_section; low_for_index,low,medium,paper_specific,high,high,include_candidate_or_feature_evidence,"Retained only as hypothesis, feature, negative control or validation method; no published return is treated as an Aurora result.",Bibliographic identity and relevance were checked; exact coefficients and sample endpoints were not re-extracted for this lower-priority record.,"Only deterministic, causal, zero-cost +1/-1 translations explicitly listed in candidate_strategy_pack.jsonl are permitted.","Unless stated in research_synthesis.md: exact sample endpoints, coefficients, transaction costs, execution timing and standalone SPY transfer.",pre_2011_evidence,mean_reversion,true,verified_bibliographic_identity_exact,doi:10.1093/rfs/1.1.41,publisher_or_primary_repository_metadata_crosscheck,https://doi.org/10.1093/rfs/1.1.41,2026-08-03,No metadata correction required in the final audit.,bibliographic_identity_verified; quantitative results not independently replicated in this package
SRC0042,Narasimhan Jegadeesh,Evidence of Predictable Behavior of Security Returns,1990,,https://doi.org/10.1111/j.1540-6261.1990.tb05110.x,10.1111/j.1540-6261.1990.tb05110.x,journal_article,true,Historical equity returns; see original paper.,Aggregate indexes or stocks.,"Past returns, volume and liquidity.",daily_to_annual,Contrarian/reversal signal.,Paper-specific; Aurora does not assume equivalence to close-t decision and next-open t+1 execution.,Paper-specific; not imported. Aurora headline costs are fixed at zero by the user.,Bibliographic identity and relevance were checked; exact coefficients and sample endpoints were not re-extracted for this lower-priority record.,See original source; explicit OOS is recorded in the synthesis for priority papers.,Mixed or not fully re-extracted; related replications and contradictions are registered separately.,yes_or_transformable_with_causal_asof_join,true,low_to_medium,high_for_cross_section; low_for_index,low,medium,paper_specific,high,high,include_candidate_or_feature_evidence,"Retained only as hypothesis, feature, negative control or validation method; no published return is treated as an Aurora result.",Bibliographic identity and relevance were checked; exact coefficients and sample endpoints were not re-extracted for this lower-priority record.,"Only deterministic, causal, zero-cost +1/-1 translations explicitly listed in candidate_strategy_pack.jsonl are permitted.","Unless stated in research_synthesis.md: exact sample endpoints, coefficients, transaction costs, execution timing and standalone SPY transfer.",pre_2011_evidence,mean_reversion,true,verified_bibliographic_identity_exact,doi:10.1111/j.1540-6261.1990.tb05110.x,publisher_or_primary_repository_metadata_crosscheck,https://doi.org/10.1111/j.1540-6261.1990.tb05110.x,2026-08-03,Corrected the Journal of Finance DOI.,bibliographic_identity_verified; quantitative results not independently replicated in this package
SRC0043,Bruce N. Lehmann,"Fads, Martingales, and Market Efficiency",1990,,https://doi.org/10.2307/2937816,10.2307/2937816,journal_article,true,Historical equity returns; see original paper.,Aggregate indexes or stocks.,"Past returns, volume and liquidity.",daily_to_annual,Contrarian/reversal signal.,Paper-specific; Aurora does not assume equivalence to close-t decision and next-open t+1 execution.,Paper-specific; not imported. Aurora headline costs are fixed at zero by the user.,Bibliographic identity and relevance were checked; exact coefficients and sample endpoints were not re-extracted for this lower-priority record.,See original source; explicit OOS is recorded in the synthesis for priority papers.,Mixed or not fully re-extracted; related replications and contradictions are registered separately.,yes_or_transformable_with_causal_asof_join,true,low_to_medium,high_for_cross_section; low_for_index,low,medium,paper_specific,high,high,include_candidate_or_feature_evidence,"Retained only as hypothesis, feature, negative control or validation method; no published return is treated as an Aurora result.",Bibliographic identity and relevance were checked; exact coefficients and sample endpoints were not re-extracted for this lower-priority record.,"Only deterministic, causal, zero-cost +1/-1 translations explicitly listed in candidate_strategy_pack.jsonl are permitted.","Unless stated in research_synthesis.md: exact sample endpoints, coefficients, transaction costs, execution timing and standalone SPY transfer.",pre_2011_evidence,mean_reversion,true,verified_bibliographic_identity_exact,doi:10.2307/2937816,publisher_or_primary_repository_metadata_crosscheck,https://doi.org/10.2307/2937816,2026-08-03,Corrected the JSTOR identifier.,bibliographic_identity_verified; quantitative results not independently replicated in this package
SRC0044,Jennifer Conrad; Allaudeen Hameed; Cathy Niden,Volume and Autocovariances in Short-Horizon Individual Security Returns,1994,,https://doi.org/10.1111/j.1540-6261.1994.tb02455.x,10.1111/j.1540-6261.1994.tb02455.x,journal_article,true,Historical equity returns; see original paper.,Aggregate indexes or stocks.,"Past returns, volume and liquidity.",daily_to_annual,Contrarian/reversal signal.,Paper-specific; Aurora does not assume equivalence to close-t decision and next-open t+1 execution.,Paper-specific; not imported. Aurora headline costs are fixed at zero by the user.,Bibliographic identity and relevance were checked; exact coefficients and sample endpoints were not re-extracted for this lower-priority record.,See original source; explicit OOS is recorded in the synthesis for priority papers.,Mixed or not fully re-extracted; related replications and contradictions are registered separately.,yes_or_transformable_with_causal_asof_join,true,low_to_medium,high_for_cross_section; low_for_index,low,medium,paper_specific,high,high,include_candidate_or_feature_evidence,"Retained only as hypothesis, feature, negative control or validation method; no published return is treated as an Aurora result.",Bibliographic identity and relevance were checked; exact coefficients and sample endpoints were not re-extracted for this lower-priority record.,"Only deterministic, causal, zero-cost +1/-1 translations explicitly listed in candidate_strategy_pack.jsonl are permitted.","Unless stated in research_synthesis.md: exact sample endpoints, coefficients, transaction costs, execution timing and standalone SPY transfer.",pre_2011_evidence,mean_reversion,true,verified_bibliographic_identity_exact,doi:10.1111/j.1540-6261.1994.tb02455.x,publisher_or_primary_repository_metadata_crosscheck,https://doi.org/10.1111/j.1540-6261.1994.tb02455.x,2026-08-03,Corrected the Journal of Finance DOI.,bibliographic_identity_verified; quantitative results not independently replicated in this package
SRC0045,Andrew W. Lo; A. Craig MacKinlay,When Are Contrarian Profits Due to Stock Market Overreaction?,1990,,https://doi.org/10.1093/rfs/3.2.175,10.1093/rfs/3.2.175,journal_article,true,Historical equity returns; see original paper.,Aggregate indexes or stocks.,"Past returns, volume and liquidity.",daily_to_annual,Contrarian/reversal signal.,Paper-specific; Aurora does not assume equivalence to close-t decision and next-open t+1 execution.,Paper-specific; not imported. Aurora headline costs are fixed at zero by the user.,Bibliographic identity and relevance were checked; exact coefficients and sample endpoints were not re-extracted for this lower-priority record.,See original source; explicit OOS is recorded in the synthesis for priority papers.,Mixed or not fully re-extracted; related replications and contradictions are registered separately.,yes_or_transformable_with_causal_asof_join,true,low_to_medium,high_for_cross_section; low_for_index,low,medium,paper_specific,high,high,include_candidate_or_feature_evidence,"Retained only as hypothesis, feature, negative control or validation method; no published return is treated as an Aurora result.",Bibliographic identity and relevance were checked; exact coefficients and sample endpoints were not re-extracted for this lower-priority record.,"Only deterministic, causal, zero-cost +1/-1 translations explicitly listed in candidate_strategy_pack.jsonl are permitted.","Unless stated in research_synthesis.md: exact sample endpoints, coefficients, transaction costs, execution timing and standalone SPY transfer.",pre_2011_evidence,mean_reversion,true,verified_bibliographic_identity_exact,doi:10.1093/rfs/3.2.175,publisher_or_primary_repository_metadata_crosscheck,https://doi.org/10.1093/rfs/3.2.175,2026-08-03,No metadata correction required in the final audit.,bibliographic_identity_verified; quantitative results not independently replicated in this package
SRC0046,Doron Avramov; Tarun Chordia; Amit Goyal,Liquidity and Autocorrelations in Individual Stock Returns,2006,,https://doi.org/10.1111/j.1540-6261.2006.01060.x,10.1111/j.1540-6261.2006.01060.x,journal_article,true,Historical equity returns; see original paper.,Aggregate indexes or stocks.,"Past returns, volume and liquidity.",daily_to_annual,Contrarian/reversal signal.,Paper-specific; Aurora does not assume equivalence to close-t decision and next-open t+1 execution.,Paper-specific; not imported. Aurora headline costs are fixed at zero by the user.,Bibliographic identity and relevance were checked; exact coefficients and sample endpoints were not re-extracted for this lower-priority record.,See original source; explicit OOS is recorded in the synthesis for priority papers.,Mixed or not fully re-extracted; related replications and contradictions are registered separately.,yes_or_transformable_with_causal_asof_join,true,low_to_medium,high_for_cross_section; low_for_index,low,medium,paper_specific,high,high,include_candidate_or_feature_evidence,"Retained only as hypothesis, feature, negative control or validation method; no published return is treated as an Aurora result.",Bibliographic identity and relevance were checked; exact coefficients and sample endpoints were not re-extracted for this lower-priority record.,"Only deterministic, causal, zero-cost +1/-1 translations explicitly listed in candidate_strategy_pack.jsonl are permitted.","Unless stated in research_synthesis.md: exact sample endpoints, coefficients, transaction costs, execution timing and standalone SPY transfer.",pre_2011_evidence,mean_reversion,true,verified_bibliographic_identity_exact,doi:10.1111/j.1540-6261.2006.01060.x,publisher_or_primary_repository_metadata_crosscheck,https://doi.org/10.1111/j.1540-6261.2006.01060.x,2026-08-03,Corrected the Journal of Finance DOI.,bibliographic_identity_verified; quantitative results not independently replicated in this package
SRC0047,Stefan Nagel,Evaporating Liquidity,2012,,https://doi.org/10.1093/rfs/hhs066,10.1093/rfs/hhs066,journal_article,true,U.S. equity-market sample; see original paper.,Stocks and/or aggregate market.,"Volume, spreads, turnover and returns.",daily_or_monthly,Liquidity or price-pressure state.,Paper-specific; Aurora does not assume equivalence to close-t decision and next-open t+1 execution.,Paper-specific; not imported. Aurora headline costs are fixed at zero by the user.,Bibliographic identity and relevance were checked; exact coefficients and sample endpoints were not re-extracted for this lower-priority record.,See original source; explicit OOS is recorded in the synthesis for priority papers.,Mixed or not fully re-extracted; related replications and contradictions are registered separately.,yes_or_transformable_with_causal_asof_join,false,low_to_medium,low_to_medium,low,medium,paper_specific,high,medium_high,include_candidate_or_feature_evidence,"Retained only as hypothesis, feature, negative control or validation method; no published return is treated as an Aurora result.",Bibliographic identity and relevance were checked; exact coefficients and sample endpoints were not re-extracted for this lower-priority record.,"Only deterministic, causal, zero-cost +1/-1 translations explicitly listed in candidate_strategy_pack.jsonl are permitted.","Unless stated in research_synthesis.md: exact sample endpoints, coefficients, transaction costs, execution timing and standalone SPY transfer.",post_2010_research,liquidity_and_volume,true,verified_bibliographic_identity_exact,doi:10.1093/rfs/hhs066,publisher_or_primary_repository_metadata_crosscheck,https://doi.org/10.1093/rfs/hhs066,2026-08-03,No metadata correction required in the final audit.,bibliographic_identity_verified; quantitative results not independently replicated in this package
SRC0048,Steven L. Heston; Robert A. Korajczyk; Ronnie Sadka,Intraday Patterns in the Cross-Section of Stock Returns,2010,,https://doi.org/10.1111/j.1540-6261.2010.01573.x,10.1111/j.1540-6261.2010.01573.x,journal_article,true,Long daily/intraday equity sample.,U.S. indexes and equities.,"Calendar, open/close and announcement returns.",daily_or_intraday,Calendar or overnight pattern.,Paper-specific; Aurora does not assume equivalence to close-t decision and next-open t+1 execution.,Paper-specific; not imported. Aurora headline costs are fixed at zero by the user.,Bibliographic identity and relevance were checked; exact coefficients and sample endpoints were not re-extracted for this lower-priority record.,See original source; explicit OOS is recorded in the synthesis for priority papers.,Mixed or not fully re-extracted; related replications and contradictions are registered separately.,yes_or_transformable_with_causal_asof_join,true,low_to_medium,low_to_medium,low,high,paper_specific,high,medium,contextual_only,"Retained only as hypothesis, feature, negative control or validation method; no published return is treated as an Aurora result.",Bibliographic identity and relevance were checked; exact coefficients and sample endpoints were not re-extracted for this lower-priority record.,"Only deterministic, causal, zero-cost +1/-1 translations explicitly listed in candidate_strategy_pack.jsonl are permitted.","Unless stated in research_synthesis.md: exact sample endpoints, coefficients, transaction costs, execution timing and standalone SPY transfer.",pre_2011_evidence,calendar_and_overnight,true,verified_bibliographic_identity_exact,doi:10.1111/j.1540-6261.2010.01573.x,publisher_or_primary_repository_metadata_crosscheck,https://doi.org/10.1111/j.1540-6261.2010.01573.x,2026-08-03,No metadata correction required in the final audit.,bibliographic_identity_verified; quantitative results not independently replicated in this package
SRC0049,Zhi Da; Qianqiu Liu; Ernst Schaumburg,A Closer Look at the Short-Term Return Reversal,2014,,https://doi.org/10.1287/mnsc.2013.1766,10.1287/mnsc.2013.1766,journal_article,true,Historical equity returns; see original paper.,Aggregate indexes or stocks.,"Past returns, volume and liquidity.",daily_to_annual,Contrarian/reversal signal.,Paper-specific; Aurora does not assume equivalence to close-t decision and next-open t+1 execution.,Paper-specific; not imported. Aurora headline costs are fixed at zero by the user.,Connects short-horizon reversal to liquidity provision and distinguishes temporary pressure from information.,See original source; explicit OOS is recorded in the synthesis for priority papers.,Mixed or not fully re-extracted; related replications and contradictions are registered separately.,yes_or_transformable_with_causal_asof_join,false,low_to_medium,high_for_cross_section; low_for_index,low,medium,paper_specific,high,high,include_candidate_or_feature_evidence,"Retained only as hypothesis, feature, negative control or validation method; no published return is treated as an Aurora result.",Connects short-horizon reversal to liquidity provision and distinguishes temporary pressure from information.,"Only deterministic, causal, zero-cost +1/-1 translations explicitly listed in candidate_strategy_pack.jsonl are permitted.","Unless stated in research_synthesis.md: exact sample endpoints, coefficients, transaction costs, execution timing and standalone SPY transfer.",post_2010_research,mean_reversion,true,verified_bibliographic_identity_exact,doi:10.1287/mnsc.2013.1766,publisher_or_primary_repository_metadata_crosscheck,https://doi.org/10.1287/mnsc.2013.1766,2026-08-03,Corrected the Management Science DOI.,bibliographic_identity_verified; quantitative results not independently replicated in this package
SRC0050,John Y. Campbell; Sanford J. Grossman; Jiang Wang,Trading Volume and Serial Correlation in Stock Returns,1993,,https://doi.org/10.2307/2118454,10.2307/2118454,journal_article,true,U.S. equity-market sample; see original paper.,Stocks and/or aggregate market.,"Volume, spreads, turnover and returns.",daily_or_monthly,Liquidity or price-pressure state.,Paper-specific; Aurora does not assume equivalence to close-t decision and next-open t+1 execution.,Paper-specific; not imported. Aurora headline costs are fixed at zero by the user.,"Finds that return serial correlation varies with trading volume, consistent with liquidity-supply effects.",See original source; explicit OOS is recorded in the synthesis for priority papers.,Mixed or not fully re-extracted; related replications and contradictions are registered separately.,yes_or_transformable_with_causal_asof_join,true,low_to_medium,low_to_medium,low,medium,paper_specific,high,medium_high,include_candidate_or_feature_evidence,"Retained only as hypothesis, feature, negative control or validation method; no published return is treated as an Aurora result.","Finds that return serial correlation varies with trading volume, consistent with liquidity-supply effects.","Only deterministic, causal, zero-cost +1/-1 translations explicitly listed in candidate_strategy_pack.jsonl are permitted.","Unless stated in research_synthesis.md: exact sample endpoints, coefficients, transaction costs, execution timing and standalone SPY transfer.",pre_2011_evidence,liquidity_and_volume,true,verified_bibliographic_identity_exact,doi:10.2307/2118454,publisher_or_primary_repository_metadata_crosscheck,https://doi.org/10.2307/2118454,2026-08-03,Added the exact Quarterly Journal of Economics/JSTOR identifier.,bibliographic_identity_verified; quantitative results not independently replicated in this package
SRC0051,Kenneth R. French; G. William Schwert; Robert F. Stambaugh,Expected Stock Returns and Volatility,1987,,https://doi.org/10.1016/0304-405X(87)90026-2,10.1016/0304-405X(87)90026-2,journal_article,true,Daily/intraday market sample; see original paper.,Equity indexes or liquid assets.,OHLC/intraday returns and volatility.,daily_or_intraday,Realized volatility or asymmetric-volatility state.,Paper-specific; Aurora does not assume equivalence to close-t decision and next-open t+1 execution.,Paper-specific; not imported. Aurora headline costs are fixed at zero by the user.,Bibliographic identity and relevance were checked; exact coefficients and sample endpoints were not re-extracted for this lower-priority record.,See original source; explicit OOS is recorded in the synthesis for priority papers.,Mixed or not fully re-extracted; related replications and contradictions are registered separately.,yes_or_transformable_with_causal_asof_join,true,low_to_medium,low_to_medium,low,medium,paper_specific,high,medium,contextual_only,"Retained only as hypothesis, feature, negative control or validation method; no published return is treated as an Aurora result.",Bibliographic identity and relevance were checked; exact coefficients and sample endpoints were not re-extracted for this lower-priority record.,"Only deterministic, causal, zero-cost +1/-1 translations explicitly listed in candidate_strategy_pack.jsonl are permitted.","Unless stated in research_synthesis.md: exact sample endpoints, coefficients, transaction costs, execution timing and standalone SPY transfer.",pre_2011_evidence,realized_volatility_and_asymmetry,true,verified_bibliographic_identity_exact,doi:10.1016/0304-405x(87)90026-2,publisher_or_primary_repository_metadata_crosscheck,https://doi.org/10.1016/0304-405X(87)90026-2,2026-08-03,No metadata correction required in the final audit.,bibliographic_identity_verified; quantitative results not independently replicated in this package
SRC0052,G. William Schwert,Why Does Stock Market Volatility Change Over Time?,1989,,https://doi.org/10.1111/j.1540-6261.1989.tb02647.x,10.1111/j.1540-6261.1989.tb02647.x,journal_article,true,Daily/intraday market sample; see original paper.,Equity indexes or liquid assets.,OHLC/intraday returns and volatility.,daily_or_intraday,Realized volatility or asymmetric-volatility state.,Paper-specific; Aurora does not assume equivalence to close-t decision and next-open t+1 execution.,Paper-specific; not imported. Aurora headline costs are fixed at zero by the user.,Bibliographic identity and relevance were checked; exact coefficients and sample endpoints were not re-extracted for this lower-priority record.,See original source; explicit OOS is recorded in the synthesis for priority papers.,Mixed or not fully re-extracted; related replications and contradictions are registered separately.,yes_or_transformable_with_causal_asof_join,true,low_to_medium,low_to_medium,low,medium,paper_specific,high,medium,contextual_only,"Retained only as hypothesis, feature, negative control or validation method; no published return is treated as an Aurora result.",Bibliographic identity and relevance were checked; exact coefficients and sample endpoints were not re-extracted for this lower-priority record.,"Only deterministic, causal, zero-cost +1/-1 translations explicitly listed in candidate_strategy_pack.jsonl are permitted.","Unless stated in research_synthesis.md: exact sample endpoints, coefficients, transaction costs, execution timing and standalone SPY transfer.",pre_2011_evidence,realized_volatility_and_asymmetry,true,verified_bibliographic_identity_exact,doi:10.1111/j.1540-6261.1989.tb02647.x,publisher_or_primary_repository_metadata_crosscheck,https://doi.org/10.1111/j.1540-6261.1989.tb02647.x,2026-08-03,No metadata correction required in the final audit.,bibliographic_identity_verified; quantitative results not independently replicated in this package
SRC0053,John Y. Campbell; Ludger Hentschel,No News Is Good News: An Asymmetric Model of Changing Volatility in Stock Returns,1992,,https://doi.org/10.1016/0304-405X(92)90037-X,10.1016/0304-405X(92)90037-X,journal_article,true,Daily/intraday market sample; see original paper.,Equity indexes or liquid assets.,OHLC/intraday returns and volatility.,daily_or_intraday,Realized volatility or asymmetric-volatility state.,Paper-specific; Aurora does not assume equivalence to close-t decision and next-open t+1 execution.,Paper-specific; not imported. Aurora headline costs are fixed at zero by the user.,Bibliographic identity and relevance were checked; exact coefficients and sample endpoints were not re-extracted for this lower-priority record.,See original source; explicit OOS is recorded in the synthesis for priority papers.,Mixed or not fully re-extracted; related replications and contradictions are registered separately.,yes_or_transformable_with_causal_asof_join,true,low_to_medium,low_to_medium,low,medium,paper_specific,high,medium,contextual_only,"Retained only as hypothesis, feature, negative control or validation method; no published return is treated as an Aurora result.",Bibliographic identity and relevance were checked; exact coefficients and sample endpoints were not re-extracted for this lower-priority record.,"Only deterministic, causal, zero-cost +1/-1 translations explicitly listed in candidate_strategy_pack.jsonl are permitted.","Unless stated in research_synthesis.md: exact sample endpoints, coefficients, transaction costs, execution timing and standalone SPY transfer.",pre_2011_evidence,realized_volatility_and_asymmetry,true,verified_bibliographic_identity_exact,doi:10.1016/0304-405x(92)90037-x,publisher_or_primary_repository_metadata_crosscheck,https://doi.org/10.1016/0304-405X(92)90037-X,2026-08-03,No metadata correction required in the final audit.,bibliographic_identity_verified; quantitative results not independently replicated in this package
SRC0054,Lawrence R. Glosten; Ravi Jagannathan; David E. Runkle,On the Relation between the Expected Value and the Volatility of the Nominal Excess Return on Stocks,1993,,https://doi.org/10.1111/j.1540-6261.1993.tb05128.x,10.1111/j.1540-6261.1993.tb05128.x,journal_article,true,Daily/intraday market sample; see original paper.,Equity indexes or liquid assets.,OHLC/intraday returns and volatility.,daily_or_intraday,Realized volatility or asymmetric-volatility state.,Paper-specific; Aurora does not assume equivalence to close-t decision and next-open t+1 execution.,Paper-specific; not imported. Aurora headline costs are fixed at zero by the user.,Bibliographic identity and relevance were checked; exact coefficients and sample endpoints were not re-extracted for this lower-priority record.,See original source; explicit OOS is recorded in the synthesis for priority papers.,Mixed or not fully re-extracted; related replications and contradictions are registered separately.,yes_or_transformable_with_causal_asof_join,true,low_to_medium,low_to_medium,low,medium,paper_specific,high,medium,contextual_only,"Retained only as hypothesis, feature, negative control or validation method; no published return is treated as an Aurora result.",Bibliographic identity and relevance were checked; exact coefficients and sample endpoints were not re-extracted for this lower-priority record.,"Only deterministic, causal, zero-cost +1/-1 translations explicitly listed in candidate_strategy_pack.jsonl are permitted.","Unless stated in research_synthesis.md: exact sample endpoints, coefficients, transaction costs, execution timing and standalone SPY transfer.",pre_2011_evidence,realized_volatility_and_asymmetry,true,verified_bibliographic_identity_exact,doi:10.1111/j.1540-6261.1993.tb05128.x,publisher_or_primary_repository_metadata_crosscheck,https://doi.org/10.1111/j.1540-6261.1993.tb05128.x,2026-08-03,No metadata correction required in the final audit.,bibliographic_identity_verified; quantitative results not independently replicated in this package
SRC0055,Robert F. Engle; Victor K. Ng,Measuring and Testing the Impact of News on Volatility,1993,,https://doi.org/10.1111/j.1540-6261.1993.tb05127.x,10.1111/j.1540-6261.1993.tb05127.x,journal_article,true,Daily/intraday market sample; see original paper.,Equity indexes or liquid assets.,OHLC/intraday returns and volatility.,daily_or_intraday,Realized volatility or asymmetric-volatility state.,Paper-specific; Aurora does not assume equivalence to close-t decision and next-open t+1 execution.,Paper-specific; not imported. Aurora headline costs are fixed at zero by the user.,Bibliographic identity and relevance were checked; exact coefficients and sample endpoints were not re-extracted for this lower-priority record.,See original source; explicit OOS is recorded in the synthesis for priority papers.,Mixed or not fully re-extracted; related replications and contradictions are registered separately.,yes_or_transformable_with_causal_asof_join,true,low_to_medium,low_to_medium,low,medium,paper_specific,high,medium,contextual_only,"Retained only as hypothesis, feature, negative control or validation method; no published return is treated as an Aurora result.",Bibliographic identity and relevance were checked; exact coefficients and sample endpoints were not re-extracted for this lower-priority record.,"Only deterministic, causal, zero-cost +1/-1 translations explicitly listed in candidate_strategy_pack.jsonl are permitted.","Unless stated in research_synthesis.md: exact sample endpoints, coefficients, transaction costs, execution timing and standalone SPY transfer.",pre_2011_evidence,realized_volatility_and_asymmetry,true,verified_bibliographic_identity_exact,doi:10.1111/j.1540-6261.1993.tb05127.x,publisher_or_primary_repository_metadata_crosscheck,https://doi.org/10.1111/j.1540-6261.1993.tb05127.x,2026-08-03,Corrected the Journal of Finance DOI.,bibliographic_identity_verified; quantitative results not independently replicated in this package
SRC0056,Robert E. Whaley,The Investor Fear Gauge,2000,,https://doi.org/10.3905/jpm.2000.319728,10.3905/jpm.2000.319728,journal_article,true,Options-era U.S. sample; see original paper.,S&P 500/S&P 100 and volatility indexes.,VIX-family indexes and equity returns.,daily,VIX level/change or extreme.,Paper-specific; Aurora does not assume equivalence to close-t decision and next-open t+1 execution.,Paper-specific; not imported. Aurora headline costs are fixed at zero by the user.,Explains VIX as an option-implied volatility/fear measure and documents its strong relation with equity returns.,See original source; explicit OOS is recorded in the synthesis for priority papers.,Mixed or not fully re-extracted; related replications and contradictions are registered separately.,yes_or_transformable_with_causal_asof_join,true,low_to_medium,low_to_medium,low,medium,paper_specific,high,high,include_candidate_or_feature_evidence,"Retained only as hypothesis, feature, negative control or validation method; no published return is treated as an Aurora result.",Explains VIX as an option-implied volatility/fear measure and documents its strong relation with equity returns.,"Only deterministic, causal, zero-cost +1/-1 translations explicitly listed in candidate_strategy_pack.jsonl are permitted.","Unless stated in research_synthesis.md: exact sample endpoints, coefficients, transaction costs, execution timing and standalone SPY transfer.",pre_2011_evidence,vix_level_and_change,true,verified_bibliographic_identity_exact,doi:10.3905/jpm.2000.319728,publisher_or_primary_repository_metadata_crosscheck,https://doi.org/10.3905/jpm.2000.319728,2026-08-03,No metadata correction required in the final audit.,bibliographic_identity_verified; quantitative results not independently replicated in this package
SRC0057,Robert E. Whaley,Understanding the VIX,2009,,https://doi.org/10.3905/JPM.2009.35.3.098,10.3905/JPM.2009.35.3.098,journal_article,true,Options-era U.S. sample; see original paper.,S&P 500/S&P 100 and volatility indexes.,VIX-family indexes and equity returns.,daily,VIX level/change or extreme.,Paper-specific; Aurora does not assume equivalence to close-t decision and next-open t+1 execution.,Paper-specific; not imported. Aurora headline costs are fixed at zero by the user.,Bibliographic identity and relevance were checked; exact coefficients and sample endpoints were not re-extracted for this lower-priority record.,See original source; explicit OOS is recorded in the synthesis for priority papers.,Mixed or not fully re-extracted; related replications and contradictions are registered separately.,yes_or_transformable_with_causal_asof_join,true,low_to_medium,low_to_medium,low,medium,paper_specific,high,high,include_candidate_or_feature_evidence,"Retained only as hypothesis, feature, negative control or validation method; no published return is treated as an Aurora result.",Bibliographic identity and relevance were checked; exact coefficients and sample endpoints were not re-extracted for this lower-priority record.,"Only deterministic, causal, zero-cost +1/-1 translations explicitly listed in candidate_strategy_pack.jsonl are permitted.","Unless stated in research_synthesis.md: exact sample endpoints, coefficients, transaction costs, execution timing and standalone SPY transfer.",pre_2011_evidence,vix_level_and_change,true,verified_bibliographic_identity_exact,doi:10.3905/jpm.2009.35.3.098,publisher_or_primary_repository_metadata_crosscheck,https://doi.org/10.3905/JPM.2009.35.3.098,2026-08-03,No metadata correction required in the final audit.,bibliographic_identity_verified; quantitative results not independently replicated in this package
SRC0058,Jeff Fleming; Barbara Ostdiek; Robert E. Whaley,Predicting Stock Market Volatility: A New Measure,1995,,https://doi.org/10.1002/fut.3990150303,10.1002/fut.3990150303,journal_article,true,Options-era U.S. sample; see original paper.,S&P 500/S&P 100 and volatility indexes.,VIX-family indexes and equity returns.,daily,VIX level/change or extreme.,Paper-specific; Aurora does not assume equivalence to close-t decision and next-open t+1 execution.,Paper-specific; not imported. Aurora headline costs are fixed at zero by the user.,Bibliographic identity and relevance were checked; exact coefficients and sample endpoints were not re-extracted for this lower-priority record.,See original source; explicit OOS is recorded in the synthesis for priority papers.,Mixed or not fully re-extracted; related replications and contradictions are registered separately.,yes_or_transformable_with_causal_asof_join,true,low_to_medium,low_to_medium,low,medium,paper_specific,high,high,include_candidate_or_feature_evidence,"Retained only as hypothesis, feature, negative control or validation method; no published return is treated as an Aurora result.",Bibliographic identity and relevance were checked; exact coefficients and sample endpoints were not re-extracted for this lower-priority record.,"Only deterministic, causal, zero-cost +1/-1 translations explicitly listed in candidate_strategy_pack.jsonl are permitted.","Unless stated in research_synthesis.md: exact sample endpoints, coefficients, transaction costs, execution timing and standalone SPY transfer.",pre_2011_evidence,vix_level_and_change,true,verified_bibliographic_identity_exact,doi:10.1002/fut.3990150303,publisher_or_primary_repository_metadata_crosscheck,https://doi.org/10.1002/fut.3990150303,2026-08-03,No metadata correction required in the final audit.,bibliographic_identity_verified; quantitative results not independently replicated in this package
SRC0059,Philippe Giot,Relationships Between Implied Volatility Indexes and Stock Index Returns,2005,,https://doi.org/10.3905/jpm.2005.500363,10.3905/jpm.2005.500363,journal_article,true,Options-era U.S. sample; see original paper.,S&P 500/S&P 100 and volatility indexes.,VIX-family indexes and equity returns.,daily,VIX level/change or extreme.,Paper-specific; Aurora does not assume equivalence to close-t decision and next-open t+1 execution.,Paper-specific; not imported. Aurora headline costs are fixed at zero by the user.,Bibliographic identity and relevance were checked; exact coefficients and sample endpoints were not re-extracted for this lower-priority record.,See original source; explicit OOS is recorded in the synthesis for priority papers.,Mixed or not fully re-extracted; related replications and contradictions are registered separately.,yes_or_transformable_with_causal_asof_join,true,low_to_medium,low_to_medium,low,medium,paper_specific,high,high,include_candidate_or_feature_evidence,"Retained only as hypothesis, feature, negative control or validation method; no published return is treated as an Aurora result.",Bibliographic identity and relevance were checked; exact coefficients and sample endpoints were not re-extracted for this lower-priority record.,"Only deterministic, causal, zero-cost +1/-1 translations explicitly listed in candidate_strategy_pack.jsonl are permitted.","Unless stated in research_synthesis.md: exact sample endpoints, coefficients, transaction costs, execution timing and standalone SPY transfer.",pre_2011_evidence,vix_level_and_change,true,verified_bibliographic_identity_exact,doi:10.3905/jpm.2005.500363,publisher_or_primary_repository_metadata_crosscheck,https://doi.org/10.3905/jpm.2005.500363,2026-08-03,No metadata correction required in the final audit.,bibliographic_identity_verified; quantitative results not independently replicated in this package
SRC0060,Tim Bollerslev; George Tauchen; Hao Zhou,Expected Stock Returns and Variance Risk Premia,2009,,https://doi.org/10.1093/rfs/hhp008,10.1093/rfs/hhp008,journal_article,true,Options-era U.S. sample; see original paper.,S&P 500 and index options.,Implied and realized variance.,daily_or_monthly,Implied-minus-realized/expected variance.,Paper-specific; Aurora does not assume equivalence to close-t decision and next-open t+1 execution.,Paper-specific; not imported. Aurora headline costs are fixed at zero by the user.,Reports aggregate return predictability from the variance risk premium.,See original source; explicit OOS is recorded in the synthesis for priority papers.,Mixed or not fully re-extracted; related replications and contradictions are registered separately.,yes_or_transformable_with_causal_asof_join,true,low_to_medium,low_to_medium,low,medium,paper_specific,high,high,include_candidate_or_feature_evidence,"Retained only as hypothesis, feature, negative control or validation method; no published return is treated as an Aurora result.",Reports aggregate return predictability from the variance risk premium.,"Only deterministic, causal, zero-cost +1/-1 translations explicitly listed in candidate_strategy_pack.jsonl are permitted.","Unless stated in research_synthesis.md: exact sample endpoints, coefficients, transaction costs, execution timing and standalone SPY transfer.",pre_2011_evidence,variance_risk_premium,true,verified_bibliographic_identity_exact,doi:10.1093/rfs/hhp008,publisher_or_primary_repository_metadata_crosscheck,https://doi.org/10.1093/rfs/hhp008,2026-08-03,Corrected the Review of Financial Studies DOI.,bibliographic_identity_verified; quantitative results not independently replicated in this package
SRC0061,Itamar Drechsler; Amir Yaron,What's Vol Got to Do with It?,2011,,https://doi.org/10.1093/rfs/hhq085,10.1093/rfs/hhq085,journal_article,true,Options-era U.S. sample; see original paper.,S&P 500 and index options.,Implied and realized variance.,daily_or_monthly,Implied-minus-realized/expected variance.,Paper-specific; Aurora does not assume equivalence to close-t decision and next-open t+1 execution.,Paper-specific; not imported. Aurora headline costs are fixed at zero by the user.,Bibliographic identity and relevance were checked; exact coefficients and sample endpoints were not re-extracted for this lower-priority record.,See original source; explicit OOS is recorded in the synthesis for priority papers.,Mixed or not fully re-extracted; related replications and contradictions are registered separately.,yes_or_transformable_with_causal_asof_join,false,low_to_medium,low_to_medium,low,medium,paper_specific,high,high,include_candidate_or_feature_evidence,"Retained only as hypothesis, feature, negative control or validation method; no published return is treated as an Aurora result.",Bibliographic identity and relevance were checked; exact coefficients and sample endpoints were not re-extracted for this lower-priority record.,"Only deterministic, causal, zero-cost +1/-1 translations explicitly listed in candidate_strategy_pack.jsonl are permitted.","Unless stated in research_synthesis.md: exact sample endpoints, coefficients, transaction costs, execution timing and standalone SPY transfer.",post_2010_research,variance_risk_premium,true,verified_bibliographic_identity_exact,doi:10.1093/rfs/hhq085,publisher_or_primary_repository_metadata_crosscheck,https://doi.org/10.1093/rfs/hhq085,2026-08-03,Corrected the Review of Financial Studies DOI.,bibliographic_identity_verified; quantitative results not independently replicated in this package
SRC0062,Geert Bekaert; Marie Hoerova,"The VIX, the Variance Premium and Stock Market Volatility",2014,,https://doi.org/10.1016/j.jeconom.2014.05.008,10.1016/j.jeconom.2014.05.008,journal_article,true,Options-era U.S. sample; see original paper.,S&P 500 and index options.,Implied and realized variance.,daily_or_monthly,Implied-minus-realized/expected variance.,Paper-specific; Aurora does not assume equivalence to close-t decision and next-open t+1 execution.,Paper-specific; not imported. Aurora headline costs are fixed at zero by the user.,Separates expected variance from the variance premium and shows they need not imply the same return sign.,See original source; explicit OOS is recorded in the synthesis for priority papers.,Mixed or not fully re-extracted; related replications and contradictions are registered separately.,yes_or_transformable_with_causal_asof_join,false,low_to_medium,low_to_medium,low,medium,paper_specific,high,high,include_candidate_or_feature_evidence,"Retained only as hypothesis, feature, negative control or validation method; no published return is treated as an Aurora result.",Separates expected variance from the variance premium and shows they need not imply the same return sign.,"Only deterministic, causal, zero-cost +1/-1 translations explicitly listed in candidate_strategy_pack.jsonl are permitted.","Unless stated in research_synthesis.md: exact sample endpoints, coefficients, transaction costs, execution timing and standalone SPY transfer.",post_2010_research,variance_risk_premium,true,verified_bibliographic_identity_exact,doi:10.1016/j.jeconom.2014.05.008,publisher_or_primary_repository_metadata_crosscheck,https://doi.org/10.1016/j.jeconom.2014.05.008,2026-08-03,Corrected the Journal of Econometrics DOI.,bibliographic_identity_verified; quantitative results not independently replicated in this package
SRC0063,Tim Bollerslev; Viktor Todorov,"Tails, Fears, and Risk Premia",2011,,https://doi.org/10.1111/j.1540-6261.2011.01695.x,10.1111/j.1540-6261.2011.01695.x,journal_article,true,Long daily/options sample; see original paper.,U.S. equities / S&P 500.,"Tails, jumps, skewness and options.",daily_or_monthly,Crash/tail transition measure.,Paper-specific; Aurora does not assume equivalence to close-t decision and next-open t+1 execution.,Paper-specific; not imported. Aurora headline costs are fixed at zero by the user.,Bibliographic identity and relevance were checked; exact coefficients and sample endpoints were not re-extracted for this lower-priority record.,See original source; explicit OOS is recorded in the synthesis for priority papers.,Mixed or not fully re-extracted; related replications and contradictions are registered separately.,yes_or_transformable_with_causal_asof_join,false,low_to_medium,low_to_medium,low,medium,paper_specific,high,medium_high,include_candidate_or_feature_evidence,"Retained only as hypothesis, feature, negative control or validation method; no published return is treated as an Aurora result.",Bibliographic identity and relevance were checked; exact coefficients and sample endpoints were not re-extracted for this lower-priority record.,"Only deterministic, causal, zero-cost +1/-1 translations explicitly listed in candidate_strategy_pack.jsonl are permitted.","Unless stated in research_synthesis.md: exact sample endpoints, coefficients, transaction costs, execution timing and standalone SPY transfer.",post_2010_research,tail_risk_and_crash_transition,true,verified_bibliographic_identity_exact,doi:10.1111/j.1540-6261.2011.01695.x,publisher_or_primary_repository_metadata_crosscheck,https://doi.org/10.1111/j.1540-6261.2011.01695.x,2026-08-03,Corrected the Journal of Finance DOI.,bibliographic_identity_verified; quantitative results not independently replicated in this package
SRC0064,Bryan T. Kelly; Hao Jiang,Tail Risk and Asset Prices,2014,,https://doi.org/10.1093/rfs/hhu039,10.1093/rfs/hhu039,journal_article,true,Long daily/options sample; see original paper.,U.S. equities / S&P 500.,"Tails, jumps, skewness and options.",daily_or_monthly,Crash/tail transition measure.,Paper-specific; Aurora does not assume equivalence to close-t decision and next-open t+1 execution.,Paper-specific; not imported. Aurora headline costs are fixed at zero by the user.,Bibliographic identity and relevance were checked; exact coefficients and sample endpoints were not re-extracted for this lower-priority record.,See original source; explicit OOS is recorded in the synthesis for priority papers.,Mixed or not fully re-extracted; related replications and contradictions are registered separately.,yes_or_transformable_with_causal_asof_join,false,low_to_medium,low_to_medium,low,medium,paper_specific,high,medium_high,include_candidate_or_feature_evidence,"Retained only as hypothesis, feature, negative control or validation method; no published return is treated as an Aurora result.",Bibliographic identity and relevance were checked; exact coefficients and sample endpoints were not re-extracted for this lower-priority record.,"Only deterministic, causal, zero-cost +1/-1 translations explicitly listed in candidate_strategy_pack.jsonl are permitted.","Unless stated in research_synthesis.md: exact sample endpoints, coefficients, transaction costs, execution timing and standalone SPY transfer.",post_2010_research,tail_risk_and_crash_transition,true,verified_bibliographic_identity_exact,doi:10.1093/rfs/hhu039,publisher_or_primary_repository_metadata_crosscheck,https://doi.org/10.1093/rfs/hhu039,2026-08-03,No metadata correction required in the final audit.,bibliographic_identity_verified; quantitative results not independently replicated in this package
SRC0065,Alan Moreira; Tyler Muir,Volatility-Managed Portfolios,2017,,https://doi.org/10.1111/jofi.12513,10.1111/jofi.12513,journal_article,true,Daily/intraday market sample; see original paper.,Equity indexes or liquid assets.,OHLC/intraday returns and volatility.,daily_or_intraday,Realized volatility or asymmetric-volatility state.,Paper-specific; Aurora does not assume equivalence to close-t decision and next-open t+1 execution.,Paper-specific; not imported. Aurora headline costs are fixed at zero by the user.,Bibliographic identity and relevance were checked; exact coefficients and sample endpoints were not re-extracted for this lower-priority record.,See original source; explicit OOS is recorded in the synthesis for priority papers.,Mixed or not fully re-extracted; related replications and contradictions are registered separately.,yes_or_transformable_with_causal_asof_join,false,low_to_medium,low_to_medium,low,medium,paper_specific,high,medium,contextual_only,"Retained only as hypothesis, feature, negative control or validation method; no published return is treated as an Aurora result.",Bibliographic identity and relevance were checked; exact coefficients and sample endpoints were not re-extracted for this lower-priority record.,"Only deterministic, causal, zero-cost +1/-1 translations explicitly listed in candidate_strategy_pack.jsonl are permitted.","Unless stated in research_synthesis.md: exact sample endpoints, coefficients, transaction costs, execution timing and standalone SPY transfer.",post_2010_research,realized_volatility_and_asymmetry,true,verified_bibliographic_identity_exact,doi:10.1111/jofi.12513,publisher_or_primary_repository_metadata_crosscheck,https://doi.org/10.1111/jofi.12513,2026-08-03,No metadata correction required in the final audit.,bibliographic_identity_verified; quantitative results not independently replicated in this package
SRC0066,Fulvio Corsi,A Simple Approximate Long-Memory Model of Realized Volatility,2009,,https://doi.org/10.1093/jjfinec/nbp001,10.1093/jjfinec/nbp001,journal_article,true,Daily/intraday market sample; see original paper.,Equity indexes or liquid assets.,OHLC/intraday returns and volatility.,daily_or_intraday,Realized volatility or asymmetric-volatility state.,Paper-specific; Aurora does not assume equivalence to close-t decision and next-open t+1 execution.,Paper-specific; not imported. Aurora headline costs are fixed at zero by the user.,Bibliographic identity and relevance were checked; exact coefficients and sample endpoints were not re-extracted for this lower-priority record.,See original source; explicit OOS is recorded in the synthesis for priority papers.,Mixed or not fully re-extracted; related replications and contradictions are registered separately.,yes_or_transformable_with_causal_asof_join,true,low_to_medium,low_to_medium,low,medium,paper_specific,high,medium,contextual_only,"Retained only as hypothesis, feature, negative control or validation method; no published return is treated as an Aurora result.",Bibliographic identity and relevance were checked; exact coefficients and sample endpoints were not re-extracted for this lower-priority record.,"Only deterministic, causal, zero-cost +1/-1 translations explicitly listed in candidate_strategy_pack.jsonl are permitted.","Unless stated in research_synthesis.md: exact sample endpoints, coefficients, transaction costs, execution timing and standalone SPY transfer.",pre_2011_evidence,realized_volatility_and_asymmetry,true,verified_bibliographic_identity_exact,doi:10.1093/jjfinec/nbp001,publisher_or_primary_repository_metadata_crosscheck,https://doi.org/10.1093/jjfinec/nbp001,2026-08-03,No metadata correction required in the final audit.,bibliographic_identity_verified; quantitative results not independently replicated in this package
SRC0067,Torben G. Andersen; Tim Bollerslev; Francis X. Diebold; Paul Labys,The Distribution of Realized Exchange Rate Volatility,2001,,https://doi.org/10.1198/016214501750332965,10.1198/016214501750332965,journal_article,true,Daily/intraday market sample; see original paper.,Equity indexes or liquid assets.,OHLC/intraday returns and volatility.,daily_or_intraday,Realized volatility or asymmetric-volatility state.,Paper-specific; Aurora does not assume equivalence to close-t decision and next-open t+1 execution.,Paper-specific; not imported. Aurora headline costs are fixed at zero by the user.,Bibliographic identity and relevance were checked; exact coefficients and sample endpoints were not re-extracted for this lower-priority record.,See original source; explicit OOS is recorded in the synthesis for priority papers.,Mixed or not fully re-extracted; related replications and contradictions are registered separately.,yes_or_transformable_with_causal_asof_join,true,low_to_medium,low_to_medium,low,medium,paper_specific,high,medium,contextual_only,"Retained only as hypothesis, feature, negative control or validation method; no published return is treated as an Aurora result.",Bibliographic identity and relevance were checked; exact coefficients and sample endpoints were not re-extracted for this lower-priority record.,"Only deterministic, causal, zero-cost +1/-1 translations explicitly listed in candidate_strategy_pack.jsonl are permitted.","Unless stated in research_synthesis.md: exact sample endpoints, coefficients, transaction costs, execution timing and standalone SPY transfer.",pre_2011_evidence,realized_volatility_and_asymmetry,true,verified_bibliographic_identity_exact,doi:10.1198/016214501750332965,publisher_or_primary_repository_metadata_crosscheck,https://doi.org/10.1198/016214501750332965,2026-08-03,doi: 10.1198/016214501753168406 -> 10.1198/016214501750332965 | direct_url: https://doi.org/10.1198/016214501753168406 -> https://doi.org/10.1198/016214501750332965 | Corrected the Journal of the American Statistical Association DOI.,bibliographic_identity_verified; quantitative results not independently replicated in this package
SRC0068,Torben G. Andersen; Tim Bollerslev; Francis X. Diebold; Paul Labys,Modeling and Forecasting Realized Volatility,2003,,https://doi.org/10.1111/1468-0262.00418,10.1111/1468-0262.00418,journal_article,true,Daily/intraday market sample; see original paper.,Equity indexes or liquid assets.,OHLC/intraday returns and volatility.,daily_or_intraday,Realized volatility or asymmetric-volatility state.,Paper-specific; Aurora does not assume equivalence to close-t decision and next-open t+1 execution.,Paper-specific; not imported. Aurora headline costs are fixed at zero by the user.,Bibliographic identity and relevance were checked; exact coefficients and sample endpoints were not re-extracted for this lower-priority record.,See original source; explicit OOS is recorded in the synthesis for priority papers.,Mixed or not fully re-extracted; related replications and contradictions are registered separately.,yes_or_transformable_with_causal_asof_join,true,low_to_medium,low_to_medium,low,medium,paper_specific,high,medium,contextual_only,"Retained only as hypothesis, feature, negative control or validation method; no published return is treated as an Aurora result.",Bibliographic identity and relevance were checked; exact coefficients and sample endpoints were not re-extracted for this lower-priority record.,"Only deterministic, causal, zero-cost +1/-1 translations explicitly listed in candidate_strategy_pack.jsonl are permitted.","Unless stated in research_synthesis.md: exact sample endpoints, coefficients, transaction costs, execution timing and standalone SPY transfer.",pre_2011_evidence,realized_volatility_and_asymmetry,true,verified_bibliographic_identity_exact,doi:10.1111/1468-0262.00418,publisher_or_primary_repository_metadata_crosscheck,https://doi.org/10.1111/1468-0262.00418,2026-08-03,No metadata correction required in the final audit.,bibliographic_identity_verified; quantitative results not independently replicated in this package
SRC0069,Michael Parkinson,The Extreme Value Method for Estimating the Variance of the Rate of Return,1980,,https://doi.org/10.1086/296071,10.1086/296071,journal_article,true,Daily/intraday market sample; see original paper.,Equity indexes or liquid assets.,OHLC/intraday returns and volatility.,daily_or_intraday,Realized volatility or asymmetric-volatility state.,Paper-specific; Aurora does not assume equivalence to close-t decision and next-open t+1 execution.,Paper-specific; not imported. Aurora headline costs are fixed at zero by the user.,Bibliographic identity and relevance were checked; exact coefficients and sample endpoints were not re-extracted for this lower-priority record.,See original source; explicit OOS is recorded in the synthesis for priority papers.,Mixed or not fully re-extracted; related replications and contradictions are registered separately.,yes_or_transformable_with_causal_asof_join,true,low_to_medium,low_to_medium,low,medium,paper_specific,high,medium,contextual_only,"Retained only as hypothesis, feature, negative control or validation method; no published return is treated as an Aurora result.",Bibliographic identity and relevance were checked; exact coefficients and sample endpoints were not re-extracted for this lower-priority record.,"Only deterministic, causal, zero-cost +1/-1 translations explicitly listed in candidate_strategy_pack.jsonl are permitted.","Unless stated in research_synthesis.md: exact sample endpoints, coefficients, transaction costs, execution timing and standalone SPY transfer.",pre_2011_evidence,realized_volatility_and_asymmetry,true,verified_bibliographic_identity_exact,doi:10.1086/296071,publisher_or_primary_repository_metadata_crosscheck,https://doi.org/10.1086/296071,2026-08-03,No metadata correction required in the final audit.,bibliographic_identity_verified; quantitative results not independently replicated in this package
SRC0070,Mark B. Garman; Michael J. Klass,On the Estimation of Security Price Volatilities from Historical Data,1980,,https://doi.org/10.1086/296072,10.1086/296072,journal_article,true,Daily/intraday market sample; see original paper.,Equity indexes or liquid assets.,OHLC/intraday returns and volatility.,daily_or_intraday,Realized volatility or asymmetric-volatility state.,Paper-specific; Aurora does not assume equivalence to close-t decision and next-open t+1 execution.,Paper-specific; not imported. Aurora headline costs are fixed at zero by the user.,Bibliographic identity and relevance were checked; exact coefficients and sample endpoints were not re-extracted for this lower-priority record.,See original source; explicit OOS is recorded in the synthesis for priority papers.,Mixed or not fully re-extracted; related replications and contradictions are registered separately.,yes_or_transformable_with_causal_asof_join,true,low_to_medium,low_to_medium,low,medium,paper_specific,high,medium,contextual_only,"Retained only as hypothesis, feature, negative control or validation method; no published return is treated as an Aurora result.",Bibliographic identity and relevance were checked; exact coefficients and sample endpoints were not re-extracted for this lower-priority record.,"Only deterministic, causal, zero-cost +1/-1 translations explicitly listed in candidate_strategy_pack.jsonl are permitted.","Unless stated in research_synthesis.md: exact sample endpoints, coefficients, transaction costs, execution timing and standalone SPY transfer.",pre_2011_evidence,realized_volatility_and_asymmetry,true,verified_bibliographic_identity_exact,doi:10.1086/296072,publisher_or_primary_repository_metadata_crosscheck,https://doi.org/10.1086/296072,2026-08-03,No metadata correction required in the final audit.,bibliographic_identity_verified; quantitative results not independently replicated in this package
SRC0071,L. C. G. Rogers; Stephen E. Satchell,"Estimating Variance from High, Low and Closing Prices",1991,,https://doi.org/10.1214/aoap/1177005835,10.1214/aoap/1177005835,journal_article,true,Daily/intraday market sample; see original paper.,Equity indexes or liquid assets.,OHLC/intraday returns and volatility.,daily_or_intraday,Realized volatility or asymmetric-volatility state.,Paper-specific; Aurora does not assume equivalence to close-t decision and next-open t+1 execution.,Paper-specific; not imported. Aurora headline costs are fixed at zero by the user.,Bibliographic identity and relevance were checked; exact coefficients and sample endpoints were not re-extracted for this lower-priority record.,See original source; explicit OOS is recorded in the synthesis for priority papers.,Mixed or not fully re-extracted; related replications and contradictions are registered separately.,yes_or_transformable_with_causal_asof_join,true,low_to_medium,low_to_medium,low,medium,paper_specific,high,medium,contextual_only,"Retained only as hypothesis, feature, negative control or validation method; no published return is treated as an Aurora result.",Bibliographic identity and relevance were checked; exact coefficients and sample endpoints were not re-extracted for this lower-priority record.,"Only deterministic, causal, zero-cost +1/-1 translations explicitly listed in candidate_strategy_pack.jsonl are permitted.","Unless stated in research_synthesis.md: exact sample endpoints, coefficients, transaction costs, execution timing and standalone SPY transfer.",pre_2011_evidence,realized_volatility_and_asymmetry,true,verified_bibliographic_identity_exact,doi:10.1214/aoap/1177005835,publisher_or_primary_repository_metadata_crosscheck,https://doi.org/10.1214/aoap/1177005835,2026-08-03,doi: 10.1016/0304-405X(91)90058-P -> 10.1214/aoap/1177005835 | direct_url: https://doi.org/10.1016/0304-405X(91)90058-P -> https://doi.org/10.1214/aoap/1177005835 | Corrected to the Annals of Applied Probability article DOI.,bibliographic_identity_verified; quantitative results not independently replicated in this package
SRC0072,Dennis Yang; Qiang Zhang,"Drift-Independent Volatility Estimation Based on High, Low, Open, and Close Prices",2000,,https://doi.org/10.1086/209650,10.1086/209650,journal_article,true,Daily/intraday market sample; see original paper.,Equity indexes or liquid assets.,OHLC/intraday returns and volatility.,daily_or_intraday,Realized volatility or asymmetric-volatility state.,Paper-specific; Aurora does not assume equivalence to close-t decision and next-open t+1 execution.,Paper-specific; not imported. Aurora headline costs are fixed at zero by the user.,Bibliographic identity and relevance were checked; exact coefficients and sample endpoints were not re-extracted for this lower-priority record.,See original source; explicit OOS is recorded in the synthesis for priority papers.,Mixed or not fully re-extracted; related replications and contradictions are registered separately.,yes_or_transformable_with_causal_asof_join,true,low_to_medium,low_to_medium,low,medium,paper_specific,high,medium,contextual_only,"Retained only as hypothesis, feature, negative control or validation method; no published return is treated as an Aurora result.",Bibliographic identity and relevance were checked; exact coefficients and sample endpoints were not re-extracted for this lower-priority record.,"Only deterministic, causal, zero-cost +1/-1 translations explicitly listed in candidate_strategy_pack.jsonl are permitted.","Unless stated in research_synthesis.md: exact sample endpoints, coefficients, transaction costs, execution timing and standalone SPY transfer.",pre_2011_evidence,realized_volatility_and_asymmetry,true,verified_bibliographic_identity_exact,doi:10.1086/209650,publisher_or_primary_repository_metadata_crosscheck,https://doi.org/10.1086/209650,2026-08-03,No metadata correction required in the final audit.,bibliographic_identity_verified; quantitative results not independently replicated in this package
SRC0073,Gurdip Bakshi; Nikunj Kapadia,Delta-Hedged Gains and the Negative Market Volatility Risk Premium,2003,,https://doi.org/10.1093/rfs/hhg002,10.1093/rfs/hhg002,journal_article,true,Options-era U.S. sample; see original paper.,S&P 500 and index options.,Implied and realized variance.,daily_or_monthly,Implied-minus-realized/expected variance.,Paper-specific; Aurora does not assume equivalence to close-t decision and next-open t+1 execution.,Paper-specific; not imported. Aurora headline costs are fixed at zero by the user.,Bibliographic identity and relevance were checked; exact coefficients and sample endpoints were not re-extracted for this lower-priority record.,See original source; explicit OOS is recorded in the synthesis for priority papers.,Mixed or not fully re-extracted; related replications and contradictions are registered separately.,yes_or_transformable_with_causal_asof_join,true,low_to_medium,low_to_medium,low,medium,paper_specific,high,high,include_candidate_or_feature_evidence,"Retained only as hypothesis, feature, negative control or validation method; no published return is treated as an Aurora result.",Bibliographic identity and relevance were checked; exact coefficients and sample endpoints were not re-extracted for this lower-priority record.,"Only deterministic, causal, zero-cost +1/-1 translations explicitly listed in candidate_strategy_pack.jsonl are permitted.","Unless stated in research_synthesis.md: exact sample endpoints, coefficients, transaction costs, execution timing and standalone SPY transfer.",pre_2011_evidence,variance_risk_premium,true,verified_bibliographic_identity_exact,doi:10.1093/rfs/hhg002,publisher_or_primary_repository_metadata_crosscheck,https://doi.org/10.1093/rfs/hhg002,2026-08-03,Corrected the Review of Financial Studies DOI.,bibliographic_identity_verified; quantitative results not independently replicated in this package
SRC0074,Peter Carr; Liuren Wu,Variance Risk Premiums,2009,,https://doi.org/10.1093/rfs/hhn038,10.1093/rfs/hhn038,journal_article,true,Options-era U.S. sample; see original paper.,S&P 500 and index options.,Implied and realized variance.,daily_or_monthly,Implied-minus-realized/expected variance.,Paper-specific; Aurora does not assume equivalence to close-t decision and next-open t+1 execution.,Paper-specific; not imported. Aurora headline costs are fixed at zero by the user.,Bibliographic identity and relevance were checked; exact coefficients and sample endpoints were not re-extracted for this lower-priority record.,See original source; explicit OOS is recorded in the synthesis for priority papers.,Mixed or not fully re-extracted; related replications and contradictions are registered separately.,yes_or_transformable_with_causal_asof_join,true,low_to_medium,low_to_medium,low,medium,paper_specific,high,high,include_candidate_or_feature_evidence,"Retained only as hypothesis, feature, negative control or validation method; no published return is treated as an Aurora result.",Bibliographic identity and relevance were checked; exact coefficients and sample endpoints were not re-extracted for this lower-priority record.,"Only deterministic, causal, zero-cost +1/-1 translations explicitly listed in candidate_strategy_pack.jsonl are permitted.","Unless stated in research_synthesis.md: exact sample endpoints, coefficients, transaction costs, execution timing and standalone SPY transfer.",pre_2011_evidence,variance_risk_premium,true,verified_bibliographic_identity_exact,doi:10.1093/rfs/hhn038,publisher_or_primary_repository_metadata_crosscheck,https://doi.org/10.1093/rfs/hhn038,2026-08-03,No metadata correction required in the final audit.,bibliographic_identity_verified; quantitative results not independently replicated in this package
SRC0075,Jun Pan,The Jump-Risk Premia Implicit in Options: Evidence from an Integrated Time-Series Study,2002,,https://doi.org/10.1016/S0304-405X(01)00088-5,10.1016/S0304-405X(01)00088-5,journal_article,true,Long daily/options sample; see original paper.,U.S. equities / S&P 500.,"Tails, jumps, skewness and options.",daily_or_monthly,Crash/tail transition measure.,Paper-specific; Aurora does not assume equivalence to close-t decision and next-open t+1 execution.,Paper-specific; not imported. Aurora headline costs are fixed at zero by the user.,Bibliographic identity and relevance were checked; exact coefficients and sample endpoints were not re-extracted for this lower-priority record.,See original source; explicit OOS is recorded in the synthesis for priority papers.,Mixed or not fully re-extracted; related replications and contradictions are registered separately.,yes_or_transformable_with_causal_asof_join,true,low_to_medium,low_to_medium,low,medium,paper_specific,high,medium_high,include_candidate_or_feature_evidence,"Retained only as hypothesis, feature, negative control or validation method; no published return is treated as an Aurora result.",Bibliographic identity and relevance were checked; exact coefficients and sample endpoints were not re-extracted for this lower-priority record.,"Only deterministic, causal, zero-cost +1/-1 translations explicitly listed in candidate_strategy_pack.jsonl are permitted.","Unless stated in research_synthesis.md: exact sample endpoints, coefficients, transaction costs, execution timing and standalone SPY transfer.",pre_2011_evidence,tail_risk_and_crash_transition,true,verified_bibliographic_identity_exact,doi:10.1016/s0304-405x(01)00088-5,publisher_or_primary_repository_metadata_crosscheck,https://doi.org/10.1016/S0304-405X(01)00088-5,2026-08-03,No metadata correction required in the final audit.,bibliographic_identity_verified; quantitative results not independently replicated in this package
SRC0076,Pedro Santa-Clara; Shu Yan,"Crashes, Volatility, and the Equity Premium: Lessons from S&P 500 Options",2010,,https://doi.org/10.1162/rest.2010.11549,10.1162/rest.2010.11549,journal_article,true,Long daily/options sample; see original paper.,U.S. equities / S&P 500.,"Tails, jumps, skewness and options.",daily_or_monthly,Crash/tail transition measure.,Paper-specific; Aurora does not assume equivalence to close-t decision and next-open t+1 execution.,Paper-specific; not imported. Aurora headline costs are fixed at zero by the user.,Bibliographic identity and relevance were checked; exact coefficients and sample endpoints were not re-extracted for this lower-priority record.,See original source; explicit OOS is recorded in the synthesis for priority papers.,Mixed or not fully re-extracted; related replications and contradictions are registered separately.,yes_or_transformable_with_causal_asof_join,true,low_to_medium,low_to_medium,low,medium,paper_specific,high,medium_high,include_candidate_or_feature_evidence,"Retained only as hypothesis, feature, negative control or validation method; no published return is treated as an Aurora result.",Bibliographic identity and relevance were checked; exact coefficients and sample endpoints were not re-extracted for this lower-priority record.,"Only deterministic, causal, zero-cost +1/-1 translations explicitly listed in candidate_strategy_pack.jsonl are permitted.","Unless stated in research_synthesis.md: exact sample endpoints, coefficients, transaction costs, execution timing and standalone SPY transfer.",pre_2011_evidence,tail_risk_and_crash_transition,true,verified_bibliographic_identity_exact,doi:10.1162/rest.2010.11549,publisher_or_primary_repository_metadata_crosscheck,https://doi.org/10.1162/rest.2010.11549,2026-08-03,Corrected the Review of Economics and Statistics DOI.,bibliographic_identity_verified; quantitative results not independently replicated in this package
SRC0077,David Easley; Maureen O'Hara; P. S. Srinivas,Option Volume and Stock Prices: Evidence on Where Informed Traders Trade,1998,,https://doi.org/10.1111/0022-1082.194060,10.1111/0022-1082.194060,journal_article,true,U.S. option-market sample; see original paper.,Index or equity options.,"Option volume, skew, open interest or order flow.",daily,Option-based directional/sentiment measure.,Paper-specific; Aurora does not assume equivalence to close-t decision and next-open t+1 execution.,Paper-specific; not imported. Aurora headline costs are fixed at zero by the user.,Bibliographic identity and relevance were checked; exact coefficients and sample endpoints were not re-extracted for this lower-priority record.,See original source; explicit OOS is recorded in the synthesis for priority papers.,Mixed or not fully re-extracted; related replications and contradictions are registered separately.,yes_or_transformable_with_causal_asof_join,true,low_to_medium,high_for_cross_section; low_for_index,low,medium,paper_specific,high,medium,contextual_only,"Retained only as hypothesis, feature, negative control or validation method; no published return is treated as an Aurora result.",Bibliographic identity and relevance were checked; exact coefficients and sample endpoints were not re-extracted for this lower-priority record.,"Only deterministic, causal, zero-cost +1/-1 translations explicitly listed in candidate_strategy_pack.jsonl are permitted.","Unless stated in research_synthesis.md: exact sample endpoints, coefficients, transaction costs, execution timing and standalone SPY transfer.",pre_2011_evidence,options_volume_and_sentiment,true,verified_bibliographic_identity_exact,doi:10.1111/0022-1082.194060,publisher_or_primary_repository_metadata_crosscheck,https://doi.org/10.1111/0022-1082.194060,2026-08-03,doi: 10.1111/0022-1082.00026 -> 10.1111/0022-1082.194060 | direct_url: https://doi.org/10.1111/0022-1082.00026 -> https://doi.org/10.1111/0022-1082.194060 | Corrected the Wiley/Journal of Finance article identifier.,bibliographic_identity_verified; quantitative results not independently replicated in this package
SRC0078,Jun Pan; Allen M. Poteshman,The Information in Option Volume for Future Stock Prices,2006,,https://doi.org/10.1093/rfs/hhj024,10.1093/rfs/hhj024,journal_article,true,U.S. option-market sample; see original paper.,Index or equity options.,"Option volume, skew, open interest or order flow.",daily,Option-based directional/sentiment measure.,Paper-specific; Aurora does not assume equivalence to close-t decision and next-open t+1 execution.,Paper-specific; not imported. Aurora headline costs are fixed at zero by the user.,Bibliographic identity and relevance were checked; exact coefficients and sample endpoints were not re-extracted for this lower-priority record.,See original source; explicit OOS is recorded in the synthesis for priority papers.,Mixed or not fully re-extracted; related replications and contradictions are registered separately.,yes_or_transformable_with_causal_asof_join,true,low_to_medium,high_for_cross_section; low_for_index,low,medium,paper_specific,high,medium,contextual_only,"Retained only as hypothesis, feature, negative control or validation method; no published return is treated as an Aurora result.",Bibliographic identity and relevance were checked; exact coefficients and sample endpoints were not re-extracted for this lower-priority record.,"Only deterministic, causal, zero-cost +1/-1 translations explicitly listed in candidate_strategy_pack.jsonl are permitted.","Unless stated in research_synthesis.md: exact sample endpoints, coefficients, transaction costs, execution timing and standalone SPY transfer.",pre_2011_evidence,options_volume_and_sentiment,true,verified_bibliographic_identity_exact,doi:10.1093/rfs/hhj024,publisher_or_primary_repository_metadata_crosscheck,https://doi.org/10.1093/rfs/hhj024,2026-08-03,No metadata correction required in the final audit.,bibliographic_identity_verified; quantitative results not independently replicated in this package
SRC0079,Martijn Cremers; David Weinbaum,Deviations from Put-Call Parity and Stock Return Predictability,2010,,https://doi.org/10.1017/S002210901000013X,10.1017/S002210901000013X,journal_article,true,U.S. option-market sample; see original paper.,Index or equity options.,"Option volume, skew, open interest or order flow.",daily,Option-based directional/sentiment measure.,Paper-specific; Aurora does not assume equivalence to close-t decision and next-open t+1 execution.,Paper-specific; not imported. Aurora headline costs are fixed at zero by the user.,Bibliographic identity and relevance were checked; exact coefficients and sample endpoints were not re-extracted for this lower-priority record.,See original source; explicit OOS is recorded in the synthesis for priority papers.,Mixed or not fully re-extracted; related replications and contradictions are registered separately.,yes_or_transformable_with_causal_asof_join,true,low_to_medium,high_for_cross_section; low_for_index,low,medium,paper_specific,high,medium,contextual_only,"Retained only as hypothesis, feature, negative control or validation method; no published return is treated as an Aurora result.",Bibliographic identity and relevance were checked; exact coefficients and sample endpoints were not re-extracted for this lower-priority record.,"Only deterministic, causal, zero-cost +1/-1 translations explicitly listed in candidate_strategy_pack.jsonl are permitted.","Unless stated in research_synthesis.md: exact sample endpoints, coefficients, transaction costs, execution timing and standalone SPY transfer.",pre_2011_evidence,options_volume_and_sentiment,true,verified_bibliographic_identity_exact,doi:10.1017/s002210901000013x,publisher_or_primary_repository_metadata_crosscheck,https://doi.org/10.1017/S002210901000013X,2026-08-03,doi: 10.1017/S002210901000060X -> 10.1017/S002210901000013X | direct_url: https://doi.org/10.1017/S002210901000060X -> https://doi.org/10.1017/S002210901000013X | Corrected the JFQA DOI.,bibliographic_identity_verified; quantitative results not independently replicated in this package
SRC0080,Yuhang Xing; Xiaoyan Zhang; Rui Zhao,What Does the Individual Option Volatility Smirk Tell Us about Future Equity Returns?,2010,,https://doi.org/10.1017/S0022109010000220,10.1017/S0022109010000220,journal_article,true,U.S. option-market sample; see original paper.,Index or equity options.,"Option volume, skew, open interest or order flow.",daily,Option-based directional/sentiment measure.,Paper-specific; Aurora does not assume equivalence to close-t decision and next-open t+1 execution.,Paper-specific; not imported. Aurora headline costs are fixed at zero by the user.,Bibliographic identity and relevance were checked; exact coefficients and sample endpoints were not re-extracted for this lower-priority record.,See original source; explicit OOS is recorded in the synthesis for priority papers.,Mixed or not fully re-extracted; related replications and contradictions are registered separately.,yes_or_transformable_with_causal_asof_join,true,low_to_medium,high_for_cross_section; low_for_index,low,medium,paper_specific,high,medium,contextual_only,"Retained only as hypothesis, feature, negative control or validation method; no published return is treated as an Aurora result.",Bibliographic identity and relevance were checked; exact coefficients and sample endpoints were not re-extracted for this lower-priority record.,"Only deterministic, causal, zero-cost +1/-1 translations explicitly listed in candidate_strategy_pack.jsonl are permitted.","Unless stated in research_synthesis.md: exact sample endpoints, coefficients, transaction costs, execution timing and standalone SPY transfer.",pre_2011_evidence,options_volume_and_sentiment,true,verified_bibliographic_identity_exact,doi:10.1017/s0022109010000220,publisher_or_primary_repository_metadata_crosscheck,https://doi.org/10.1017/S0022109010000220,2026-08-03,doi: 10.1017/S0022109010000222 -> 10.1017/S0022109010000220 | direct_url: https://doi.org/10.1017/S0022109010000222 -> https://doi.org/10.1017/S0022109010000220 | Corrected the JFQA DOI.,bibliographic_identity_verified; quantitative results not independently replicated in this package
SRC0081,Turan G. Bali; Armen Hovakimian,Volatility Spreads and Expected Stock Returns,2009,,https://doi.org/10.1287/mnsc.1090.1063,10.1287/mnsc.1090.1063,journal_article,true,Options-era U.S. sample; see original paper.,S&P 500 and index options.,Implied and realized variance.,daily_or_monthly,Implied-minus-realized/expected variance.,Paper-specific; Aurora does not assume equivalence to close-t decision and next-open t+1 execution.,Paper-specific; not imported. Aurora headline costs are fixed at zero by the user.,Bibliographic identity and relevance were checked; exact coefficients and sample endpoints were not re-extracted for this lower-priority record.,See original source; explicit OOS is recorded in the synthesis for priority papers.,Mixed or not fully re-extracted; related replications and contradictions are registered separately.,yes_or_transformable_with_causal_asof_join,true,low_to_medium,low_to_medium,low,medium,paper_specific,high,high,include_candidate_or_feature_evidence,"Retained only as hypothesis, feature, negative control or validation method; no published return is treated as an Aurora result.",Bibliographic identity and relevance were checked; exact coefficients and sample endpoints were not re-extracted for this lower-priority record.,"Only deterministic, causal, zero-cost +1/-1 translations explicitly listed in candidate_strategy_pack.jsonl are permitted.","Unless stated in research_synthesis.md: exact sample endpoints, coefficients, transaction costs, execution timing and standalone SPY transfer.",pre_2011_evidence,variance_risk_premium,true,verified_bibliographic_identity_exact,doi:10.1287/mnsc.1090.1063,publisher_or_primary_repository_metadata_crosscheck,https://doi.org/10.1287/mnsc.1090.1063,2026-08-03,Confirmed/corrected the Management Science DOI.,bibliographic_identity_verified; quantitative results not independently replicated in this package
SRC0082,Amit Goyal; Alessio Saretto,Cross-Section of Option Returns and Volatility,2009,,https://doi.org/10.1016/j.jfineco.2009.01.001,10.1016/j.jfineco.2009.01.001,journal_article,true,Options-era U.S. sample; see original paper.,S&P 500 and index options.,Implied and realized variance.,daily_or_monthly,Implied-minus-realized/expected variance.,Paper-specific; Aurora does not assume equivalence to close-t decision and next-open t+1 execution.,Paper-specific; not imported. Aurora headline costs are fixed at zero by the user.,Bibliographic identity and relevance were checked; exact coefficients and sample endpoints were not re-extracted for this lower-priority record.,See original source; explicit OOS is recorded in the synthesis for priority papers.,Mixed or not fully re-extracted; related replications and contradictions are registered separately.,yes_or_transformable_with_causal_asof_join,true,low_to_medium,low_to_medium,low,medium,paper_specific,high,high,include_candidate_or_feature_evidence,"Retained only as hypothesis, feature, negative control or validation method; no published return is treated as an Aurora result.",Bibliographic identity and relevance were checked; exact coefficients and sample endpoints were not re-extracted for this lower-priority record.,"Only deterministic, causal, zero-cost +1/-1 translations explicitly listed in candidate_strategy_pack.jsonl are permitted.","Unless stated in research_synthesis.md: exact sample endpoints, coefficients, transaction costs, execution timing and standalone SPY transfer.",pre_2011_evidence,variance_risk_premium,true,verified_bibliographic_identity_exact,doi:10.1016/j.jfineco.2009.01.001,publisher_or_primary_repository_metadata_crosscheck,https://doi.org/10.1016/j.jfineco.2009.01.001,2026-08-03,No metadata correction required in the final audit.,bibliographic_identity_verified; quantitative results not independently replicated in this package
SRC0083,Travis L. Johnson; Eric C. So,The Option to Stock Volume Ratio and Future Returns,2012,,https://doi.org/10.1016/j.jfineco.2012.05.008,10.1016/j.jfineco.2012.05.008,journal_article,true,U.S. option-market sample; see original paper.,Index or equity options.,"Option volume, skew, open interest or order flow.",daily,Option-based directional/sentiment measure.,Paper-specific; Aurora does not assume equivalence to close-t decision and next-open t+1 execution.,Paper-specific; not imported. Aurora headline costs are fixed at zero by the user.,Bibliographic identity and relevance were checked; exact coefficients and sample endpoints were not re-extracted for this lower-priority record.,See original source; explicit OOS is recorded in the synthesis for priority papers.,Mixed or not fully re-extracted; related replications and contradictions are registered separately.,yes_or_transformable_with_causal_asof_join,false,low_to_medium,high_for_cross_section; low_for_index,low,medium,paper_specific,high,medium,contextual_only,"Retained only as hypothesis, feature, negative control or validation method; no published return is treated as an Aurora result.",Bibliographic identity and relevance were checked; exact coefficients and sample endpoints were not re-extracted for this lower-priority record.,"Only deterministic, causal, zero-cost +1/-1 translations explicitly listed in candidate_strategy_pack.jsonl are permitted.","Unless stated in research_synthesis.md: exact sample endpoints, coefficients, transaction costs, execution timing and standalone SPY transfer.",post_2010_research,options_volume_and_sentiment,true,verified_bibliographic_identity_exact,doi:10.1016/j.jfineco.2012.05.008,publisher_or_primary_repository_metadata_crosscheck,https://doi.org/10.1016/j.jfineco.2012.05.008,2026-08-03,No metadata correction required in the final audit.,bibliographic_identity_verified; quantitative results not independently replicated in this package
SRC0084,Bing Han,Investor Sentiment and Option Prices,2008,,https://doi.org/10.1093/rfs/hhm071,10.1093/rfs/hhm071,journal_article,true,U.S. option-market sample; see original paper.,Index or equity options.,"Option volume, skew, open interest or order flow.",daily,Option-based directional/sentiment measure.,Paper-specific; Aurora does not assume equivalence to close-t decision and next-open t+1 execution.,Paper-specific; not imported. Aurora headline costs are fixed at zero by the user.,Bibliographic identity and relevance were checked; exact coefficients and sample endpoints were not re-extracted for this lower-priority record.,See original source; explicit OOS is recorded in the synthesis for priority papers.,Mixed or not fully re-extracted; related replications and contradictions are registered separately.,yes_or_transformable_with_causal_asof_join,true,low_to_medium,high_for_cross_section; low_for_index,low,medium,paper_specific,high,medium,contextual_only,"Retained only as hypothesis, feature, negative control or validation method; no published return is treated as an Aurora result.",Bibliographic identity and relevance were checked; exact coefficients and sample endpoints were not re-extracted for this lower-priority record.,"Only deterministic, causal, zero-cost +1/-1 translations explicitly listed in candidate_strategy_pack.jsonl are permitted.","Unless stated in research_synthesis.md: exact sample endpoints, coefficients, transaction costs, execution timing and standalone SPY transfer.",pre_2011_evidence,options_volume_and_sentiment,true,verified_bibliographic_identity_exact,doi:10.1093/rfs/hhm071,publisher_or_primary_repository_metadata_crosscheck,https://doi.org/10.1093/rfs/hhm071,2026-08-03,Confirmed the Review of Financial Studies DOI.,bibliographic_identity_verified; quantitative results not independently replicated in this package
SRC0085,Joost Driessen; Pascal J. Maenhout; Grigory Vilkov,The Price of Correlation Risk: Evidence from Equity Options,2009,,https://doi.org/10.1111/j.1540-6261.2009.01467.x,10.1111/j.1540-6261.2009.01467.x,journal_article,true,U.S. cross-section and market sample.,"Stocks, sectors or industries.","Correlation, dispersion and market returns.",daily_to_monthly,Internal co-movement/concentration state.,Paper-specific; Aurora does not assume equivalence to close-t decision and next-open t+1 execution.,Paper-specific; not imported. Aurora headline costs are fixed at zero by the user.,Bibliographic identity and relevance were checked; exact coefficients and sample endpoints were not re-extracted for this lower-priority record.,See original source; explicit OOS is recorded in the synthesis for priority papers.,Mixed or not fully re-extracted; related replications and contradictions are registered separately.,yes_or_transformable_with_causal_asof_join,true,low_to_medium,high_for_cross_section; low_for_index,low,medium,paper_specific,high,medium,contextual_only,"Retained only as hypothesis, feature, negative control or validation method; no published return is treated as an Aurora result.",Bibliographic identity and relevance were checked; exact coefficients and sample endpoints were not re-extracted for this lower-priority record.,"Only deterministic, causal, zero-cost +1/-1 translations explicitly listed in candidate_strategy_pack.jsonl are permitted.","Unless stated in research_synthesis.md: exact sample endpoints, coefficients, transaction costs, execution timing and standalone SPY transfer.",pre_2011_evidence,correlation_dispersion_and_concentration,true,verified_bibliographic_identity_exact,doi:10.1111/j.1540-6261.2009.01467.x,publisher_or_primary_repository_metadata_crosscheck,https://doi.org/10.1111/j.1540-6261.2009.01467.x,2026-08-03,No metadata correction required in the final audit.,bibliographic_identity_verified; quantitative results not independently replicated in this package
SRC0086,Joshua M. Pollet; Mungo Wilson,Average Correlation and Stock Market Returns,2010,,https://doi.org/10.1016/j.jfineco.2010.02.011,10.1016/j.jfineco.2010.02.011,journal_article,true,U.S. cross-section and market sample.,"Stocks, sectors or industries.","Correlation, dispersion and market returns.",daily_to_monthly,Internal co-movement/concentration state.,Paper-specific; Aurora does not assume equivalence to close-t decision and next-open t+1 execution.,Paper-specific; not imported. Aurora headline costs are fixed at zero by the user.,Bibliographic identity and relevance were checked; exact coefficients and sample endpoints were not re-extracted for this lower-priority record.,See original source; explicit OOS is recorded in the synthesis for priority papers.,Mixed or not fully re-extracted; related replications and contradictions are registered separately.,yes_or_transformable_with_causal_asof_join,true,low_to_medium,high_for_cross_section; low_for_index,low,medium,paper_specific,high,medium,contextual_only,"Retained only as hypothesis, feature, negative control or validation method; no published return is treated as an Aurora result.",Bibliographic identity and relevance were checked; exact coefficients and sample endpoints were not re-extracted for this lower-priority record.,"Only deterministic, causal, zero-cost +1/-1 translations explicitly listed in candidate_strategy_pack.jsonl are permitted.","Unless stated in research_synthesis.md: exact sample endpoints, coefficients, transaction costs, execution timing and standalone SPY transfer.",pre_2011_evidence,correlation_dispersion_and_concentration,true,verified_bibliographic_identity_exact,doi:10.1016/j.jfineco.2010.02.011,publisher_or_primary_repository_metadata_crosscheck,https://doi.org/10.1016/j.jfineco.2010.02.011,2026-08-03,No metadata correction required in the final audit.,bibliographic_identity_verified; quantitative results not independently replicated in this package
SRC0087,Andrew Ang; Joseph Chen; Yuhang Xing,Downside Risk,2006,,https://doi.org/10.1093/rfs/hhj035,10.1093/rfs/hhj035,journal_article,true,Long daily/options sample; see original paper.,U.S. equities / S&P 500.,"Tails, jumps, skewness and options.",daily_or_monthly,Crash/tail transition measure.,Paper-specific; Aurora does not assume equivalence to close-t decision and next-open t+1 execution.,Paper-specific; not imported. Aurora headline costs are fixed at zero by the user.,Bibliographic identity and relevance were checked; exact coefficients and sample endpoints were not re-extracted for this lower-priority record.,See original source; explicit OOS is recorded in the synthesis for priority papers.,Mixed or not fully re-extracted; related replications and contradictions are registered separately.,yes_or_transformable_with_causal_asof_join,true,low_to_medium,low_to_medium,low,medium,paper_specific,high,medium_high,include_candidate_or_feature_evidence,"Retained only as hypothesis, feature, negative control or validation method; no published return is treated as an Aurora result.",Bibliographic identity and relevance were checked; exact coefficients and sample endpoints were not re-extracted for this lower-priority record.,"Only deterministic, causal, zero-cost +1/-1 translations explicitly listed in candidate_strategy_pack.jsonl are permitted.","Unless stated in research_synthesis.md: exact sample endpoints, coefficients, transaction costs, execution timing and standalone SPY transfer.",pre_2011_evidence,tail_risk_and_crash_transition,true,verified_bibliographic_identity_exact,doi:10.1093/rfs/hhj035,publisher_or_primary_repository_metadata_crosscheck,https://doi.org/10.1093/rfs/hhj035,2026-08-03,No metadata correction required in the final audit.,bibliographic_identity_verified; quantitative results not independently replicated in this package
SRC0088,Bo-Young Chang; Peter Christoffersen; Kris Jacobs,Market Skewness Risk and the Cross Section of Stock Returns,2013,,https://doi.org/10.1016/j.jfineco.2012.07.002,10.1016/j.jfineco.2012.07.002,journal_article,true,Long daily/options sample; see original paper.,U.S. equities / S&P 500.,"Tails, jumps, skewness and options.",daily_or_monthly,Crash/tail transition measure.,Paper-specific; Aurora does not assume equivalence to close-t decision and next-open t+1 execution.,Paper-specific; not imported. Aurora headline costs are fixed at zero by the user.,Bibliographic identity and relevance were checked; exact coefficients and sample endpoints were not re-extracted for this lower-priority record.,See original source; explicit OOS is recorded in the synthesis for priority papers.,Mixed or not fully re-extracted; related replications and contradictions are registered separately.,yes_or_transformable_with_causal_asof_join,false,low_to_medium,low_to_medium,low,medium,paper_specific,high,medium_high,include_candidate_or_feature_evidence,"Retained only as hypothesis, feature, negative control or validation method; no published return is treated as an Aurora result.",Bibliographic identity and relevance were checked; exact coefficients and sample endpoints were not re-extracted for this lower-priority record.,"Only deterministic, causal, zero-cost +1/-1 translations explicitly listed in candidate_strategy_pack.jsonl are permitted.","Unless stated in research_synthesis.md: exact sample endpoints, coefficients, transaction costs, execution timing and standalone SPY transfer.",post_2010_research,tail_risk_and_crash_transition,true,verified_bibliographic_identity_exact,doi:10.1016/j.jfineco.2012.07.002,publisher_or_primary_repository_metadata_crosscheck,https://doi.org/10.1016/j.jfineco.2012.07.002,2026-08-03,Corrected/confirmed the Journal of Financial Economics DOI.,bibliographic_identity_verified; quantitative results not independently replicated in this package
SRC0089,Tim Bollerslev; James Marrone; Lai Xu; Hao Zhou,Stock Return Predictability and Variance Risk Premia: Statistical Inference and International Evidence,2014,,https://doi.org/10.1017/S0022109014000453,10.1017/S0022109014000453,journal_article,true,Options-era U.S. sample; see original paper.,S&P 500 and index options.,Implied and realized variance.,daily_or_monthly,Implied-minus-realized/expected variance.,Paper-specific; Aurora does not assume equivalence to close-t decision and next-open t+1 execution.,Paper-specific; not imported. Aurora headline costs are fixed at zero by the user.,Bibliographic identity and relevance were checked; exact coefficients and sample endpoints were not re-extracted for this lower-priority record.,See original source; explicit OOS is recorded in the synthesis for priority papers.,Mixed or not fully re-extracted; related replications and contradictions are registered separately.,yes_or_transformable_with_causal_asof_join,false,low_to_medium,low_to_medium,low,medium,paper_specific,high,high,include_candidate_or_feature_evidence,"Retained only as hypothesis, feature, negative control or validation method; no published return is treated as an Aurora result.",Bibliographic identity and relevance were checked; exact coefficients and sample endpoints were not re-extracted for this lower-priority record.,"Only deterministic, causal, zero-cost +1/-1 translations explicitly listed in candidate_strategy_pack.jsonl are permitted.","Unless stated in research_synthesis.md: exact sample endpoints, coefficients, transaction costs, execution timing and standalone SPY transfer.",post_2010_research,variance_risk_premium,true,verified_bibliographic_identity_exact,doi:10.1017/s0022109014000453,publisher_or_primary_repository_metadata_crosscheck,https://doi.org/10.1017/S0022109014000453,2026-08-03,Corrected/confirmed the JFQA DOI.,bibliographic_identity_verified; quantitative results not independently replicated in this package
SRC0090,Ian Martin,What Is the Expected Return on the Market?,2017,,https://doi.org/10.1093/qje/qjw034,10.1093/qje/qjw034,journal_article,true,Options-era U.S. sample; see original paper.,S&P 500 and index options.,Implied and realized variance.,daily_or_monthly,Implied-minus-realized/expected variance.,Paper-specific; Aurora does not assume equivalence to close-t decision and next-open t+1 execution.,Paper-specific; not imported. Aurora headline costs are fixed at zero by the user.,Bibliographic identity and relevance were checked; exact coefficients and sample endpoints were not re-extracted for this lower-priority record.,See original source; explicit OOS is recorded in the synthesis for priority papers.,Mixed or not fully re-extracted; related replications and contradictions are registered separately.,yes_or_transformable_with_causal_asof_join,false,low_to_medium,low_to_medium,low,medium,paper_specific,high,high,include_candidate_or_feature_evidence,"Retained only as hypothesis, feature, negative control or validation method; no published return is treated as an Aurora result.",Bibliographic identity and relevance were checked; exact coefficients and sample endpoints were not re-extracted for this lower-priority record.,"Only deterministic, causal, zero-cost +1/-1 translations explicitly listed in candidate_strategy_pack.jsonl are permitted.","Unless stated in research_synthesis.md: exact sample endpoints, coefficients, transaction costs, execution timing and standalone SPY transfer.",post_2010_research,variance_risk_premium,true,verified_bibliographic_identity_exact,doi:10.1093/qje/qjw034,publisher_or_primary_repository_metadata_crosscheck,https://doi.org/10.1093/qje/qjw034,2026-08-03,No metadata correction required in the final audit.,bibliographic_identity_verified; quantitative results not independently replicated in this package
SRC0091,Ian Martin; Christian Wagner,What Is the Expected Return on a Stock?,2019,,https://doi.org/10.1111/jofi.12778,10.1111/jofi.12778,journal_article,true,Options-era U.S. sample; see original paper.,S&P 500 and index options.,Implied and realized variance.,daily_or_monthly,Implied-minus-realized/expected variance.,Paper-specific; Aurora does not assume equivalence to close-t decision and next-open t+1 execution.,Paper-specific; not imported. Aurora headline costs are fixed at zero by the user.,Bibliographic identity and relevance were checked; exact coefficients and sample endpoints were not re-extracted for this lower-priority record.,See original source; explicit OOS is recorded in the synthesis for priority papers.,Mixed or not fully re-extracted; related replications and contradictions are registered separately.,yes_or_transformable_with_causal_asof_join,false,low_to_medium,low_to_medium,low,medium,paper_specific,high,high,include_candidate_or_feature_evidence,"Retained only as hypothesis, feature, negative control or validation method; no published return is treated as an Aurora result.",Bibliographic identity and relevance were checked; exact coefficients and sample endpoints were not re-extracted for this lower-priority record.,"Only deterministic, causal, zero-cost +1/-1 translations explicitly listed in candidate_strategy_pack.jsonl are permitted.","Unless stated in research_synthesis.md: exact sample endpoints, coefficients, transaction costs, execution timing and standalone SPY transfer.",post_2010_research,variance_risk_premium,true,verified_bibliographic_identity_exact,doi:10.1111/jofi.12778,publisher_or_primary_repository_metadata_crosscheck,https://doi.org/10.1111/jofi.12778,2026-08-03,No metadata correction required in the final audit.,bibliographic_identity_verified; quantitative results not independently replicated in this package
SRC0092,Viktor Todorov,Variance Risk-Premium Dynamics: The Role of Jumps,2010,,https://doi.org/10.1093/rfs/hhp035,10.1093/rfs/hhp035,journal_article,true,Options-era U.S. sample; see original paper.,S&P 500 and index options.,Implied and realized variance.,daily_or_monthly,Implied-minus-realized/expected variance.,Paper-specific; Aurora does not assume equivalence to close-t decision and next-open t+1 execution.,Paper-specific; not imported. Aurora headline costs are fixed at zero by the user.,Bibliographic identity and relevance were checked; exact coefficients and sample endpoints were not re-extracted for this lower-priority record.,See original source; explicit OOS is recorded in the synthesis for priority papers.,Mixed or not fully re-extracted; related replications and contradictions are registered separately.,yes_or_transformable_with_causal_asof_join,true,low_to_medium,low_to_medium,low,medium,paper_specific,high,high,include_candidate_or_feature_evidence,"Retained only as hypothesis, feature, negative control or validation method; no published return is treated as an Aurora result.",Bibliographic identity and relevance were checked; exact coefficients and sample endpoints were not re-extracted for this lower-priority record.,"Only deterministic, causal, zero-cost +1/-1 translations explicitly listed in candidate_strategy_pack.jsonl are permitted.","Unless stated in research_synthesis.md: exact sample endpoints, coefficients, transaction costs, execution timing and standalone SPY transfer.",pre_2011_evidence,variance_risk_premium,true,verified_bibliographic_identity_exact,doi:10.1093/rfs/hhp035,publisher_or_primary_repository_metadata_crosscheck,https://doi.org/10.1093/rfs/hhp035,2026-08-03,No metadata correction required in the final audit.,bibliographic_identity_verified; quantitative results not independently replicated in this package
SRC0093,Tim Bollerslev; Michael Gibson; Hao Zhou,Dynamic Estimation of Volatility Risk Premia and Investor Risk Aversion from Option-Implied and Realized Volatilities,2011,,https://doi.org/10.1016/j.jeconom.2010.03.033,10.1016/j.jeconom.2010.03.033,journal_article,true,Options-era U.S. sample; see original paper.,S&P 500 and index options.,Implied and realized variance.,daily_or_monthly,Implied-minus-realized/expected variance.,Paper-specific; Aurora does not assume equivalence to close-t decision and next-open t+1 execution.,Paper-specific; not imported. Aurora headline costs are fixed at zero by the user.,Bibliographic identity and relevance were checked; exact coefficients and sample endpoints were not re-extracted for this lower-priority record.,See original source; explicit OOS is recorded in the synthesis for priority papers.,Mixed or not fully re-extracted; related replications and contradictions are registered separately.,yes_or_transformable_with_causal_asof_join,false,low_to_medium,low_to_medium,low,medium,paper_specific,high,high,include_candidate_or_feature_evidence,"Retained only as hypothesis, feature, negative control or validation method; no published return is treated as an Aurora result.",Bibliographic identity and relevance were checked; exact coefficients and sample endpoints were not re-extracted for this lower-priority record.,"Only deterministic, causal, zero-cost +1/-1 translations explicitly listed in candidate_strategy_pack.jsonl are permitted.","Unless stated in research_synthesis.md: exact sample endpoints, coefficients, transaction costs, execution timing and standalone SPY transfer.",post_2010_research,variance_risk_premium,true,verified_bibliographic_identity_exact,doi:10.1016/j.jeconom.2010.03.033,publisher_or_primary_repository_metadata_crosscheck,https://doi.org/10.1016/j.jeconom.2010.03.033,2026-08-03,No metadata correction required in the final audit.,bibliographic_identity_verified; quantitative results not independently replicated in this package
SRC0094,Tobias Adrian; Joshua Rosenberg,Stock Returns and Volatility: Pricing the Short-Run and Long-Run Components of Market Risk,2008,,https://doi.org/10.1111/j.1540-6261.2008.01419.x,10.1111/j.1540-6261.2008.01419.x,journal_article,true,Daily/intraday market sample; see original paper.,Equity indexes or liquid assets.,OHLC/intraday returns and volatility.,daily_or_intraday,Realized volatility or asymmetric-volatility state.,Paper-specific; Aurora does not assume equivalence to close-t decision and next-open t+1 execution.,Paper-specific; not imported. Aurora headline costs are fixed at zero by the user.,Bibliographic identity and relevance were checked; exact coefficients and sample endpoints were not re-extracted for this lower-priority record.,See original source; explicit OOS is recorded in the synthesis for priority papers.,Mixed or not fully re-extracted; related replications and contradictions are registered separately.,yes_or_transformable_with_causal_asof_join,true,low_to_medium,low_to_medium,low,medium,paper_specific,high,medium,contextual_only,"Retained only as hypothesis, feature, negative control or validation method; no published return is treated as an Aurora result.",Bibliographic identity and relevance were checked; exact coefficients and sample endpoints were not re-extracted for this lower-priority record.,"Only deterministic, causal, zero-cost +1/-1 translations explicitly listed in candidate_strategy_pack.jsonl are permitted.","Unless stated in research_synthesis.md: exact sample endpoints, coefficients, transaction costs, execution timing and standalone SPY transfer.",pre_2011_evidence,realized_volatility_and_asymmetry,true,verified_bibliographic_identity_exact,doi:10.1111/j.1540-6261.2008.01419.x,publisher_or_primary_repository_metadata_crosscheck,https://doi.org/10.1111/j.1540-6261.2008.01419.x,2026-08-03,Corrected/confirmed the Journal of Finance DOI.,bibliographic_identity_verified; quantitative results not independently replicated in this package
SRC0095,Patrick Dennis; Stewart Mayhew; Chris Stivers,"Stock Returns, Implied Volatility Innovations, and the Asymmetric Volatility Phenomenon",2006,,https://doi.org/10.1017/S0022109000002118,10.1017/S0022109000002118,journal_article,true,Daily/intraday market sample; see original paper.,Equity indexes or liquid assets.,OHLC/intraday returns and volatility.,daily_or_intraday,Realized volatility or asymmetric-volatility state.,Paper-specific; Aurora does not assume equivalence to close-t decision and next-open t+1 execution.,Paper-specific; not imported. Aurora headline costs are fixed at zero by the user.,Bibliographic identity and relevance were checked; exact coefficients and sample endpoints were not re-extracted for this lower-priority record.,See original source; explicit OOS is recorded in the synthesis for priority papers.,Mixed or not fully re-extracted; related replications and contradictions are registered separately.,yes_or_transformable_with_causal_asof_join,true,low_to_medium,low_to_medium,low,medium,paper_specific,high,medium,contextual_only,"Retained only as hypothesis, feature, negative control or validation method; no published return is treated as an Aurora result.",Bibliographic identity and relevance were checked; exact coefficients and sample endpoints were not re-extracted for this lower-priority record.,"Only deterministic, causal, zero-cost +1/-1 translations explicitly listed in candidate_strategy_pack.jsonl are permitted.","Unless stated in research_synthesis.md: exact sample endpoints, coefficients, transaction costs, execution timing and standalone SPY transfer.",pre_2011_evidence,realized_volatility_and_asymmetry,true,verified_bibliographic_identity_exact,doi:10.1017/s0022109000002118,publisher_or_primary_repository_metadata_crosscheck,https://doi.org/10.1017/S0022109000002118,2026-08-03,Corrected/confirmed the JFQA DOI.,bibliographic_identity_verified; quantitative results not independently replicated in this package
SRC0096,George J. Jiang; Yisong S. Tian,The Model-Free Implied Volatility and Its Information Content,2005,,https://doi.org/10.1093/rfs/hhi027,10.1093/rfs/hhi027,journal_article,true,Options-era U.S. sample; see original paper.,S&P 500 and index options.,Implied and realized variance.,daily_or_monthly,Implied-minus-realized/expected variance.,Paper-specific; Aurora does not assume equivalence to close-t decision and next-open t+1 execution.,Paper-specific; not imported. Aurora headline costs are fixed at zero by the user.,Bibliographic identity and relevance were checked; exact coefficients and sample endpoints were not re-extracted for this lower-priority record.,See original source; explicit OOS is recorded in the synthesis for priority papers.,Mixed or not fully re-extracted; related replications and contradictions are registered separately.,yes_or_transformable_with_causal_asof_join,true,low_to_medium,low_to_medium,low,medium,paper_specific,high,high,include_candidate_or_feature_evidence,"Retained only as hypothesis, feature, negative control or validation method; no published return is treated as an Aurora result.",Bibliographic identity and relevance were checked; exact coefficients and sample endpoints were not re-extracted for this lower-priority record.,"Only deterministic, causal, zero-cost +1/-1 translations explicitly listed in candidate_strategy_pack.jsonl are permitted.","Unless stated in research_synthesis.md: exact sample endpoints, coefficients, transaction costs, execution timing and standalone SPY transfer.",pre_2011_evidence,variance_risk_premium,true,verified_bibliographic_identity_exact,doi:10.1093/rfs/hhi027,publisher_or_primary_repository_metadata_crosscheck,https://doi.org/10.1093/rfs/hhi027,2026-08-03,No metadata correction required in the final audit.,bibliographic_identity_verified; quantitative results not independently replicated in this package
SRC0097,Mark Britten-Jones; Anthony Neuberger,"Option Prices, Implied Price Processes, and Stochastic Volatility",2000,,https://doi.org/10.1111/0022-1082.00228,10.1111/0022-1082.00228,journal_article,true,Options-era U.S. sample; see original paper.,S&P 500 and index options.,Implied and realized variance.,daily_or_monthly,Implied-minus-realized/expected variance.,Paper-specific; Aurora does not assume equivalence to close-t decision and next-open t+1 execution.,Paper-specific; not imported. Aurora headline costs are fixed at zero by the user.,Bibliographic identity and relevance were checked; exact coefficients and sample endpoints were not re-extracted for this lower-priority record.,See original source; explicit OOS is recorded in the synthesis for priority papers.,Mixed or not fully re-extracted; related replications and contradictions are registered separately.,yes_or_transformable_with_causal_asof_join,true,low_to_medium,low_to_medium,low,medium,paper_specific,high,high,include_candidate_or_feature_evidence,"Retained only as hypothesis, feature, negative control or validation method; no published return is treated as an Aurora result.",Bibliographic identity and relevance were checked; exact coefficients and sample endpoints were not re-extracted for this lower-priority record.,"Only deterministic, causal, zero-cost +1/-1 translations explicitly listed in candidate_strategy_pack.jsonl are permitted.","Unless stated in research_synthesis.md: exact sample endpoints, coefficients, transaction costs, execution timing and standalone SPY transfer.",pre_2011_evidence,variance_risk_premium,true,verified_bibliographic_identity_exact,doi:10.1111/0022-1082.00228,publisher_or_primary_repository_metadata_crosscheck,https://doi.org/10.1111/0022-1082.00228,2026-08-03,Corrected/confirmed the Journal of Finance DOI.,bibliographic_identity_verified; quantitative results not independently replicated in this package
SRC0098,Nicolas P. B. Bollen; Robert E. Whaley,Does Net Buying Pressure Affect the Shape of Implied Volatility Functions?,2004,,https://doi.org/10.1111/j.1540-6261.2004.00647.x,10.1111/j.1540-6261.2004.00647.x,journal_article,true,U.S. option-market sample; see original paper.,Index or equity options.,"Option volume, skew, open interest or order flow.",daily,Option-based directional/sentiment measure.,Paper-specific; Aurora does not assume equivalence to close-t decision and next-open t+1 execution.,Paper-specific; not imported. Aurora headline costs are fixed at zero by the user.,Bibliographic identity and relevance were checked; exact coefficients and sample endpoints were not re-extracted for this lower-priority record.,See original source; explicit OOS is recorded in the synthesis for priority papers.,Mixed or not fully re-extracted; related replications and contradictions are registered separately.,yes_or_transformable_with_causal_asof_join,true,low_to_medium,high_for_cross_section; low_for_index,low,medium,paper_specific,high,medium,contextual_only,"Retained only as hypothesis, feature, negative control or validation method; no published return is treated as an Aurora result.",Bibliographic identity and relevance were checked; exact coefficients and sample endpoints were not re-extracted for this lower-priority record.,"Only deterministic, causal, zero-cost +1/-1 translations explicitly listed in candidate_strategy_pack.jsonl are permitted.","Unless stated in research_synthesis.md: exact sample endpoints, coefficients, transaction costs, execution timing and standalone SPY transfer.",pre_2011_evidence,options_volume_and_sentiment,true,verified_bibliographic_identity_exact,doi:10.1111/j.1540-6261.2004.00647.x,publisher_or_primary_repository_metadata_crosscheck,https://doi.org/10.1111/j.1540-6261.2004.00647.x,2026-08-03,No metadata correction required in the final audit.,bibliographic_identity_verified; quantitative results not independently replicated in this package
SRC0099,Andrew Ang; Robert J. Hodrick; Yuhang Xing; Xiaoyan Zhang,The Cross-Section of Volatility and Expected Returns,2006,,https://doi.org/10.1111/j.1540-6261.2006.00836.x,10.1111/j.1540-6261.2006.00836.x,journal_article,true,Daily/intraday market sample; see original paper.,Equity indexes or liquid assets.,OHLC/intraday returns and volatility.,daily_or_intraday,Realized volatility or asymmetric-volatility state.,Paper-specific; Aurora does not assume equivalence to close-t decision and next-open t+1 execution.,Paper-specific; not imported. Aurora headline costs are fixed at zero by the user.,Bibliographic identity and relevance were checked; exact coefficients and sample endpoints were not re-extracted for this lower-priority record.,See original source; explicit OOS is recorded in the synthesis for priority papers.,Mixed or not fully re-extracted; related replications and contradictions are registered separately.,yes_or_transformable_with_causal_asof_join,true,low_to_medium,low_to_medium,low,medium,paper_specific,high,medium,contextual_only,"Retained only as hypothesis, feature, negative control or validation method; no published return is treated as an Aurora result.",Bibliographic identity and relevance were checked; exact coefficients and sample endpoints were not re-extracted for this lower-priority record.,"Only deterministic, causal, zero-cost +1/-1 translations explicitly listed in candidate_strategy_pack.jsonl are permitted.","Unless stated in research_synthesis.md: exact sample endpoints, coefficients, transaction costs, execution timing and standalone SPY transfer.",pre_2011_evidence,realized_volatility_and_asymmetry,true,verified_bibliographic_identity_exact,doi:10.1111/j.1540-6261.2006.00836.x,publisher_or_primary_repository_metadata_crosscheck,https://doi.org/10.1111/j.1540-6261.2006.00836.x,2026-08-03,No metadata correction required in the final audit.,bibliographic_identity_verified; quantitative results not independently replicated in this package
SRC0100,Turan G. Bali; Nusret Cakici; Robert F. Whitelaw,Maxing Out: Stocks as Lotteries and the Cross-Section of Expected Returns,2011,,https://doi.org/10.1016/j.jfineco.2010.08.014,10.1016/j.jfineco.2010.08.014,journal_article,true,Long daily/options sample; see original paper.,U.S. equities / S&P 500.,"Tails, jumps, skewness and options.",daily_or_monthly,Crash/tail transition measure.,Paper-specific; Aurora does not assume equivalence to close-t decision and next-open t+1 execution.,Paper-specific; not imported. Aurora headline costs are fixed at zero by the user.,Bibliographic identity and relevance were checked; exact coefficients and sample endpoints were not re-extracted for this lower-priority record.,See original source; explicit OOS is recorded in the synthesis for priority papers.,Mixed or not fully re-extracted; related replications and contradictions are registered separately.,yes_or_transformable_with_causal_asof_join,false,low_to_medium,low_to_medium,low,medium,paper_specific,high,medium_high,include_candidate_or_feature_evidence,"Retained only as hypothesis, feature, negative control or validation method; no published return is treated as an Aurora result.",Bibliographic identity and relevance were checked; exact coefficients and sample endpoints were not re-extracted for this lower-priority record.,"Only deterministic, causal, zero-cost +1/-1 translations explicitly listed in candidate_strategy_pack.jsonl are permitted.","Unless stated in research_synthesis.md: exact sample endpoints, coefficients, transaction costs, execution timing and standalone SPY transfer.",post_2010_research,tail_risk_and_crash_transition,true,verified_bibliographic_identity_exact,doi:10.1016/j.jfineco.2010.08.014,publisher_or_primary_repository_metadata_crosscheck,https://doi.org/10.1016/j.jfineco.2010.08.014,2026-08-03,Corrected/confirmed the Journal of Financial Economics DOI.,bibliographic_identity_verified; quantitative results not independently replicated in this package
SRC0101,Eugene F. Fama; G. William Schwert,Asset Returns and Inflation,1977,,https://doi.org/10.1016/0304-405X(77)90014-9,10.1016/0304-405X(77)90014-9,journal_article,true,U.S. postwar macro/financial sample.,U.S. economy and aggregate equities.,"Yields, inflation, policy and activity.",daily_to_quarterly,Yield-curve or macro-regime state.,Paper-specific; Aurora does not assume equivalence to close-t decision and next-open t+1 execution.,Paper-specific; not imported. Aurora headline costs are fixed at zero by the user.,Bibliographic identity and relevance were checked; exact coefficients and sample endpoints were not re-extracted for this lower-priority record.,See original source; explicit OOS is recorded in the synthesis for priority papers.,Mixed or not fully re-extracted; related replications and contradictions are registered separately.,yes_or_transformable_with_causal_asof_join,true,high_without_timestamp_controls,low_to_medium,high_for_macro_without_vintages,medium,paper_specific,high,medium_high,include_candidate_or_feature_evidence,"Retained only as hypothesis, feature, negative control or validation method; no published return is treated as an Aurora result.",Bibliographic identity and relevance were checked; exact coefficients and sample endpoints were not re-extracted for this lower-priority record.,"Only deterministic, causal, zero-cost +1/-1 translations explicitly listed in candidate_strategy_pack.jsonl are permitted.","Unless stated in research_synthesis.md: exact sample endpoints, coefficients, transaction costs, execution timing and standalone SPY transfer.",pre_2011_evidence,yield_curve_and_macro_regime,true,verified_bibliographic_identity_exact,doi:10.1016/0304-405x(77)90014-9,publisher_or_primary_repository_metadata_crosscheck,https://doi.org/10.1016/0304-405X(77)90014-9,2026-08-03,No metadata correction required in the final audit.,bibliographic_identity_verified; quantitative results not independently replicated in this package
SRC0102,Robert Geske; Richard Roll,The Fiscal and Monetary Linkage Between Stock Returns and Inflation,1983,,https://doi.org/10.1111/j.1540-6261.1983.tb03623.x,10.1111/j.1540-6261.1983.tb03623.x,journal_article,true,U.S. postwar macro/financial sample.,U.S. economy and aggregate equities.,"Yields, inflation, policy and activity.",daily_to_quarterly,Yield-curve or macro-regime state.,Paper-specific; Aurora does not assume equivalence to close-t decision and next-open t+1 execution.,Paper-specific; not imported. Aurora headline costs are fixed at zero by the user.,Bibliographic identity and relevance were checked; exact coefficients and sample endpoints were not re-extracted for this lower-priority record.,See original source; explicit OOS is recorded in the synthesis for priority papers.,Mixed or not fully re-extracted; related replications and contradictions are registered separately.,yes_or_transformable_with_causal_asof_join,true,high_without_timestamp_controls,low_to_medium,high_for_macro_without_vintages,medium,paper_specific,high,medium_high,include_candidate_or_feature_evidence,"Retained only as hypothesis, feature, negative control or validation method; no published return is treated as an Aurora result.",Bibliographic identity and relevance were checked; exact coefficients and sample endpoints were not re-extracted for this lower-priority record.,"Only deterministic, causal, zero-cost +1/-1 translations explicitly listed in candidate_strategy_pack.jsonl are permitted.","Unless stated in research_synthesis.md: exact sample endpoints, coefficients, transaction costs, execution timing and standalone SPY transfer.",pre_2011_evidence,yield_curve_and_macro_regime,true,verified_bibliographic_identity_exact,doi:10.1111/j.1540-6261.1983.tb03623.x,publisher_or_primary_repository_metadata_crosscheck,https://doi.org/10.1111/j.1540-6261.1983.tb03623.x,2026-08-03,No metadata correction required in the final audit.,bibliographic_identity_verified; quantitative results not independently replicated in this package
SRC0103,Nai-Fu Chen; Richard Roll; Stephen A. Ross,Economic Forces and the Stock Market,1986,,https://doi.org/10.1086/296344,10.1086/296344,journal_article,true,U.S. postwar macro/financial sample.,U.S. economy and aggregate equities.,"Yields, inflation, policy and activity.",daily_to_quarterly,Yield-curve or macro-regime state.,Paper-specific; Aurora does not assume equivalence to close-t decision and next-open t+1 execution.,Paper-specific; not imported. Aurora headline costs are fixed at zero by the user.,Bibliographic identity and relevance were checked; exact coefficients and sample endpoints were not re-extracted for this lower-priority record.,See original source; explicit OOS is recorded in the synthesis for priority papers.,Mixed or not fully re-extracted; related replications and contradictions are registered separately.,yes_or_transformable_with_causal_asof_join,true,high_without_timestamp_controls,low_to_medium,high_for_macro_without_vintages,medium,paper_specific,high,medium_high,include_candidate_or_feature_evidence,"Retained only as hypothesis, feature, negative control or validation method; no published return is treated as an Aurora result.",Bibliographic identity and relevance were checked; exact coefficients and sample endpoints were not re-extracted for this lower-priority record.,"Only deterministic, causal, zero-cost +1/-1 translations explicitly listed in candidate_strategy_pack.jsonl are permitted.","Unless stated in research_synthesis.md: exact sample endpoints, coefficients, transaction costs, execution timing and standalone SPY transfer.",pre_2011_evidence,yield_curve_and_macro_regime,true,verified_bibliographic_identity_exact,doi:10.1086/296344,publisher_or_primary_repository_metadata_crosscheck,https://doi.org/10.1086/296344,2026-08-03,No metadata correction required in the final audit.,bibliographic_identity_verified; quantitative results not independently replicated in this package
SRC0104,Donald B. Keim; Robert F. Stambaugh,Predicting Returns in the Stock and Bond Markets,1986,,https://doi.org/10.1016/0304-405X(86)90070-X,10.1016/0304-405X(86)90070-X,journal_article,true,Long aggregate U.S. sample; see original paper.,Aggregate U.S. equities.,"Valuation, issuance, rates and macro predictors.",monthly_or_annual,Equity-premium forecast.,Paper-specific; Aurora does not assume equivalence to close-t decision and next-open t+1 execution.,Paper-specific; not imported. Aurora headline costs are fixed at zero by the user.,Bibliographic identity and relevance were checked; exact coefficients and sample endpoints were not re-extracted for this lower-priority record.,See original source; explicit OOS is recorded in the synthesis for priority papers.,Mixed or not fully re-extracted; related replications and contradictions are registered separately.,yes_or_transformable_with_causal_asof_join,true,low_to_medium,low_to_medium,low,medium,paper_specific,high,medium_high,include_candidate_or_feature_evidence,"Retained only as hypothesis, feature, negative control or validation method; no published return is treated as an Aurora result.",Bibliographic identity and relevance were checked; exact coefficients and sample endpoints were not re-extracted for this lower-priority record.,"Only deterministic, causal, zero-cost +1/-1 translations explicitly listed in candidate_strategy_pack.jsonl are permitted.","Unless stated in research_synthesis.md: exact sample endpoints, coefficients, transaction costs, execution timing and standalone SPY transfer.",pre_2011_evidence,valuation_and_equity_premium,true,verified_bibliographic_identity_exact,doi:10.1016/0304-405x(86)90070-x,publisher_or_primary_repository_metadata_crosscheck,https://doi.org/10.1016/0304-405X(86)90070-X,2026-08-03,No metadata correction required in the final audit.,bibliographic_identity_verified; quantitative results not independently replicated in this package
SRC0105,John Y. Campbell,Stock Returns and the Term Structure,1987,,https://doi.org/10.1016/0304-405X(87)90045-6,10.1016/0304-405X(87)90045-6,journal_article,true,U.S. postwar macro/financial sample.,U.S. economy and aggregate equities.,"Yields, inflation, policy and activity.",daily_to_quarterly,Yield-curve or macro-regime state.,Paper-specific; Aurora does not assume equivalence to close-t decision and next-open t+1 execution.,Paper-specific; not imported. Aurora headline costs are fixed at zero by the user.,Bibliographic identity and relevance were checked; exact coefficients and sample endpoints were not re-extracted for this lower-priority record.,See original source; explicit OOS is recorded in the synthesis for priority papers.,Mixed or not fully re-extracted; related replications and contradictions are registered separately.,yes_or_transformable_with_causal_asof_join,true,high_without_timestamp_controls,low_to_medium,high_for_macro_without_vintages,medium,paper_specific,high,medium_high,include_candidate_or_feature_evidence,"Retained only as hypothesis, feature, negative control or validation method; no published return is treated as an Aurora result.",Bibliographic identity and relevance were checked; exact coefficients and sample endpoints were not re-extracted for this lower-priority record.,"Only deterministic, causal, zero-cost +1/-1 translations explicitly listed in candidate_strategy_pack.jsonl are permitted.","Unless stated in research_synthesis.md: exact sample endpoints, coefficients, transaction costs, execution timing and standalone SPY transfer.",pre_2011_evidence,yield_curve_and_macro_regime,true,verified_bibliographic_identity_exact,doi:10.1016/0304-405x(87)90045-6,publisher_or_primary_repository_metadata_crosscheck,https://doi.org/10.1016/0304-405X(87)90045-6,2026-08-03,No metadata correction required in the final audit.,bibliographic_identity_verified; quantitative results not independently replicated in this package
SRC0106,Eugene F. Fama; Kenneth R. French,Business Conditions and Expected Returns on Stocks and Bonds,1989,,https://doi.org/10.1016/0304-405X(89)90095-0,10.1016/0304-405X(89)90095-0,journal_article,true,Long aggregate U.S. sample; see original paper.,Aggregate U.S. equities.,"Valuation, issuance, rates and macro predictors.",monthly_or_annual,Equity-premium forecast.,Paper-specific; Aurora does not assume equivalence to close-t decision and next-open t+1 execution.,Paper-specific; not imported. Aurora headline costs are fixed at zero by the user.,Bibliographic identity and relevance were checked; exact coefficients and sample endpoints were not re-extracted for this lower-priority record.,See original source; explicit OOS is recorded in the synthesis for priority papers.,Mixed or not fully re-extracted; related replications and contradictions are registered separately.,yes_or_transformable_with_causal_asof_join,true,low_to_medium,low_to_medium,low,medium,paper_specific,high,medium_high,include_candidate_or_feature_evidence,"Retained only as hypothesis, feature, negative control or validation method; no published return is treated as an Aurora result.",Bibliographic identity and relevance were checked; exact coefficients and sample endpoints were not re-extracted for this lower-priority record.,"Only deterministic, causal, zero-cost +1/-1 translations explicitly listed in candidate_strategy_pack.jsonl are permitted.","Unless stated in research_synthesis.md: exact sample endpoints, coefficients, transaction costs, execution timing and standalone SPY transfer.",pre_2011_evidence,valuation_and_equity_premium,true,verified_bibliographic_identity_exact,doi:10.1016/0304-405x(89)90095-0,publisher_or_primary_repository_metadata_crosscheck,https://doi.org/10.1016/0304-405X(89)90095-0,2026-08-03,No metadata correction required in the final audit.,bibliographic_identity_verified; quantitative results not independently replicated in this package
SRC0107,John Y. Campbell; Robert J. Shiller,The Dividend-Price Ratio and Expectations of Future Dividends and Discount Factors,1988,,https://doi.org/10.1093/rfs/1.3.195,10.1093/rfs/1.3.195,journal_article,true,Long aggregate U.S. sample; see original paper.,Aggregate U.S. equities.,"Valuation, issuance, rates and macro predictors.",monthly_or_annual,Equity-premium forecast.,Paper-specific; Aurora does not assume equivalence to close-t decision and next-open t+1 execution.,Paper-specific; not imported. Aurora headline costs are fixed at zero by the user.,Bibliographic identity and relevance were checked; exact coefficients and sample endpoints were not re-extracted for this lower-priority record.,See original source; explicit OOS is recorded in the synthesis for priority papers.,Mixed or not fully re-extracted; related replications and contradictions are registered separately.,yes_or_transformable_with_causal_asof_join,true,low_to_medium,low_to_medium,low,medium,paper_specific,high,medium_high,include_candidate_or_feature_evidence,"Retained only as hypothesis, feature, negative control or validation method; no published return is treated as an Aurora result.",Bibliographic identity and relevance were checked; exact coefficients and sample endpoints were not re-extracted for this lower-priority record.,"Only deterministic, causal, zero-cost +1/-1 translations explicitly listed in candidate_strategy_pack.jsonl are permitted.","Unless stated in research_synthesis.md: exact sample endpoints, coefficients, transaction costs, execution timing and standalone SPY transfer.",pre_2011_evidence,valuation_and_equity_premium,true,verified_bibliographic_identity_exact,doi:10.1093/rfs/1.3.195,publisher_or_primary_repository_metadata_crosscheck,https://doi.org/10.1093/rfs/1.3.195,2026-08-03,No metadata correction required in the final audit.,bibliographic_identity_verified; quantitative results not independently replicated in this package
SRC0108,John Y. Campbell; Robert J. Shiller,"Stock Prices, Earnings, and Expected Dividends",1988,,https://doi.org/10.1111/j.1540-6261.1988.tb04598.x,10.1111/j.1540-6261.1988.tb04598.x,journal_article,true,Long aggregate U.S. sample; see original paper.,Aggregate U.S. equities.,"Valuation, issuance, rates and macro predictors.",monthly_or_annual,Equity-premium forecast.,Paper-specific; Aurora does not assume equivalence to close-t decision and next-open t+1 execution.,Paper-specific; not imported. Aurora headline costs are fixed at zero by the user.,Bibliographic identity and relevance were checked; exact coefficients and sample endpoints were not re-extracted for this lower-priority record.,See original source; explicit OOS is recorded in the synthesis for priority papers.,Mixed or not fully re-extracted; related replications and contradictions are registered separately.,yes_or_transformable_with_causal_asof_join,true,low_to_medium,low_to_medium,low,medium,paper_specific,high,medium_high,include_candidate_or_feature_evidence,"Retained only as hypothesis, feature, negative control or validation method; no published return is treated as an Aurora result.",Bibliographic identity and relevance were checked; exact coefficients and sample endpoints were not re-extracted for this lower-priority record.,"Only deterministic, causal, zero-cost +1/-1 translations explicitly listed in candidate_strategy_pack.jsonl are permitted.","Unless stated in research_synthesis.md: exact sample endpoints, coefficients, transaction costs, execution timing and standalone SPY transfer.",pre_2011_evidence,valuation_and_equity_premium,true,verified_bibliographic_identity_exact,doi:10.1111/j.1540-6261.1988.tb04598.x,publisher_or_primary_repository_metadata_crosscheck,https://doi.org/10.1111/j.1540-6261.1988.tb04598.x,2026-08-03,Corrected/confirmed the Journal of Finance DOI.,bibliographic_identity_verified; quantitative results not independently replicated in this package
SRC0109,John Y. Campbell; Robert J. Shiller,Valuation Ratios and the Long-Run Stock Market Outlook,1998,,https://doi.org/10.3905/jpm.1998.409648,10.3905/jpm.1998.409648,journal_article,true,Long aggregate U.S. sample; see original paper.,Aggregate U.S. equities.,"Valuation, issuance, rates and macro predictors.",monthly_or_annual,Equity-premium forecast.,Paper-specific; Aurora does not assume equivalence to close-t decision and next-open t+1 execution.,Paper-specific; not imported. Aurora headline costs are fixed at zero by the user.,Bibliographic identity and relevance were checked; exact coefficients and sample endpoints were not re-extracted for this lower-priority record.,See original source; explicit OOS is recorded in the synthesis for priority papers.,Mixed or not fully re-extracted; related replications and contradictions are registered separately.,yes_or_transformable_with_causal_asof_join,true,low_to_medium,low_to_medium,low,medium,paper_specific,high,medium_high,include_candidate_or_feature_evidence,"Retained only as hypothesis, feature, negative control or validation method; no published return is treated as an Aurora result.",Bibliographic identity and relevance were checked; exact coefficients and sample endpoints were not re-extracted for this lower-priority record.,"Only deterministic, causal, zero-cost +1/-1 translations explicitly listed in candidate_strategy_pack.jsonl are permitted.","Unless stated in research_synthesis.md: exact sample endpoints, coefficients, transaction costs, execution timing and standalone SPY transfer.",pre_2011_evidence,valuation_and_equity_premium,true,verified_bibliographic_identity_exact,doi:10.3905/jpm.1998.409648,publisher_or_primary_repository_metadata_crosscheck,https://doi.org/10.3905/jpm.1998.409648,2026-08-03,No metadata correction required in the final audit.,bibliographic_identity_verified; quantitative results not independently replicated in this package
SRC0110,Campbell R. Harvey,The Real Term Structure and Consumption Growth,1988,,https://doi.org/10.1016/0304-405X(88)90073-6,10.1016/0304-405X(88)90073-6,journal_article,true,U.S. postwar macro/financial sample.,U.S. economy and aggregate equities.,"Yields, inflation, policy and activity.",daily_to_quarterly,Yield-curve or macro-regime state.,Paper-specific; Aurora does not assume equivalence to close-t decision and next-open t+1 execution.,Paper-specific; not imported. Aurora headline costs are fixed at zero by the user.,Bibliographic identity and relevance were checked; exact coefficients and sample endpoints were not re-extracted for this lower-priority record.,See original source; explicit OOS is recorded in the synthesis for priority papers.,Mixed or not fully re-extracted; related replications and contradictions are registered separately.,yes_or_transformable_with_causal_asof_join,true,high_without_timestamp_controls,low_to_medium,high_for_macro_without_vintages,medium,paper_specific,high,medium_high,include_candidate_or_feature_evidence,"Retained only as hypothesis, feature, negative control or validation method; no published return is treated as an Aurora result.",Bibliographic identity and relevance were checked; exact coefficients and sample endpoints were not re-extracted for this lower-priority record.,"Only deterministic, causal, zero-cost +1/-1 translations explicitly listed in candidate_strategy_pack.jsonl are permitted.","Unless stated in research_synthesis.md: exact sample endpoints, coefficients, transaction costs, execution timing and standalone SPY transfer.",pre_2011_evidence,yield_curve_and_macro_regime,true,verified_bibliographic_identity_exact,doi:10.1016/0304-405x(88)90073-6,publisher_or_primary_repository_metadata_crosscheck,https://doi.org/10.1016/0304-405X(88)90073-6,2026-08-03,No metadata correction required in the final audit.,bibliographic_identity_verified; quantitative results not independently replicated in this package
SRC0111,Campbell R. Harvey,Forecasts of Economic Growth from the Bond and Stock Markets,1989,,https://doi.org/10.2469/faj.v45.n5.38,10.2469/faj.v45.n5.38,journal_article,true,U.S. postwar macro/financial sample.,U.S. economy and aggregate equities.,"Yields, inflation, policy and activity.",daily_to_quarterly,Yield-curve or macro-regime state.,Paper-specific; Aurora does not assume equivalence to close-t decision and next-open t+1 execution.,Paper-specific; not imported. Aurora headline costs are fixed at zero by the user.,Bibliographic identity and relevance were checked; exact coefficients and sample endpoints were not re-extracted for this lower-priority record.,See original source; explicit OOS is recorded in the synthesis for priority papers.,Mixed or not fully re-extracted; related replications and contradictions are registered separately.,yes_or_transformable_with_causal_asof_join,true,high_without_timestamp_controls,low_to_medium,high_for_macro_without_vintages,medium,paper_specific,high,medium_high,include_candidate_or_feature_evidence,"Retained only as hypothesis, feature, negative control or validation method; no published return is treated as an Aurora result.",Bibliographic identity and relevance were checked; exact coefficients and sample endpoints were not re-extracted for this lower-priority record.,"Only deterministic, causal, zero-cost +1/-1 translations explicitly listed in candidate_strategy_pack.jsonl are permitted.","Unless stated in research_synthesis.md: exact sample endpoints, coefficients, transaction costs, execution timing and standalone SPY transfer.",pre_2011_evidence,yield_curve_and_macro_regime,true,verified_bibliographic_identity_exact,doi:10.2469/faj.v45.n5.38,publisher_or_primary_repository_metadata_crosscheck,https://doi.org/10.2469/faj.v45.n5.38,2026-08-03,No metadata correction required in the final audit.,bibliographic_identity_verified; quantitative results not independently replicated in this package
SRC0112,Arturo Estrella; Gikas A. Hardouvelis,The Term Structure as a Predictor of Real Economic Activity,1991,,https://doi.org/10.1111/j.1540-6261.1991.tb02674.x,10.1111/j.1540-6261.1991.tb02674.x,journal_article,true,U.S. postwar macro/financial sample.,U.S. economy and aggregate equities.,"Yields, inflation, policy and activity.",daily_to_quarterly,Yield-curve or macro-regime state.,Paper-specific; Aurora does not assume equivalence to close-t decision and next-open t+1 execution.,Paper-specific; not imported. Aurora headline costs are fixed at zero by the user.,Documents term-spread information for subsequent real activity.,See original source; explicit OOS is recorded in the synthesis for priority papers.,Mixed or not fully re-extracted; related replications and contradictions are registered separately.,yes_or_transformable_with_causal_asof_join,true,high_without_timestamp_controls,low_to_medium,high_for_macro_without_vintages,medium,paper_specific,high,medium_high,include_candidate_or_feature_evidence,"Retained only as hypothesis, feature, negative control or validation method; no published return is treated as an Aurora result.",Documents term-spread information for subsequent real activity.,"Only deterministic, causal, zero-cost +1/-1 translations explicitly listed in candidate_strategy_pack.jsonl are permitted.","Unless stated in research_synthesis.md: exact sample endpoints, coefficients, transaction costs, execution timing and standalone SPY transfer.",pre_2011_evidence,yield_curve_and_macro_regime,true,verified_bibliographic_identity_exact,doi:10.1111/j.1540-6261.1991.tb02674.x,publisher_or_primary_repository_metadata_crosscheck,https://doi.org/10.1111/j.1540-6261.1991.tb02674.x,2026-08-03,doi: 10.1111/j.1540-6261.1991.tb03718.x -> 10.1111/j.1540-6261.1991.tb02674.x | direct_url: https://doi.org/10.1111/j.1540-6261.1991.tb03718.x -> https://doi.org/10.1111/j.1540-6261.1991.tb02674.x | Corrected the Journal of Finance DOI.,bibliographic_identity_verified; quantitative results not independently replicated in this package
SRC0113,Arturo Estrella; Frederic S. Mishkin,Predicting U.S. Recessions: Financial Variables as Leading Indicators,1998,,https://doi.org/10.1162/003465398557320,10.1162/003465398557320,journal_article,true,U.S. postwar macro/financial sample.,U.S. economy and aggregate equities.,"Yields, inflation, policy and activity.",daily_to_quarterly,Yield-curve or macro-regime state.,Paper-specific; Aurora does not assume equivalence to close-t decision and next-open t+1 execution.,Paper-specific; not imported. Aurora headline costs are fixed at zero by the user.,"Finds yield-curve variables useful for recession prediction, including out-of-sample comparisons.",See original source; explicit OOS is recorded in the synthesis for priority papers.,Mixed or not fully re-extracted; related replications and contradictions are registered separately.,yes_or_transformable_with_causal_asof_join,true,high_without_timestamp_controls,low_to_medium,high_for_macro_without_vintages,medium,paper_specific,high,medium_high,include_candidate_or_feature_evidence,"Retained only as hypothesis, feature, negative control or validation method; no published return is treated as an Aurora result.","Finds yield-curve variables useful for recession prediction, including out-of-sample comparisons.","Only deterministic, causal, zero-cost +1/-1 translations explicitly listed in candidate_strategy_pack.jsonl are permitted.","Unless stated in research_synthesis.md: exact sample endpoints, coefficients, transaction costs, execution timing and standalone SPY transfer.",pre_2011_evidence,yield_curve_and_macro_regime,true,verified_bibliographic_identity_exact,doi:10.1162/003465398557320,publisher_or_primary_repository_metadata_crosscheck,https://doi.org/10.1162/003465398557320,2026-08-03,No metadata correction required in the final audit.,bibliographic_identity_verified; quantitative results not independently replicated in this package
SRC0114,Martin Lettau; Sydney Ludvigson,"Consumption, Aggregate Wealth, and Expected Stock Returns",2001,,https://doi.org/10.1111/0022-1082.00347,10.1111/0022-1082.00347,journal_article,true,Long aggregate U.S. sample; see original paper.,Aggregate U.S. equities.,"Valuation, issuance, rates and macro predictors.",monthly_or_annual,Equity-premium forecast.,Paper-specific; Aurora does not assume equivalence to close-t decision and next-open t+1 execution.,Paper-specific; not imported. Aurora headline costs are fixed at zero by the user.,Bibliographic identity and relevance were checked; exact coefficients and sample endpoints were not re-extracted for this lower-priority record.,See original source; explicit OOS is recorded in the synthesis for priority papers.,Mixed or not fully re-extracted; related replications and contradictions are registered separately.,yes_or_transformable_with_causal_asof_join,true,low_to_medium,low_to_medium,low,medium,paper_specific,high,medium_high,include_candidate_or_feature_evidence,"Retained only as hypothesis, feature, negative control or validation method; no published return is treated as an Aurora result.",Bibliographic identity and relevance were checked; exact coefficients and sample endpoints were not re-extracted for this lower-priority record.,"Only deterministic, causal, zero-cost +1/-1 translations explicitly listed in candidate_strategy_pack.jsonl are permitted.","Unless stated in research_synthesis.md: exact sample endpoints, coefficients, transaction costs, execution timing and standalone SPY transfer.",pre_2011_evidence,valuation_and_equity_premium,true,verified_bibliographic_identity_exact,doi:10.1111/0022-1082.00347,publisher_or_primary_repository_metadata_crosscheck,https://doi.org/10.1111/0022-1082.00347,2026-08-03,No metadata correction required in the final audit.,bibliographic_identity_verified; quantitative results not independently replicated in this package
SRC0115,Amit Goyal; Ivo Welch,A Comprehensive Look at the Empirical Performance of Equity Premium Prediction,2008,,https://doi.org/10.1093/rfs/hhm014,10.1093/rfs/hhm014,journal_article,true,Long aggregate U.S. sample; see original paper.,Aggregate U.S. equities.,"Valuation, issuance, rates and macro predictors.",monthly_or_annual,Equity-premium forecast.,Paper-specific; Aurora does not assume equivalence to close-t decision and next-open t+1 execution.,Paper-specific; not imported. Aurora headline costs are fixed at zero by the user.,Finds many popular predictors fail to beat the historical mean out of sample in important periods.,See original source; explicit OOS is recorded in the synthesis for priority papers.,Mixed or not fully re-extracted; related replications and contradictions are registered separately.,yes_or_transformable_with_causal_asof_join,true,low_to_medium,low_to_medium,low,medium,paper_specific,high,medium_high,include_candidate_or_feature_evidence,"Retained only as hypothesis, feature, negative control or validation method; no published return is treated as an Aurora result.",Finds many popular predictors fail to beat the historical mean out of sample in important periods.,"Only deterministic, causal, zero-cost +1/-1 translations explicitly listed in candidate_strategy_pack.jsonl are permitted.","Unless stated in research_synthesis.md: exact sample endpoints, coefficients, transaction costs, execution timing and standalone SPY transfer.",pre_2011_evidence,valuation_and_equity_premium,true,verified_bibliographic_identity_exact,doi:10.1093/rfs/hhm014,publisher_or_primary_repository_metadata_crosscheck,https://doi.org/10.1093/rfs/hhm014,2026-08-03,No metadata correction required in the final audit.,bibliographic_identity_verified; quantitative results not independently replicated in this package
SRC0116,John Y. Campbell; Samuel B. Thompson,Predicting Excess Stock Returns Out of Sample: Can Anything Beat the Historical Average?,2008,,https://doi.org/10.1093/rfs/hhm055,10.1093/rfs/hhm055,journal_article,true,Long aggregate U.S. sample; see original paper.,Aggregate U.S. equities.,"Valuation, issuance, rates and macro predictors.",monthly_or_annual,Equity-premium forecast.,Paper-specific; Aurora does not assume equivalence to close-t decision and next-open t+1 execution.,Paper-specific; not imported. Aurora headline costs are fixed at zero by the user.,Shows that simple economic restrictions can improve some out-of-sample forecasts.,See original source; explicit OOS is recorded in the synthesis for priority papers.,Mixed or not fully re-extracted; related replications and contradictions are registered separately.,yes_or_transformable_with_causal_asof_join,true,low_to_medium,low_to_medium,low,medium,paper_specific,high,medium_high,include_candidate_or_feature_evidence,"Retained only as hypothesis, feature, negative control or validation method; no published return is treated as an Aurora result.",Shows that simple economic restrictions can improve some out-of-sample forecasts.,"Only deterministic, causal, zero-cost +1/-1 translations explicitly listed in candidate_strategy_pack.jsonl are permitted.","Unless stated in research_synthesis.md: exact sample endpoints, coefficients, transaction costs, execution timing and standalone SPY transfer.",pre_2011_evidence,valuation_and_equity_premium,true,verified_bibliographic_identity_exact,doi:10.1093/rfs/hhm055,publisher_or_primary_repository_metadata_crosscheck,https://doi.org/10.1093/rfs/hhm055,2026-08-03,No metadata correction required in the final audit.,bibliographic_identity_verified; quantitative results not independently replicated in this package
SRC0117,David E. Rapach; Jack K. Strauss; Guofu Zhou,Out-of-Sample Equity Premium Prediction: Combination Forecasts and Links to the Real Economy,2010,,https://doi.org/10.1093/rfs/hhp063,10.1093/rfs/hhp063,journal_article,true,Forecasting/asset-return samples.,Aggregate market or general forecasting.,Multiple predictors and forecast errors.,daily_to_monthly,Constrained/equal-weight forecast combination.,Paper-specific; Aurora does not assume equivalence to close-t decision and next-open t+1 execution.,Paper-specific; not imported. Aurora headline costs are fixed at zero by the user.,Reports that simple forecast combinations can improve stability relative to selecting one predictor.,See original source; explicit OOS is recorded in the synthesis for priority papers.,Mixed or not fully re-extracted; related replications and contradictions are registered separately.,yes_or_transformable_with_causal_asof_join,true,low_to_medium,low_to_medium,low,medium,paper_specific,high,high,include_candidate_or_feature_evidence,"Retained only as hypothesis, feature, negative control or validation method; no published return is treated as an Aurora result.",Reports that simple forecast combinations can improve stability relative to selecting one predictor.,"Only deterministic, causal, zero-cost +1/-1 translations explicitly listed in candidate_strategy_pack.jsonl are permitted.","Unless stated in research_synthesis.md: exact sample endpoints, coefficients, transaction costs, execution timing and standalone SPY transfer.",pre_2011_evidence,predictor_combination_and_interpretable_models,true,verified_bibliographic_identity_exact,doi:10.1093/rfs/hhp063,publisher_or_primary_repository_metadata_crosscheck,https://doi.org/10.1093/rfs/hhp063,2026-08-03,No metadata correction required in the final audit.,bibliographic_identity_verified; quantitative results not independently replicated in this package
SRC0118,Miguel A. Ferreira; Pedro Santa-Clara,Forecasting Stock Market Returns: The Sum of the Parts Is More than the Whole,2011,,https://doi.org/10.1016/j.jfineco.2011.02.003,10.1016/j.jfineco.2011.02.003,journal_article,true,Long aggregate U.S. sample; see original paper.,Aggregate U.S. equities.,"Valuation, issuance, rates and macro predictors.",monthly_or_annual,Equity-premium forecast.,Paper-specific; Aurora does not assume equivalence to close-t decision and next-open t+1 execution.,Paper-specific; not imported. Aurora headline costs are fixed at zero by the user.,Bibliographic identity and relevance were checked; exact coefficients and sample endpoints were not re-extracted for this lower-priority record.,See original source; explicit OOS is recorded in the synthesis for priority papers.,Mixed or not fully re-extracted; related replications and contradictions are registered separately.,yes_or_transformable_with_causal_asof_join,false,low_to_medium,low_to_medium,low,medium,paper_specific,high,medium_high,include_candidate_or_feature_evidence,"Retained only as hypothesis, feature, negative control or validation method; no published return is treated as an Aurora result.",Bibliographic identity and relevance were checked; exact coefficients and sample endpoints were not re-extracted for this lower-priority record.,"Only deterministic, causal, zero-cost +1/-1 translations explicitly listed in candidate_strategy_pack.jsonl are permitted.","Unless stated in research_synthesis.md: exact sample endpoints, coefficients, transaction costs, execution timing and standalone SPY transfer.",post_2010_research,valuation_and_equity_premium,true,verified_bibliographic_identity_exact,doi:10.1016/j.jfineco.2011.02.003,publisher_or_primary_repository_metadata_crosscheck,https://doi.org/10.1016/j.jfineco.2011.02.003,2026-08-03,Corrected the Journal of Financial Economics DOI.,bibliographic_identity_verified; quantitative results not independently replicated in this package
SRC0119,Bryan Kelly; Seth Pruitt,Market Expectations in the Cross-Section of Present Values,2013,,https://doi.org/10.1111/jofi.12060,10.1111/jofi.12060,journal_article,true,Forecasting/asset-return samples.,Aggregate market or general forecasting.,Multiple predictors and forecast errors.,daily_to_monthly,Constrained/equal-weight forecast combination.,Paper-specific; Aurora does not assume equivalence to close-t decision and next-open t+1 execution.,Paper-specific; not imported. Aurora headline costs are fixed at zero by the user.,Bibliographic identity and relevance were checked; exact coefficients and sample endpoints were not re-extracted for this lower-priority record.,See original source; explicit OOS is recorded in the synthesis for priority papers.,Mixed or not fully re-extracted; related replications and contradictions are registered separately.,yes_or_transformable_with_causal_asof_join,false,low_to_medium,low_to_medium,low,medium,paper_specific,high,high,include_candidate_or_feature_evidence,"Retained only as hypothesis, feature, negative control or validation method; no published return is treated as an Aurora result.",Bibliographic identity and relevance were checked; exact coefficients and sample endpoints were not re-extracted for this lower-priority record.,"Only deterministic, causal, zero-cost +1/-1 translations explicitly listed in candidate_strategy_pack.jsonl are permitted.","Unless stated in research_synthesis.md: exact sample endpoints, coefficients, transaction costs, execution timing and standalone SPY transfer.",post_2010_research,predictor_combination_and_interpretable_models,true,verified_bibliographic_identity_exact,doi:10.1111/jofi.12060,publisher_or_primary_repository_metadata_crosscheck,https://doi.org/10.1111/jofi.12060,2026-08-03,No metadata correction required in the final audit.,bibliographic_identity_verified; quantitative results not independently replicated in this package
SRC0120,Bryan Kelly; Seth Pruitt,The Three-Pass Regression Filter: A New Approach to Forecasting Using Many Predictors,2015,,https://doi.org/10.1016/j.jeconom.2015.02.011,10.1016/j.jeconom.2015.02.011,journal_article,true,Forecasting/asset-return samples.,Aggregate market or general forecasting.,Multiple predictors and forecast errors.,daily_to_monthly,Constrained/equal-weight forecast combination.,Paper-specific; Aurora does not assume equivalence to close-t decision and next-open t+1 execution.,Paper-specific; not imported. Aurora headline costs are fixed at zero by the user.,Bibliographic identity and relevance were checked; exact coefficients and sample endpoints were not re-extracted for this lower-priority record.,See original source; explicit OOS is recorded in the synthesis for priority papers.,Mixed or not fully re-extracted; related replications and contradictions are registered separately.,yes_or_transformable_with_causal_asof_join,false,low_to_medium,low_to_medium,low,medium,paper_specific,high,high,include_candidate_or_feature_evidence,"Retained only as hypothesis, feature, negative control or validation method; no published return is treated as an Aurora result.",Bibliographic identity and relevance were checked; exact coefficients and sample endpoints were not re-extracted for this lower-priority record.,"Only deterministic, causal, zero-cost +1/-1 translations explicitly listed in candidate_strategy_pack.jsonl are permitted.","Unless stated in research_synthesis.md: exact sample endpoints, coefficients, transaction costs, execution timing and standalone SPY transfer.",post_2010_research,predictor_combination_and_interpretable_models,true,verified_bibliographic_identity_exact,doi:10.1016/j.jeconom.2015.02.011,publisher_or_primary_repository_metadata_crosscheck,https://doi.org/10.1016/j.jeconom.2015.02.011,2026-08-03,doi: 10.1016/j.jeconom.2015.03.011 -> 10.1016/j.jeconom.2015.02.011 | direct_url: https://doi.org/10.1016/j.jeconom.2015.03.011 -> https://doi.org/10.1016/j.jeconom.2015.02.011 | Corrected the Journal of Econometrics DOI.,bibliographic_identity_verified; quantitative results not independently replicated in this package
SRC0121,Davide Pettenuzzo; Allan Timmermann; Rossen Valkanov,Forecasting Stock Returns under Economic Constraints,2014,,https://doi.org/10.1016/j.jfineco.2014.07.015,10.1016/j.jfineco.2014.07.015,journal_article,true,Long aggregate U.S. sample; see original paper.,Aggregate U.S. equities.,"Valuation, issuance, rates and macro predictors.",monthly_or_annual,Equity-premium forecast.,Paper-specific; Aurora does not assume equivalence to close-t decision and next-open t+1 execution.,Paper-specific; not imported. Aurora headline costs are fixed at zero by the user.,Bibliographic identity and relevance were checked; exact coefficients and sample endpoints were not re-extracted for this lower-priority record.,See original source; explicit OOS is recorded in the synthesis for priority papers.,Mixed or not fully re-extracted; related replications and contradictions are registered separately.,yes_or_transformable_with_causal_asof_join,false,low_to_medium,low_to_medium,low,medium,paper_specific,high,medium_high,include_candidate_or_feature_evidence,"Retained only as hypothesis, feature, negative control or validation method; no published return is treated as an Aurora result.",Bibliographic identity and relevance were checked; exact coefficients and sample endpoints were not re-extracted for this lower-priority record.,"Only deterministic, causal, zero-cost +1/-1 translations explicitly listed in candidate_strategy_pack.jsonl are permitted.","Unless stated in research_synthesis.md: exact sample endpoints, coefficients, transaction costs, execution timing and standalone SPY transfer.",post_2010_research,valuation_and_equity_premium,true,verified_bibliographic_identity_exact,doi:10.1016/j.jfineco.2014.07.015,publisher_or_primary_repository_metadata_crosscheck,https://doi.org/10.1016/j.jfineco.2014.07.015,2026-08-03,Corrected the Journal of Financial Economics DOI.,bibliographic_identity_verified; quantitative results not independently replicated in this package
SRC0122,Dashan Huang; Fuwei Jiang; Jun Tu; Guofu Zhou,Investor Sentiment Aligned: A Powerful Predictor of Stock Returns,2015,,https://doi.org/10.1093/rfs/hhu080,10.1093/rfs/hhu080,journal_article,true,U.S. sentiment/market sample.,Aggregate market or U.S. stocks.,"Surveys, media, issuance, attention or positioning.",daily_to_monthly,Sentiment/positioning state.,Paper-specific; Aurora does not assume equivalence to close-t decision and next-open t+1 execution.,Paper-specific; not imported. Aurora headline costs are fixed at zero by the user.,Bibliographic identity and relevance were checked; exact coefficients and sample endpoints were not re-extracted for this lower-priority record.,See original source; explicit OOS is recorded in the synthesis for priority papers.,Mixed or not fully re-extracted; related replications and contradictions are registered separately.,yes_or_transformable_with_causal_asof_join,false,high_without_timestamp_controls,low_to_medium,low,medium,paper_specific,high,medium,contextual_only,"Retained only as hypothesis, feature, negative control or validation method; no published return is treated as an Aurora result.",Bibliographic identity and relevance were checked; exact coefficients and sample endpoints were not re-extracted for this lower-priority record.,"Only deterministic, causal, zero-cost +1/-1 translations explicitly listed in candidate_strategy_pack.jsonl are permitted.","Unless stated in research_synthesis.md: exact sample endpoints, coefficients, transaction costs, execution timing and standalone SPY transfer.",post_2010_research,sentiment_and_positioning,true,verified_bibliographic_identity_exact,doi:10.1093/rfs/hhu080,publisher_or_primary_repository_metadata_crosscheck,https://doi.org/10.1093/rfs/hhu080,2026-08-03,No metadata correction required in the final audit.,bibliographic_identity_verified; quantitative results not independently replicated in this package
SRC0123,Christopher Polk; Samuel Thompson; Tuomo Vuolteenaho,Cross-Sectional Forecasts of the Equity Premium,2006,,https://doi.org/10.1016/j.jfineco.2005.03.013,10.1016/j.jfineco.2005.03.013,journal_article,true,Long aggregate U.S. sample; see original paper.,Aggregate U.S. equities.,"Valuation, issuance, rates and macro predictors.",monthly_or_annual,Equity-premium forecast.,Paper-specific; Aurora does not assume equivalence to close-t decision and next-open t+1 execution.,Paper-specific; not imported. Aurora headline costs are fixed at zero by the user.,Bibliographic identity and relevance were checked; exact coefficients and sample endpoints were not re-extracted for this lower-priority record.,See original source; explicit OOS is recorded in the synthesis for priority papers.,Mixed or not fully re-extracted; related replications and contradictions are registered separately.,yes_or_transformable_with_causal_asof_join,true,low_to_medium,low_to_medium,low,medium,paper_specific,high,medium_high,include_candidate_or_feature_evidence,"Retained only as hypothesis, feature, negative control or validation method; no published return is treated as an Aurora result.",Bibliographic identity and relevance were checked; exact coefficients and sample endpoints were not re-extracted for this lower-priority record.,"Only deterministic, causal, zero-cost +1/-1 translations explicitly listed in candidate_strategy_pack.jsonl are permitted.","Unless stated in research_synthesis.md: exact sample endpoints, coefficients, transaction costs, execution timing and standalone SPY transfer.",pre_2011_evidence,valuation_and_equity_premium,true,verified_bibliographic_identity_exact,doi:10.1016/j.jfineco.2005.03.013,publisher_or_primary_repository_metadata_crosscheck,https://doi.org/10.1016/j.jfineco.2005.03.013,2026-08-03,No metadata correction required in the final audit.,bibliographic_identity_verified; quantitative results not independently replicated in this package
SRC0124,Martin Lettau; Stijn Van Nieuwerburgh,Reconciling the Return Predictability Evidence,2008,,https://doi.org/10.1093/rfs/hhm074,10.1093/rfs/hhm074,journal_article,true,Long aggregate U.S. sample; see original paper.,Aggregate U.S. equities.,"Valuation, issuance, rates and macro predictors.",monthly_or_annual,Equity-premium forecast.,Paper-specific; Aurora does not assume equivalence to close-t decision and next-open t+1 execution.,Paper-specific; not imported. Aurora headline costs are fixed at zero by the user.,Bibliographic identity and relevance were checked; exact coefficients and sample endpoints were not re-extracted for this lower-priority record.,See original source; explicit OOS is recorded in the synthesis for priority papers.,Mixed or not fully re-extracted; related replications and contradictions are registered separately.,yes_or_transformable_with_causal_asof_join,true,low_to_medium,low_to_medium,low,medium,paper_specific,high,medium_high,include_candidate_or_feature_evidence,"Retained only as hypothesis, feature, negative control or validation method; no published return is treated as an Aurora result.",Bibliographic identity and relevance were checked; exact coefficients and sample endpoints were not re-extracted for this lower-priority record.,"Only deterministic, causal, zero-cost +1/-1 translations explicitly listed in candidate_strategy_pack.jsonl are permitted.","Unless stated in research_synthesis.md: exact sample endpoints, coefficients, transaction costs, execution timing and standalone SPY transfer.",pre_2011_evidence,valuation_and_equity_premium,true,verified_bibliographic_identity_exact,doi:10.1093/rfs/hhm074,publisher_or_primary_repository_metadata_crosscheck,https://doi.org/10.1093/rfs/hhm074,2026-08-03,No metadata correction required in the final audit.,bibliographic_identity_verified; quantitative results not independently replicated in this package
SRC0125,Jules H. van Binsbergen; Ralph S. J. Koijen,Predictive Regressions: A Present-Value Approach,2010,,https://doi.org/10.1111/j.1540-6261.2010.01575.x,10.1111/j.1540-6261.2010.01575.x,journal_article,true,Long aggregate U.S. sample; see original paper.,Aggregate U.S. equities.,"Valuation, issuance, rates and macro predictors.",monthly_or_annual,Equity-premium forecast.,Paper-specific; Aurora does not assume equivalence to close-t decision and next-open t+1 execution.,Paper-specific; not imported. Aurora headline costs are fixed at zero by the user.,Bibliographic identity and relevance were checked; exact coefficients and sample endpoints were not re-extracted for this lower-priority record.,See original source; explicit OOS is recorded in the synthesis for priority papers.,Mixed or not fully re-extracted; related replications and contradictions are registered separately.,yes_or_transformable_with_causal_asof_join,true,low_to_medium,low_to_medium,low,medium,paper_specific,high,medium_high,include_candidate_or_feature_evidence,"Retained only as hypothesis, feature, negative control or validation method; no published return is treated as an Aurora result.",Bibliographic identity and relevance were checked; exact coefficients and sample endpoints were not re-extracted for this lower-priority record.,"Only deterministic, causal, zero-cost +1/-1 translations explicitly listed in candidate_strategy_pack.jsonl are permitted.","Unless stated in research_synthesis.md: exact sample endpoints, coefficients, transaction costs, execution timing and standalone SPY transfer.",pre_2011_evidence,valuation_and_equity_premium,true,verified_bibliographic_identity_exact,doi:10.1111/j.1540-6261.2010.01575.x,publisher_or_primary_repository_metadata_crosscheck,https://doi.org/10.1111/j.1540-6261.2010.01575.x,2026-08-03,No metadata correction required in the final audit.,bibliographic_identity_verified; quantitative results not independently replicated in this package
SRC0126,John H. Cochrane,The Dog That Did Not Bark: A Defense of Return Predictability,2008,,https://doi.org/10.1093/rfs/hhm046,10.1093/rfs/hhm046,journal_article,true,Long aggregate U.S. sample; see original paper.,Aggregate U.S. equities.,"Valuation, issuance, rates and macro predictors.",monthly_or_annual,Equity-premium forecast.,Paper-specific; Aurora does not assume equivalence to close-t decision and next-open t+1 execution.,Paper-specific; not imported. Aurora headline costs are fixed at zero by the user.,Bibliographic identity and relevance were checked; exact coefficients and sample endpoints were not re-extracted for this lower-priority record.,See original source; explicit OOS is recorded in the synthesis for priority papers.,Mixed or not fully re-extracted; related replications and contradictions are registered separately.,yes_or_transformable_with_causal_asof_join,true,low_to_medium,low_to_medium,low,medium,paper_specific,high,medium_high,include_candidate_or_feature_evidence,"Retained only as hypothesis, feature, negative control or validation method; no published return is treated as an Aurora result.",Bibliographic identity and relevance were checked; exact coefficients and sample endpoints were not re-extracted for this lower-priority record.,"Only deterministic, causal, zero-cost +1/-1 translations explicitly listed in candidate_strategy_pack.jsonl are permitted.","Unless stated in research_synthesis.md: exact sample endpoints, coefficients, transaction costs, execution timing and standalone SPY transfer.",pre_2011_evidence,valuation_and_equity_premium,true,verified_bibliographic_identity_exact,doi:10.1093/rfs/hhm046,publisher_or_primary_repository_metadata_crosscheck,https://doi.org/10.1093/rfs/hhm046,2026-08-03,No metadata correction required in the final audit.,bibliographic_identity_verified; quantitative results not independently replicated in this package
SRC0127,Jacob Boudoukh; Matthew Richardson,Stock Returns and Inflation: A Long-Horizon Perspective,1993,,https://doi.org/10.1257/aer.83.5.1346,10.1257/aer.83.5.1346,journal_article,true,U.S. postwar macro/financial sample.,U.S. economy and aggregate equities.,"Yields, inflation, policy and activity.",daily_to_quarterly,Yield-curve or macro-regime state.,Paper-specific; Aurora does not assume equivalence to close-t decision and next-open t+1 execution.,Paper-specific; not imported. Aurora headline costs are fixed at zero by the user.,Bibliographic identity and relevance were checked; exact coefficients and sample endpoints were not re-extracted for this lower-priority record.,See original source; explicit OOS is recorded in the synthesis for priority papers.,Mixed or not fully re-extracted; related replications and contradictions are registered separately.,yes_or_transformable_with_causal_asof_join,true,high_without_timestamp_controls,low_to_medium,high_for_macro_without_vintages,medium,paper_specific,high,medium_high,include_candidate_or_feature_evidence,"Retained only as hypothesis, feature, negative control or validation method; no published return is treated as an Aurora result.",Bibliographic identity and relevance were checked; exact coefficients and sample endpoints were not re-extracted for this lower-priority record.,"Only deterministic, causal, zero-cost +1/-1 translations explicitly listed in candidate_strategy_pack.jsonl are permitted.","Unless stated in research_synthesis.md: exact sample endpoints, coefficients, transaction costs, execution timing and standalone SPY transfer.",pre_2011_evidence,yield_curve_and_macro_regime,true,verified_bibliographic_identity_exact,doi:10.1257/aer.83.5.1346,publisher_or_primary_repository_metadata_crosscheck,https://doi.org/10.1257/aer.83.5.1346,2026-08-03,No metadata correction required in the final audit.,bibliographic_identity_verified; quantitative results not independently replicated in this package
SRC0128,John Y. Campbell; Tuomo Vuolteenaho,Inflation Illusion and Stock Prices,2004,,https://doi.org/10.1257/0002828041301533,10.1257/0002828041301533,journal_article,true,U.S. postwar macro/financial sample.,U.S. economy and aggregate equities.,"Yields, inflation, policy and activity.",daily_to_quarterly,Yield-curve or macro-regime state.,Paper-specific; Aurora does not assume equivalence to close-t decision and next-open t+1 execution.,Paper-specific; not imported. Aurora headline costs are fixed at zero by the user.,Bibliographic identity and relevance were checked; exact coefficients and sample endpoints were not re-extracted for this lower-priority record.,See original source; explicit OOS is recorded in the synthesis for priority papers.,Mixed or not fully re-extracted; related replications and contradictions are registered separately.,yes_or_transformable_with_causal_asof_join,true,high_without_timestamp_controls,low_to_medium,high_for_macro_without_vintages,medium,paper_specific,high,medium_high,include_candidate_or_feature_evidence,"Retained only as hypothesis, feature, negative control or validation method; no published return is treated as an Aurora result.",Bibliographic identity and relevance were checked; exact coefficients and sample endpoints were not re-extracted for this lower-priority record.,"Only deterministic, causal, zero-cost +1/-1 translations explicitly listed in candidate_strategy_pack.jsonl are permitted.","Unless stated in research_synthesis.md: exact sample endpoints, coefficients, transaction costs, execution timing and standalone SPY transfer.",pre_2011_evidence,yield_curve_and_macro_regime,true,verified_bibliographic_identity_exact,doi:10.1257/0002828041301533,publisher_or_primary_repository_metadata_crosscheck,https://doi.org/10.1257/0002828041301533,2026-08-03,doi: 10.1257/0002828043052290 -> 10.1257/0002828041301533 | direct_url: https://doi.org/10.1257/0002828043052290 -> https://doi.org/10.1257/0002828041301533 | Corrected the American Economic Review DOI.,bibliographic_identity_verified; quantitative results not independently replicated in this package
SRC0129,Willem Thorbecke,On Stock Market Returns and Monetary Policy,1997,,https://doi.org/10.1111/j.1540-6261.1997.tb04816.x,10.1111/j.1540-6261.1997.tb04816.x,journal_article,true,U.S. postwar macro/financial sample.,U.S. economy and aggregate equities.,"Yields, inflation, policy and activity.",daily_to_quarterly,Yield-curve or macro-regime state.,Paper-specific; Aurora does not assume equivalence to close-t decision and next-open t+1 execution.,Paper-specific; not imported. Aurora headline costs are fixed at zero by the user.,Bibliographic identity and relevance were checked; exact coefficients and sample endpoints were not re-extracted for this lower-priority record.,See original source; explicit OOS is recorded in the synthesis for priority papers.,Mixed or not fully re-extracted; related replications and contradictions are registered separately.,yes_or_transformable_with_causal_asof_join,true,high_without_timestamp_controls,low_to_medium,high_for_macro_without_vintages,medium,paper_specific,high,medium_high,include_candidate_or_feature_evidence,"Retained only as hypothesis, feature, negative control or validation method; no published return is treated as an Aurora result.",Bibliographic identity and relevance were checked; exact coefficients and sample endpoints were not re-extracted for this lower-priority record.,"Only deterministic, causal, zero-cost +1/-1 translations explicitly listed in candidate_strategy_pack.jsonl are permitted.","Unless stated in research_synthesis.md: exact sample endpoints, coefficients, transaction costs, execution timing and standalone SPY transfer.",pre_2011_evidence,yield_curve_and_macro_regime,true,verified_bibliographic_identity_exact,doi:10.1111/j.1540-6261.1997.tb04816.x,publisher_or_primary_repository_metadata_crosscheck,https://doi.org/10.1111/j.1540-6261.1997.tb04816.x,2026-08-03,doi: 10.1111/j.1540-6261.1997.tb02711.x -> 10.1111/j.1540-6261.1997.tb04816.x | direct_url: https://doi.org/10.1111/j.1540-6261.1997.tb02711.x -> https://doi.org/10.1111/j.1540-6261.1997.tb04816.x | Corrected the Journal of Finance DOI.,bibliographic_identity_verified; quantitative results not independently replicated in this package
SRC0130,Ben S. Bernanke; Kenneth N. Kuttner,What Explains the Stock Market's Reaction to Federal Reserve Policy?,2005,,https://doi.org/10.1111/j.1540-6261.2005.00760.x,10.1111/j.1540-6261.2005.00760.x,journal_article,true,U.S. postwar macro/financial sample.,U.S. economy and aggregate equities.,"Yields, inflation, policy and activity.",daily_to_quarterly,Yield-curve or macro-regime state.,Paper-specific; Aurora does not assume equivalence to close-t decision and next-open t+1 execution.,Paper-specific; not imported. Aurora headline costs are fixed at zero by the user.,Bibliographic identity and relevance were checked; exact coefficients and sample endpoints were not re-extracted for this lower-priority record.,See original source; explicit OOS is recorded in the synthesis for priority papers.,Mixed or not fully re-extracted; related replications and contradictions are registered separately.,yes_or_transformable_with_causal_asof_join,true,high_without_timestamp_controls,low_to_medium,high_for_macro_without_vintages,medium,paper_specific,high,medium_high,include_candidate_or_feature_evidence,"Retained only as hypothesis, feature, negative control or validation method; no published return is treated as an Aurora result.",Bibliographic identity and relevance were checked; exact coefficients and sample endpoints were not re-extracted for this lower-priority record.,"Only deterministic, causal, zero-cost +1/-1 translations explicitly listed in candidate_strategy_pack.jsonl are permitted.","Unless stated in research_synthesis.md: exact sample endpoints, coefficients, transaction costs, execution timing and standalone SPY transfer.",pre_2011_evidence,yield_curve_and_macro_regime,true,verified_bibliographic_identity_exact,doi:10.1111/j.1540-6261.2005.00760.x,publisher_or_primary_repository_metadata_crosscheck,https://doi.org/10.1111/j.1540-6261.2005.00760.x,2026-08-03,No metadata correction required in the final audit.,bibliographic_identity_verified; quantitative results not independently replicated in this package
SRC0131,Roberto Rigobon; Brian Sack,The Impact of Monetary Policy on Asset Prices,2004,,https://doi.org/10.1016/j.jmoneco.2003.12.007,10.1016/j.jmoneco.2003.12.007,journal_article,true,U.S. postwar macro/financial sample.,U.S. economy and aggregate equities.,"Yields, inflation, policy and activity.",daily_to_quarterly,Yield-curve or macro-regime state.,Paper-specific; Aurora does not assume equivalence to close-t decision and next-open t+1 execution.,Paper-specific; not imported. Aurora headline costs are fixed at zero by the user.,Bibliographic identity and relevance were checked; exact coefficients and sample endpoints were not re-extracted for this lower-priority record.,See original source; explicit OOS is recorded in the synthesis for priority papers.,Mixed or not fully re-extracted; related replications and contradictions are registered separately.,yes_or_transformable_with_causal_asof_join,true,high_without_timestamp_controls,low_to_medium,high_for_macro_without_vintages,medium,paper_specific,high,medium_high,include_candidate_or_feature_evidence,"Retained only as hypothesis, feature, negative control or validation method; no published return is treated as an Aurora result.",Bibliographic identity and relevance were checked; exact coefficients and sample endpoints were not re-extracted for this lower-priority record.,"Only deterministic, causal, zero-cost +1/-1 translations explicitly listed in candidate_strategy_pack.jsonl are permitted.","Unless stated in research_synthesis.md: exact sample endpoints, coefficients, transaction costs, execution timing and standalone SPY transfer.",pre_2011_evidence,yield_curve_and_macro_regime,true,verified_bibliographic_identity_exact,doi:10.1016/j.jmoneco.2003.12.007,publisher_or_primary_repository_metadata_crosscheck,https://doi.org/10.1016/j.jmoneco.2003.12.007,2026-08-03,No metadata correction required in the final audit.,bibliographic_identity_verified; quantitative results not independently replicated in this package
SRC0132,Gerald R. Jensen; Jeffrey M. Mercer; Robert R. Johnson,"Business Conditions, Monetary Policy, and Expected Security Returns",1996,,https://doi.org/10.2307/2331395,10.2307/2331395,journal_article,true,U.S. postwar macro/financial sample.,U.S. economy and aggregate equities.,"Yields, inflation, policy and activity.",daily_to_quarterly,Yield-curve or macro-regime state.,Paper-specific; Aurora does not assume equivalence to close-t decision and next-open t+1 execution.,Paper-specific; not imported. Aurora headline costs are fixed at zero by the user.,Bibliographic identity and relevance were checked; exact coefficients and sample endpoints were not re-extracted for this lower-priority record.,See original source; explicit OOS is recorded in the synthesis for priority papers.,Mixed or not fully re-extracted; related replications and contradictions are registered separately.,yes_or_transformable_with_causal_asof_join,true,high_without_timestamp_controls,low_to_medium,high_for_macro_without_vintages,medium,paper_specific,high,medium_high,include_candidate_or_feature_evidence,"Retained only as hypothesis, feature, negative control or validation method; no published return is treated as an Aurora result.",Bibliographic identity and relevance were checked; exact coefficients and sample endpoints were not re-extracted for this lower-priority record.,"Only deterministic, causal, zero-cost +1/-1 translations explicitly listed in candidate_strategy_pack.jsonl are permitted.","Unless stated in research_synthesis.md: exact sample endpoints, coefficients, transaction costs, execution timing and standalone SPY transfer.",pre_2011_evidence,yield_curve_and_macro_regime,true,verified_bibliographic_identity_exact,doi:10.2307/2331395,publisher_or_primary_repository_metadata_crosscheck,https://doi.org/10.2307/2331395,2026-08-03,No metadata correction required in the final audit.,bibliographic_identity_verified; quantitative results not independently replicated in this package
SRC0133,Yakov Amihud,Illiquidity and Stock Returns: Cross-Section and Time-Series Effects,2002,,https://doi.org/10.1016/S1386-4181(01)00024-6,10.1016/S1386-4181(01)00024-6,journal_article,true,U.S. equity-market sample; see original paper.,Stocks and/or aggregate market.,"Volume, spreads, turnover and returns.",daily_or_monthly,Liquidity or price-pressure state.,Paper-specific; Aurora does not assume equivalence to close-t decision and next-open t+1 execution.,Paper-specific; not imported. Aurora headline costs are fixed at zero by the user.,Bibliographic identity and relevance were checked; exact coefficients and sample endpoints were not re-extracted for this lower-priority record.,See original source; explicit OOS is recorded in the synthesis for priority papers.,Mixed or not fully re-extracted; related replications and contradictions are registered separately.,yes_or_transformable_with_causal_asof_join,true,low_to_medium,low_to_medium,low,medium,paper_specific,high,medium_high,include_candidate_or_feature_evidence,"Retained only as hypothesis, feature, negative control or validation method; no published return is treated as an Aurora result.",Bibliographic identity and relevance were checked; exact coefficients and sample endpoints were not re-extracted for this lower-priority record.,"Only deterministic, causal, zero-cost +1/-1 translations explicitly listed in candidate_strategy_pack.jsonl are permitted.","Unless stated in research_synthesis.md: exact sample endpoints, coefficients, transaction costs, execution timing and standalone SPY transfer.",pre_2011_evidence,liquidity_and_volume,true,verified_bibliographic_identity_exact,doi:10.1016/s1386-4181(01)00024-6,publisher_or_primary_repository_metadata_crosscheck,https://doi.org/10.1016/S1386-4181(01)00024-6,2026-08-03,No metadata correction required in the final audit.,bibliographic_identity_verified; quantitative results not independently replicated in this package
SRC0134,Lubos Pastor; Robert F. Stambaugh,Liquidity Risk and Expected Stock Returns,2003,,https://doi.org/10.1086/374184,10.1086/374184,journal_article,true,U.S. equity-market sample; see original paper.,Stocks and/or aggregate market.,"Volume, spreads, turnover and returns.",daily_or_monthly,Liquidity or price-pressure state.,Paper-specific; Aurora does not assume equivalence to close-t decision and next-open t+1 execution.,Paper-specific; not imported. Aurora headline costs are fixed at zero by the user.,Bibliographic identity and relevance were checked; exact coefficients and sample endpoints were not re-extracted for this lower-priority record.,See original source; explicit OOS is recorded in the synthesis for priority papers.,Mixed or not fully re-extracted; related replications and contradictions are registered separately.,yes_or_transformable_with_causal_asof_join,true,low_to_medium,low_to_medium,low,medium,paper_specific,high,medium_high,include_candidate_or_feature_evidence,"Retained only as hypothesis, feature, negative control or validation method; no published return is treated as an Aurora result.",Bibliographic identity and relevance were checked; exact coefficients and sample endpoints were not re-extracted for this lower-priority record.,"Only deterministic, causal, zero-cost +1/-1 translations explicitly listed in candidate_strategy_pack.jsonl are permitted.","Unless stated in research_synthesis.md: exact sample endpoints, coefficients, transaction costs, execution timing and standalone SPY transfer.",pre_2011_evidence,liquidity_and_volume,true,verified_bibliographic_identity_exact,doi:10.1086/374184,publisher_or_primary_repository_metadata_crosscheck,https://doi.org/10.1086/374184,2026-08-03,No metadata correction required in the final audit.,bibliographic_identity_verified; quantitative results not independently replicated in this package
SRC0135,Viral V. Acharya; Lasse Heje Pedersen,Asset Pricing with Liquidity Risk,2005,,https://doi.org/10.1016/j.jfineco.2004.06.007,10.1016/j.jfineco.2004.06.007,journal_article,true,U.S. equity-market sample; see original paper.,Stocks and/or aggregate market.,"Volume, spreads, turnover and returns.",daily_or_monthly,Liquidity or price-pressure state.,Paper-specific; Aurora does not assume equivalence to close-t decision and next-open t+1 execution.,Paper-specific; not imported. Aurora headline costs are fixed at zero by the user.,Bibliographic identity and relevance were checked; exact coefficients and sample endpoints were not re-extracted for this lower-priority record.,See original source; explicit OOS is recorded in the synthesis for priority papers.,Mixed or not fully re-extracted; related replications and contradictions are registered separately.,yes_or_transformable_with_causal_asof_join,true,low_to_medium,low_to_medium,low,medium,paper_specific,high,medium_high,include_candidate_or_feature_evidence,"Retained only as hypothesis, feature, negative control or validation method; no published return is treated as an Aurora result.",Bibliographic identity and relevance were checked; exact coefficients and sample endpoints were not re-extracted for this lower-priority record.,"Only deterministic, causal, zero-cost +1/-1 translations explicitly listed in candidate_strategy_pack.jsonl are permitted.","Unless stated in research_synthesis.md: exact sample endpoints, coefficients, transaction costs, execution timing and standalone SPY transfer.",pre_2011_evidence,liquidity_and_volume,true,verified_bibliographic_identity_exact,doi:10.1016/j.jfineco.2004.06.007,publisher_or_primary_repository_metadata_crosscheck,https://doi.org/10.1016/j.jfineco.2004.06.007,2026-08-03,No metadata correction required in the final audit.,bibliographic_identity_verified; quantitative results not independently replicated in this package
SRC0136,Markus K. Brunnermeier; Lasse Heje Pedersen,Market Liquidity and Funding Liquidity,2009,,https://doi.org/10.1093/rfs/hhn098,10.1093/rfs/hhn098,journal_article,true,U.S. equity-market sample; see original paper.,Stocks and/or aggregate market.,"Volume, spreads, turnover and returns.",daily_or_monthly,Liquidity or price-pressure state.,Paper-specific; Aurora does not assume equivalence to close-t decision and next-open t+1 execution.,Paper-specific; not imported. Aurora headline costs are fixed at zero by the user.,Bibliographic identity and relevance were checked; exact coefficients and sample endpoints were not re-extracted for this lower-priority record.,See original source; explicit OOS is recorded in the synthesis for priority papers.,Mixed or not fully re-extracted; related replications and contradictions are registered separately.,yes_or_transformable_with_causal_asof_join,true,low_to_medium,low_to_medium,low,medium,paper_specific,high,medium_high,include_candidate_or_feature_evidence,"Retained only as hypothesis, feature, negative control or validation method; no published return is treated as an Aurora result.",Bibliographic identity and relevance were checked; exact coefficients and sample endpoints were not re-extracted for this lower-priority record.,"Only deterministic, causal, zero-cost +1/-1 translations explicitly listed in candidate_strategy_pack.jsonl are permitted.","Unless stated in research_synthesis.md: exact sample endpoints, coefficients, transaction costs, execution timing and standalone SPY transfer.",pre_2011_evidence,liquidity_and_volume,true,verified_bibliographic_identity_exact,doi:10.1093/rfs/hhn098,publisher_or_primary_repository_metadata_crosscheck,https://doi.org/10.1093/rfs/hhn098,2026-08-03,No metadata correction required in the final audit.,bibliographic_identity_verified; quantitative results not independently replicated in this package
SRC0137,Tobias Adrian; Erkko Etula; Tyler Muir,Financial Intermediaries and the Cross-Section of Asset Returns,2014,,https://doi.org/10.1111/jofi.12189,10.1111/jofi.12189,journal_article,true,U.S. credit and macro sample.,Corporate credit and aggregate markets.,"OAS, credit issuance, leverage and conditions.",daily_to_quarterly,Credit-risk appetite/financial-condition state.,Paper-specific; Aurora does not assume equivalence to close-t decision and next-open t+1 execution.,Paper-specific; not imported. Aurora headline costs are fixed at zero by the user.,Bibliographic identity and relevance were checked; exact coefficients and sample endpoints were not re-extracted for this lower-priority record.,See original source; explicit OOS is recorded in the synthesis for priority papers.,Mixed or not fully re-extracted; related replications and contradictions are registered separately.,yes_or_transformable_with_causal_asof_join,false,high_without_timestamp_controls,low_to_medium,high_for_macro_without_vintages,medium,paper_specific,high,high,include_candidate_or_feature_evidence,"Retained only as hypothesis, feature, negative control or validation method; no published return is treated as an Aurora result.",Bibliographic identity and relevance were checked; exact coefficients and sample endpoints were not re-extracted for this lower-priority record.,"Only deterministic, causal, zero-cost +1/-1 translations explicitly listed in candidate_strategy_pack.jsonl are permitted.","Unless stated in research_synthesis.md: exact sample endpoints, coefficients, transaction costs, execution timing and standalone SPY transfer.",post_2010_research,credit_spreads_and_financial_conditions,true,verified_bibliographic_identity_exact,doi:10.1111/jofi.12189,publisher_or_primary_repository_metadata_crosscheck,https://doi.org/10.1111/jofi.12189,2026-08-03,No metadata correction required in the final audit.,bibliographic_identity_verified; quantitative results not independently replicated in this package
SRC0138,Geert Bekaert; Marie Hoerova; Marco Lo Duca,"Risk, Uncertainty and Monetary Policy",2013,,https://doi.org/10.1016/j.jmoneco.2013.06.003,10.1016/j.jmoneco.2013.06.003,journal_article,true,U.S. credit and macro sample.,Corporate credit and aggregate markets.,"OAS, credit issuance, leverage and conditions.",daily_to_quarterly,Credit-risk appetite/financial-condition state.,Paper-specific; Aurora does not assume equivalence to close-t decision and next-open t+1 execution.,Paper-specific; not imported. Aurora headline costs are fixed at zero by the user.,Bibliographic identity and relevance were checked; exact coefficients and sample endpoints were not re-extracted for this lower-priority record.,See original source; explicit OOS is recorded in the synthesis for priority papers.,Mixed or not fully re-extracted; related replications and contradictions are registered separately.,yes_or_transformable_with_causal_asof_join,false,high_without_timestamp_controls,low_to_medium,high_for_macro_without_vintages,medium,paper_specific,high,high,include_candidate_or_feature_evidence,"Retained only as hypothesis, feature, negative control or validation method; no published return is treated as an Aurora result.",Bibliographic identity and relevance were checked; exact coefficients and sample endpoints were not re-extracted for this lower-priority record.,"Only deterministic, causal, zero-cost +1/-1 translations explicitly listed in candidate_strategy_pack.jsonl are permitted.","Unless stated in research_synthesis.md: exact sample endpoints, coefficients, transaction costs, execution timing and standalone SPY transfer.",post_2010_research,credit_spreads_and_financial_conditions,true,verified_bibliographic_identity_exact,doi:10.1016/j.jmoneco.2013.06.003,publisher_or_primary_repository_metadata_crosscheck,https://doi.org/10.1016/j.jmoneco.2013.06.003,2026-08-03,No metadata correction required in the final audit.,bibliographic_identity_verified; quantitative results not independently replicated in this package
SRC0139,Simon Gilchrist; Egon Zakrajsek,Credit Spreads and Business Cycle Fluctuations,2012,,https://doi.org/10.1257/aer.102.4.1692,10.1257/aer.102.4.1692,journal_article,true,U.S. credit and macro sample.,Corporate credit and aggregate markets.,"OAS, credit issuance, leverage and conditions.",daily_to_quarterly,Credit-risk appetite/financial-condition state.,Paper-specific; Aurora does not assume equivalence to close-t decision and next-open t+1 execution.,Paper-specific; not imported. Aurora headline costs are fixed at zero by the user.,Shows that the excess bond premium contains information about financial-sector risk-bearing and future activity.,See original source; explicit OOS is recorded in the synthesis for priority papers.,Mixed or not fully re-extracted; related replications and contradictions are registered separately.,yes_or_transformable_with_causal_asof_join,false,high_without_timestamp_controls,low_to_medium,high_for_macro_without_vintages,medium,paper_specific,high,high,include_candidate_or_feature_evidence,"Retained only as hypothesis, feature, negative control or validation method; no published return is treated as an Aurora result.",Shows that the excess bond premium contains information about financial-sector risk-bearing and future activity.,"Only deterministic, causal, zero-cost +1/-1 translations explicitly listed in candidate_strategy_pack.jsonl are permitted.","Unless stated in research_synthesis.md: exact sample endpoints, coefficients, transaction costs, execution timing and standalone SPY transfer.",post_2010_research,credit_spreads_and_financial_conditions,true,verified_bibliographic_identity_exact,doi:10.1257/aer.102.4.1692,publisher_or_primary_repository_metadata_crosscheck,https://doi.org/10.1257/aer.102.4.1692,2026-08-03,No metadata correction required in the final audit.,bibliographic_identity_verified; quantitative results not independently replicated in this package
SRC0140,Robin Greenwood; Samuel G. Hanson,Issuer Quality and Corporate Bond Returns,2013,,https://doi.org/10.1093/rfs/hht016,10.1093/rfs/hht016,journal_article,true,U.S. credit and macro sample.,Corporate credit and aggregate markets.,"OAS, credit issuance, leverage and conditions.",daily_to_quarterly,Credit-risk appetite/financial-condition state.,Paper-specific; Aurora does not assume equivalence to close-t decision and next-open t+1 execution.,Paper-specific; not imported. Aurora headline costs are fixed at zero by the user.,Bibliographic identity and relevance were checked; exact coefficients and sample endpoints were not re-extracted for this lower-priority record.,See original source; explicit OOS is recorded in the synthesis for priority papers.,Mixed or not fully re-extracted; related replications and contradictions are registered separately.,yes_or_transformable_with_causal_asof_join,false,high_without_timestamp_controls,low_to_medium,high_for_macro_without_vintages,medium,paper_specific,high,high,include_candidate_or_feature_evidence,"Retained only as hypothesis, feature, negative control or validation method; no published return is treated as an Aurora result.",Bibliographic identity and relevance were checked; exact coefficients and sample endpoints were not re-extracted for this lower-priority record.,"Only deterministic, causal, zero-cost +1/-1 translations explicitly listed in candidate_strategy_pack.jsonl are permitted.","Unless stated in research_synthesis.md: exact sample endpoints, coefficients, transaction costs, execution timing and standalone SPY transfer.",post_2010_research,credit_spreads_and_financial_conditions,true,verified_bibliographic_identity_exact,doi:10.1093/rfs/hht016,publisher_or_primary_repository_metadata_crosscheck,https://doi.org/10.1093/rfs/hht016,2026-08-03,No metadata correction required in the final audit.,bibliographic_identity_verified; quantitative results not independently replicated in this package
SRC0141,David Lopez-Salido; Jeremy C. Stein; Egon Zakrajsek,Credit-Market Sentiment and the Business Cycle,2017,,https://doi.org/10.1093/qje/qjx014,10.1093/qje/qjx014,journal_article,true,U.S. credit and macro sample.,Corporate credit and aggregate markets.,"OAS, credit issuance, leverage and conditions.",daily_to_quarterly,Credit-risk appetite/financial-condition state.,Paper-specific; Aurora does not assume equivalence to close-t decision and next-open t+1 execution.,Paper-specific; not imported. Aurora headline costs are fixed at zero by the user.,Bibliographic identity and relevance were checked; exact coefficients and sample endpoints were not re-extracted for this lower-priority record.,See original source; explicit OOS is recorded in the synthesis for priority papers.,Mixed or not fully re-extracted; related replications and contradictions are registered separately.,yes_or_transformable_with_causal_asof_join,false,high_without_timestamp_controls,low_to_medium,high_for_macro_without_vintages,medium,paper_specific,high,high,include_candidate_or_feature_evidence,"Retained only as hypothesis, feature, negative control or validation method; no published return is treated as an Aurora result.",Bibliographic identity and relevance were checked; exact coefficients and sample endpoints were not re-extracted for this lower-priority record.,"Only deterministic, causal, zero-cost +1/-1 translations explicitly listed in candidate_strategy_pack.jsonl are permitted.","Unless stated in research_synthesis.md: exact sample endpoints, coefficients, transaction costs, execution timing and standalone SPY transfer.",post_2010_research,credit_spreads_and_financial_conditions,true,verified_bibliographic_identity_exact,doi:10.1093/qje/qjx014,publisher_or_primary_repository_metadata_crosscheck,https://doi.org/10.1093/qje/qjx014,2026-08-03,No metadata correction required in the final audit.,bibliographic_identity_verified; quantitative results not independently replicated in this package
SRC0142,Arvind Krishnamurthy; Tyler Muir,How Credit Cycles across a Financial Crisis,2017,,https://www.nber.org/papers/w23850,10.3386/w23850,NBER working paper,false,U.S. credit and macro sample.,Corporate credit and aggregate markets.,"OAS, credit issuance, leverage and conditions.",daily_to_quarterly,Credit-risk appetite/financial-condition state.,Paper-specific; Aurora does not assume equivalence to close-t decision and next-open t+1 execution.,Paper-specific; not imported. Aurora headline costs are fixed at zero by the user.,Bibliographic identity and relevance were checked; exact coefficients and sample endpoints were not re-extracted for this lower-priority record.,See original source; explicit OOS is recorded in the synthesis for priority papers.,Mixed or not fully re-extracted; related replications and contradictions are registered separately.,yes_or_transformable_with_causal_asof_join,false,high_without_timestamp_controls,low_to_medium,high_for_macro_without_vintages,medium,paper_specific,high,high,include_candidate_or_feature_evidence,"Retained only as hypothesis, feature, negative control or validation method; no published return is treated as an Aurora result.",Bibliographic identity and relevance were checked; exact coefficients and sample endpoints were not re-extracted for this lower-priority record.,"Only deterministic, causal, zero-cost +1/-1 translations explicitly listed in candidate_strategy_pack.jsonl are permitted.","Unless stated in research_synthesis.md: exact sample endpoints, coefficients, transaction costs, execution timing and standalone SPY transfer.",post_2010_research,credit_spreads_and_financial_conditions,true,verified_bibliographic_identity_exact,doi:10.3386/w23850,publisher_or_primary_repository_metadata_crosscheck,https://www.nber.org/papers/w23850,2026-08-03,direct_url: https://doi.org/10.3386/w23850 -> https://www.nber.org/papers/w23850 | source_type: journal_article -> NBER working paper | peer_reviewed: true -> false | The 2017 evidence-track record is the NBER working paper. The later journal publication is not backdated.,bibliographic_identity_verified; quantitative results not independently replicated in this package
SRC0143,Matthew Baron; Wei Xiong,Credit Expansion and Neglected Crash Risk,2017,,https://doi.org/10.1093/qje/qjx004,10.1093/qje/qjx004,journal_article,true,U.S. credit and macro sample.,Corporate credit and aggregate markets.,"OAS, credit issuance, leverage and conditions.",daily_to_quarterly,Credit-risk appetite/financial-condition state.,Paper-specific; Aurora does not assume equivalence to close-t decision and next-open t+1 execution.,Paper-specific; not imported. Aurora headline costs are fixed at zero by the user.,Bibliographic identity and relevance were checked; exact coefficients and sample endpoints were not re-extracted for this lower-priority record.,See original source; explicit OOS is recorded in the synthesis for priority papers.,Mixed or not fully re-extracted; related replications and contradictions are registered separately.,yes_or_transformable_with_causal_asof_join,false,high_without_timestamp_controls,low_to_medium,high_for_macro_without_vintages,medium,paper_specific,high,high,include_candidate_or_feature_evidence,"Retained only as hypothesis, feature, negative control or validation method; no published return is treated as an Aurora result.",Bibliographic identity and relevance were checked; exact coefficients and sample endpoints were not re-extracted for this lower-priority record.,"Only deterministic, causal, zero-cost +1/-1 translations explicitly listed in candidate_strategy_pack.jsonl are permitted.","Unless stated in research_synthesis.md: exact sample endpoints, coefficients, transaction costs, execution timing and standalone SPY transfer.",post_2010_research,credit_spreads_and_financial_conditions,true,verified_bibliographic_identity_exact,doi:10.1093/qje/qjx004,publisher_or_primary_repository_metadata_crosscheck,https://doi.org/10.1093/qje/qjx004,2026-08-03,No metadata correction required in the final audit.,bibliographic_identity_verified; quantitative results not independently replicated in this package
SRC0144,Simon Gilchrist; Vladimir Yankov; Egon Zakrajsek,Credit Market Shocks and Economic Fluctuations: Evidence from Corporate Bond and Stock Markets,2009,,https://doi.org/10.1016/j.jmoneco.2009.03.017,10.1016/j.jmoneco.2009.03.017,journal_article,true,U.S. credit and macro sample.,Corporate credit and aggregate markets.,"OAS, credit issuance, leverage and conditions.",daily_to_quarterly,Credit-risk appetite/financial-condition state.,Paper-specific; Aurora does not assume equivalence to close-t decision and next-open t+1 execution.,Paper-specific; not imported. Aurora headline costs are fixed at zero by the user.,Bibliographic identity and relevance were checked; exact coefficients and sample endpoints were not re-extracted for this lower-priority record.,See original source; explicit OOS is recorded in the synthesis for priority papers.,Mixed or not fully re-extracted; related replications and contradictions are registered separately.,yes_or_transformable_with_causal_asof_join,true,high_without_timestamp_controls,low_to_medium,high_for_macro_without_vintages,medium,paper_specific,high,high,include_candidate_or_feature_evidence,"Retained only as hypothesis, feature, negative control or validation method; no published return is treated as an Aurora result.",Bibliographic identity and relevance were checked; exact coefficients and sample endpoints were not re-extracted for this lower-priority record.,"Only deterministic, causal, zero-cost +1/-1 translations explicitly listed in candidate_strategy_pack.jsonl are permitted.","Unless stated in research_synthesis.md: exact sample endpoints, coefficients, transaction costs, execution timing and standalone SPY transfer.",pre_2011_evidence,credit_spreads_and_financial_conditions,true,verified_bibliographic_identity_exact,doi:10.1016/j.jmoneco.2009.03.017,publisher_or_primary_repository_metadata_crosscheck,https://doi.org/10.1016/j.jmoneco.2009.03.017,2026-08-03,No metadata correction required in the final audit.,bibliographic_identity_verified; quantitative results not independently replicated in this package
SRC0145,Jon Faust; Simon Gilchrist; Jonathan H. Wright; Egon Zakrajsek,Credit Spreads as Predictors of Real-Time Economic Activity: A Bayesian Model-Averaging Approach,2013,,https://doi.org/10.1162/REST_a_00376,10.1162/REST_a_00376,journal_article,true,U.S. credit and macro sample.,Corporate credit and aggregate markets.,"OAS, credit issuance, leverage and conditions.",daily_to_quarterly,Credit-risk appetite/financial-condition state.,Paper-specific; Aurora does not assume equivalence to close-t decision and next-open t+1 execution.,Paper-specific; not imported. Aurora headline costs are fixed at zero by the user.,Bibliographic identity and relevance were checked; exact coefficients and sample endpoints were not re-extracted for this lower-priority record.,See original source; explicit OOS is recorded in the synthesis for priority papers.,Mixed or not fully re-extracted; related replications and contradictions are registered separately.,yes_or_transformable_with_causal_asof_join,false,high_without_timestamp_controls,low_to_medium,high_for_macro_without_vintages,medium,paper_specific,high,high,include_candidate_or_feature_evidence,"Retained only as hypothesis, feature, negative control or validation method; no published return is treated as an Aurora result.",Bibliographic identity and relevance were checked; exact coefficients and sample endpoints were not re-extracted for this lower-priority record.,"Only deterministic, causal, zero-cost +1/-1 translations explicitly listed in candidate_strategy_pack.jsonl are permitted.","Unless stated in research_synthesis.md: exact sample endpoints, coefficients, transaction costs, execution timing and standalone SPY transfer.",post_2010_research,credit_spreads_and_financial_conditions,true,verified_bibliographic_identity_exact,doi:10.1162/rest_a_00376,publisher_or_primary_repository_metadata_crosscheck,https://doi.org/10.1162/REST_a_00376,2026-08-03,doi: 10.1162/REST_a_00320 -> 10.1162/REST_a_00376 | direct_url: https://doi.org/10.1162/REST_a_00320 -> https://doi.org/10.1162/REST_a_00376 | Corrected the Review of Economics and Statistics DOI.,bibliographic_identity_verified; quantitative results not independently replicated in this package
SRC0146,Tyler Muir,Financial Crises and Risk Premia,2017,,https://doi.org/10.1093/qje/qjw045,10.1093/qje/qjw045,journal_article,true,U.S. credit and macro sample.,Corporate credit and aggregate markets.,"OAS, credit issuance, leverage and conditions.",daily_to_quarterly,Credit-risk appetite/financial-condition state.,Paper-specific; Aurora does not assume equivalence to close-t decision and next-open t+1 execution.,Paper-specific; not imported. Aurora headline costs are fixed at zero by the user.,Bibliographic identity and relevance were checked; exact coefficients and sample endpoints were not re-extracted for this lower-priority record.,See original source; explicit OOS is recorded in the synthesis for priority papers.,Mixed or not fully re-extracted; related replications and contradictions are registered separately.,yes_or_transformable_with_causal_asof_join,false,high_without_timestamp_controls,low_to_medium,high_for_macro_without_vintages,medium,paper_specific,high,high,include_candidate_or_feature_evidence,"Retained only as hypothesis, feature, negative control or validation method; no published return is treated as an Aurora result.",Bibliographic identity and relevance were checked; exact coefficients and sample endpoints were not re-extracted for this lower-priority record.,"Only deterministic, causal, zero-cost +1/-1 translations explicitly listed in candidate_strategy_pack.jsonl are permitted.","Unless stated in research_synthesis.md: exact sample endpoints, coefficients, transaction costs, execution timing and standalone SPY transfer.",post_2010_research,credit_spreads_and_financial_conditions,true,verified_bibliographic_identity_exact,doi:10.1093/qje/qjw045,publisher_or_primary_repository_metadata_crosscheck,https://doi.org/10.1093/qje/qjw045,2026-08-03,Corrected the Quarterly Journal of Economics DOI.,bibliographic_identity_verified; quantitative results not independently replicated in this package
SRC0147,Benjamin Golez,Expected Returns and Dividend Growth Rates Implied by Derivative Markets,2014,,https://doi.org/10.1093/rfs/hht131,10.1093/rfs/hht131,journal_article,true,Long aggregate U.S. sample; see original paper.,Aggregate U.S. equities.,"Valuation, issuance, rates and macro predictors.",monthly_or_annual,Equity-premium forecast.,Paper-specific; Aurora does not assume equivalence to close-t decision and next-open t+1 execution.,Paper-specific; not imported. Aurora headline costs are fixed at zero by the user.,Bibliographic identity and relevance were checked; exact coefficients and sample endpoints were not re-extracted for this lower-priority record.,See original source; explicit OOS is recorded in the synthesis for priority papers.,Mixed or not fully re-extracted; related replications and contradictions are registered separately.,yes_or_transformable_with_causal_asof_join,false,low_to_medium,low_to_medium,low,medium,paper_specific,high,medium_high,include_candidate_or_feature_evidence,"Retained only as hypothesis, feature, negative control or validation method; no published return is treated as an Aurora result.",Bibliographic identity and relevance were checked; exact coefficients and sample endpoints were not re-extracted for this lower-priority record.,"Only deterministic, causal, zero-cost +1/-1 translations explicitly listed in candidate_strategy_pack.jsonl are permitted.","Unless stated in research_synthesis.md: exact sample endpoints, coefficients, transaction costs, execution timing and standalone SPY transfer.",post_2010_research,valuation_and_equity_premium,true,verified_bibliographic_identity_exact,doi:10.1093/rfs/hht131,publisher_or_primary_repository_metadata_crosscheck,https://doi.org/10.1093/rfs/hht131,2026-08-03,No metadata correction required in the final audit.,bibliographic_identity_verified; quantitative results not independently replicated in this package
SRC0148,Erik Hjalmarsson,Predicting Global Stock Returns,2010,,https://doi.org/10.1017/S0022109009990469,10.1017/S0022109009990469,journal_article,true,Long aggregate U.S. sample; see original paper.,Aggregate U.S. equities.,"Valuation, issuance, rates and macro predictors.",monthly_or_annual,Equity-premium forecast.,Paper-specific; Aurora does not assume equivalence to close-t decision and next-open t+1 execution.,Paper-specific; not imported. Aurora headline costs are fixed at zero by the user.,Bibliographic identity and relevance were checked; exact coefficients and sample endpoints were not re-extracted for this lower-priority record.,See original source; explicit OOS is recorded in the synthesis for priority papers.,Mixed or not fully re-extracted; related replications and contradictions are registered separately.,yes_or_transformable_with_causal_asof_join,true,low_to_medium,low_to_medium,low,medium,paper_specific,high,medium_high,include_candidate_or_feature_evidence,"Retained only as hypothesis, feature, negative control or validation method; no published return is treated as an Aurora result.",Bibliographic identity and relevance were checked; exact coefficients and sample endpoints were not re-extracted for this lower-priority record.,"Only deterministic, causal, zero-cost +1/-1 translations explicitly listed in candidate_strategy_pack.jsonl are permitted.","Unless stated in research_synthesis.md: exact sample endpoints, coefficients, transaction costs, execution timing and standalone SPY transfer.",pre_2011_evidence,valuation_and_equity_premium,true,verified_bibliographic_identity_exact,doi:10.1017/s0022109009990469,publisher_or_primary_repository_metadata_crosscheck,https://doi.org/10.1017/S0022109009990469,2026-08-03,doi: 10.1017/S0022109010000489 -> 10.1017/S0022109009990469 | direct_url: https://doi.org/10.1017/S0022109010000489 -> https://doi.org/10.1017/S0022109009990469 | Corrected the JFQA DOI.,bibliographic_identity_verified; quantitative results not independently replicated in this package
SRC0149,John H. Cochrane; Monika Piazzesi,Bond Risk Premia,2005,,https://doi.org/10.1257/0002828053828581,10.1257/0002828053828581,journal_article,true,U.S. postwar macro/financial sample.,U.S. economy and aggregate equities.,"Yields, inflation, policy and activity.",daily_to_quarterly,Yield-curve or macro-regime state.,Paper-specific; Aurora does not assume equivalence to close-t decision and next-open t+1 execution.,Paper-specific; not imported. Aurora headline costs are fixed at zero by the user.,Bibliographic identity and relevance were checked; exact coefficients and sample endpoints were not re-extracted for this lower-priority record.,See original source; explicit OOS is recorded in the synthesis for priority papers.,Mixed or not fully re-extracted; related replications and contradictions are registered separately.,yes_or_transformable_with_causal_asof_join,true,high_without_timestamp_controls,low_to_medium,high_for_macro_without_vintages,medium,paper_specific,high,medium_high,include_candidate_or_feature_evidence,"Retained only as hypothesis, feature, negative control or validation method; no published return is treated as an Aurora result.",Bibliographic identity and relevance were checked; exact coefficients and sample endpoints were not re-extracted for this lower-priority record.,"Only deterministic, causal, zero-cost +1/-1 translations explicitly listed in candidate_strategy_pack.jsonl are permitted.","Unless stated in research_synthesis.md: exact sample endpoints, coefficients, transaction costs, execution timing and standalone SPY transfer.",pre_2011_evidence,yield_curve_and_macro_regime,true,verified_bibliographic_identity_exact,doi:10.1257/0002828053828581,publisher_or_primary_repository_metadata_crosscheck,https://doi.org/10.1257/0002828053828581,2026-08-03,No metadata correction required in the final audit.,bibliographic_identity_verified; quantitative results not independently replicated in this package
SRC0150,Sydney C. Ludvigson; Serena Ng,The Empirical Risk-Return Relation: A Factor Analysis Approach,2007,,https://doi.org/10.1016/j.jfineco.2005.12.002,10.1016/j.jfineco.2005.12.002,journal_article,true,Long aggregate U.S. sample; see original paper.,Aggregate U.S. equities.,"Valuation, issuance, rates and macro predictors.",monthly_or_annual,Equity-premium forecast.,Paper-specific; Aurora does not assume equivalence to close-t decision and next-open t+1 execution.,Paper-specific; not imported. Aurora headline costs are fixed at zero by the user.,Bibliographic identity and relevance were checked; exact coefficients and sample endpoints were not re-extracted for this lower-priority record.,See original source; explicit OOS is recorded in the synthesis for priority papers.,Mixed or not fully re-extracted; related replications and contradictions are registered separately.,yes_or_transformable_with_causal_asof_join,true,low_to_medium,low_to_medium,low,medium,paper_specific,high,medium_high,include_candidate_or_feature_evidence,"Retained only as hypothesis, feature, negative control or validation method; no published return is treated as an Aurora result.",Bibliographic identity and relevance were checked; exact coefficients and sample endpoints were not re-extracted for this lower-priority record.,"Only deterministic, causal, zero-cost +1/-1 translations explicitly listed in candidate_strategy_pack.jsonl are permitted.","Unless stated in research_synthesis.md: exact sample endpoints, coefficients, transaction costs, execution timing and standalone SPY transfer.",pre_2011_evidence,valuation_and_equity_premium,true,verified_bibliographic_identity_exact,doi:10.1016/j.jfineco.2005.12.002,publisher_or_primary_repository_metadata_crosscheck,https://doi.org/10.1016/j.jfineco.2005.12.002,2026-08-03,doi: 10.1016/j.jfineco.2006.03.006 -> 10.1016/j.jfineco.2005.12.002 | direct_url: https://doi.org/10.1016/j.jfineco.2006.03.006 -> https://doi.org/10.1016/j.jfineco.2005.12.002 | Corrected the Journal of Financial Economics DOI.,bibliographic_identity_verified; quantitative results not independently replicated in this package
SRC0151,Sydney C. Ludvigson; Serena Ng,Macro Factors in Bond Risk Premia,2009,,https://doi.org/10.1093/rfs/hhp081,10.1093/rfs/hhp081,journal_article,true,U.S. postwar macro/financial sample.,U.S. economy and aggregate equities.,"Yields, inflation, policy and activity.",daily_to_quarterly,Yield-curve or macro-regime state.,Paper-specific; Aurora does not assume equivalence to close-t decision and next-open t+1 execution.,Paper-specific; not imported. Aurora headline costs are fixed at zero by the user.,Bibliographic identity and relevance were checked; exact coefficients and sample endpoints were not re-extracted for this lower-priority record.,See original source; explicit OOS is recorded in the synthesis for priority papers.,Mixed or not fully re-extracted; related replications and contradictions are registered separately.,yes_or_transformable_with_causal_asof_join,true,high_without_timestamp_controls,low_to_medium,high_for_macro_without_vintages,medium,paper_specific,high,medium_high,include_candidate_or_feature_evidence,"Retained only as hypothesis, feature, negative control or validation method; no published return is treated as an Aurora result.",Bibliographic identity and relevance were checked; exact coefficients and sample endpoints were not re-extracted for this lower-priority record.,"Only deterministic, causal, zero-cost +1/-1 translations explicitly listed in candidate_strategy_pack.jsonl are permitted.","Unless stated in research_synthesis.md: exact sample endpoints, coefficients, transaction costs, execution timing and standalone SPY transfer.",pre_2011_evidence,yield_curve_and_macro_regime,true,verified_bibliographic_identity_exact,doi:10.1093/rfs/hhp081,publisher_or_primary_repository_metadata_crosscheck,https://doi.org/10.1093/rfs/hhp081,2026-08-03,doi: 10.1093/rfs/hhn035 -> 10.1093/rfs/hhp081 | direct_url: https://doi.org/10.1093/rfs/hhn035 -> https://doi.org/10.1093/rfs/hhp081 | Corrected the Review of Financial Studies DOI.,bibliographic_identity_verified; quantitative results not independently replicated in this package
SRC0152,Bradley S. Paye; Allan Timmermann,Instability of Return Prediction Models,2006,,https://doi.org/10.1016/j.jempfin.2005.11.001,10.1016/j.jempfin.2005.11.001,journal_article,true,Long aggregate U.S. sample; see original paper.,Aggregate U.S. equities.,"Valuation, issuance, rates and macro predictors.",monthly_or_annual,Equity-premium forecast.,Paper-specific; Aurora does not assume equivalence to close-t decision and next-open t+1 execution.,Paper-specific; not imported. Aurora headline costs are fixed at zero by the user.,Bibliographic identity and relevance were checked; exact coefficients and sample endpoints were not re-extracted for this lower-priority record.,See original source; explicit OOS is recorded in the synthesis for priority papers.,Mixed or not fully re-extracted; related replications and contradictions are registered separately.,yes_or_transformable_with_causal_asof_join,true,low_to_medium,low_to_medium,low,medium,paper_specific,high,medium_high,include_candidate_or_feature_evidence,"Retained only as hypothesis, feature, negative control or validation method; no published return is treated as an Aurora result.",Bibliographic identity and relevance were checked; exact coefficients and sample endpoints were not re-extracted for this lower-priority record.,"Only deterministic, causal, zero-cost +1/-1 translations explicitly listed in candidate_strategy_pack.jsonl are permitted.","Unless stated in research_synthesis.md: exact sample endpoints, coefficients, transaction costs, execution timing and standalone SPY transfer.",pre_2011_evidence,valuation_and_equity_premium,true,verified_bibliographic_identity_exact,doi:10.1016/j.jempfin.2005.11.001,publisher_or_primary_repository_metadata_crosscheck,https://doi.org/10.1016/j.jempfin.2005.11.001,2026-08-03,No metadata correction required in the final audit.,bibliographic_identity_verified; quantitative results not independently replicated in this package
SRC0153,Dean Croushore; Tom Stark,A Real-Time Data Set for Macroeconomists,2001,,https://doi.org/10.1016/S0304-4076(01)00072-0,10.1016/S0304-4076(01)00072-0,journal_article,true,Historical releases and vintages.,U.S. macroeconomy.,Vintage observations and release dates.,release_based,Point-in-time data architecture.,Paper-specific; Aurora does not assume equivalence to close-t decision and next-open t+1 execution.,Paper-specific; not imported. Aurora headline costs are fixed at zero by the user.,Bibliographic identity and relevance were checked; exact coefficients and sample endpoints were not re-extracted for this lower-priority record.,See original source; explicit OOS is recorded in the synthesis for priority papers.,Mixed or not fully re-extracted; related replications and contradictions are registered separately.,yes_or_transformable_with_causal_asof_join,true,high_without_timestamp_controls,low_to_medium,high_for_macro_without_vintages,medium,paper_specific,high,high,methods_only,"Retained only as hypothesis, feature, negative control or validation method; no published return is treated as an Aurora result.",Bibliographic identity and relevance were checked; exact coefficients and sample endpoints were not re-extracted for this lower-priority record.,"Only deterministic, causal, zero-cost +1/-1 translations explicitly listed in candidate_strategy_pack.jsonl are permitted.","Unless stated in research_synthesis.md: exact sample endpoints, coefficients, transaction costs, execution timing and standalone SPY transfer.",pre_2011_evidence,real_time_macro_data,true,verified_bibliographic_identity_exact,doi:10.1016/s0304-4076(01)00072-0,publisher_or_primary_repository_metadata_crosscheck,https://doi.org/10.1016/S0304-4076(01)00072-0,2026-08-03,doi: 10.1016/S0304-4076(01)00072-3 -> 10.1016/S0304-4076(01)00072-0 | direct_url: https://doi.org/10.1016/S0304-4076(01)00072-3 -> https://doi.org/10.1016/S0304-4076(01)00072-0 | Corrected the Journal of Econometrics DOI.,bibliographic_identity_verified; quantitative results not independently replicated in this package
SRC0154,Malcolm Baker; Jeffrey Wurgler,Investor Sentiment and the Cross-Section of Stock Returns,2006,,https://doi.org/10.1111/j.1540-6261.2006.00885.x,10.1111/j.1540-6261.2006.00885.x,journal_article,true,U.S. sentiment/market sample.,Aggregate market or U.S. stocks.,"Surveys, media, issuance, attention or positioning.",daily_to_monthly,Sentiment/positioning state.,Paper-specific; Aurora does not assume equivalence to close-t decision and next-open t+1 execution.,Paper-specific; not imported. Aurora headline costs are fixed at zero by the user.,Bibliographic identity and relevance were checked; exact coefficients and sample endpoints were not re-extracted for this lower-priority record.,See original source; explicit OOS is recorded in the synthesis for priority papers.,Mixed or not fully re-extracted; related replications and contradictions are registered separately.,yes_or_transformable_with_causal_asof_join,true,high_without_timestamp_controls,low_to_medium,low,medium,paper_specific,high,medium,contextual_only,"Retained only as hypothesis, feature, negative control or validation method; no published return is treated as an Aurora result.",Bibliographic identity and relevance were checked; exact coefficients and sample endpoints were not re-extracted for this lower-priority record.,"Only deterministic, causal, zero-cost +1/-1 translations explicitly listed in candidate_strategy_pack.jsonl are permitted.","Unless stated in research_synthesis.md: exact sample endpoints, coefficients, transaction costs, execution timing and standalone SPY transfer.",pre_2011_evidence,sentiment_and_positioning,true,verified_bibliographic_identity_exact,doi:10.1111/j.1540-6261.2006.00885.x,publisher_or_primary_repository_metadata_crosscheck,https://doi.org/10.1111/j.1540-6261.2006.00885.x,2026-08-03,No metadata correction required in the final audit.,bibliographic_identity_verified; quantitative results not independently replicated in this package
SRC0155,Gregory W. Brown; Michael T. Cliff,Investor Sentiment and the Near-Term Stock Market,2004,,https://doi.org/10.1016/j.jempfin.2002.12.001,10.1016/j.jempfin.2002.12.001,journal_article,true,U.S. sentiment/market sample.,Aggregate market or U.S. stocks.,"Surveys, media, issuance, attention or positioning.",daily_to_monthly,Sentiment/positioning state.,Paper-specific; Aurora does not assume equivalence to close-t decision and next-open t+1 execution.,Paper-specific; not imported. Aurora headline costs are fixed at zero by the user.,Finds strong contemporaneous links between sentiment and returns but little near-term predictive power for subsequent market returns.,See original source; explicit OOS is recorded in the synthesis for priority papers.,Mixed or not fully re-extracted; related replications and contradictions are registered separately.,yes_or_transformable_with_causal_asof_join,true,high_without_timestamp_controls,low_to_medium,low,medium,paper_specific,high,medium,contextual_only,"Retained only as hypothesis, feature, negative control or validation method; no published return is treated as an Aurora result.",Finds strong contemporaneous links between sentiment and returns but little near-term predictive power for subsequent market returns.,"Only deterministic, causal, zero-cost +1/-1 translations explicitly listed in candidate_strategy_pack.jsonl are permitted.","Unless stated in research_synthesis.md: exact sample endpoints, coefficients, transaction costs, execution timing and standalone SPY transfer.",pre_2011_evidence,sentiment_and_positioning,true,verified_bibliographic_identity_exact,doi:10.1016/j.jempfin.2002.12.001,publisher_or_primary_repository_metadata_crosscheck,https://doi.org/10.1016/j.jempfin.2002.12.001,2026-08-03,Corrected the Journal of Empirical Finance DOI.,bibliographic_identity_verified; quantitative results not independently replicated in this package
SRC0156,Gregory W. Brown; Michael T. Cliff,Investor Sentiment and Asset Valuation,2005,,https://doi.org/10.1086/427633,10.1086/427633,journal_article,true,U.S. sentiment/market sample.,Aggregate market or U.S. stocks.,"Surveys, media, issuance, attention or positioning.",daily_to_monthly,Sentiment/positioning state.,Paper-specific; Aurora does not assume equivalence to close-t decision and next-open t+1 execution.,Paper-specific; not imported. Aurora headline costs are fixed at zero by the user.,Bibliographic identity and relevance were checked; exact coefficients and sample endpoints were not re-extracted for this lower-priority record.,See original source; explicit OOS is recorded in the synthesis for priority papers.,Mixed or not fully re-extracted; related replications and contradictions are registered separately.,yes_or_transformable_with_causal_asof_join,true,high_without_timestamp_controls,low_to_medium,low,medium,paper_specific,high,medium,contextual_only,"Retained only as hypothesis, feature, negative control or validation method; no published return is treated as an Aurora result.",Bibliographic identity and relevance were checked; exact coefficients and sample endpoints were not re-extracted for this lower-priority record.,"Only deterministic, causal, zero-cost +1/-1 translations explicitly listed in candidate_strategy_pack.jsonl are permitted.","Unless stated in research_synthesis.md: exact sample endpoints, coefficients, transaction costs, execution timing and standalone SPY transfer.",pre_2011_evidence,sentiment_and_positioning,true,verified_bibliographic_identity_exact,doi:10.1086/427633,publisher_or_primary_repository_metadata_crosscheck,https://doi.org/10.1086/427633,2026-08-03,No metadata correction required in the final audit.,bibliographic_identity_verified; quantitative results not independently replicated in this package
SRC0157,Michael Lemmon; Evgenia Portniaguina,Consumer Confidence and Asset Prices: Some Empirical Evidence,2006,,https://doi.org/10.1093/rfs/hhj038,10.1093/rfs/hhj038,journal_article,true,U.S. sentiment/market sample.,Aggregate market or U.S. stocks.,"Surveys, media, issuance, attention or positioning.",daily_to_monthly,Sentiment/positioning state.,Paper-specific; Aurora does not assume equivalence to close-t decision and next-open t+1 execution.,Paper-specific; not imported. Aurora headline costs are fixed at zero by the user.,Bibliographic identity and relevance were checked; exact coefficients and sample endpoints were not re-extracted for this lower-priority record.,See original source; explicit OOS is recorded in the synthesis for priority papers.,Mixed or not fully re-extracted; related replications and contradictions are registered separately.,yes_or_transformable_with_causal_asof_join,true,high_without_timestamp_controls,low_to_medium,low,medium,paper_specific,high,medium,contextual_only,"Retained only as hypothesis, feature, negative control or validation method; no published return is treated as an Aurora result.",Bibliographic identity and relevance were checked; exact coefficients and sample endpoints were not re-extracted for this lower-priority record.,"Only deterministic, causal, zero-cost +1/-1 translations explicitly listed in candidate_strategy_pack.jsonl are permitted.","Unless stated in research_synthesis.md: exact sample endpoints, coefficients, transaction costs, execution timing and standalone SPY transfer.",pre_2011_evidence,sentiment_and_positioning,true,verified_bibliographic_identity_exact,doi:10.1093/rfs/hhj038,publisher_or_primary_repository_metadata_crosscheck,https://doi.org/10.1093/rfs/hhj038,2026-08-03,No metadata correction required in the final audit.,bibliographic_identity_verified; quantitative results not independently replicated in this package
SRC0158,Paul C. Tetlock,Giving Content to Investor Sentiment: The Role of Media in the Stock Market,2007,,https://doi.org/10.1111/j.1540-6261.2007.01232.x,10.1111/j.1540-6261.2007.01232.x,journal_article,true,U.S. sentiment/market sample.,Aggregate market or U.S. stocks.,"Surveys, media, issuance, attention or positioning.",daily_to_monthly,Sentiment/positioning state.,Paper-specific; Aurora does not assume equivalence to close-t decision and next-open t+1 execution.,Paper-specific; not imported. Aurora headline costs are fixed at zero by the user.,Bibliographic identity and relevance were checked; exact coefficients and sample endpoints were not re-extracted for this lower-priority record.,See original source; explicit OOS is recorded in the synthesis for priority papers.,Mixed or not fully re-extracted; related replications and contradictions are registered separately.,yes_or_transformable_with_causal_asof_join,true,high_without_timestamp_controls,low_to_medium,low,medium,paper_specific,high,medium,contextual_only,"Retained only as hypothesis, feature, negative control or validation method; no published return is treated as an Aurora result.",Bibliographic identity and relevance were checked; exact coefficients and sample endpoints were not re-extracted for this lower-priority record.,"Only deterministic, causal, zero-cost +1/-1 translations explicitly listed in candidate_strategy_pack.jsonl are permitted.","Unless stated in research_synthesis.md: exact sample endpoints, coefficients, transaction costs, execution timing and standalone SPY transfer.",pre_2011_evidence,sentiment_and_positioning,true,verified_bibliographic_identity_exact,doi:10.1111/j.1540-6261.2007.01232.x,publisher_or_primary_repository_metadata_crosscheck,https://doi.org/10.1111/j.1540-6261.2007.01232.x,2026-08-03,No metadata correction required in the final audit.,bibliographic_identity_verified; quantitative results not independently replicated in this package
SRC0159,Zhi Da; Joseph Engelberg; Pengjie Gao,In Search of Attention,2011,,https://doi.org/10.1111/j.1540-6261.2011.01679.x,10.1111/j.1540-6261.2011.01679.x,journal_article,true,U.S. sentiment/market sample.,Aggregate market or U.S. stocks.,"Surveys, media, issuance, attention or positioning.",daily_to_monthly,Sentiment/positioning state.,Paper-specific; Aurora does not assume equivalence to close-t decision and next-open t+1 execution.,Paper-specific; not imported. Aurora headline costs are fixed at zero by the user.,Bibliographic identity and relevance were checked; exact coefficients and sample endpoints were not re-extracted for this lower-priority record.,See original source; explicit OOS is recorded in the synthesis for priority papers.,Mixed or not fully re-extracted; related replications and contradictions are registered separately.,yes_or_transformable_with_causal_asof_join,false,high_without_timestamp_controls,low_to_medium,low,medium,paper_specific,high,medium,contextual_only,"Retained only as hypothesis, feature, negative control or validation method; no published return is treated as an Aurora result.",Bibliographic identity and relevance were checked; exact coefficients and sample endpoints were not re-extracted for this lower-priority record.,"Only deterministic, causal, zero-cost +1/-1 translations explicitly listed in candidate_strategy_pack.jsonl are permitted.","Unless stated in research_synthesis.md: exact sample endpoints, coefficients, transaction costs, execution timing and standalone SPY transfer.",post_2010_research,sentiment_and_positioning,true,verified_bibliographic_identity_exact,doi:10.1111/j.1540-6261.2011.01679.x,publisher_or_primary_repository_metadata_crosscheck,https://doi.org/10.1111/j.1540-6261.2011.01679.x,2026-08-03,No metadata correction required in the final audit.,bibliographic_identity_verified; quantitative results not independently replicated in this package
SRC0160,Diego Garcia,Sentiment during Recessions,2013,,https://doi.org/10.1111/jofi.12027,10.1111/jofi.12027,journal_article,true,U.S. sentiment/market sample.,Aggregate market or U.S. stocks.,"Surveys, media, issuance, attention or positioning.",daily_to_monthly,Sentiment/positioning state.,Paper-specific; Aurora does not assume equivalence to close-t decision and next-open t+1 execution.,Paper-specific; not imported. Aurora headline costs are fixed at zero by the user.,Bibliographic identity and relevance were checked; exact coefficients and sample endpoints were not re-extracted for this lower-priority record.,See original source; explicit OOS is recorded in the synthesis for priority papers.,Mixed or not fully re-extracted; related replications and contradictions are registered separately.,yes_or_transformable_with_causal_asof_join,false,high_without_timestamp_controls,low_to_medium,low,medium,paper_specific,high,medium,contextual_only,"Retained only as hypothesis, feature, negative control or validation method; no published return is treated as an Aurora result.",Bibliographic identity and relevance were checked; exact coefficients and sample endpoints were not re-extracted for this lower-priority record.,"Only deterministic, causal, zero-cost +1/-1 translations explicitly listed in candidate_strategy_pack.jsonl are permitted.","Unless stated in research_synthesis.md: exact sample endpoints, coefficients, transaction costs, execution timing and standalone SPY transfer.",post_2010_research,sentiment_and_positioning,true,verified_bibliographic_identity_exact,doi:10.1111/jofi.12027,publisher_or_primary_repository_metadata_crosscheck,https://doi.org/10.1111/jofi.12027,2026-08-03,No metadata correction required in the final audit.,bibliographic_identity_verified; quantitative results not independently replicated in this package
SRC0161,Robert F. Stambaugh; Jianfeng Yu; Yu Yuan,The Short of It: Investor Sentiment and Anomalies,2012,,https://doi.org/10.1016/j.jfineco.2011.12.001,10.1016/j.jfineco.2011.12.001,journal_article,true,U.S. sentiment/market sample.,Aggregate market or U.S. stocks.,"Surveys, media, issuance, attention or positioning.",daily_to_monthly,Sentiment/positioning state.,Paper-specific; Aurora does not assume equivalence to close-t decision and next-open t+1 execution.,Paper-specific; not imported. Aurora headline costs are fixed at zero by the user.,Bibliographic identity and relevance were checked; exact coefficients and sample endpoints were not re-extracted for this lower-priority record.,See original source; explicit OOS is recorded in the synthesis for priority papers.,Mixed or not fully re-extracted; related replications and contradictions are registered separately.,yes_or_transformable_with_causal_asof_join,false,high_without_timestamp_controls,low_to_medium,low,medium,paper_specific,high,medium,contextual_only,"Retained only as hypothesis, feature, negative control or validation method; no published return is treated as an Aurora result.",Bibliographic identity and relevance were checked; exact coefficients and sample endpoints were not re-extracted for this lower-priority record.,"Only deterministic, causal, zero-cost +1/-1 translations explicitly listed in candidate_strategy_pack.jsonl are permitted.","Unless stated in research_synthesis.md: exact sample endpoints, coefficients, transaction costs, execution timing and standalone SPY transfer.",post_2010_research,sentiment_and_positioning,true,contextual_primary_record_not_counted_as_verified,doi:10.1016/j.jfineco.2011.12.001,catalogued; exact metadata not included in conservative verified-primary total,https://doi.org/10.1016/j.jfineco.2011.12.001,,No metadata correction required in the final audit.,requires exact primary-text recheck before quoting numerical results
SRC0162,Scott R. Baker; Nicholas Bloom; Steven J. Davis,Measuring Economic Policy Uncertainty,2016,,https://doi.org/10.1093/qje/qjw024,10.1093/qje/qjw024,journal_article,true,U.S. sentiment/market sample.,Aggregate market or U.S. stocks.,"Surveys, media, issuance, attention or positioning.",daily_to_monthly,Sentiment/positioning state.,Paper-specific; Aurora does not assume equivalence to close-t decision and next-open t+1 execution.,Paper-specific; not imported. Aurora headline costs are fixed at zero by the user.,Bibliographic identity and relevance were checked; exact coefficients and sample endpoints were not re-extracted for this lower-priority record.,See original source; explicit OOS is recorded in the synthesis for priority papers.,Mixed or not fully re-extracted; related replications and contradictions are registered separately.,yes_or_transformable_with_causal_asof_join,false,high_without_timestamp_controls,low_to_medium,low,medium,paper_specific,high,medium,contextual_only,"Retained only as hypothesis, feature, negative control or validation method; no published return is treated as an Aurora result.",Bibliographic identity and relevance were checked; exact coefficients and sample endpoints were not re-extracted for this lower-priority record.,"Only deterministic, causal, zero-cost +1/-1 translations explicitly listed in candidate_strategy_pack.jsonl are permitted.","Unless stated in research_synthesis.md: exact sample endpoints, coefficients, transaction costs, execution timing and standalone SPY transfer.",post_2010_research,sentiment_and_positioning,true,contextual_primary_record_not_counted_as_verified,doi:10.1093/qje/qjw024,catalogued; exact metadata not included in conservative verified-primary total,https://doi.org/10.1093/qje/qjw024,,No metadata correction required in the final audit.,requires exact primary-text recheck before quoting numerical results
SRC0163,Joseph Chen; Harrison Hong; Jeremy C. Stein,"Forecasting Crashes: Trading Volume, Past Returns, and Conditional Skewness in Stock Prices",2001,,https://doi.org/10.1016/S0304-405X(01)00066-6,10.1016/S0304-405X(01)00066-6,journal_article,true,Long daily/options sample; see original paper.,U.S. equities / S&P 500.,"Tails, jumps, skewness and options.",daily_or_monthly,Crash/tail transition measure.,Paper-specific; Aurora does not assume equivalence to close-t decision and next-open t+1 execution.,Paper-specific; not imported. Aurora headline costs are fixed at zero by the user.,Bibliographic identity and relevance were checked; exact coefficients and sample endpoints were not re-extracted for this lower-priority record.,See original source; explicit OOS is recorded in the synthesis for priority papers.,Mixed or not fully re-extracted; related replications and contradictions are registered separately.,yes_or_transformable_with_causal_asof_join,true,low_to_medium,low_to_medium,low,medium,paper_specific,high,medium_high,include_candidate_or_feature_evidence,"Retained only as hypothesis, feature, negative control or validation method; no published return is treated as an Aurora result.",Bibliographic identity and relevance were checked; exact coefficients and sample endpoints were not re-extracted for this lower-priority record.,"Only deterministic, causal, zero-cost +1/-1 translations explicitly listed in candidate_strategy_pack.jsonl are permitted.","Unless stated in research_synthesis.md: exact sample endpoints, coefficients, transaction costs, execution timing and standalone SPY transfer.",pre_2011_evidence,tail_risk_and_crash_transition,true,contextual_primary_record_not_counted_as_verified,doi:10.1016/s0304-405x(01)00066-6,catalogued; exact metadata not included in conservative verified-primary total,https://doi.org/10.1016/S0304-405X(01)00066-6,,No metadata correction required in the final audit.,requires exact primary-text recheck before quoting numerical results
SRC0164,Harrison Hong; Jeremy C. Stein,"Differences of Opinion, Short-Sales Constraints, and Market Crashes",2003,,https://doi.org/10.1093/rfs/hhg006,10.1093/rfs/hhg006,journal_article,true,Long daily/options sample; see original paper.,U.S. equities / S&P 500.,"Tails, jumps, skewness and options.",daily_or_monthly,Crash/tail transition measure.,Paper-specific; Aurora does not assume equivalence to close-t decision and next-open t+1 execution.,Paper-specific; not imported. Aurora headline costs are fixed at zero by the user.,Bibliographic identity and relevance were checked; exact coefficients and sample endpoints were not re-extracted for this lower-priority record.,See original source; explicit OOS is recorded in the synthesis for priority papers.,Mixed or not fully re-extracted; related replications and contradictions are registered separately.,yes_or_transformable_with_causal_asof_join,true,low_to_medium,low_to_medium,low,medium,paper_specific,high,medium_high,include_candidate_or_feature_evidence,"Retained only as hypothesis, feature, negative control or validation method; no published return is treated as an Aurora result.",Bibliographic identity and relevance were checked; exact coefficients and sample endpoints were not re-extracted for this lower-priority record.,"Only deterministic, causal, zero-cost +1/-1 translations explicitly listed in candidate_strategy_pack.jsonl are permitted.","Unless stated in research_synthesis.md: exact sample endpoints, coefficients, transaction costs, execution timing and standalone SPY transfer.",pre_2011_evidence,tail_risk_and_crash_transition,true,contextual_primary_record_not_counted_as_verified,doi:10.1093/rfs/hhg006,catalogued; exact metadata not included in conservative verified-primary total,https://doi.org/10.1093/rfs/hhg006,,No metadata correction required in the final audit.,requires exact primary-text recheck before quoting numerical results
SRC0165,Kewei Hou,Industry Information Diffusion and the Lead-Lag Effect in Stock Returns,2007,,https://doi.org/10.1093/rfs/hhl050,10.1093/rfs/hhl050,journal_article,true,Multi-asset or international sample.,"Equities, bonds, currencies, commodities or industries.",Cross-market prices and returns.,daily_or_monthly,Cross-asset lead-lag/risk-off state.,Paper-specific; Aurora does not assume equivalence to close-t decision and next-open t+1 execution.,Paper-specific; not imported. Aurora headline costs are fixed at zero by the user.,Bibliographic identity and relevance were checked; exact coefficients and sample endpoints were not re-extracted for this lower-priority record.,See original source; explicit OOS is recorded in the synthesis for priority papers.,Mixed or not fully re-extracted; related replications and contradictions are registered separately.,yes_or_transformable_with_causal_asof_join,true,low_to_medium,low_to_medium,low,medium,paper_specific,high,medium_high,include_candidate_or_feature_evidence,"Retained only as hypothesis, feature, negative control or validation method; no published return is treated as an Aurora result.",Bibliographic identity and relevance were checked; exact coefficients and sample endpoints were not re-extracted for this lower-priority record.,"Only deterministic, causal, zero-cost +1/-1 translations explicitly listed in candidate_strategy_pack.jsonl are permitted.","Unless stated in research_synthesis.md: exact sample endpoints, coefficients, transaction costs, execution timing and standalone SPY transfer.",pre_2011_evidence,cross_asset_lead_lag,true,contextual_primary_record_not_counted_as_verified,doi:10.1093/rfs/hhl050,catalogued; exact metadata not included in conservative verified-primary total,https://doi.org/10.1093/rfs/hhl050,,No metadata correction required in the final audit.,requires exact primary-text recheck before quoting numerical results
SRC0166,Harrison Hong; Walter Torous; Rossen Valkanov,Do Industries Lead Stock Markets?,2007,,https://doi.org/10.1016/j.jfineco.2005.09.010,10.1016/j.jfineco.2005.09.010,journal_article,true,Multi-asset or international sample.,"Equities, bonds, currencies, commodities or industries.",Cross-market prices and returns.,daily_or_monthly,Cross-asset lead-lag/risk-off state.,Paper-specific; Aurora does not assume equivalence to close-t decision and next-open t+1 execution.,Paper-specific; not imported. Aurora headline costs are fixed at zero by the user.,Bibliographic identity and relevance were checked; exact coefficients and sample endpoints were not re-extracted for this lower-priority record.,See original source; explicit OOS is recorded in the synthesis for priority papers.,Mixed or not fully re-extracted; related replications and contradictions are registered separately.,yes_or_transformable_with_causal_asof_join,true,low_to_medium,low_to_medium,low,medium,paper_specific,high,medium_high,include_candidate_or_feature_evidence,"Retained only as hypothesis, feature, negative control or validation method; no published return is treated as an Aurora result.",Bibliographic identity and relevance were checked; exact coefficients and sample endpoints were not re-extracted for this lower-priority record.,"Only deterministic, causal, zero-cost +1/-1 translations explicitly listed in candidate_strategy_pack.jsonl are permitted.","Unless stated in research_synthesis.md: exact sample endpoints, coefficients, transaction costs, execution timing and standalone SPY transfer.",pre_2011_evidence,cross_asset_lead_lag,true,contextual_primary_record_not_counted_as_verified,doi:10.1016/j.jfineco.2005.09.010,catalogued; exact metadata not included in conservative verified-primary total,https://doi.org/10.1016/j.jfineco.2005.09.010,,No metadata correction required in the final audit.,requires exact primary-text recheck before quoting numerical results
SRC0167,Lauren Cohen; Andrea Frazzini,Economic Links and Predictable Returns,2008,,https://doi.org/10.1111/j.1540-6261.2008.01379.x,10.1111/j.1540-6261.2008.01379.x,journal_article,true,Multi-asset or international sample.,"Equities, bonds, currencies, commodities or industries.",Cross-market prices and returns.,daily_or_monthly,Cross-asset lead-lag/risk-off state.,Paper-specific; Aurora does not assume equivalence to close-t decision and next-open t+1 execution.,Paper-specific; not imported. Aurora headline costs are fixed at zero by the user.,Bibliographic identity and relevance were checked; exact coefficients and sample endpoints were not re-extracted for this lower-priority record.,See original source; explicit OOS is recorded in the synthesis for priority papers.,Mixed or not fully re-extracted; related replications and contradictions are registered separately.,yes_or_transformable_with_causal_asof_join,true,low_to_medium,low_to_medium,low,medium,paper_specific,high,medium_high,include_candidate_or_feature_evidence,"Retained only as hypothesis, feature, negative control or validation method; no published return is treated as an Aurora result.",Bibliographic identity and relevance were checked; exact coefficients and sample endpoints were not re-extracted for this lower-priority record.,"Only deterministic, causal, zero-cost +1/-1 translations explicitly listed in candidate_strategy_pack.jsonl are permitted.","Unless stated in research_synthesis.md: exact sample endpoints, coefficients, transaction costs, execution timing and standalone SPY transfer.",pre_2011_evidence,cross_asset_lead_lag,true,contextual_primary_record_not_counted_as_verified,doi:10.1111/j.1540-6261.2008.01379.x,catalogued; exact metadata not included in conservative verified-primary total,https://doi.org/10.1111/j.1540-6261.2008.01379.x,,No metadata correction required in the final audit.,requires exact primary-text recheck before quoting numerical results
SRC0168,Lior Menzly; Oguzhan Ozbas,Market Segmentation and Cross-Predictability of Returns,2010,,https://doi.org/10.1111/j.1540-6261.2010.01578.x,10.1111/j.1540-6261.2010.01578.x,journal_article,true,Multi-asset or international sample.,"Equities, bonds, currencies, commodities or industries.",Cross-market prices and returns.,daily_or_monthly,Cross-asset lead-lag/risk-off state.,Paper-specific; Aurora does not assume equivalence to close-t decision and next-open t+1 execution.,Paper-specific; not imported. Aurora headline costs are fixed at zero by the user.,Bibliographic identity and relevance were checked; exact coefficients and sample endpoints were not re-extracted for this lower-priority record.,See original source; explicit OOS is recorded in the synthesis for priority papers.,Mixed or not fully re-extracted; related replications and contradictions are registered separately.,yes_or_transformable_with_causal_asof_join,true,low_to_medium,low_to_medium,low,medium,paper_specific,high,medium_high,include_candidate_or_feature_evidence,"Retained only as hypothesis, feature, negative control or validation method; no published return is treated as an Aurora result.",Bibliographic identity and relevance were checked; exact coefficients and sample endpoints were not re-extracted for this lower-priority record.,"Only deterministic, causal, zero-cost +1/-1 translations explicitly listed in candidate_strategy_pack.jsonl are permitted.","Unless stated in research_synthesis.md: exact sample endpoints, coefficients, transaction costs, execution timing and standalone SPY transfer.",pre_2011_evidence,cross_asset_lead_lag,true,contextual_primary_record_not_counted_as_verified,doi:10.1111/j.1540-6261.2010.01578.x,catalogued; exact metadata not included in conservative verified-primary total,https://doi.org/10.1111/j.1540-6261.2010.01578.x,,No metadata correction required in the final audit.,requires exact primary-text recheck before quoting numerical results
SRC0169,David E. Rapach; Jack K. Strauss; Guofu Zhou,International Stock Return Predictability: What Is the Role of the United States?,2013,,https://doi.org/10.1111/jofi.12041,10.1111/jofi.12041,journal_article,true,Multi-asset or international sample.,"Equities, bonds, currencies, commodities or industries.",Cross-market prices and returns.,daily_or_monthly,Cross-asset lead-lag/risk-off state.,Paper-specific; Aurora does not assume equivalence to close-t decision and next-open t+1 execution.,Paper-specific; not imported. Aurora headline costs are fixed at zero by the user.,Bibliographic identity and relevance were checked; exact coefficients and sample endpoints were not re-extracted for this lower-priority record.,See original source; explicit OOS is recorded in the synthesis for priority papers.,Mixed or not fully re-extracted; related replications and contradictions are registered separately.,yes_or_transformable_with_causal_asof_join,false,low_to_medium,low_to_medium,low,medium,paper_specific,high,medium_high,include_candidate_or_feature_evidence,"Retained only as hypothesis, feature, negative control or validation method; no published return is treated as an Aurora result.",Bibliographic identity and relevance were checked; exact coefficients and sample endpoints were not re-extracted for this lower-priority record.,"Only deterministic, causal, zero-cost +1/-1 translations explicitly listed in candidate_strategy_pack.jsonl are permitted.","Unless stated in research_synthesis.md: exact sample endpoints, coefficients, transaction costs, execution timing and standalone SPY transfer.",post_2010_research,cross_asset_lead_lag,true,contextual_primary_record_not_counted_as_verified,doi:10.1111/jofi.12041,catalogued; exact metadata not included in conservative verified-primary total,https://doi.org/10.1111/jofi.12041,,No metadata correction required in the final audit.,requires exact primary-text recheck before quoting numerical results
SRC0170,Gerben Driesprong; Ben Jacobsen; Benjamin Maat,Striking Oil: Another Puzzle?,2008,,https://doi.org/10.1016/j.jfineco.2007.07.008,10.1016/j.jfineco.2007.07.008,journal_article,true,Multi-asset or international sample.,"Equities, bonds, currencies, commodities or industries.",Cross-market prices and returns.,daily_or_monthly,Cross-asset lead-lag/risk-off state.,Paper-specific; Aurora does not assume equivalence to close-t decision and next-open t+1 execution.,Paper-specific; not imported. Aurora headline costs are fixed at zero by the user.,Bibliographic identity and relevance were checked; exact coefficients and sample endpoints were not re-extracted for this lower-priority record.,See original source; explicit OOS is recorded in the synthesis for priority papers.,Mixed or not fully re-extracted; related replications and contradictions are registered separately.,yes_or_transformable_with_causal_asof_join,true,low_to_medium,low_to_medium,low,medium,paper_specific,high,medium_high,include_candidate_or_feature_evidence,"Retained only as hypothesis, feature, negative control or validation method; no published return is treated as an Aurora result.",Bibliographic identity and relevance were checked; exact coefficients and sample endpoints were not re-extracted for this lower-priority record.,"Only deterministic, causal, zero-cost +1/-1 translations explicitly listed in candidate_strategy_pack.jsonl are permitted.","Unless stated in research_synthesis.md: exact sample endpoints, coefficients, transaction costs, execution timing and standalone SPY transfer.",pre_2011_evidence,cross_asset_lead_lag,true,contextual_primary_record_not_counted_as_verified,doi:10.1016/j.jfineco.2007.07.008,catalogued; exact metadata not included in conservative verified-primary total,https://doi.org/10.1016/j.jfineco.2007.07.008,,No metadata correction required in the final audit.,requires exact primary-text recheck before quoting numerical results
SRC0171,Robert Connolly; Chris Stivers; Licheng Sun,Stock Market Uncertainty and the Stock-Bond Return Relation,2005,,https://doi.org/10.1016/j.jfineco.2004.08.005,10.1016/j.jfineco.2004.08.005,journal_article,true,Multi-asset or international sample.,"Equities, bonds, currencies, commodities or industries.",Cross-market prices and returns.,daily_or_monthly,Cross-asset lead-lag/risk-off state.,Paper-specific; Aurora does not assume equivalence to close-t decision and next-open t+1 execution.,Paper-specific; not imported. Aurora headline costs are fixed at zero by the user.,Bibliographic identity and relevance were checked; exact coefficients and sample endpoints were not re-extracted for this lower-priority record.,See original source; explicit OOS is recorded in the synthesis for priority papers.,Mixed or not fully re-extracted; related replications and contradictions are registered separately.,yes_or_transformable_with_causal_asof_join,true,low_to_medium,low_to_medium,low,medium,paper_specific,high,medium_high,include_candidate_or_feature_evidence,"Retained only as hypothesis, feature, negative control or validation method; no published return is treated as an Aurora result.",Bibliographic identity and relevance were checked; exact coefficients and sample endpoints were not re-extracted for this lower-priority record.,"Only deterministic, causal, zero-cost +1/-1 translations explicitly listed in candidate_strategy_pack.jsonl are permitted.","Unless stated in research_synthesis.md: exact sample endpoints, coefficients, transaction costs, execution timing and standalone SPY transfer.",pre_2011_evidence,cross_asset_lead_lag,true,contextual_primary_record_not_counted_as_verified,doi:10.1016/j.jfineco.2004.08.005,catalogued; exact metadata not included in conservative verified-primary total,https://doi.org/10.1016/j.jfineco.2004.08.005,,No metadata correction required in the final audit.,requires exact primary-text recheck before quoting numerical results
SRC0172,Lieven Baele; Geert Bekaert; Koen Inghelbrecht,The Determinants of Stock and Bond Return Comovements,2010,,https://doi.org/10.1093/rfs/hhq014,10.1093/rfs/hhq014,journal_article,true,Multi-asset or international sample.,"Equities, bonds, currencies, commodities or industries.",Cross-market prices and returns.,daily_or_monthly,Cross-asset lead-lag/risk-off state.,Paper-specific; Aurora does not assume equivalence to close-t decision and next-open t+1 execution.,Paper-specific; not imported. Aurora headline costs are fixed at zero by the user.,Bibliographic identity and relevance were checked; exact coefficients and sample endpoints were not re-extracted for this lower-priority record.,See original source; explicit OOS is recorded in the synthesis for priority papers.,Mixed or not fully re-extracted; related replications and contradictions are registered separately.,yes_or_transformable_with_causal_asof_join,true,low_to_medium,low_to_medium,low,medium,paper_specific,high,medium_high,include_candidate_or_feature_evidence,"Retained only as hypothesis, feature, negative control or validation method; no published return is treated as an Aurora result.",Bibliographic identity and relevance were checked; exact coefficients and sample endpoints were not re-extracted for this lower-priority record.,"Only deterministic, causal, zero-cost +1/-1 translations explicitly listed in candidate_strategy_pack.jsonl are permitted.","Unless stated in research_synthesis.md: exact sample endpoints, coefficients, transaction costs, execution timing and standalone SPY transfer.",pre_2011_evidence,cross_asset_lead_lag,true,contextual_primary_record_not_counted_as_verified,doi:10.1093/rfs/hhq014,catalogued; exact metadata not included in conservative verified-primary total,https://doi.org/10.1093/rfs/hhq014,,No metadata correction required in the final audit.,requires exact primary-text recheck before quoting numerical results
SRC0173,John Y. Campbell; John Ammer,What Moves the Stock and Bond Markets? A Variance Decomposition for Long-Term Asset Returns,1993,,https://doi.org/10.1111/j.1540-6261.1993.tb04700.x,10.1111/j.1540-6261.1993.tb04700.x,journal_article,true,Multi-asset or international sample.,"Equities, bonds, currencies, commodities or industries.",Cross-market prices and returns.,daily_or_monthly,Cross-asset lead-lag/risk-off state.,Paper-specific; Aurora does not assume equivalence to close-t decision and next-open t+1 execution.,Paper-specific; not imported. Aurora headline costs are fixed at zero by the user.,Bibliographic identity and relevance were checked; exact coefficients and sample endpoints were not re-extracted for this lower-priority record.,See original source; explicit OOS is recorded in the synthesis for priority papers.,Mixed or not fully re-extracted; related replications and contradictions are registered separately.,yes_or_transformable_with_causal_asof_join,true,low_to_medium,low_to_medium,low,medium,paper_specific,high,medium_high,include_candidate_or_feature_evidence,"Retained only as hypothesis, feature, negative control or validation method; no published return is treated as an Aurora result.",Bibliographic identity and relevance were checked; exact coefficients and sample endpoints were not re-extracted for this lower-priority record.,"Only deterministic, causal, zero-cost +1/-1 translations explicitly listed in candidate_strategy_pack.jsonl are permitted.","Unless stated in research_synthesis.md: exact sample endpoints, coefficients, transaction costs, execution timing and standalone SPY transfer.",pre_2011_evidence,cross_asset_lead_lag,true,contextual_primary_record_not_counted_as_verified,doi:10.1111/j.1540-6261.1993.tb04700.x,catalogued; exact metadata not included in conservative verified-primary total,https://doi.org/10.1111/j.1540-6261.1993.tb04700.x,,doi: 10.1111/j.1540-6261.1993.tb04718.x -> 10.1111/j.1540-6261.1993.tb04700.x | direct_url: https://doi.org/10.1111/j.1540-6261.1993.tb04718.x -> https://doi.org/10.1111/j.1540-6261.1993.tb04700.x | Corrected the Journal of Finance DOI; this record is not included in the conservative 160 verified-primary count.,requires exact primary-text recheck before quoting numerical results
SRC0174,Dirk G. Baur; Brian M. Lucey,"Is Gold a Hedge or a Safe Haven? An Analysis of Stocks, Bonds and Gold",2010,,https://doi.org/10.1111/j.1540-6288.2010.00244.x,10.1111/j.1540-6288.2010.00244.x,journal_article,true,Multi-asset or international sample.,"Equities, bonds, currencies, commodities or industries.",Cross-market prices and returns.,daily_or_monthly,Cross-asset lead-lag/risk-off state.,Paper-specific; Aurora does not assume equivalence to close-t decision and next-open t+1 execution.,Paper-specific; not imported. Aurora headline costs are fixed at zero by the user.,Bibliographic identity and relevance were checked; exact coefficients and sample endpoints were not re-extracted for this lower-priority record.,See original source; explicit OOS is recorded in the synthesis for priority papers.,Mixed or not fully re-extracted; related replications and contradictions are registered separately.,yes_or_transformable_with_causal_asof_join,true,low_to_medium,low_to_medium,low,medium,paper_specific,high,medium_high,include_candidate_or_feature_evidence,"Retained only as hypothesis, feature, negative control or validation method; no published return is treated as an Aurora result.",Bibliographic identity and relevance were checked; exact coefficients and sample endpoints were not re-extracted for this lower-priority record.,"Only deterministic, causal, zero-cost +1/-1 translations explicitly listed in candidate_strategy_pack.jsonl are permitted.","Unless stated in research_synthesis.md: exact sample endpoints, coefficients, transaction costs, execution timing and standalone SPY transfer.",pre_2011_evidence,cross_asset_lead_lag,true,contextual_primary_record_not_counted_as_verified,doi:10.1111/j.1540-6288.2010.00244.x,catalogued; exact metadata not included in conservative verified-primary total,https://doi.org/10.1111/j.1540-6288.2010.00244.x,,No metadata correction required in the final audit.,requires exact primary-text recheck before quoting numerical results
SRC0175,Sven Bouman; Ben Jacobsen,"The Halloween Indicator, Sell in May and Go Away: Another Puzzle",2002,,https://doi.org/10.1257/000282802762024683,10.1257/000282802762024683,journal_article,true,Long daily/intraday equity sample.,U.S. indexes and equities.,"Calendar, open/close and announcement returns.",daily_or_intraday,Calendar or overnight pattern.,Paper-specific; Aurora does not assume equivalence to close-t decision and next-open t+1 execution.,Paper-specific; not imported. Aurora headline costs are fixed at zero by the user.,Bibliographic identity and relevance were checked; exact coefficients and sample endpoints were not re-extracted for this lower-priority record.,See original source; explicit OOS is recorded in the synthesis for priority papers.,Mixed or not fully re-extracted; related replications and contradictions are registered separately.,yes_or_transformable_with_causal_asof_join,true,low_to_medium,low_to_medium,low,high,paper_specific,high,medium,contextual_only,"Retained only as hypothesis, feature, negative control or validation method; no published return is treated as an Aurora result.",Bibliographic identity and relevance were checked; exact coefficients and sample endpoints were not re-extracted for this lower-priority record.,"Only deterministic, causal, zero-cost +1/-1 translations explicitly listed in candidate_strategy_pack.jsonl are permitted.","Unless stated in research_synthesis.md: exact sample endpoints, coefficients, transaction costs, execution timing and standalone SPY transfer.",pre_2011_evidence,calendar_and_overnight,true,contextual_primary_record_not_counted_as_verified,doi:10.1257/000282802762024683,catalogued; exact metadata not included in conservative verified-primary total,https://doi.org/10.1257/000282802762024683,,No metadata correction required in the final audit.,requires exact primary-text recheck before quoting numerical results
SRC0176,John J. McConnell; Wei Xu,Equity Returns at the Turn of the Month,2008,,https://doi.org/10.2469/faj.v64.n2.11,10.2469/faj.v64.n2.11,journal_article,true,Long daily/intraday equity sample.,U.S. indexes and equities.,"Calendar, open/close and announcement returns.",daily_or_intraday,Calendar or overnight pattern.,Paper-specific; Aurora does not assume equivalence to close-t decision and next-open t+1 execution.,Paper-specific; not imported. Aurora headline costs are fixed at zero by the user.,Bibliographic identity and relevance were checked; exact coefficients and sample endpoints were not re-extracted for this lower-priority record.,See original source; explicit OOS is recorded in the synthesis for priority papers.,Mixed or not fully re-extracted; related replications and contradictions are registered separately.,yes_or_transformable_with_causal_asof_join,true,low_to_medium,low_to_medium,low,high,paper_specific,high,medium,contextual_only,"Retained only as hypothesis, feature, negative control or validation method; no published return is treated as an Aurora result.",Bibliographic identity and relevance were checked; exact coefficients and sample endpoints were not re-extracted for this lower-priority record.,"Only deterministic, causal, zero-cost +1/-1 translations explicitly listed in candidate_strategy_pack.jsonl are permitted.","Unless stated in research_synthesis.md: exact sample endpoints, coefficients, transaction costs, execution timing and standalone SPY transfer.",pre_2011_evidence,calendar_and_overnight,true,contextual_primary_record_not_counted_as_verified,doi:10.2469/faj.v64.n2.11,catalogued; exact metadata not included in conservative verified-primary total,https://doi.org/10.2469/faj.v64.n2.11,,No metadata correction required in the final audit.,requires exact primary-text recheck before quoting numerical results
SRC0177,Kenneth R. French,Stock Returns and the Weekend Effect,1980,,https://doi.org/10.1016/0304-405X(80)90021-5,10.1016/0304-405X(80)90021-5,journal_article,true,Long daily/intraday equity sample.,U.S. indexes and equities.,"Calendar, open/close and announcement returns.",daily_or_intraday,Calendar or overnight pattern.,Paper-specific; Aurora does not assume equivalence to close-t decision and next-open t+1 execution.,Paper-specific; not imported. Aurora headline costs are fixed at zero by the user.,Bibliographic identity and relevance were checked; exact coefficients and sample endpoints were not re-extracted for this lower-priority record.,See original source; explicit OOS is recorded in the synthesis for priority papers.,Mixed or not fully re-extracted; related replications and contradictions are registered separately.,yes_or_transformable_with_causal_asof_join,true,low_to_medium,low_to_medium,low,high,paper_specific,high,medium,contextual_only,"Retained only as hypothesis, feature, negative control or validation method; no published return is treated as an Aurora result.",Bibliographic identity and relevance were checked; exact coefficients and sample endpoints were not re-extracted for this lower-priority record.,"Only deterministic, causal, zero-cost +1/-1 translations explicitly listed in candidate_strategy_pack.jsonl are permitted.","Unless stated in research_synthesis.md: exact sample endpoints, coefficients, transaction costs, execution timing and standalone SPY transfer.",pre_2011_evidence,calendar_and_overnight,true,contextual_primary_record_not_counted_as_verified,doi:10.1016/0304-405x(80)90021-5,catalogued; exact metadata not included in conservative verified-primary total,https://doi.org/10.1016/0304-405X(80)90021-5,,No metadata correction required in the final audit.,requires exact primary-text recheck before quoting numerical results
SRC0178,Josef Lakonishok; Seymour Smidt,Are Seasonal Anomalies Real? A Ninety-Year Perspective,1988,,https://doi.org/10.1093/rfs/1.4.403,10.1093/rfs/1.4.403,journal_article,true,Long daily/intraday equity sample.,U.S. indexes and equities.,"Calendar, open/close and announcement returns.",daily_or_intraday,Calendar or overnight pattern.,Paper-specific; Aurora does not assume equivalence to close-t decision and next-open t+1 execution.,Paper-specific; not imported. Aurora headline costs are fixed at zero by the user.,Bibliographic identity and relevance were checked; exact coefficients and sample endpoints were not re-extracted for this lower-priority record.,See original source; explicit OOS is recorded in the synthesis for priority papers.,Mixed or not fully re-extracted; related replications and contradictions are registered separately.,yes_or_transformable_with_causal_asof_join,true,low_to_medium,low_to_medium,low,high,paper_specific,high,medium,contextual_only,"Retained only as hypothesis, feature, negative control or validation method; no published return is treated as an Aurora result.",Bibliographic identity and relevance were checked; exact coefficients and sample endpoints were not re-extracted for this lower-priority record.,"Only deterministic, causal, zero-cost +1/-1 translations explicitly listed in candidate_strategy_pack.jsonl are permitted.","Unless stated in research_synthesis.md: exact sample endpoints, coefficients, transaction costs, execution timing and standalone SPY transfer.",pre_2011_evidence,calendar_and_overnight,true,contextual_primary_record_not_counted_as_verified,doi:10.1093/rfs/1.4.403,catalogued; exact metadata not included in conservative verified-primary total,https://doi.org/10.1093/rfs/1.4.403,,No metadata correction required in the final audit.,requires exact primary-text recheck before quoting numerical results
SRC0179,James D. Hamilton,A New Approach to the Economic Analysis of Nonstationary Time Series and the Business Cycle,1989,,https://doi.org/10.2307/1912559,10.2307/1912559,journal_article,true,Aggregate market/macro sample.,Aggregate equities or macro time series.,"Returns, volatility and causal states.",daily_to_quarterly,Filtered latent-regime probability.,Paper-specific; Aurora does not assume equivalence to close-t decision and next-open t+1 execution.,Paper-specific; not imported. Aurora headline costs are fixed at zero by the user.,Bibliographic identity and relevance were checked; exact coefficients and sample endpoints were not re-extracted for this lower-priority record.,See original source; explicit OOS is recorded in the synthesis for priority papers.,Mixed or not fully re-extracted; related replications and contradictions are registered separately.,yes_or_transformable_with_causal_asof_join,true,high_without_timestamp_controls,low_to_medium,low,medium,paper_specific,high,medium_high,include_candidate_or_feature_evidence,"Retained only as hypothesis, feature, negative control or validation method; no published return is treated as an Aurora result.",Bibliographic identity and relevance were checked; exact coefficients and sample endpoints were not re-extracted for this lower-priority record.,"Only deterministic, causal, zero-cost +1/-1 translations explicitly listed in candidate_strategy_pack.jsonl are permitted.","Unless stated in research_synthesis.md: exact sample endpoints, coefficients, transaction costs, execution timing and standalone SPY transfer.",pre_2011_evidence,markov_regime_models,true,contextual_primary_record_not_counted_as_verified,doi:10.2307/1912559,catalogued; exact metadata not included in conservative verified-primary total,https://doi.org/10.2307/1912559,,No metadata correction required in the final audit.,requires exact primary-text recheck before quoting numerical results
SRC0180,John M. Maheu; Thomas H. McCurdy,Identifying Bull and Bear Markets in Stock Returns,2000,,https://doi.org/10.1080/07350015.2000.10524851,10.1080/07350015.2000.10524851,journal_article,true,Aggregate market/macro sample.,Aggregate equities or macro time series.,"Returns, volatility and causal states.",daily_to_quarterly,Filtered latent-regime probability.,Paper-specific; Aurora does not assume equivalence to close-t decision and next-open t+1 execution.,Paper-specific; not imported. Aurora headline costs are fixed at zero by the user.,Bibliographic identity and relevance were checked; exact coefficients and sample endpoints were not re-extracted for this lower-priority record.,See original source; explicit OOS is recorded in the synthesis for priority papers.,Mixed or not fully re-extracted; related replications and contradictions are registered separately.,yes_or_transformable_with_causal_asof_join,true,high_without_timestamp_controls,low_to_medium,low,medium,paper_specific,high,medium_high,include_candidate_or_feature_evidence,"Retained only as hypothesis, feature, negative control or validation method; no published return is treated as an Aurora result.",Bibliographic identity and relevance were checked; exact coefficients and sample endpoints were not re-extracted for this lower-priority record.,"Only deterministic, causal, zero-cost +1/-1 translations explicitly listed in candidate_strategy_pack.jsonl are permitted.","Unless stated in research_synthesis.md: exact sample endpoints, coefficients, transaction costs, execution timing and standalone SPY transfer.",pre_2011_evidence,markov_regime_models,true,contextual_primary_record_not_counted_as_verified,doi:10.1080/07350015.2000.10524851,catalogued; exact metadata not included in conservative verified-primary total,https://doi.org/10.1080/07350015.2000.10524851,,No metadata correction required in the final audit.,requires exact primary-text recheck before quoting numerical results
SRC0181,Adrian Pagan; Kirill A. Sossounov,A Simple Framework for Analysing Bull and Bear Markets,2003,,https://doi.org/10.1002/jae.664,10.1002/jae.664,journal_article,true,Aggregate market/macro sample.,Aggregate equities or macro time series.,"Returns, volatility and causal states.",daily_to_quarterly,Filtered latent-regime probability.,Paper-specific; Aurora does not assume equivalence to close-t decision and next-open t+1 execution.,Paper-specific; not imported. Aurora headline costs are fixed at zero by the user.,Bibliographic identity and relevance were checked; exact coefficients and sample endpoints were not re-extracted for this lower-priority record.,See original source; explicit OOS is recorded in the synthesis for priority papers.,Mixed or not fully re-extracted; related replications and contradictions are registered separately.,yes_or_transformable_with_causal_asof_join,true,high_without_timestamp_controls,low_to_medium,low,medium,paper_specific,high,medium_high,include_candidate_or_feature_evidence,"Retained only as hypothesis, feature, negative control or validation method; no published return is treated as an Aurora result.",Bibliographic identity and relevance were checked; exact coefficients and sample endpoints were not re-extracted for this lower-priority record.,"Only deterministic, causal, zero-cost +1/-1 translations explicitly listed in candidate_strategy_pack.jsonl are permitted.","Unless stated in research_synthesis.md: exact sample endpoints, coefficients, transaction costs, execution timing and standalone SPY transfer.",pre_2011_evidence,markov_regime_models,true,contextual_primary_record_not_counted_as_verified,doi:10.1002/jae.664,catalogued; exact metadata not included in conservative verified-primary total,https://doi.org/10.1002/jae.664,,No metadata correction required in the final audit.,requires exact primary-text recheck before quoting numerical results
SRC0182,Asger Lunde; Allan Timmermann,Duration Dependence in Stock Prices: An Analysis of Bull and Bear Markets,2004,,https://doi.org/10.1198/073500104000000136,10.1198/073500104000000136,journal_article,true,Aggregate market/macro sample.,Aggregate equities or macro time series.,"Returns, volatility and causal states.",daily_to_quarterly,Filtered latent-regime probability.,Paper-specific; Aurora does not assume equivalence to close-t decision and next-open t+1 execution.,Paper-specific; not imported. Aurora headline costs are fixed at zero by the user.,Bibliographic identity and relevance were checked; exact coefficients and sample endpoints were not re-extracted for this lower-priority record.,See original source; explicit OOS is recorded in the synthesis for priority papers.,Mixed or not fully re-extracted; related replications and contradictions are registered separately.,yes_or_transformable_with_causal_asof_join,true,high_without_timestamp_controls,low_to_medium,low,medium,paper_specific,high,medium_high,include_candidate_or_feature_evidence,"Retained only as hypothesis, feature, negative control or validation method; no published return is treated as an Aurora result.",Bibliographic identity and relevance were checked; exact coefficients and sample endpoints were not re-extracted for this lower-priority record.,"Only deterministic, causal, zero-cost +1/-1 translations explicitly listed in candidate_strategy_pack.jsonl are permitted.","Unless stated in research_synthesis.md: exact sample endpoints, coefficients, transaction costs, execution timing and standalone SPY transfer.",pre_2011_evidence,markov_regime_models,true,contextual_primary_record_not_counted_as_verified,doi:10.1198/073500104000000136,catalogued; exact metadata not included in conservative verified-primary total,https://doi.org/10.1198/073500104000000136,,No metadata correction required in the final audit.,requires exact primary-text recheck before quoting numerical results
SRC0183,Halbert White,A Reality Check for Data Snooping,2000,,https://doi.org/10.1111/1468-0262.00152,10.1111/1468-0262.00152,journal_article,true,Methodological or large replication sample.,Forecast models or published anomalies.,"Model losses, statistics or reconstructed signals.",methodological,Not a trading signal.,Paper-specific; Aurora does not assume equivalence to close-t decision and next-open t+1 execution.,Paper-specific; not imported. Aurora headline costs are fixed at zero by the user.,Introduces a bootstrap test of the best searched model against a benchmark after data reuse.,See original source; explicit OOS is recorded in the synthesis for priority papers.,Mixed or not fully re-extracted; related replications and contradictions are registered separately.,not_applicable,true,low_to_medium,low_to_medium,low,explicitly_addressed,paper_specific,high,high,methods_only,"Retained only as hypothesis, feature, negative control or validation method; no published return is treated as an Aurora result.",Introduces a bootstrap test of the best searched model against a benchmark after data reuse.,"Only deterministic, causal, zero-cost +1/-1 translations explicitly listed in candidate_strategy_pack.jsonl are permitted.","Unless stated in research_synthesis.md: exact sample endpoints, coefficients, transaction costs, execution timing and standalone SPY transfer.",pre_2011_evidence,multiple_testing_and_replication,true,contextual_primary_record_not_counted_as_verified,doi:10.1111/1468-0262.00152,catalogued; exact metadata not included in conservative verified-primary total,https://doi.org/10.1111/1468-0262.00152,,No metadata correction required in the final audit.,requires exact primary-text recheck before quoting numerical results
SRC0184,Peter Reinhard Hansen,A Test for Superior Predictive Ability,2005,,https://doi.org/10.1198/073500105000000063,10.1198/073500105000000063,journal_article,true,Methodological or large replication sample.,Forecast models or published anomalies.,"Model losses, statistics or reconstructed signals.",methodological,Not a trading signal.,Paper-specific; Aurora does not assume equivalence to close-t decision and next-open t+1 execution.,Paper-specific; not imported. Aurora headline costs are fixed at zero by the user.,Introduces the SPA test for many predictive models versus a benchmark.,See original source; explicit OOS is recorded in the synthesis for priority papers.,Mixed or not fully re-extracted; related replications and contradictions are registered separately.,not_applicable,true,low_to_medium,low_to_medium,low,explicitly_addressed,paper_specific,high,high,methods_only,"Retained only as hypothesis, feature, negative control or validation method; no published return is treated as an Aurora result.",Introduces the SPA test for many predictive models versus a benchmark.,"Only deterministic, causal, zero-cost +1/-1 translations explicitly listed in candidate_strategy_pack.jsonl are permitted.","Unless stated in research_synthesis.md: exact sample endpoints, coefficients, transaction costs, execution timing and standalone SPY transfer.",pre_2011_evidence,multiple_testing_and_replication,true,contextual_primary_record_not_counted_as_verified,doi:10.1198/073500105000000063,catalogued; exact metadata not included in conservative verified-primary total,https://doi.org/10.1198/073500105000000063,,No metadata correction required in the final audit.,requires exact primary-text recheck before quoting numerical results
SRC0185,David H. Bailey; Jonathan M. Borwein; Marcos Lopez de Prado; Qiji Jim Zhu,The Probability of Backtest Overfitting,2017,,https://doi.org/10.21314/JCF.2016.322,10.21314/JCF.2016.322,journal_article,true,Methodological or large replication sample.,Forecast models or published anomalies.,"Model losses, statistics or reconstructed signals.",methodological,Not a trading signal.,Paper-specific; Aurora does not assume equivalence to close-t decision and next-open t+1 execution.,Paper-specific; not imported. Aurora headline costs are fixed at zero by the user.,Develops CSCV/PBO to estimate the risk that in-sample selection reverses out of sample.,See original source; explicit OOS is recorded in the synthesis for priority papers.,Mixed or not fully re-extracted; related replications and contradictions are registered separately.,not_applicable,false,low_to_medium,low_to_medium,low,explicitly_addressed,paper_specific,high,high,methods_only,"Retained only as hypothesis, feature, negative control or validation method; no published return is treated as an Aurora result.",Develops CSCV/PBO to estimate the risk that in-sample selection reverses out of sample.,"Only deterministic, causal, zero-cost +1/-1 translations explicitly listed in candidate_strategy_pack.jsonl are permitted.","Unless stated in research_synthesis.md: exact sample endpoints, coefficients, transaction costs, execution timing and standalone SPY transfer.",post_2010_research,multiple_testing_and_replication,true,contextual_primary_record_not_counted_as_verified,doi:10.21314/jcf.2016.322,catalogued; exact metadata not included in conservative verified-primary total,https://doi.org/10.21314/JCF.2016.322,,No metadata correction required in the final audit.,requires exact primary-text recheck before quoting numerical results
SRC0186,David H. Bailey; Marcos Lopez de Prado,"The Deflated Sharpe Ratio: Correcting for Selection Bias, Backtest Overfitting, and Non-Normality",2014,,https://doi.org/10.3905/jpm.2014.40.5.094,10.3905/jpm.2014.40.5.094,journal_article,true,Methodological or large replication sample.,Forecast models or published anomalies.,"Model losses, statistics or reconstructed signals.",methodological,Not a trading signal.,Paper-specific; Aurora does not assume equivalence to close-t decision and next-open t+1 execution.,Paper-specific; not imported. Aurora headline costs are fixed at zero by the user.,Adjusts a Sharpe ratio for multiplicity and non-normal returns.,See original source; explicit OOS is recorded in the synthesis for priority papers.,Mixed or not fully re-extracted; related replications and contradictions are registered separately.,not_applicable,false,low_to_medium,low_to_medium,low,explicitly_addressed,paper_specific,high,high,methods_only,"Retained only as hypothesis, feature, negative control or validation method; no published return is treated as an Aurora result.",Adjusts a Sharpe ratio for multiplicity and non-normal returns.,"Only deterministic, causal, zero-cost +1/-1 translations explicitly listed in candidate_strategy_pack.jsonl are permitted.","Unless stated in research_synthesis.md: exact sample endpoints, coefficients, transaction costs, execution timing and standalone SPY transfer.",post_2010_research,multiple_testing_and_replication,true,contextual_primary_record_not_counted_as_verified,doi:10.3905/jpm.2014.40.5.094,catalogued; exact metadata not included in conservative verified-primary total,https://doi.org/10.3905/jpm.2014.40.5.094,,No metadata correction required in the final audit.,requires exact primary-text recheck before quoting numerical results
SRC0187,Campbell R. Harvey; Yan Liu; Heqing Zhu,... and the Cross-Section of Expected Returns,2016,,https://doi.org/10.1093/rfs/hhv059,10.1093/rfs/hhv059,journal_article,true,Methodological or large replication sample.,Forecast models or published anomalies.,"Model losses, statistics or reconstructed signals.",methodological,Not a trading signal.,Paper-specific; Aurora does not assume equivalence to close-t decision and next-open t+1 execution.,Paper-specific; not imported. Aurora headline costs are fixed at zero by the user.,Bibliographic identity and relevance were checked; exact coefficients and sample endpoints were not re-extracted for this lower-priority record.,See original source; explicit OOS is recorded in the synthesis for priority papers.,Mixed or not fully re-extracted; related replications and contradictions are registered separately.,not_applicable,false,low_to_medium,low_to_medium,low,explicitly_addressed,paper_specific,high,high,methods_only,"Retained only as hypothesis, feature, negative control or validation method; no published return is treated as an Aurora result.",Bibliographic identity and relevance were checked; exact coefficients and sample endpoints were not re-extracted for this lower-priority record.,"Only deterministic, causal, zero-cost +1/-1 translations explicitly listed in candidate_strategy_pack.jsonl are permitted.","Unless stated in research_synthesis.md: exact sample endpoints, coefficients, transaction costs, execution timing and standalone SPY transfer.",post_2010_research,multiple_testing_and_replication,true,contextual_primary_record_not_counted_as_verified,doi:10.1093/rfs/hhv059,catalogued; exact metadata not included in conservative verified-primary total,https://doi.org/10.1093/rfs/hhv059,,No metadata correction required in the final audit.,requires exact primary-text recheck before quoting numerical results
SRC0188,R. David McLean; Jeffrey Pontiff,Does Academic Research Destroy Stock Return Predictability?,2016,,https://doi.org/10.1111/jofi.12365,10.1111/jofi.12365,journal_article,true,Methodological or large replication sample.,Forecast models or published anomalies.,"Model losses, statistics or reconstructed signals.",methodological,Not a trading signal.,Paper-specific; Aurora does not assume equivalence to close-t decision and next-open t+1 execution.,Paper-specific; not imported. Aurora headline costs are fixed at zero by the user.,Finds substantial average decay out of sample and after publication in its studied anomaly set.,See original source; explicit OOS is recorded in the synthesis for priority papers.,Mixed or not fully re-extracted; related replications and contradictions are registered separately.,not_applicable,false,low_to_medium,low_to_medium,low,explicitly_addressed,paper_specific,high,high,methods_only,"Retained only as hypothesis, feature, negative control or validation method; no published return is treated as an Aurora result.",Finds substantial average decay out of sample and after publication in its studied anomaly set.,"Only deterministic, causal, zero-cost +1/-1 translations explicitly listed in candidate_strategy_pack.jsonl are permitted.","Unless stated in research_synthesis.md: exact sample endpoints, coefficients, transaction costs, execution timing and standalone SPY transfer.",post_2010_research,multiple_testing_and_replication,true,contextual_primary_record_not_counted_as_verified,doi:10.1111/jofi.12365,catalogued; exact metadata not included in conservative verified-primary total,https://doi.org/10.1111/jofi.12365,,No metadata correction required in the final audit.,requires exact primary-text recheck before quoting numerical results
SRC0189,Cheol-Ho Park; Scott H. Irwin,What Do We Know about the Profitability of Technical Analysis?,2007,,https://doi.org/10.1111/j.1467-6419.2007.00519.x,10.1111/j.1467-6419.2007.00519.x,journal_article,true,Daily to monthly market data; see original paper.,"Equity indexes, stocks or liquid futures.","Prices, returns and technical transforms.",daily_or_monthly,"Moving-average, filter or breakout signal.",Paper-specific; Aurora does not assume equivalence to close-t decision and next-open t+1 execution.,Paper-specific; not imported. Aurora headline costs are fixed at zero by the user.,Bibliographic identity and relevance were checked; exact coefficients and sample endpoints were not re-extracted for this lower-priority record.,See original source; explicit OOS is recorded in the synthesis for priority papers.,Mixed or not fully re-extracted; related replications and contradictions are registered separately.,yes_or_transformable_with_causal_asof_join,true,low_to_medium,low_to_medium,low,high,paper_specific,medium_high,high,include_candidate_or_feature_evidence,"Retained only as hypothesis, feature, negative control or validation method; no published return is treated as an Aurora result.",Bibliographic identity and relevance were checked; exact coefficients and sample endpoints were not re-extracted for this lower-priority record.,"Only deterministic, causal, zero-cost +1/-1 translations explicitly listed in candidate_strategy_pack.jsonl are permitted.","Unless stated in research_synthesis.md: exact sample endpoints, coefficients, transaction costs, execution timing and standalone SPY transfer.",pre_2011_evidence,price_trend_and_moving_averages,false,contextual_record_not_counted_as_verified_primary,doi:10.1111/j.1467-6419.2007.00519.x,contextual catalogue record,https://doi.org/10.1111/j.1467-6419.2007.00519.x,,No metadata correction required in the final audit.,context only; not counted as a verified primary source
SRC0190,Malcolm Baker; Jeffrey Wurgler,Investor Sentiment in the Stock Market,2007,,https://doi.org/10.1257/jep.21.2.129,10.1257/jep.21.2.129,journal_article,true,U.S. sentiment/market sample.,Aggregate market or U.S. stocks.,"Surveys, media, issuance, attention or positioning.",daily_to_monthly,Sentiment/positioning state.,Paper-specific; Aurora does not assume equivalence to close-t decision and next-open t+1 execution.,Paper-specific; not imported. Aurora headline costs are fixed at zero by the user.,Bibliographic identity and relevance were checked; exact coefficients and sample endpoints were not re-extracted for this lower-priority record.,See original source; explicit OOS is recorded in the synthesis for priority papers.,Mixed or not fully re-extracted; related replications and contradictions are registered separately.,yes_or_transformable_with_causal_asof_join,true,high_without_timestamp_controls,low_to_medium,low,medium,paper_specific,medium_high,medium,contextual_only,"Retained only as hypothesis, feature, negative control or validation method; no published return is treated as an Aurora result.",Bibliographic identity and relevance were checked; exact coefficients and sample endpoints were not re-extracted for this lower-priority record.,"Only deterministic, causal, zero-cost +1/-1 translations explicitly listed in candidate_strategy_pack.jsonl are permitted.","Unless stated in research_synthesis.md: exact sample endpoints, coefficients, transaction costs, execution timing and standalone SPY transfer.",pre_2011_evidence,sentiment_and_positioning,false,contextual_record_not_counted_as_verified_primary,doi:10.1257/jep.21.2.129,contextual catalogue record,https://doi.org/10.1257/jep.21.2.129,,No metadata correction required in the final audit.,context only; not counted as a verified primary source
SRC0191,Paul C. Tetlock,All the News That's Fit to Reprint: Do Investors React to Stale Information?,2011,,https://doi.org/10.1093/rfs/hhq141,10.1093/rfs/hhq141,journal_article,true,U.S. sentiment/market sample.,Aggregate market or U.S. stocks.,"Surveys, media, issuance, attention or positioning.",daily_to_monthly,Sentiment/positioning state.,Paper-specific; Aurora does not assume equivalence to close-t decision and next-open t+1 execution.,Paper-specific; not imported. Aurora headline costs are fixed at zero by the user.,Bibliographic identity and relevance were checked; exact coefficients and sample endpoints were not re-extracted for this lower-priority record.,See original source; explicit OOS is recorded in the synthesis for priority papers.,Mixed or not fully re-extracted; related replications and contradictions are registered separately.,yes_or_transformable_with_causal_asof_join,false,high_without_timestamp_controls,low_to_medium,low,medium,paper_specific,medium_high,medium,contextual_only,"Retained only as hypothesis, feature, negative control or validation method; no published return is treated as an Aurora result.",Bibliographic identity and relevance were checked; exact coefficients and sample endpoints were not re-extracted for this lower-priority record.,"Only deterministic, causal, zero-cost +1/-1 translations explicitly listed in candidate_strategy_pack.jsonl are permitted.","Unless stated in research_synthesis.md: exact sample endpoints, coefficients, transaction costs, execution timing and standalone SPY transfer.",post_2010_research,sentiment_and_positioning,false,contextual_record_not_counted_as_verified_primary,doi:10.1093/rfs/hhq141,contextual catalogue record,https://doi.org/10.1093/rfs/hhq141,,No metadata correction required in the final audit.,context only; not counted as a verified primary source
SRC0192,Jae H. Kim; Abul F. M. Shamsuddin; Kian-Ping Lim,Stock Return Predictability and the Adaptive Markets Hypothesis: Evidence from Century-Long U.S. Data,2011,,https://doi.org/10.1016/j.jempfin.2011.08.002,10.1016/j.jempfin.2011.08.002,journal_article,true,Aggregate market/macro sample.,Aggregate equities or macro time series.,"Returns, volatility and causal states.",daily_to_quarterly,Filtered latent-regime probability.,Paper-specific; Aurora does not assume equivalence to close-t decision and next-open t+1 execution.,Paper-specific; not imported. Aurora headline costs are fixed at zero by the user.,Bibliographic identity and relevance were checked; exact coefficients and sample endpoints were not re-extracted for this lower-priority record.,See original source; explicit OOS is recorded in the synthesis for priority papers.,Mixed or not fully re-extracted; related replications and contradictions are registered separately.,yes_or_transformable_with_causal_asof_join,false,high_without_timestamp_controls,low_to_medium,low,medium,paper_specific,medium_high,medium_high,include_candidate_or_feature_evidence,"Retained only as hypothesis, feature, negative control or validation method; no published return is treated as an Aurora result.",Bibliographic identity and relevance were checked; exact coefficients and sample endpoints were not re-extracted for this lower-priority record.,"Only deterministic, causal, zero-cost +1/-1 translations explicitly listed in candidate_strategy_pack.jsonl are permitted.","Unless stated in research_synthesis.md: exact sample endpoints, coefficients, transaction costs, execution timing and standalone SPY transfer.",post_2010_research,markov_regime_models,false,contextual_record_not_counted_as_verified_primary,doi:10.1016/j.jempfin.2011.08.002,contextual catalogue record,https://doi.org/10.1016/j.jempfin.2011.08.002,,No metadata correction required in the final audit.,context only; not counted as a verified primary source
SRC0193,Andrew Ang; Geert Bekaert,International Asset Allocation with Regime Shifts,2002,,https://doi.org/10.1093/rfs/15.4.1137,10.1093/rfs/15.4.1137,journal_article,true,Aggregate market/macro sample.,Aggregate equities or macro time series.,"Returns, volatility and causal states.",daily_to_quarterly,Filtered latent-regime probability.,Paper-specific; Aurora does not assume equivalence to close-t decision and next-open t+1 execution.,Paper-specific; not imported. Aurora headline costs are fixed at zero by the user.,Bibliographic identity and relevance were checked; exact coefficients and sample endpoints were not re-extracted for this lower-priority record.,See original source; explicit OOS is recorded in the synthesis for priority papers.,Mixed or not fully re-extracted; related replications and contradictions are registered separately.,yes_or_transformable_with_causal_asof_join,true,high_without_timestamp_controls,low_to_medium,low,medium,paper_specific,medium_high,medium_high,include_candidate_or_feature_evidence,"Retained only as hypothesis, feature, negative control or validation method; no published return is treated as an Aurora result.",Bibliographic identity and relevance were checked; exact coefficients and sample endpoints were not re-extracted for this lower-priority record.,"Only deterministic, causal, zero-cost +1/-1 translations explicitly listed in candidate_strategy_pack.jsonl are permitted.","Unless stated in research_synthesis.md: exact sample endpoints, coefficients, transaction costs, execution timing and standalone SPY transfer.",pre_2011_evidence,markov_regime_models,false,contextual_record_not_counted_as_verified_primary,doi:10.1093/rfs/15.4.1137,contextual catalogue record,https://doi.org/10.1093/rfs/15.4.1137,,No metadata correction required in the final audit.,context only; not counted as a verified primary source
SRC0194,Massimo Guidolin; Allan Timmermann,Asset Allocation under Multivariate Regime Switching,2007,,https://doi.org/10.1016/j.jedc.2005.12.004,10.1016/j.jedc.2005.12.004,journal_article,true,Aggregate market/macro sample.,Aggregate equities or macro time series.,"Returns, volatility and causal states.",daily_to_quarterly,Filtered latent-regime probability.,Paper-specific; Aurora does not assume equivalence to close-t decision and next-open t+1 execution.,Paper-specific; not imported. Aurora headline costs are fixed at zero by the user.,Bibliographic identity and relevance were checked; exact coefficients and sample endpoints were not re-extracted for this lower-priority record.,See original source; explicit OOS is recorded in the synthesis for priority papers.,Mixed or not fully re-extracted; related replications and contradictions are registered separately.,yes_or_transformable_with_causal_asof_join,true,high_without_timestamp_controls,low_to_medium,low,medium,paper_specific,medium_high,medium_high,include_candidate_or_feature_evidence,"Retained only as hypothesis, feature, negative control or validation method; no published return is treated as an Aurora result.",Bibliographic identity and relevance were checked; exact coefficients and sample endpoints were not re-extracted for this lower-priority record.,"Only deterministic, causal, zero-cost +1/-1 translations explicitly listed in candidate_strategy_pack.jsonl are permitted.","Unless stated in research_synthesis.md: exact sample endpoints, coefficients, transaction costs, execution timing and standalone SPY transfer.",pre_2011_evidence,markov_regime_models,false,contextual_record_not_counted_as_verified_primary,doi:10.1016/j.jedc.2005.12.004,contextual catalogue record,https://doi.org/10.1016/j.jedc.2005.12.004,,No metadata correction required in the final audit.,context only; not counted as a verified primary source
SRC0195,Henri Nyberg,Predicting Bear and Bull Stock Markets with Dynamic Binary Time Series Models,2013,,https://doi.org/10.1016/j.jbankfin.2012.11.008,10.1016/j.jbankfin.2012.11.008,journal_article,true,Aggregate market/macro sample.,Aggregate equities or macro time series.,"Returns, volatility and causal states.",daily_to_quarterly,Filtered latent-regime probability.,Paper-specific; Aurora does not assume equivalence to close-t decision and next-open t+1 execution.,Paper-specific; not imported. Aurora headline costs are fixed at zero by the user.,Bibliographic identity and relevance were checked; exact coefficients and sample endpoints were not re-extracted for this lower-priority record.,See original source; explicit OOS is recorded in the synthesis for priority papers.,Mixed or not fully re-extracted; related replications and contradictions are registered separately.,yes_or_transformable_with_causal_asof_join,false,high_without_timestamp_controls,low_to_medium,low,medium,paper_specific,medium_high,medium_high,include_candidate_or_feature_evidence,"Retained only as hypothesis, feature, negative control or validation method; no published return is treated as an Aurora result.",Bibliographic identity and relevance were checked; exact coefficients and sample endpoints were not re-extracted for this lower-priority record.,"Only deterministic, causal, zero-cost +1/-1 translations explicitly listed in candidate_strategy_pack.jsonl are permitted.","Unless stated in research_synthesis.md: exact sample endpoints, coefficients, transaction costs, execution timing and standalone SPY transfer.",post_2010_research,markov_regime_models,false,contextual_record_not_counted_as_verified_primary,doi:10.1016/j.jbankfin.2012.11.008,contextual catalogue record,https://doi.org/10.1016/j.jbankfin.2012.11.008,,No metadata correction required in the final audit.,context only; not counted as a verified primary source
SRC0196,Mark Kritzman; Yuanzhen Li; Sebastien Page; Roberto Rigobon,Principal Components as a Measure of Systemic Risk,2011,,https://doi.org/10.3905/jpm.2011.37.4.112,10.3905/jpm.2011.37.4.112,journal_article,true,U.S. cross-section and market sample.,"Stocks, sectors or industries.","Correlation, dispersion and market returns.",daily_to_monthly,Internal co-movement/concentration state.,Paper-specific; Aurora does not assume equivalence to close-t decision and next-open t+1 execution.,Paper-specific; not imported. Aurora headline costs are fixed at zero by the user.,Bibliographic identity and relevance were checked; exact coefficients and sample endpoints were not re-extracted for this lower-priority record.,See original source; explicit OOS is recorded in the synthesis for priority papers.,Mixed or not fully re-extracted; related replications and contradictions are registered separately.,yes_or_transformable_with_causal_asof_join,false,low_to_medium,high_for_cross_section; low_for_index,low,medium,paper_specific,medium_high,medium,contextual_only,"Retained only as hypothesis, feature, negative control or validation method; no published return is treated as an Aurora result.",Bibliographic identity and relevance were checked; exact coefficients and sample endpoints were not re-extracted for this lower-priority record.,"Only deterministic, causal, zero-cost +1/-1 translations explicitly listed in candidate_strategy_pack.jsonl are permitted.","Unless stated in research_synthesis.md: exact sample endpoints, coefficients, transaction costs, execution timing and standalone SPY transfer.",post_2010_research,correlation_dispersion_and_concentration,false,contextual_record_not_counted_as_verified_primary,doi:10.3905/jpm.2011.37.4.112,contextual catalogue record,https://doi.org/10.3905/jpm.2011.37.4.112,,No metadata correction required in the final audit.,context only; not counted as a verified primary source
SRC0197,John M. Bates; Clive W. J. Granger,The Combination of Forecasts,1969,,https://doi.org/10.1057/jors.1969.103,10.1057/jors.1969.103,journal_article,true,Forecasting/asset-return samples.,Aggregate market or general forecasting.,Multiple predictors and forecast errors.,daily_to_monthly,Constrained/equal-weight forecast combination.,Paper-specific; Aurora does not assume equivalence to close-t decision and next-open t+1 execution.,Paper-specific; not imported. Aurora headline costs are fixed at zero by the user.,Bibliographic identity and relevance were checked; exact coefficients and sample endpoints were not re-extracted for this lower-priority record.,See original source; explicit OOS is recorded in the synthesis for priority papers.,Mixed or not fully re-extracted; related replications and contradictions are registered separately.,yes_or_transformable_with_causal_asof_join,true,low_to_medium,low_to_medium,low,medium,paper_specific,medium_high,high,include_candidate_or_feature_evidence,"Retained only as hypothesis, feature, negative control or validation method; no published return is treated as an Aurora result.",Bibliographic identity and relevance were checked; exact coefficients and sample endpoints were not re-extracted for this lower-priority record.,"Only deterministic, causal, zero-cost +1/-1 translations explicitly listed in candidate_strategy_pack.jsonl are permitted.","Unless stated in research_synthesis.md: exact sample endpoints, coefficients, transaction costs, execution timing and standalone SPY transfer.",pre_2011_evidence,predictor_combination_and_interpretable_models,false,contextual_record_not_counted_as_verified_primary,doi:10.1057/jors.1969.103,contextual catalogue record,https://doi.org/10.1057/jors.1969.103,,No metadata correction required in the final audit.,context only; not counted as a verified primary source
SRC0198,Graham Elliott; Antonio Gargano; Allan Timmermann,Complete Subset Regressions,2013,,https://doi.org/10.1016/j.jeconom.2013.04.017,10.1016/j.jeconom.2013.04.017,journal_article,true,Forecasting/asset-return samples.,Aggregate market or general forecasting.,Multiple predictors and forecast errors.,daily_to_monthly,Constrained/equal-weight forecast combination.,Paper-specific; Aurora does not assume equivalence to close-t decision and next-open t+1 execution.,Paper-specific; not imported. Aurora headline costs are fixed at zero by the user.,Bibliographic identity and relevance were checked; exact coefficients and sample endpoints were not re-extracted for this lower-priority record.,See original source; explicit OOS is recorded in the synthesis for priority papers.,Mixed or not fully re-extracted; related replications and contradictions are registered separately.,yes_or_transformable_with_causal_asof_join,false,low_to_medium,low_to_medium,low,medium,paper_specific,medium_high,high,include_candidate_or_feature_evidence,"Retained only as hypothesis, feature, negative control or validation method; no published return is treated as an Aurora result.",Bibliographic identity and relevance were checked; exact coefficients and sample endpoints were not re-extracted for this lower-priority record.,"Only deterministic, causal, zero-cost +1/-1 translations explicitly listed in candidate_strategy_pack.jsonl are permitted.","Unless stated in research_synthesis.md: exact sample endpoints, coefficients, transaction costs, execution timing and standalone SPY transfer.",post_2010_research,predictor_combination_and_interpretable_models,false,contextual_record_not_counted_as_verified_primary,doi:10.1016/j.jeconom.2013.04.017,contextual catalogue record,https://doi.org/10.1016/j.jeconom.2013.04.017,,No metadata correction required in the final audit.,context only; not counted as a verified primary source
SRC0199,Joseph P. Romano; Michael Wolf,Stepwise Multiple Testing as Formalized Data Snooping,2005,,https://doi.org/10.1111/j.1468-0262.2005.00615.x,10.1111/j.1468-0262.2005.00615.x,journal_article,true,Methodological or large replication sample.,Forecast models or published anomalies.,"Model losses, statistics or reconstructed signals.",methodological,Not a trading signal.,Paper-specific; Aurora does not assume equivalence to close-t decision and next-open t+1 execution.,Paper-specific; not imported. Aurora headline costs are fixed at zero by the user.,Bibliographic identity and relevance were checked; exact coefficients and sample endpoints were not re-extracted for this lower-priority record.,See original source; explicit OOS is recorded in the synthesis for priority papers.,Mixed or not fully re-extracted; related replications and contradictions are registered separately.,not_applicable,true,low_to_medium,low_to_medium,low,explicitly_addressed,paper_specific,medium_high,high,methods_only,"Retained only as hypothesis, feature, negative control or validation method; no published return is treated as an Aurora result.",Bibliographic identity and relevance were checked; exact coefficients and sample endpoints were not re-extracted for this lower-priority record.,"Only deterministic, causal, zero-cost +1/-1 translations explicitly listed in candidate_strategy_pack.jsonl are permitted.","Unless stated in research_synthesis.md: exact sample endpoints, coefficients, transaction costs, execution timing and standalone SPY transfer.",pre_2011_evidence,multiple_testing_and_replication,false,contextual_record_not_counted_as_verified_primary,doi:10.1111/j.1468-0262.2005.00615.x,contextual catalogue record,https://doi.org/10.1111/j.1468-0262.2005.00615.x,,No metadata correction required in the final audit.,context only; not counted as a verified primary source
SRC0200,Kewei Hou; Chen Xue; Lu Zhang,Replicating Anomalies,2020,,https://doi.org/10.1093/rfs/hhy131,10.1093/rfs/hhy131,journal_article,true,Methodological or large replication sample.,Forecast models or published anomalies.,"Model losses, statistics or reconstructed signals.",methodological,Not a trading signal.,Paper-specific; Aurora does not assume equivalence to close-t decision and next-open t+1 execution.,Paper-specific; not imported. Aurora headline costs are fixed at zero by the user.,Bibliographic identity and relevance were checked; exact coefficients and sample endpoints were not re-extracted for this lower-priority record.,See original source; explicit OOS is recorded in the synthesis for priority papers.,Mixed or not fully re-extracted; related replications and contradictions are registered separately.,not_applicable,false,low_to_medium,low_to_medium,low,explicitly_addressed,paper_specific,medium_high,high,methods_only,"Retained only as hypothesis, feature, negative control or validation method; no published return is treated as an Aurora result.",Bibliographic identity and relevance were checked; exact coefficients and sample endpoints were not re-extracted for this lower-priority record.,"Only deterministic, causal, zero-cost +1/-1 translations explicitly listed in candidate_strategy_pack.jsonl are permitted.","Unless stated in research_synthesis.md: exact sample endpoints, coefficients, transaction costs, execution timing and standalone SPY transfer.",post_2010_research,multiple_testing_and_replication,false,contextual_record_not_counted_as_verified_primary,doi:10.1093/rfs/hhy131,contextual catalogue record,https://doi.org/10.1093/rfs/hhy131,,No metadata correction required in the final audit.,context only; not counted as a verified primary source
SRC0201,Andrew Chen; Tom Zimmermann,Open Source Cross-Sectional Asset Pricing,2022,,https://doi.org/10.1561/104.00000133,10.1561/104.00000133,journal_article,true,Methodological or large replication sample.,Forecast models or published anomalies.,"Model losses, statistics or reconstructed signals.",methodological,Not a trading signal.,Paper-specific; Aurora does not assume equivalence to close-t decision and next-open t+1 execution.,Paper-specific; not imported. Aurora headline costs are fixed at zero by the user.,Bibliographic identity and relevance were checked; exact coefficients and sample endpoints were not re-extracted for this lower-priority record.,See original source; explicit OOS is recorded in the synthesis for priority papers.,Mixed or not fully re-extracted; related replications and contradictions are registered separately.,not_applicable,false,low_to_medium,low_to_medium,low,explicitly_addressed,paper_specific,medium_high,high,methods_only,"Retained only as hypothesis, feature, negative control or validation method; no published return is treated as an Aurora result.",Bibliographic identity and relevance were checked; exact coefficients and sample endpoints were not re-extracted for this lower-priority record.,"Only deterministic, causal, zero-cost +1/-1 translations explicitly listed in candidate_strategy_pack.jsonl are permitted.","Unless stated in research_synthesis.md: exact sample endpoints, coefficients, transaction costs, execution timing and standalone SPY transfer.",post_2010_research,multiple_testing_and_replication,false,contextual_record_not_counted_as_verified_primary,doi:10.1561/104.00000133,contextual catalogue record,https://doi.org/10.1561/104.00000133,,No metadata correction required in the final audit.,context only; not counted as a verified primary source
SRC0202,Heiko Jacobs; Sebastian Mueller,"Anomalies across the Globe: Once Public, No Longer Existent?",2020,,https://doi.org/10.1111/jofi.12907,10.1111/jofi.12907,journal_article,true,Methodological or large replication sample.,Forecast models or published anomalies.,"Model losses, statistics or reconstructed signals.",methodological,Not a trading signal.,Paper-specific; Aurora does not assume equivalence to close-t decision and next-open t+1 execution.,Paper-specific; not imported. Aurora headline costs are fixed at zero by the user.,Bibliographic identity and relevance were checked; exact coefficients and sample endpoints were not re-extracted for this lower-priority record.,See original source; explicit OOS is recorded in the synthesis for priority papers.,Mixed or not fully re-extracted; related replications and contradictions are registered separately.,not_applicable,false,low_to_medium,low_to_medium,low,explicitly_addressed,paper_specific,medium_high,high,methods_only,"Retained only as hypothesis, feature, negative control or validation method; no published return is treated as an Aurora result.",Bibliographic identity and relevance were checked; exact coefficients and sample endpoints were not re-extracted for this lower-priority record.,"Only deterministic, causal, zero-cost +1/-1 translations explicitly listed in candidate_strategy_pack.jsonl are permitted.","Unless stated in research_synthesis.md: exact sample endpoints, coefficients, transaction costs, execution timing and standalone SPY transfer.",post_2010_research,multiple_testing_and_replication,false,contextual_record_not_counted_as_verified_primary,doi:10.1111/jofi.12907,contextual catalogue record,https://doi.org/10.1111/jofi.12907,,No metadata correction required in the final audit.,context only; not counted as a verified primary source
SRC0203,Tarun Chordia; Amit Goyal; Alessio Saretto,Anomalies and False Rejections,2020,,https://doi.org/10.1093/rfs/hhz138,10.1093/rfs/hhz138,journal_article,true,Methodological or large replication sample.,Forecast models or published anomalies.,"Model losses, statistics or reconstructed signals.",methodological,Not a trading signal.,Paper-specific; Aurora does not assume equivalence to close-t decision and next-open t+1 execution.,Paper-specific; not imported. Aurora headline costs are fixed at zero by the user.,Bibliographic identity and relevance were checked; exact coefficients and sample endpoints were not re-extracted for this lower-priority record.,See original source; explicit OOS is recorded in the synthesis for priority papers.,Mixed or not fully re-extracted; related replications and contradictions are registered separately.,not_applicable,false,low_to_medium,low_to_medium,low,explicitly_addressed,paper_specific,medium_high,high,methods_only,"Retained only as hypothesis, feature, negative control or validation method; no published return is treated as an Aurora result.",Bibliographic identity and relevance were checked; exact coefficients and sample endpoints were not re-extracted for this lower-priority record.,"Only deterministic, causal, zero-cost +1/-1 translations explicitly listed in candidate_strategy_pack.jsonl are permitted.","Unless stated in research_synthesis.md: exact sample endpoints, coefficients, transaction costs, execution timing and standalone SPY transfer.",post_2010_research,multiple_testing_and_replication,false,contextual_record_not_counted_as_verified_primary,doi:10.1093/rfs/hhz138,contextual catalogue record,https://doi.org/10.1093/rfs/hhz138,,No metadata correction required in the final audit.,context only; not counted as a verified primary source
SRC0204,Campbell R. Harvey; Yan Liu,False (and Missed) Discoveries in Financial Economics,2020,,https://doi.org/10.1111/jofi.12916,10.1111/jofi.12916,journal_article,true,Methodological or large replication sample.,Forecast models or published anomalies.,"Model losses, statistics or reconstructed signals.",methodological,Not a trading signal.,Paper-specific; Aurora does not assume equivalence to close-t decision and next-open t+1 execution.,Paper-specific; not imported. Aurora headline costs are fixed at zero by the user.,Bibliographic identity and relevance were checked; exact coefficients and sample endpoints were not re-extracted for this lower-priority record.,See original source; explicit OOS is recorded in the synthesis for priority papers.,Mixed or not fully re-extracted; related replications and contradictions are registered separately.,not_applicable,false,low_to_medium,low_to_medium,low,explicitly_addressed,paper_specific,medium_high,high,methods_only,"Retained only as hypothesis, feature, negative control or validation method; no published return is treated as an Aurora result.",Bibliographic identity and relevance were checked; exact coefficients and sample endpoints were not re-extracted for this lower-priority record.,"Only deterministic, causal, zero-cost +1/-1 translations explicitly listed in candidate_strategy_pack.jsonl are permitted.","Unless stated in research_synthesis.md: exact sample endpoints, coefficients, transaction costs, execution timing and standalone SPY transfer.",post_2010_research,multiple_testing_and_replication,false,contextual_record_not_counted_as_verified_primary,doi:10.1111/jofi.12916,contextual catalogue record,https://doi.org/10.1111/jofi.12916,,No metadata correction required in the final audit.,context only; not counted as a verified primary source
SRC0205,Andrew Chen; Tom Zimmermann,Publication Bias and the Cross-Section of Stock Returns,2020,,https://doi.org/10.1093/rapstu/raaa009,10.1093/rapstu/raaa009,journal_article,true,Methodological or large replication sample.,Forecast models or published anomalies.,"Model losses, statistics or reconstructed signals.",methodological,Not a trading signal.,Paper-specific; Aurora does not assume equivalence to close-t decision and next-open t+1 execution.,Paper-specific; not imported. Aurora headline costs are fixed at zero by the user.,Bibliographic identity and relevance were checked; exact coefficients and sample endpoints were not re-extracted for this lower-priority record.,See original source; explicit OOS is recorded in the synthesis for priority papers.,Mixed or not fully re-extracted; related replications and contradictions are registered separately.,not_applicable,false,low_to_medium,low_to_medium,low,explicitly_addressed,paper_specific,medium_high,high,methods_only,"Retained only as hypothesis, feature, negative control or validation method; no published return is treated as an Aurora result.",Bibliographic identity and relevance were checked; exact coefficients and sample endpoints were not re-extracted for this lower-priority record.,"Only deterministic, causal, zero-cost +1/-1 translations explicitly listed in candidate_strategy_pack.jsonl are permitted.","Unless stated in research_synthesis.md: exact sample endpoints, coefficients, transaction costs, execution timing and standalone SPY transfer.",post_2010_research,multiple_testing_and_replication,false,contextual_record_not_counted_as_verified_primary,doi:10.1093/rapstu/raaa009,contextual catalogue record,https://doi.org/10.1093/rapstu/raaa009,,No metadata correction required in the final audit.,context only; not counted as a verified primary source
SRC0206,Shihao Gu; Bryan Kelly; Dacheng Xiu,Empirical Asset Pricing via Machine Learning,2020,,https://doi.org/10.1093/rfs/hhaa009,10.1093/rfs/hhaa009,journal_article,true,Financial/statistical prediction samples.,Equities or general regression.,Predictor matrices and regularization.,daily_to_monthly,Lasso/elastic-net/logistic model.,Paper-specific; Aurora does not assume equivalence to close-t decision and next-open t+1 execution.,Paper-specific; not imported. Aurora headline costs are fixed at zero by the user.,Bibliographic identity and relevance were checked; exact coefficients and sample endpoints were not re-extracted for this lower-priority record.,See original source; explicit OOS is recorded in the synthesis for priority papers.,Mixed or not fully re-extracted; related replications and contradictions are registered separately.,yes_or_transformable_with_causal_asof_join,false,low_to_medium,low_to_medium,low,high,paper_specific,medium_high,medium_high,include_candidate_or_feature_evidence,"Retained only as hypothesis, feature, negative control or validation method; no published return is treated as an Aurora result.",Bibliographic identity and relevance were checked; exact coefficients and sample endpoints were not re-extracted for this lower-priority record.,"Only deterministic, causal, zero-cost +1/-1 translations explicitly listed in candidate_strategy_pack.jsonl are permitted.","Unless stated in research_synthesis.md: exact sample endpoints, coefficients, transaction costs, execution timing and standalone SPY transfer.",post_2010_research,interpretable_regularized_machine_learning,false,contextual_record_not_counted_as_verified_primary,doi:10.1093/rfs/hhaa009,contextual catalogue record,https://doi.org/10.1093/rfs/hhaa009,,No metadata correction required in the final audit.,context only; not counted as a verified primary source
SRC0207,Bryan Kelly; Seth Pruitt; Yinan Su,Characteristics Are Covariances: A Unified Model of Risk and Return,2019,,https://doi.org/10.1016/j.jfineco.2018.07.009,10.1016/j.jfineco.2018.07.009,journal_article,true,Financial/statistical prediction samples.,Equities or general regression.,Predictor matrices and regularization.,daily_to_monthly,Lasso/elastic-net/logistic model.,Paper-specific; Aurora does not assume equivalence to close-t decision and next-open t+1 execution.,Paper-specific; not imported. Aurora headline costs are fixed at zero by the user.,Bibliographic identity and relevance were checked; exact coefficients and sample endpoints were not re-extracted for this lower-priority record.,See original source; explicit OOS is recorded in the synthesis for priority papers.,Mixed or not fully re-extracted; related replications and contradictions are registered separately.,yes_or_transformable_with_causal_asof_join,false,low_to_medium,low_to_medium,low,high,paper_specific,medium_high,medium_high,include_candidate_or_feature_evidence,"Retained only as hypothesis, feature, negative control or validation method; no published return is treated as an Aurora result.",Bibliographic identity and relevance were checked; exact coefficients and sample endpoints were not re-extracted for this lower-priority record.,"Only deterministic, causal, zero-cost +1/-1 translations explicitly listed in candidate_strategy_pack.jsonl are permitted.","Unless stated in research_synthesis.md: exact sample endpoints, coefficients, transaction costs, execution timing and standalone SPY transfer.",post_2010_research,interpretable_regularized_machine_learning,false,contextual_record_not_counted_as_verified_primary,doi:10.1016/j.jfineco.2018.07.009,contextual catalogue record,https://doi.org/10.1016/j.jfineco.2018.07.009,,No metadata correction required in the final audit.,context only; not counted as a verified primary source
SRC0208,Joachim Freyberger; Andreas Neuhierl; Michael Weber,Dissecting Characteristics Nonparametrically,2020,,https://doi.org/10.1093/rfs/hhz123,10.1093/rfs/hhz123,journal_article,true,Financial/statistical prediction samples.,Equities or general regression.,Predictor matrices and regularization.,daily_to_monthly,Lasso/elastic-net/logistic model.,Paper-specific; Aurora does not assume equivalence to close-t decision and next-open t+1 execution.,Paper-specific; not imported. Aurora headline costs are fixed at zero by the user.,Bibliographic identity and relevance were checked; exact coefficients and sample endpoints were not re-extracted for this lower-priority record.,See original source; explicit OOS is recorded in the synthesis for priority papers.,Mixed or not fully re-extracted; related replications and contradictions are registered separately.,yes_or_transformable_with_causal_asof_join,false,low_to_medium,low_to_medium,low,high,paper_specific,medium_high,medium_high,include_candidate_or_feature_evidence,"Retained only as hypothesis, feature, negative control or validation method; no published return is treated as an Aurora result.",Bibliographic identity and relevance were checked; exact coefficients and sample endpoints were not re-extracted for this lower-priority record.,"Only deterministic, causal, zero-cost +1/-1 translations explicitly listed in candidate_strategy_pack.jsonl are permitted.","Unless stated in research_synthesis.md: exact sample endpoints, coefficients, transaction costs, execution timing and standalone SPY transfer.",post_2010_research,interpretable_regularized_machine_learning,false,contextual_record_not_counted_as_verified_primary,doi:10.1093/rfs/hhz123,contextual catalogue record,https://doi.org/10.1093/rfs/hhz123,,No metadata correction required in the final audit.,context only; not counted as a verified primary source
SRC0209,Serhiy Kozak; Stefan Nagel; Shrihari Santosh,Shrinking the Cross-Section,2020,,https://doi.org/10.1016/j.jfineco.2019.06.008,10.1016/j.jfineco.2019.06.008,journal_article,true,Financial/statistical prediction samples.,Equities or general regression.,Predictor matrices and regularization.,daily_to_monthly,Lasso/elastic-net/logistic model.,Paper-specific; Aurora does not assume equivalence to close-t decision and next-open t+1 execution.,Paper-specific; not imported. Aurora headline costs are fixed at zero by the user.,Bibliographic identity and relevance were checked; exact coefficients and sample endpoints were not re-extracted for this lower-priority record.,See original source; explicit OOS is recorded in the synthesis for priority papers.,Mixed or not fully re-extracted; related replications and contradictions are registered separately.,yes_or_transformable_with_causal_asof_join,false,low_to_medium,low_to_medium,low,high,paper_specific,medium_high,medium_high,include_candidate_or_feature_evidence,"Retained only as hypothesis, feature, negative control or validation method; no published return is treated as an Aurora result.",Bibliographic identity and relevance were checked; exact coefficients and sample endpoints were not re-extracted for this lower-priority record.,"Only deterministic, causal, zero-cost +1/-1 translations explicitly listed in candidate_strategy_pack.jsonl are permitted.","Unless stated in research_synthesis.md: exact sample endpoints, coefficients, transaction costs, execution timing and standalone SPY transfer.",post_2010_research,interpretable_regularized_machine_learning,false,contextual_record_not_counted_as_verified_primary,doi:10.1016/j.jfineco.2019.06.008,contextual catalogue record,https://doi.org/10.1016/j.jfineco.2019.06.008,,No metadata correction required in the final audit.,context only; not counted as a verified primary source
SRC0210,Guangqing Feng; Stefano Giglio; Dacheng Xiu,Taming the Factor Zoo: A Test of New Factors,2020,,https://doi.org/10.1093/rfs/hhaa035,10.1093/rfs/hhaa035,journal_article,true,Methodological or large replication sample.,Forecast models or published anomalies.,"Model losses, statistics or reconstructed signals.",methodological,Not a trading signal.,Paper-specific; Aurora does not assume equivalence to close-t decision and next-open t+1 execution.,Paper-specific; not imported. Aurora headline costs are fixed at zero by the user.,Bibliographic identity and relevance were checked; exact coefficients and sample endpoints were not re-extracted for this lower-priority record.,See original source; explicit OOS is recorded in the synthesis for priority papers.,Mixed or not fully re-extracted; related replications and contradictions are registered separately.,not_applicable,false,low_to_medium,low_to_medium,low,explicitly_addressed,paper_specific,medium_high,high,methods_only,"Retained only as hypothesis, feature, negative control or validation method; no published return is treated as an Aurora result.",Bibliographic identity and relevance were checked; exact coefficients and sample endpoints were not re-extracted for this lower-priority record.,"Only deterministic, causal, zero-cost +1/-1 translations explicitly listed in candidate_strategy_pack.jsonl are permitted.","Unless stated in research_synthesis.md: exact sample endpoints, coefficients, transaction costs, execution timing and standalone SPY transfer.",post_2010_research,multiple_testing_and_replication,false,contextual_record_not_counted_as_verified_primary,doi:10.1093/rfs/hhaa035,contextual catalogue record,https://doi.org/10.1093/rfs/hhaa035,,No metadata correction required in the final audit.,context only; not counted as a verified primary source
SRC0211,Shihao Gu; Bryan Kelly; Dacheng Xiu,Autoencoder Asset Pricing Models,2021,,https://doi.org/10.1016/j.jeconom.2020.07.009,10.1016/j.jeconom.2020.07.009,journal_article,true,Financial/statistical prediction samples.,Equities or general regression.,Predictor matrices and regularization.,daily_to_monthly,Lasso/elastic-net/logistic model.,Paper-specific; Aurora does not assume equivalence to close-t decision and next-open t+1 execution.,Paper-specific; not imported. Aurora headline costs are fixed at zero by the user.,Bibliographic identity and relevance were checked; exact coefficients and sample endpoints were not re-extracted for this lower-priority record.,See original source; explicit OOS is recorded in the synthesis for priority papers.,Mixed or not fully re-extracted; related replications and contradictions are registered separately.,yes_or_transformable_with_causal_asof_join,false,low_to_medium,low_to_medium,low,high,paper_specific,medium_high,medium_high,include_candidate_or_feature_evidence,"Retained only as hypothesis, feature, negative control or validation method; no published return is treated as an Aurora result.",Bibliographic identity and relevance were checked; exact coefficients and sample endpoints were not re-extracted for this lower-priority record.,"Only deterministic, causal, zero-cost +1/-1 translations explicitly listed in candidate_strategy_pack.jsonl are permitted.","Unless stated in research_synthesis.md: exact sample endpoints, coefficients, transaction costs, execution timing and standalone SPY transfer.",post_2010_research,interpretable_regularized_machine_learning,false,contextual_record_not_counted_as_verified_primary,doi:10.1016/j.jeconom.2020.07.009,contextual catalogue record,https://doi.org/10.1016/j.jeconom.2020.07.009,,No metadata correction required in the final audit.,context only; not counted as a verified primary source
SRC0212,Alex Chinco; Adam D. Clark-Joseph; Mao Ye,Sparse Signals in the Cross-Section of Returns,2019,,https://doi.org/10.1111/jofi.12733,10.1111/jofi.12733,journal_article,true,Financial/statistical prediction samples.,Equities or general regression.,Predictor matrices and regularization.,daily_to_monthly,Lasso/elastic-net/logistic model.,Paper-specific; Aurora does not assume equivalence to close-t decision and next-open t+1 execution.,Paper-specific; not imported. Aurora headline costs are fixed at zero by the user.,Bibliographic identity and relevance were checked; exact coefficients and sample endpoints were not re-extracted for this lower-priority record.,See original source; explicit OOS is recorded in the synthesis for priority papers.,Mixed or not fully re-extracted; related replications and contradictions are registered separately.,yes_or_transformable_with_causal_asof_join,false,low_to_medium,low_to_medium,low,high,paper_specific,medium_high,medium_high,include_candidate_or_feature_evidence,"Retained only as hypothesis, feature, negative control or validation method; no published return is treated as an Aurora result.",Bibliographic identity and relevance were checked; exact coefficients and sample endpoints were not re-extracted for this lower-priority record.,"Only deterministic, causal, zero-cost +1/-1 translations explicitly listed in candidate_strategy_pack.jsonl are permitted.","Unless stated in research_synthesis.md: exact sample endpoints, coefficients, transaction costs, execution timing and standalone SPY transfer.",post_2010_research,interpretable_regularized_machine_learning,false,contextual_record_not_counted_as_verified_primary,doi:10.1111/jofi.12733,contextual catalogue record,https://doi.org/10.1111/jofi.12733,,No metadata correction required in the final audit.,context only; not counted as a verified primary source
SRC0213,Robert Tibshirani,Regression Shrinkage and Selection via the Lasso,1996,,https://doi.org/10.1111/j.2517-6161.1996.tb02080.x,10.1111/j.2517-6161.1996.tb02080.x,journal_article,true,Financial/statistical prediction samples.,Equities or general regression.,Predictor matrices and regularization.,daily_to_monthly,Lasso/elastic-net/logistic model.,Paper-specific; Aurora does not assume equivalence to close-t decision and next-open t+1 execution.,Paper-specific; not imported. Aurora headline costs are fixed at zero by the user.,Bibliographic identity and relevance were checked; exact coefficients and sample endpoints were not re-extracted for this lower-priority record.,See original source; explicit OOS is recorded in the synthesis for priority papers.,Mixed or not fully re-extracted; related replications and contradictions are registered separately.,yes_or_transformable_with_causal_asof_join,true,low_to_medium,low_to_medium,low,high,paper_specific,medium_high,medium_high,include_candidate_or_feature_evidence,"Retained only as hypothesis, feature, negative control or validation method; no published return is treated as an Aurora result.",Bibliographic identity and relevance were checked; exact coefficients and sample endpoints were not re-extracted for this lower-priority record.,"Only deterministic, causal, zero-cost +1/-1 translations explicitly listed in candidate_strategy_pack.jsonl are permitted.","Unless stated in research_synthesis.md: exact sample endpoints, coefficients, transaction costs, execution timing and standalone SPY transfer.",pre_2011_evidence,interpretable_regularized_machine_learning,false,contextual_record_not_counted_as_verified_primary,doi:10.1111/j.2517-6161.1996.tb02080.x,contextual catalogue record,https://doi.org/10.1111/j.2517-6161.1996.tb02080.x,,No metadata correction required in the final audit.,context only; not counted as a verified primary source
SRC0214,Hui Zou; Trevor Hastie,Regularization and Variable Selection via the Elastic Net,2005,,https://doi.org/10.1111/j.1467-9868.2005.00503.x,10.1111/j.1467-9868.2005.00503.x,journal_article,true,Financial/statistical prediction samples.,Equities or general regression.,Predictor matrices and regularization.,daily_to_monthly,Lasso/elastic-net/logistic model.,Paper-specific; Aurora does not assume equivalence to close-t decision and next-open t+1 execution.,Paper-specific; not imported. Aurora headline costs are fixed at zero by the user.,Bibliographic identity and relevance were checked; exact coefficients and sample endpoints were not re-extracted for this lower-priority record.,See original source; explicit OOS is recorded in the synthesis for priority papers.,Mixed or not fully re-extracted; related replications and contradictions are registered separately.,yes_or_transformable_with_causal_asof_join,true,low_to_medium,low_to_medium,low,high,paper_specific,medium_high,medium_high,include_candidate_or_feature_evidence,"Retained only as hypothesis, feature, negative control or validation method; no published return is treated as an Aurora result.",Bibliographic identity and relevance were checked; exact coefficients and sample endpoints were not re-extracted for this lower-priority record.,"Only deterministic, causal, zero-cost +1/-1 translations explicitly listed in candidate_strategy_pack.jsonl are permitted.","Unless stated in research_synthesis.md: exact sample endpoints, coefficients, transaction costs, execution timing and standalone SPY transfer.",pre_2011_evidence,interpretable_regularized_machine_learning,false,contextual_record_not_counted_as_verified_primary,doi:10.1111/j.1467-9868.2005.00503.x,contextual catalogue record,https://doi.org/10.1111/j.1467-9868.2005.00503.x,,No metadata correction required in the final audit.,context only; not counted as a verified primary source
SRC0215,Jerome Friedman; Trevor Hastie; Robert Tibshirani,Regularization Paths for Generalized Linear Models via Coordinate Descent,2010,,https://doi.org/10.18637/jss.v033.i01,10.18637/jss.v033.i01,journal_article,true,Financial/statistical prediction samples.,Equities or general regression.,Predictor matrices and regularization.,daily_to_monthly,Lasso/elastic-net/logistic model.,Paper-specific; Aurora does not assume equivalence to close-t decision and next-open t+1 execution.,Paper-specific; not imported. Aurora headline costs are fixed at zero by the user.,Bibliographic identity and relevance were checked; exact coefficients and sample endpoints were not re-extracted for this lower-priority record.,See original source; explicit OOS is recorded in the synthesis for priority papers.,Mixed or not fully re-extracted; related replications and contradictions are registered separately.,yes_or_transformable_with_causal_asof_join,true,low_to_medium,low_to_medium,low,high,paper_specific,medium_high,medium_high,include_candidate_or_feature_evidence,"Retained only as hypothesis, feature, negative control or validation method; no published return is treated as an Aurora result.",Bibliographic identity and relevance were checked; exact coefficients and sample endpoints were not re-extracted for this lower-priority record.,"Only deterministic, causal, zero-cost +1/-1 translations explicitly listed in candidate_strategy_pack.jsonl are permitted.","Unless stated in research_synthesis.md: exact sample endpoints, coefficients, transaction costs, execution timing and standalone SPY transfer.",pre_2011_evidence,interpretable_regularized_machine_learning,false,contextual_record_not_counted_as_verified_primary,doi:10.18637/jss.v033.i01,contextual catalogue record,https://doi.org/10.18637/jss.v033.i01,,No metadata correction required in the final audit.,context only; not counted as a verified primary source
SRC0216,Francis X. Diebold; Roberto S. Mariano,Comparing Predictive Accuracy,1995,,https://doi.org/10.1080/07350015.1995.10524599,10.1080/07350015.1995.10524599,journal_article,true,Methodological or large replication sample.,Forecast models or published anomalies.,"Model losses, statistics or reconstructed signals.",methodological,Not a trading signal.,Paper-specific; Aurora does not assume equivalence to close-t decision and next-open t+1 execution.,Paper-specific; not imported. Aurora headline costs are fixed at zero by the user.,Bibliographic identity and relevance were checked; exact coefficients and sample endpoints were not re-extracted for this lower-priority record.,See original source; explicit OOS is recorded in the synthesis for priority papers.,Mixed or not fully re-extracted; related replications and contradictions are registered separately.,not_applicable,true,low_to_medium,low_to_medium,low,explicitly_addressed,paper_specific,medium_high,high,methods_only,"Retained only as hypothesis, feature, negative control or validation method; no published return is treated as an Aurora result.",Bibliographic identity and relevance were checked; exact coefficients and sample endpoints were not re-extracted for this lower-priority record.,"Only deterministic, causal, zero-cost +1/-1 translations explicitly listed in candidate_strategy_pack.jsonl are permitted.","Unless stated in research_synthesis.md: exact sample endpoints, coefficients, transaction costs, execution timing and standalone SPY transfer.",pre_2011_evidence,multiple_testing_and_replication,false,contextual_record_not_counted_as_verified_primary,doi:10.1080/07350015.1995.10524599,contextual catalogue record,https://doi.org/10.1080/07350015.1995.10524599,,No metadata correction required in the final audit.,context only; not counted as a verified primary source
SRC0217,Whitney K. Newey; Kenneth D. West,"A Simple, Positive Semi-Definite, Heteroskedasticity and Autocorrelation Consistent Covariance Matrix",1987,,https://doi.org/10.2307/1913610,10.2307/1913610,journal_article,true,Methodological or large replication sample.,Forecast models or published anomalies.,"Model losses, statistics or reconstructed signals.",methodological,Not a trading signal.,Paper-specific; Aurora does not assume equivalence to close-t decision and next-open t+1 execution.,Paper-specific; not imported. Aurora headline costs are fixed at zero by the user.,Bibliographic identity and relevance were checked; exact coefficients and sample endpoints were not re-extracted for this lower-priority record.,See original source; explicit OOS is recorded in the synthesis for priority papers.,Mixed or not fully re-extracted; related replications and contradictions are registered separately.,not_applicable,true,low_to_medium,low_to_medium,low,explicitly_addressed,paper_specific,medium_high,high,methods_only,"Retained only as hypothesis, feature, negative control or validation method; no published return is treated as an Aurora result.",Bibliographic identity and relevance were checked; exact coefficients and sample endpoints were not re-extracted for this lower-priority record.,"Only deterministic, causal, zero-cost +1/-1 translations explicitly listed in candidate_strategy_pack.jsonl are permitted.","Unless stated in research_synthesis.md: exact sample endpoints, coefficients, transaction costs, execution timing and standalone SPY transfer.",pre_2011_evidence,multiple_testing_and_replication,false,contextual_record_not_counted_as_verified_primary,doi:10.2307/1913610,contextual catalogue record,https://doi.org/10.2307/1913610,,No metadata correction required in the final audit.,context only; not counted as a verified primary source
SRC0218,Dimitris N. Politis; Joseph P. Romano,The Stationary Bootstrap,1994,,https://doi.org/10.1080/01621459.1994.10476870,10.1080/01621459.1994.10476870,journal_article,true,Methodological or large replication sample.,Forecast models or published anomalies.,"Model losses, statistics or reconstructed signals.",methodological,Not a trading signal.,Paper-specific; Aurora does not assume equivalence to close-t decision and next-open t+1 execution.,Paper-specific; not imported. Aurora headline costs are fixed at zero by the user.,Bibliographic identity and relevance were checked; exact coefficients and sample endpoints were not re-extracted for this lower-priority record.,See original source; explicit OOS is recorded in the synthesis for priority papers.,Mixed or not fully re-extracted; related replications and contradictions are registered separately.,not_applicable,true,low_to_medium,low_to_medium,low,explicitly_addressed,paper_specific,medium_high,high,methods_only,"Retained only as hypothesis, feature, negative control or validation method; no published return is treated as an Aurora result.",Bibliographic identity and relevance were checked; exact coefficients and sample endpoints were not re-extracted for this lower-priority record.,"Only deterministic, causal, zero-cost +1/-1 translations explicitly listed in candidate_strategy_pack.jsonl are permitted.","Unless stated in research_synthesis.md: exact sample endpoints, coefficients, transaction costs, execution timing and standalone SPY transfer.",pre_2011_evidence,multiple_testing_and_replication,false,contextual_record_not_counted_as_verified_primary,doi:10.1080/01621459.1994.10476870,contextual catalogue record,https://doi.org/10.1080/01621459.1994.10476870,,No metadata correction required in the final audit.,context only; not counted as a verified primary source
SRC0219,Dimitris N. Politis; Halbert White,Automatic Block-Length Selection for the Dependent Bootstrap,2004,,https://doi.org/10.1081/ETC-120028836,10.1081/ETC-120028836,journal_article,true,Methodological or large replication sample.,Forecast models or published anomalies.,"Model losses, statistics or reconstructed signals.",methodological,Not a trading signal.,Paper-specific; Aurora does not assume equivalence to close-t decision and next-open t+1 execution.,Paper-specific; not imported. Aurora headline costs are fixed at zero by the user.,Bibliographic identity and relevance were checked; exact coefficients and sample endpoints were not re-extracted for this lower-priority record.,See original source; explicit OOS is recorded in the synthesis for priority papers.,Mixed or not fully re-extracted; related replications and contradictions are registered separately.,not_applicable,true,low_to_medium,low_to_medium,low,explicitly_addressed,paper_specific,medium_high,high,methods_only,"Retained only as hypothesis, feature, negative control or validation method; no published return is treated as an Aurora result.",Bibliographic identity and relevance were checked; exact coefficients and sample endpoints were not re-extracted for this lower-priority record.,"Only deterministic, causal, zero-cost +1/-1 translations explicitly listed in candidate_strategy_pack.jsonl are permitted.","Unless stated in research_synthesis.md: exact sample endpoints, coefficients, transaction costs, execution timing and standalone SPY transfer.",pre_2011_evidence,multiple_testing_and_replication,false,contextual_record_not_counted_as_verified_primary,doi:10.1081/etc-120028836,contextual catalogue record,https://doi.org/10.1081/ETC-120028836,,No metadata correction required in the final audit.,context only; not counted as a verified primary source
SRC0220,Olivier Ledoit; Michael Wolf,Robust Performance Hypothesis Testing with the Sharpe Ratio,2008,,https://doi.org/10.1016/j.jempfin.2008.03.002,10.1016/j.jempfin.2008.03.002,journal_article,true,Methodological or large replication sample.,Forecast models or published anomalies.,"Model losses, statistics or reconstructed signals.",methodological,Not a trading signal.,Paper-specific; Aurora does not assume equivalence to close-t decision and next-open t+1 execution.,Paper-specific; not imported. Aurora headline costs are fixed at zero by the user.,Bibliographic identity and relevance were checked; exact coefficients and sample endpoints were not re-extracted for this lower-priority record.,See original source; explicit OOS is recorded in the synthesis for priority papers.,Mixed or not fully re-extracted; related replications and contradictions are registered separately.,not_applicable,true,low_to_medium,low_to_medium,low,explicitly_addressed,paper_specific,medium_high,high,methods_only,"Retained only as hypothesis, feature, negative control or validation method; no published return is treated as an Aurora result.",Bibliographic identity and relevance were checked; exact coefficients and sample endpoints were not re-extracted for this lower-priority record.,"Only deterministic, causal, zero-cost +1/-1 translations explicitly listed in candidate_strategy_pack.jsonl are permitted.","Unless stated in research_synthesis.md: exact sample endpoints, coefficients, transaction costs, execution timing and standalone SPY transfer.",pre_2011_evidence,multiple_testing_and_replication,false,contextual_record_not_counted_as_verified_primary,doi:10.1016/j.jempfin.2008.03.002,contextual catalogue record,https://doi.org/10.1016/j.jempfin.2008.03.002,,No metadata correction required in the final audit.,context only; not counted as a verified primary source
SRC0221,Andrew W. Lo,The Statistics of Sharpe Ratios,2002,,https://doi.org/10.2469/faj.v58.n4.2453,10.2469/faj.v58.n4.2453,journal_article,true,Methodological or large replication sample.,Forecast models or published anomalies.,"Model losses, statistics or reconstructed signals.",methodological,Not a trading signal.,Paper-specific; Aurora does not assume equivalence to close-t decision and next-open t+1 execution.,Paper-specific; not imported. Aurora headline costs are fixed at zero by the user.,Bibliographic identity and relevance were checked; exact coefficients and sample endpoints were not re-extracted for this lower-priority record.,See original source; explicit OOS is recorded in the synthesis for priority papers.,Mixed or not fully re-extracted; related replications and contradictions are registered separately.,not_applicable,true,low_to_medium,low_to_medium,low,explicitly_addressed,paper_specific,medium_high,high,methods_only,"Retained only as hypothesis, feature, negative control or validation method; no published return is treated as an Aurora result.",Bibliographic identity and relevance were checked; exact coefficients and sample endpoints were not re-extracted for this lower-priority record.,"Only deterministic, causal, zero-cost +1/-1 translations explicitly listed in candidate_strategy_pack.jsonl are permitted.","Unless stated in research_synthesis.md: exact sample endpoints, coefficients, transaction costs, execution timing and standalone SPY transfer.",pre_2011_evidence,multiple_testing_and_replication,false,contextual_record_not_counted_as_verified_primary,doi:10.2469/faj.v58.n4.2453,contextual catalogue record,https://doi.org/10.2469/faj.v58.n4.2453,,No metadata correction required in the final audit.,context only; not counted as a verified primary source
SRC0222,Atsushi Inoue; Lutz Kilian,In-Sample or Out-of-Sample Tests of Predictability: Which One Should We Use?,2004,,https://doi.org/10.1081/ETC-120028838,10.1081/ETC-120028838,journal_article,true,Methodological or large replication sample.,Forecast models or published anomalies.,"Model losses, statistics or reconstructed signals.",methodological,Not a trading signal.,Paper-specific; Aurora does not assume equivalence to close-t decision and next-open t+1 execution.,Paper-specific; not imported. Aurora headline costs are fixed at zero by the user.,Bibliographic identity and relevance were checked; exact coefficients and sample endpoints were not re-extracted for this lower-priority record.,See original source; explicit OOS is recorded in the synthesis for priority papers.,Mixed or not fully re-extracted; related replications and contradictions are registered separately.,not_applicable,true,low_to_medium,low_to_medium,low,explicitly_addressed,paper_specific,medium_high,high,methods_only,"Retained only as hypothesis, feature, negative control or validation method; no published return is treated as an Aurora result.",Bibliographic identity and relevance were checked; exact coefficients and sample endpoints were not re-extracted for this lower-priority record.,"Only deterministic, causal, zero-cost +1/-1 translations explicitly listed in candidate_strategy_pack.jsonl are permitted.","Unless stated in research_synthesis.md: exact sample endpoints, coefficients, transaction costs, execution timing and standalone SPY transfer.",pre_2011_evidence,multiple_testing_and_replication,false,contextual_record_not_counted_as_verified_primary,doi:10.1081/etc-120028838,contextual catalogue record,https://doi.org/10.1081/ETC-120028838,,No metadata correction required in the final audit.,context only; not counted as a verified primary source
SRC0223,Todd E. Clark; Michael W. McCracken,Tests of Equal Forecast Accuracy and Encompassing for Nested Models,2001,,https://doi.org/10.1016/S0304-4076(01)00050-4,10.1016/S0304-4076(01)00050-4,journal_article,true,Methodological or large replication sample.,Forecast models or published anomalies.,"Model losses, statistics or reconstructed signals.",methodological,Not a trading signal.,Paper-specific; Aurora does not assume equivalence to close-t decision and next-open t+1 execution.,Paper-specific; not imported. Aurora headline costs are fixed at zero by the user.,Bibliographic identity and relevance were checked; exact coefficients and sample endpoints were not re-extracted for this lower-priority record.,See original source; explicit OOS is recorded in the synthesis for priority papers.,Mixed or not fully re-extracted; related replications and contradictions are registered separately.,not_applicable,true,low_to_medium,low_to_medium,low,explicitly_addressed,paper_specific,medium_high,high,methods_only,"Retained only as hypothesis, feature, negative control or validation method; no published return is treated as an Aurora result.",Bibliographic identity and relevance were checked; exact coefficients and sample endpoints were not re-extracted for this lower-priority record.,"Only deterministic, causal, zero-cost +1/-1 translations explicitly listed in candidate_strategy_pack.jsonl are permitted.","Unless stated in research_synthesis.md: exact sample endpoints, coefficients, transaction costs, execution timing and standalone SPY transfer.",pre_2011_evidence,multiple_testing_and_replication,false,contextual_record_not_counted_as_verified_primary,doi:10.1016/s0304-4076(01)00050-4,contextual catalogue record,https://doi.org/10.1016/S0304-4076(01)00050-4,,No metadata correction required in the final audit.,context only; not counted as a verified primary source
SRC0224,Todd E. Clark; Kenneth D. West,Approximately Normal Tests for Equal Predictive Accuracy in Nested Models,2007,,https://doi.org/10.1016/j.jeconom.2006.05.023,10.1016/j.jeconom.2006.05.023,journal_article,true,Methodological or large replication sample.,Forecast models or published anomalies.,"Model losses, statistics or reconstructed signals.",methodological,Not a trading signal.,Paper-specific; Aurora does not assume equivalence to close-t decision and next-open t+1 execution.,Paper-specific; not imported. Aurora headline costs are fixed at zero by the user.,Bibliographic identity and relevance were checked; exact coefficients and sample endpoints were not re-extracted for this lower-priority record.,See original source; explicit OOS is recorded in the synthesis for priority papers.,Mixed or not fully re-extracted; related replications and contradictions are registered separately.,not_applicable,true,low_to_medium,low_to_medium,low,explicitly_addressed,paper_specific,medium_high,high,methods_only,"Retained only as hypothesis, feature, negative control or validation method; no published return is treated as an Aurora result.",Bibliographic identity and relevance were checked; exact coefficients and sample endpoints were not re-extracted for this lower-priority record.,"Only deterministic, causal, zero-cost +1/-1 translations explicitly listed in candidate_strategy_pack.jsonl are permitted.","Unless stated in research_synthesis.md: exact sample endpoints, coefficients, transaction costs, execution timing and standalone SPY transfer.",pre_2011_evidence,multiple_testing_and_replication,false,contextual_record_not_counted_as_verified_primary,doi:10.1016/j.jeconom.2006.05.023,contextual catalogue record,https://doi.org/10.1016/j.jeconom.2006.05.023,,No metadata correction required in the final audit.,context only; not counted as a verified primary source
SRC0225,Raffaella Giacomini; Halbert White,Tests of Conditional Predictive Ability,2006,,https://doi.org/10.1111/j.1468-0262.2006.00718.x,10.1111/j.1468-0262.2006.00718.x,journal_article,true,Methodological or large replication sample.,Forecast models or published anomalies.,"Model losses, statistics or reconstructed signals.",methodological,Not a trading signal.,Paper-specific; Aurora does not assume equivalence to close-t decision and next-open t+1 execution.,Paper-specific; not imported. Aurora headline costs are fixed at zero by the user.,Bibliographic identity and relevance were checked; exact coefficients and sample endpoints were not re-extracted for this lower-priority record.,See original source; explicit OOS is recorded in the synthesis for priority papers.,Mixed or not fully re-extracted; related replications and contradictions are registered separately.,not_applicable,true,low_to_medium,low_to_medium,low,explicitly_addressed,paper_specific,medium_high,high,methods_only,"Retained only as hypothesis, feature, negative control or validation method; no published return is treated as an Aurora result.",Bibliographic identity and relevance were checked; exact coefficients and sample endpoints were not re-extracted for this lower-priority record.,"Only deterministic, causal, zero-cost +1/-1 translations explicitly listed in candidate_strategy_pack.jsonl are permitted.","Unless stated in research_synthesis.md: exact sample endpoints, coefficients, transaction costs, execution timing and standalone SPY transfer.",pre_2011_evidence,multiple_testing_and_replication,false,contextual_record_not_counted_as_verified_primary,doi:10.1111/j.1468-0262.2006.00718.x,contextual catalogue record,https://doi.org/10.1111/j.1468-0262.2006.00718.x,,No metadata correction required in the final audit.,context only; not counted as a verified primary source
SRC0226,Steven L. Heston; Ronnie Sadka,Seasonality in the Cross-Section of Stock Returns,2008,,https://doi.org/10.1016/j.jfineco.2007.02.003,10.1016/j.jfineco.2007.02.003,journal_article,true,Long daily/intraday equity sample.,U.S. indexes and equities.,"Calendar, open/close and announcement returns.",daily_or_intraday,Calendar or overnight pattern.,Paper-specific; Aurora does not assume equivalence to close-t decision and next-open t+1 execution.,Paper-specific; not imported. Aurora headline costs are fixed at zero by the user.,Bibliographic identity and relevance were checked; exact coefficients and sample endpoints were not re-extracted for this lower-priority record.,See original source; explicit OOS is recorded in the synthesis for priority papers.,Mixed or not fully re-extracted; related replications and contradictions are registered separately.,yes_or_transformable_with_causal_asof_join,true,low_to_medium,low_to_medium,low,high,paper_specific,medium_high,medium,contextual_only,"Retained only as hypothesis, feature, negative control or validation method; no published return is treated as an Aurora result.",Bibliographic identity and relevance were checked; exact coefficients and sample endpoints were not re-extracted for this lower-priority record.,"Only deterministic, causal, zero-cost +1/-1 translations explicitly listed in candidate_strategy_pack.jsonl are permitted.","Unless stated in research_synthesis.md: exact sample endpoints, coefficients, transaction costs, execution timing and standalone SPY transfer.",pre_2011_evidence,calendar_and_overnight,false,contextual_record_not_counted_as_verified_primary,doi:10.1016/j.jfineco.2007.02.003,contextual catalogue record,https://doi.org/10.1016/j.jfineco.2007.02.003,,No metadata correction required in the final audit.,context only; not counted as a verified primary source
SRC0227,Matti Keloharju; Juhani T. Linnainmaa; Peter Nyberg,Return Seasonalities,2016,,https://doi.org/10.1111/jofi.12398,10.1111/jofi.12398,journal_article,true,Long daily/intraday equity sample.,U.S. indexes and equities.,"Calendar, open/close and announcement returns.",daily_or_intraday,Calendar or overnight pattern.,Paper-specific; Aurora does not assume equivalence to close-t decision and next-open t+1 execution.,Paper-specific; not imported. Aurora headline costs are fixed at zero by the user.,Bibliographic identity and relevance were checked; exact coefficients and sample endpoints were not re-extracted for this lower-priority record.,See original source; explicit OOS is recorded in the synthesis for priority papers.,Mixed or not fully re-extracted; related replications and contradictions are registered separately.,yes_or_transformable_with_causal_asof_join,false,low_to_medium,low_to_medium,low,high,paper_specific,medium_high,medium,contextual_only,"Retained only as hypothesis, feature, negative control or validation method; no published return is treated as an Aurora result.",Bibliographic identity and relevance were checked; exact coefficients and sample endpoints were not re-extracted for this lower-priority record.,"Only deterministic, causal, zero-cost +1/-1 translations explicitly listed in candidate_strategy_pack.jsonl are permitted.","Unless stated in research_synthesis.md: exact sample endpoints, coefficients, transaction costs, execution timing and standalone SPY transfer.",post_2010_research,calendar_and_overnight,false,contextual_record_not_counted_as_verified_primary,doi:10.1111/jofi.12398,contextual catalogue record,https://doi.org/10.1111/jofi.12398,,No metadata correction required in the final audit.,context only; not counted as a verified primary source
SRC0228,Michael R. Gibbons; Patrick Hess,Day of the Week Effects and Asset Returns,1981,,https://doi.org/10.1086/296147,10.1086/296147,journal_article,true,Long daily/intraday equity sample.,U.S. indexes and equities.,"Calendar, open/close and announcement returns.",daily_or_intraday,Calendar or overnight pattern.,Paper-specific; Aurora does not assume equivalence to close-t decision and next-open t+1 execution.,Paper-specific; not imported. Aurora headline costs are fixed at zero by the user.,Bibliographic identity and relevance were checked; exact coefficients and sample endpoints were not re-extracted for this lower-priority record.,See original source; explicit OOS is recorded in the synthesis for priority papers.,Mixed or not fully re-extracted; related replications and contradictions are registered separately.,yes_or_transformable_with_causal_asof_join,true,low_to_medium,low_to_medium,low,high,paper_specific,medium_high,medium,contextual_only,"Retained only as hypothesis, feature, negative control or validation method; no published return is treated as an Aurora result.",Bibliographic identity and relevance were checked; exact coefficients and sample endpoints were not re-extracted for this lower-priority record.,"Only deterministic, causal, zero-cost +1/-1 translations explicitly listed in candidate_strategy_pack.jsonl are permitted.","Unless stated in research_synthesis.md: exact sample endpoints, coefficients, transaction costs, execution timing and standalone SPY transfer.",pre_2011_evidence,calendar_and_overnight,false,contextual_record_not_counted_as_verified_primary,doi:10.1086/296147,contextual catalogue record,https://doi.org/10.1086/296147,,No metadata correction required in the final audit.,context only; not counted as a verified primary source
SRC0229,Donald B. Keim; Robert F. Stambaugh,A Further Investigation of the Weekend Effect in Stock Returns,1984,,https://doi.org/10.1111/j.1540-6261.1984.tb03675.x,10.1111/j.1540-6261.1984.tb03675.x,journal_article,true,Long daily/intraday equity sample.,U.S. indexes and equities.,"Calendar, open/close and announcement returns.",daily_or_intraday,Calendar or overnight pattern.,Paper-specific; Aurora does not assume equivalence to close-t decision and next-open t+1 execution.,Paper-specific; not imported. Aurora headline costs are fixed at zero by the user.,Bibliographic identity and relevance were checked; exact coefficients and sample endpoints were not re-extracted for this lower-priority record.,See original source; explicit OOS is recorded in the synthesis for priority papers.,Mixed or not fully re-extracted; related replications and contradictions are registered separately.,yes_or_transformable_with_causal_asof_join,true,low_to_medium,low_to_medium,low,high,paper_specific,medium_high,medium,contextual_only,"Retained only as hypothesis, feature, negative control or validation method; no published return is treated as an Aurora result.",Bibliographic identity and relevance were checked; exact coefficients and sample endpoints were not re-extracted for this lower-priority record.,"Only deterministic, causal, zero-cost +1/-1 translations explicitly listed in candidate_strategy_pack.jsonl are permitted.","Unless stated in research_synthesis.md: exact sample endpoints, coefficients, transaction costs, execution timing and standalone SPY transfer.",pre_2011_evidence,calendar_and_overnight,false,contextual_record_not_counted_as_verified_primary,doi:10.1111/j.1540-6261.1984.tb03675.x,contextual catalogue record,https://doi.org/10.1111/j.1540-6261.1984.tb03675.x,,No metadata correction required in the final audit.,context only; not counted as a verified primary source
SRC0230,Robert A. Ariel,A Monthly Effect in Stock Returns,1987,,https://doi.org/10.1016/0304-405X(87)90066-3,10.1016/0304-405X(87)90066-3,journal_article,true,Long daily/intraday equity sample.,U.S. indexes and equities.,"Calendar, open/close and announcement returns.",daily_or_intraday,Calendar or overnight pattern.,Paper-specific; Aurora does not assume equivalence to close-t decision and next-open t+1 execution.,Paper-specific; not imported. Aurora headline costs are fixed at zero by the user.,Bibliographic identity and relevance were checked; exact coefficients and sample endpoints were not re-extracted for this lower-priority record.,See original source; explicit OOS is recorded in the synthesis for priority papers.,Mixed or not fully re-extracted; related replications and contradictions are registered separately.,yes_or_transformable_with_causal_asof_join,true,low_to_medium,low_to_medium,low,high,paper_specific,medium_high,medium,contextual_only,"Retained only as hypothesis, feature, negative control or validation method; no published return is treated as an Aurora result.",Bibliographic identity and relevance were checked; exact coefficients and sample endpoints were not re-extracted for this lower-priority record.,"Only deterministic, causal, zero-cost +1/-1 translations explicitly listed in candidate_strategy_pack.jsonl are permitted.","Unless stated in research_synthesis.md: exact sample endpoints, coefficients, transaction costs, execution timing and standalone SPY transfer.",pre_2011_evidence,calendar_and_overnight,false,contextual_record_not_counted_as_verified_primary,doi:10.1016/0304-405x(87)90066-3,contextual catalogue record,https://doi.org/10.1016/0304-405X(87)90066-3,,No metadata correction required in the final audit.,context only; not counted as a verified primary source
SRC0231,Robert A. Ariel,High Stock Returns Before Holidays: Existence and Evidence on Possible Causes,1990,,https://doi.org/10.1111/j.1540-6261.1990.tb05023.x,10.1111/j.1540-6261.1990.tb05023.x,journal_article,true,Long daily/intraday equity sample.,U.S. indexes and equities.,"Calendar, open/close and announcement returns.",daily_or_intraday,Calendar or overnight pattern.,Paper-specific; Aurora does not assume equivalence to close-t decision and next-open t+1 execution.,Paper-specific; not imported. Aurora headline costs are fixed at zero by the user.,Bibliographic identity and relevance were checked; exact coefficients and sample endpoints were not re-extracted for this lower-priority record.,See original source; explicit OOS is recorded in the synthesis for priority papers.,Mixed or not fully re-extracted; related replications and contradictions are registered separately.,yes_or_transformable_with_causal_asof_join,true,low_to_medium,low_to_medium,low,high,paper_specific,medium_high,medium,contextual_only,"Retained only as hypothesis, feature, negative control or validation method; no published return is treated as an Aurora result.",Bibliographic identity and relevance were checked; exact coefficients and sample endpoints were not re-extracted for this lower-priority record.,"Only deterministic, causal, zero-cost +1/-1 translations explicitly listed in candidate_strategy_pack.jsonl are permitted.","Unless stated in research_synthesis.md: exact sample endpoints, coefficients, transaction costs, execution timing and standalone SPY transfer.",pre_2011_evidence,calendar_and_overnight,false,contextual_record_not_counted_as_verified_primary,doi:10.1111/j.1540-6261.1990.tb05023.x,contextual catalogue record,https://doi.org/10.1111/j.1540-6261.1990.tb05023.x,,No metadata correction required in the final audit.,context only; not counted as a verified primary source
SRC0232,Lawrence Harris,A Transaction Data Study of Weekly and Intradaily Patterns in Stock Returns,1986,,https://doi.org/10.1016/0304-405X(86)90044-9,10.1016/0304-405X(86)90044-9,journal_article,true,Long daily/intraday equity sample.,U.S. indexes and equities.,"Calendar, open/close and announcement returns.",daily_or_intraday,Calendar or overnight pattern.,Paper-specific; Aurora does not assume equivalence to close-t decision and next-open t+1 execution.,Paper-specific; not imported. Aurora headline costs are fixed at zero by the user.,Bibliographic identity and relevance were checked; exact coefficients and sample endpoints were not re-extracted for this lower-priority record.,See original source; explicit OOS is recorded in the synthesis for priority papers.,Mixed or not fully re-extracted; related replications and contradictions are registered separately.,yes_or_transformable_with_causal_asof_join,true,low_to_medium,low_to_medium,low,high,paper_specific,medium_high,medium,contextual_only,"Retained only as hypothesis, feature, negative control or validation method; no published return is treated as an Aurora result.",Bibliographic identity and relevance were checked; exact coefficients and sample endpoints were not re-extracted for this lower-priority record.,"Only deterministic, causal, zero-cost +1/-1 translations explicitly listed in candidate_strategy_pack.jsonl are permitted.","Unless stated in research_synthesis.md: exact sample endpoints, coefficients, transaction costs, execution timing and standalone SPY transfer.",pre_2011_evidence,calendar_and_overnight,false,contextual_record_not_counted_as_verified_primary,doi:10.1016/0304-405x(86)90044-9,contextual catalogue record,https://doi.org/10.1016/0304-405X(86)90044-9,,No metadata correction required in the final audit.,context only; not counted as a verified primary source
SRC0233,Richard J. Rogalski,New Findings Regarding Day-of-the-Week Returns over Trading and Non-Trading Periods,1984,,https://doi.org/10.1111/j.1540-6261.1984.tb03877.x,10.1111/j.1540-6261.1984.tb03877.x,journal_article,true,Long daily/intraday equity sample.,U.S. indexes and equities.,"Calendar, open/close and announcement returns.",daily_or_intraday,Calendar or overnight pattern.,Paper-specific; Aurora does not assume equivalence to close-t decision and next-open t+1 execution.,Paper-specific; not imported. Aurora headline costs are fixed at zero by the user.,Bibliographic identity and relevance were checked; exact coefficients and sample endpoints were not re-extracted for this lower-priority record.,See original source; explicit OOS is recorded in the synthesis for priority papers.,Mixed or not fully re-extracted; related replications and contradictions are registered separately.,yes_or_transformable_with_causal_asof_join,true,low_to_medium,low_to_medium,low,high,paper_specific,medium_high,medium,contextual_only,"Retained only as hypothesis, feature, negative control or validation method; no published return is treated as an Aurora result.",Bibliographic identity and relevance were checked; exact coefficients and sample endpoints were not re-extracted for this lower-priority record.,"Only deterministic, causal, zero-cost +1/-1 translations explicitly listed in candidate_strategy_pack.jsonl are permitted.","Unless stated in research_synthesis.md: exact sample endpoints, coefficients, transaction costs, execution timing and standalone SPY transfer.",pre_2011_evidence,calendar_and_overnight,false,contextual_record_not_counted_as_verified_primary,doi:10.1111/j.1540-6261.1984.tb03877.x,contextual catalogue record,https://doi.org/10.1111/j.1540-6261.1984.tb03877.x,,No metadata correction required in the final audit.,context only; not counted as a verified primary source
SRC0234,Michael S. Rozeff; William R. Kinney Jr.,Capital Market Seasonality: The Case of Stock Returns,1976,,https://doi.org/10.1016/0304-405X(76)90028-3,10.1016/0304-405X(76)90028-3,journal_article,true,Long daily/intraday equity sample.,U.S. indexes and equities.,"Calendar, open/close and announcement returns.",daily_or_intraday,Calendar or overnight pattern.,Paper-specific; Aurora does not assume equivalence to close-t decision and next-open t+1 execution.,Paper-specific; not imported. Aurora headline costs are fixed at zero by the user.,Bibliographic identity and relevance were checked; exact coefficients and sample endpoints were not re-extracted for this lower-priority record.,See original source; explicit OOS is recorded in the synthesis for priority papers.,Mixed or not fully re-extracted; related replications and contradictions are registered separately.,yes_or_transformable_with_causal_asof_join,true,low_to_medium,low_to_medium,low,high,paper_specific,medium_high,medium,contextual_only,"Retained only as hypothesis, feature, negative control or validation method; no published return is treated as an Aurora result.",Bibliographic identity and relevance were checked; exact coefficients and sample endpoints were not re-extracted for this lower-priority record.,"Only deterministic, causal, zero-cost +1/-1 translations explicitly listed in candidate_strategy_pack.jsonl are permitted.","Unless stated in research_synthesis.md: exact sample endpoints, coefficients, transaction costs, execution timing and standalone SPY transfer.",pre_2011_evidence,calendar_and_overnight,false,contextual_record_not_counted_as_verified_primary,doi:10.1016/0304-405x(76)90028-3,contextual catalogue record,https://doi.org/10.1016/0304-405X(76)90028-3,,No metadata correction required in the final audit.,context only; not counted as a verified primary source
SRC0235,Henk Berkman; Paul D. Koch; Laura Tuttle; Ying Jenny Zhang,Paying Attention: Overnight Returns and the Hidden Cost of Buying at the Open,2012,,https://doi.org/10.1017/S0022109011000679,10.1017/S0022109011000679,journal_article,true,Long daily/intraday equity sample.,U.S. indexes and equities.,"Calendar, open/close and announcement returns.",daily_or_intraday,Calendar or overnight pattern.,Paper-specific; Aurora does not assume equivalence to close-t decision and next-open t+1 execution.,Paper-specific; not imported. Aurora headline costs are fixed at zero by the user.,Bibliographic identity and relevance were checked; exact coefficients and sample endpoints were not re-extracted for this lower-priority record.,See original source; explicit OOS is recorded in the synthesis for priority papers.,Mixed or not fully re-extracted; related replications and contradictions are registered separately.,yes_or_transformable_with_causal_asof_join,false,low_to_medium,low_to_medium,low,high,paper_specific,medium_high,medium,contextual_only,"Retained only as hypothesis, feature, negative control or validation method; no published return is treated as an Aurora result.",Bibliographic identity and relevance were checked; exact coefficients and sample endpoints were not re-extracted for this lower-priority record.,"Only deterministic, causal, zero-cost +1/-1 translations explicitly listed in candidate_strategy_pack.jsonl are permitted.","Unless stated in research_synthesis.md: exact sample endpoints, coefficients, transaction costs, execution timing and standalone SPY transfer.",post_2010_research,calendar_and_overnight,false,contextual_record_not_counted_as_verified_primary,doi:10.1017/s0022109011000679,contextual catalogue record,https://doi.org/10.1017/S0022109011000679,,No metadata correction required in the final audit.,context only; not counted as a verified primary source
SRC0236,Dong Lou; Christopher Polk; Spyros Skouras,A Tug of War: Overnight versus Intraday Expected Returns,2019,,https://doi.org/10.1016/j.jfineco.2019.03.011,10.1016/j.jfineco.2019.03.011,journal_article,true,Long daily/intraday equity sample.,U.S. indexes and equities.,"Calendar, open/close and announcement returns.",daily_or_intraday,Calendar or overnight pattern.,Paper-specific; Aurora does not assume equivalence to close-t decision and next-open t+1 execution.,Paper-specific; not imported. Aurora headline costs are fixed at zero by the user.,Bibliographic identity and relevance were checked; exact coefficients and sample endpoints were not re-extracted for this lower-priority record.,See original source; explicit OOS is recorded in the synthesis for priority papers.,Mixed or not fully re-extracted; related replications and contradictions are registered separately.,yes_or_transformable_with_causal_asof_join,false,low_to_medium,low_to_medium,low,high,paper_specific,medium_high,medium,contextual_only,"Retained only as hypothesis, feature, negative control or validation method; no published return is treated as an Aurora result.",Bibliographic identity and relevance were checked; exact coefficients and sample endpoints were not re-extracted for this lower-priority record.,"Only deterministic, causal, zero-cost +1/-1 translations explicitly listed in candidate_strategy_pack.jsonl are permitted.","Unless stated in research_synthesis.md: exact sample endpoints, coefficients, transaction costs, execution timing and standalone SPY transfer.",post_2010_research,calendar_and_overnight,false,contextual_record_not_counted_as_verified_primary,doi:10.1016/j.jfineco.2019.03.011,contextual catalogue record,https://doi.org/10.1016/j.jfineco.2019.03.011,,No metadata correction required in the final audit.,context only; not counted as a verified primary source
SRC0237,John H. Boyd; Jian Hu; Ravi Jagannathan,The Stock Market's Reaction to Unemployment News: Why Bad News Is Usually Good for Stocks,2005,,https://doi.org/10.1111/j.1540-6261.2005.00742.x,10.1111/j.1540-6261.2005.00742.x,journal_article,true,U.S. postwar macro/financial sample.,U.S. economy and aggregate equities.,"Yields, inflation, policy and activity.",daily_to_quarterly,Yield-curve or macro-regime state.,Paper-specific; Aurora does not assume equivalence to close-t decision and next-open t+1 execution.,Paper-specific; not imported. Aurora headline costs are fixed at zero by the user.,Bibliographic identity and relevance were checked; exact coefficients and sample endpoints were not re-extracted for this lower-priority record.,See original source; explicit OOS is recorded in the synthesis for priority papers.,Mixed or not fully re-extracted; related replications and contradictions are registered separately.,yes_or_transformable_with_causal_asof_join,true,high_without_timestamp_controls,low_to_medium,high_for_macro_without_vintages,medium,paper_specific,medium_high,medium_high,include_candidate_or_feature_evidence,"Retained only as hypothesis, feature, negative control or validation method; no published return is treated as an Aurora result.",Bibliographic identity and relevance were checked; exact coefficients and sample endpoints were not re-extracted for this lower-priority record.,"Only deterministic, causal, zero-cost +1/-1 translations explicitly listed in candidate_strategy_pack.jsonl are permitted.","Unless stated in research_synthesis.md: exact sample endpoints, coefficients, transaction costs, execution timing and standalone SPY transfer.",pre_2011_evidence,yield_curve_and_macro_regime,false,contextual_record_not_counted_as_verified_primary,doi:10.1111/j.1540-6261.2005.00742.x,contextual catalogue record,https://doi.org/10.1111/j.1540-6261.2005.00742.x,,No metadata correction required in the final audit.,context only; not counted as a verified primary source
SRC0238,John Y. Campbell; Martin Lettau; Burton G. Malkiel; Yexiao Xu,Have Individual Stocks Become More Volatile? An Empirical Exploration of Idiosyncratic Risk,2001,,https://doi.org/10.1111/0022-1082.00318,10.1111/0022-1082.00318,journal_article,true,U.S. cross-section and market sample.,"Stocks, sectors or industries.","Correlation, dispersion and market returns.",daily_to_monthly,Internal co-movement/concentration state.,Paper-specific; Aurora does not assume equivalence to close-t decision and next-open t+1 execution.,Paper-specific; not imported. Aurora headline costs are fixed at zero by the user.,Bibliographic identity and relevance were checked; exact coefficients and sample endpoints were not re-extracted for this lower-priority record.,See original source; explicit OOS is recorded in the synthesis for priority papers.,Mixed or not fully re-extracted; related replications and contradictions are registered separately.,yes_or_transformable_with_causal_asof_join,true,low_to_medium,high_for_cross_section; low_for_index,low,medium,paper_specific,medium_high,medium,contextual_only,"Retained only as hypothesis, feature, negative control or validation method; no published return is treated as an Aurora result.",Bibliographic identity and relevance were checked; exact coefficients and sample endpoints were not re-extracted for this lower-priority record.,"Only deterministic, causal, zero-cost +1/-1 translations explicitly listed in candidate_strategy_pack.jsonl are permitted.","Unless stated in research_synthesis.md: exact sample endpoints, coefficients, transaction costs, execution timing and standalone SPY transfer.",pre_2011_evidence,correlation_dispersion_and_concentration,false,contextual_record_not_counted_as_verified_primary,doi:10.1111/0022-1082.00318,contextual catalogue record,https://doi.org/10.1111/0022-1082.00318,,No metadata correction required in the final audit.,context only; not counted as a verified primary source
SRC0239,Hanno Lustig; Nikolai Roussanov; Adrien Verdelhan,Common Risk Factors in Currency Markets,2011,,https://doi.org/10.1093/rfs/hhq116,10.1093/rfs/hhq116,journal_article,true,Multi-asset or international sample.,"Equities, bonds, currencies, commodities or industries.",Cross-market prices and returns.,daily_or_monthly,Cross-asset lead-lag/risk-off state.,Paper-specific; Aurora does not assume equivalence to close-t decision and next-open t+1 execution.,Paper-specific; not imported. Aurora headline costs are fixed at zero by the user.,Bibliographic identity and relevance were checked; exact coefficients and sample endpoints were not re-extracted for this lower-priority record.,See original source; explicit OOS is recorded in the synthesis for priority papers.,Mixed or not fully re-extracted; related replications and contradictions are registered separately.,yes_or_transformable_with_causal_asof_join,false,low_to_medium,low_to_medium,low,medium,paper_specific,medium_high,medium_high,include_candidate_or_feature_evidence,"Retained only as hypothesis, feature, negative control or validation method; no published return is treated as an Aurora result.",Bibliographic identity and relevance were checked; exact coefficients and sample endpoints were not re-extracted for this lower-priority record.,"Only deterministic, causal, zero-cost +1/-1 translations explicitly listed in candidate_strategy_pack.jsonl are permitted.","Unless stated in research_synthesis.md: exact sample endpoints, coefficients, transaction costs, execution timing and standalone SPY transfer.",post_2010_research,cross_asset_lead_lag,false,contextual_record_not_counted_as_verified_primary,doi:10.1093/rfs/hhq116,contextual catalogue record,https://doi.org/10.1093/rfs/hhq116,,No metadata correction required in the final audit.,context only; not counted as a verified primary source
SRC0240,Lukas Menkhoff; Lucio Sarno; Maik Schmeling; Andreas Schrimpf,Currency Momentum Strategies,2012,,https://doi.org/10.1016/j.jfineco.2012.06.009,10.1016/j.jfineco.2012.06.009,journal_article,true,Multi-asset or international sample.,"Equities, bonds, currencies, commodities or industries.",Cross-market prices and returns.,daily_or_monthly,Cross-asset lead-lag/risk-off state.,Paper-specific; Aurora does not assume equivalence to close-t decision and next-open t+1 execution.,Paper-specific; not imported. Aurora headline costs are fixed at zero by the user.,Bibliographic identity and relevance were checked; exact coefficients and sample endpoints were not re-extracted for this lower-priority record.,See original source; explicit OOS is recorded in the synthesis for priority papers.,Mixed or not fully re-extracted; related replications and contradictions are registered separately.,yes_or_transformable_with_causal_asof_join,false,low_to_medium,low_to_medium,low,medium,paper_specific,medium_high,medium_high,include_candidate_or_feature_evidence,"Retained only as hypothesis, feature, negative control or validation method; no published return is treated as an Aurora result.",Bibliographic identity and relevance were checked; exact coefficients and sample endpoints were not re-extracted for this lower-priority record.,"Only deterministic, causal, zero-cost +1/-1 translations explicitly listed in candidate_strategy_pack.jsonl are permitted.","Unless stated in research_synthesis.md: exact sample endpoints, coefficients, transaction costs, execution timing and standalone SPY transfer.",post_2010_research,cross_asset_lead_lag,false,contextual_record_not_counted_as_verified_primary,doi:10.1016/j.jfineco.2012.06.009,contextual catalogue record,https://doi.org/10.1016/j.jfineco.2012.06.009,,No metadata correction required in the final audit.,context only; not counted as a verified primary source
SRC0241,Tarun Chordia; Richard Roll; Avanidhar Subrahmanyam,Market Liquidity and Trading Activity,2001,,https://doi.org/10.1111/0022-1082.00335,10.1111/0022-1082.00335,journal_article,true,U.S. equity-market sample; see original paper.,Stocks and/or aggregate market.,"Volume, spreads, turnover and returns.",daily_or_monthly,Liquidity or price-pressure state.,Paper-specific; Aurora does not assume equivalence to close-t decision and next-open t+1 execution.,Paper-specific; not imported. Aurora headline costs are fixed at zero by the user.,Bibliographic identity and relevance were checked; exact coefficients and sample endpoints were not re-extracted for this lower-priority record.,See original source; explicit OOS is recorded in the synthesis for priority papers.,Mixed or not fully re-extracted; related replications and contradictions are registered separately.,yes_or_transformable_with_causal_asof_join,true,low_to_medium,low_to_medium,low,medium,paper_specific,medium_high,medium_high,include_candidate_or_feature_evidence,"Retained only as hypothesis, feature, negative control or validation method; no published return is treated as an Aurora result.",Bibliographic identity and relevance were checked; exact coefficients and sample endpoints were not re-extracted for this lower-priority record.,"Only deterministic, causal, zero-cost +1/-1 translations explicitly listed in candidate_strategy_pack.jsonl are permitted.","Unless stated in research_synthesis.md: exact sample endpoints, coefficients, transaction costs, execution timing and standalone SPY transfer.",pre_2011_evidence,liquidity_and_volume,false,contextual_record_not_counted_as_verified_primary,doi:10.1111/0022-1082.00335,contextual catalogue record,https://doi.org/10.1111/0022-1082.00335,,No metadata correction required in the final audit.,context only; not counted as a verified primary source
SRC0242,Charles M. Jones,A Century of Stock Market Liquidity and Trading Costs,2002,,https://papers.ssrn.com/sol3/papers.cfm?abstract_id=313681,,working_paper,false,U.S. equity-market sample; see original paper.,Stocks and/or aggregate market.,"Volume, spreads, turnover and returns.",daily_or_monthly,Liquidity or price-pressure state.,Paper-specific; Aurora does not assume equivalence to close-t decision and next-open t+1 execution.,Paper-specific; not imported. Aurora headline costs are fixed at zero by the user.,Bibliographic identity and relevance were checked; exact coefficients and sample endpoints were not re-extracted for this lower-priority record.,See original source; explicit OOS is recorded in the synthesis for priority papers.,Mixed or not fully re-extracted; related replications and contradictions are registered separately.,yes_or_transformable_with_causal_asof_join,true,low_to_medium,low_to_medium,low,medium,paper_specific,medium_high,medium_high,include_candidate_or_feature_evidence,"Retained only as hypothesis, feature, negative control or validation method; no published return is treated as an Aurora result.",Bibliographic identity and relevance were checked; exact coefficients and sample endpoints were not re-extracted for this lower-priority record.,"Only deterministic, causal, zero-cost +1/-1 translations explicitly listed in candidate_strategy_pack.jsonl are permitted.","Unless stated in research_synthesis.md: exact sample endpoints, coefficients, transaction costs, execution timing and standalone SPY transfer.",pre_2011_evidence,liquidity_and_volume,false,contextual_record_not_counted_as_verified_primary,url:https://papers.ssrn.com/sol3/papers.cfm?abstract_id=313681,contextual catalogue record,https://papers.ssrn.com/sol3/papers.cfm?abstract_id=313681,,No metadata correction required in the final audit.,context only; not counted as a verified primary source
SRC0243,Cboe Global Markets,VIX White Paper and Methodology,2019,,https://www.cboe.com/tradable_products/vix/vix_white_paper/,,official_documentation,false,Options-era U.S. sample; see original paper.,S&P 500/S&P 100 and volatility indexes.,VIX-family indexes and equity returns.,daily,VIX level/change or extreme.,Paper-specific; Aurora does not assume equivalence to close-t decision and next-open t+1 execution.,Paper-specific; not imported. Aurora headline costs are fixed at zero by the user.,Bibliographic identity and relevance were checked; exact coefficients and sample endpoints were not re-extracted for this lower-priority record.,See original source; explicit OOS is recorded in the synthesis for priority papers.,Mixed or not fully re-extracted; related replications and contradictions are registered separately.,yes_or_transformable_with_causal_asof_join,false,low_to_medium,low_to_medium,low,medium,paper_specific,medium_high,high,include_candidate_or_feature_evidence,"Retained only as hypothesis, feature, negative control or validation method; no published return is treated as an Aurora result.",Bibliographic identity and relevance were checked; exact coefficients and sample endpoints were not re-extracted for this lower-priority record.,"Only deterministic, causal, zero-cost +1/-1 translations explicitly listed in candidate_strategy_pack.jsonl are permitted.","Unless stated in research_synthesis.md: exact sample endpoints, coefficients, transaction costs, execution timing and standalone SPY transfer.",post_2010_research,vix_level_and_change,false,contextual_record_not_counted_as_verified_primary,url:https://www.cboe.com/tradable_products/vix/vix_white_paper/,contextual catalogue record,https://www.cboe.com/tradable_products/vix/vix_white_paper/,,No metadata correction required in the final audit.,context only; not counted as a verified primary source
SRC0244,Commodity Futures Trading Commission,Commitments of Traders Explanatory Notes,2026,,https://www.cftc.gov/MarketReports/CommitmentsofTraders/ExplanatoryNotes/index.htm,,official_documentation,false,U.S. sentiment/market sample.,Aggregate market or U.S. stocks.,"Surveys, media, issuance, attention or positioning.",daily_to_monthly,Sentiment/positioning state.,Paper-specific; Aurora does not assume equivalence to close-t decision and next-open t+1 execution.,Paper-specific; not imported. Aurora headline costs are fixed at zero by the user.,Bibliographic identity and relevance were checked; exact coefficients and sample endpoints were not re-extracted for this lower-priority record.,See original source; explicit OOS is recorded in the synthesis for priority papers.,Mixed or not fully re-extracted; related replications and contradictions are registered separately.,yes_or_transformable_with_causal_asof_join,false,high_without_timestamp_controls,low_to_medium,low,medium,paper_specific,medium_high,medium,contextual_only,"Retained only as hypothesis, feature, negative control or validation method; no published return is treated as an Aurora result.",Bibliographic identity and relevance were checked; exact coefficients and sample endpoints were not re-extracted for this lower-priority record.,"Only deterministic, causal, zero-cost +1/-1 translations explicitly listed in candidate_strategy_pack.jsonl are permitted.","Unless stated in research_synthesis.md: exact sample endpoints, coefficients, transaction costs, execution timing and standalone SPY transfer.",post_2010_research,sentiment_and_positioning,false,contextual_record_not_counted_as_verified_primary,url:https://www.cftc.gov/marketreports/commitmentsoftraders/explanatorynotes/index.htm,contextual catalogue record,https://www.cftc.gov/MarketReports/CommitmentsofTraders/ExplanatoryNotes/index.htm,,No metadata correction required in the final audit.,context only; not counted as a verified primary source
SRC0245,Federal Reserve Bank of St. Louis,ALFRED Archival Federal Reserve Economic Data Documentation,2026,,https://alfred.stlouisfed.org/,,official_documentation,false,Historical releases and vintages.,U.S. macroeconomy.,Vintage observations and release dates.,release_based,Point-in-time data architecture.,Paper-specific; Aurora does not assume equivalence to close-t decision and next-open t+1 execution.,Paper-specific; not imported. Aurora headline costs are fixed at zero by the user.,Bibliographic identity and relevance were checked; exact coefficients and sample endpoints were not re-extracted for this lower-priority record.,See original source; explicit OOS is recorded in the synthesis for priority papers.,Mixed or not fully re-extracted; related replications and contradictions are registered separately.,yes_or_transformable_with_causal_asof_join,false,high_without_timestamp_controls,low_to_medium,high_for_macro_without_vintages,medium,paper_specific,medium_high,high,methods_only,"Retained only as hypothesis, feature, negative control or validation method; no published return is treated as an Aurora result.",Bibliographic identity and relevance were checked; exact coefficients and sample endpoints were not re-extracted for this lower-priority record.,"Only deterministic, causal, zero-cost +1/-1 translations explicitly listed in candidate_strategy_pack.jsonl are permitted.","Unless stated in research_synthesis.md: exact sample endpoints, coefficients, transaction costs, execution timing and standalone SPY transfer.",post_2010_research,real_time_macro_data,false,contextual_record_not_counted_as_verified_primary,url:https://alfred.stlouisfed.org/,contextual catalogue record,https://alfred.stlouisfed.org/,,No metadata correction required in the final audit.,context only; not counted as a verified primary source
SRC0246,FINRA,Margin Statistics Methodology and Monthly Aggregate Data,2026,,https://www.finra.org/rules-guidance/key-topics/margin-accounts/margin-statistics,,official_documentation,false,U.S. sentiment/market sample.,Aggregate market or U.S. stocks.,"Surveys, media, issuance, attention or positioning.",daily_to_monthly,Sentiment/positioning state.,Paper-specific; Aurora does not assume equivalence to close-t decision and next-open t+1 execution.,Paper-specific; not imported. Aurora headline costs are fixed at zero by the user.,Bibliographic identity and relevance were checked; exact coefficients and sample endpoints were not re-extracted for this lower-priority record.,See original source; explicit OOS is recorded in the synthesis for priority papers.,Mixed or not fully re-extracted; related replications and contradictions are registered separately.,yes_or_transformable_with_causal_asof_join,false,high_without_timestamp_controls,low_to_medium,low,medium,paper_specific,medium_high,medium,contextual_only,"Retained only as hypothesis, feature, negative control or validation method; no published return is treated as an Aurora result.",Bibliographic identity and relevance were checked; exact coefficients and sample endpoints were not re-extracted for this lower-priority record.,"Only deterministic, causal, zero-cost +1/-1 translations explicitly listed in candidate_strategy_pack.jsonl are permitted.","Unless stated in research_synthesis.md: exact sample endpoints, coefficients, transaction costs, execution timing and standalone SPY transfer.",post_2010_research,sentiment_and_positioning,false,contextual_record_not_counted_as_verified_primary,url:https://www.finra.org/rules-guidance/key-topics/margin-accounts/margin-statistics,contextual catalogue record,https://www.finra.org/rules-guidance/key-topics/margin-accounts/margin-statistics,,No metadata correction required in the final audit.,context only; not counted as a verified primary source
SRC0247,State Street Global Advisors,SPDR S&P 500 ETF Trust Official Fund Record,2026,,https://www.ssga.com/us/en/intermediary/etfs/spdr-sp-500-etf-trust-spy,,official_documentation,false,Historical releases and vintages.,U.S. macroeconomy.,Vintage observations and release dates.,release_based,Point-in-time data architecture.,Paper-specific; Aurora does not assume equivalence to close-t decision and next-open t+1 execution.,Paper-specific; not imported. Aurora headline costs are fixed at zero by the user.,Bibliographic identity and relevance were checked; exact coefficients and sample endpoints were not re-extracted for this lower-priority record.,See original source; explicit OOS is recorded in the synthesis for priority papers.,Mixed or not fully re-extracted; related replications and contradictions are registered separately.,yes_or_transformable_with_causal_asof_join,false,high_without_timestamp_controls,low_to_medium,high_for_macro_without_vintages,medium,paper_specific,medium_high,high,methods_only,"Retained only as hypothesis, feature, negative control or validation method; no published return is treated as an Aurora result.",Bibliographic identity and relevance were checked; exact coefficients and sample endpoints were not re-extracted for this lower-priority record.,"Only deterministic, causal, zero-cost +1/-1 translations explicitly listed in candidate_strategy_pack.jsonl are permitted.","Unless stated in research_synthesis.md: exact sample endpoints, coefficients, transaction costs, execution timing and standalone SPY transfer.",post_2010_research,real_time_macro_data,false,contextual_record_not_counted_as_verified_primary,url:https://www.ssga.com/us/en/intermediary/etfs/spdr-sp-500-etf-trust-spy,contextual catalogue record,https://www.ssga.com/us/en/intermediary/etfs/spdr-sp-500-etf-trust-spy,,No metadata correction required in the final audit.,context only; not counted as a verified primary source
SRC0248,Amit Goyal,Equity Premium Prediction Data Library,2026,,https://sites.google.com/view/agoyal145/,,journal_article,false,Long aggregate U.S. sample; see original paper.,Aggregate U.S. equities.,"Valuation, issuance, rates and macro predictors.",monthly_or_annual,Equity-premium forecast.,Paper-specific; Aurora does not assume equivalence to close-t decision and next-open t+1 execution.,Paper-specific; not imported. Aurora headline costs are fixed at zero by the user.,Bibliographic identity and relevance were checked; exact coefficients and sample endpoints were not re-extracted for this lower-priority record.,See original source; explicit OOS is recorded in the synthesis for priority papers.,Mixed or not fully re-extracted; related replications and contradictions are registered separately.,yes_or_transformable_with_causal_asof_join,false,low_to_medium,low_to_medium,low,medium,paper_specific,medium_high,medium_high,include_candidate_or_feature_evidence,"Retained only as hypothesis, feature, negative control or validation method; no published return is treated as an Aurora result.",Bibliographic identity and relevance were checked; exact coefficients and sample endpoints were not re-extracted for this lower-priority record.,"Only deterministic, causal, zero-cost +1/-1 translations explicitly listed in candidate_strategy_pack.jsonl are permitted.","Unless stated in research_synthesis.md: exact sample endpoints, coefficients, transaction costs, execution timing and standalone SPY transfer.",post_2010_research,valuation_and_equity_premium,false,contextual_record_not_counted_as_verified_primary,url:https://sites.google.com/view/agoyal145/,contextual catalogue record,https://sites.google.com/view/agoyal145/,,No metadata correction required in the final audit.,context only; not counted as a verified primary source
SRC0249,Federal Reserve Bank of St. Louis,FRED API Documentation,2026,,https://fred.stlouisfed.org/docs/api/fred/,,official_documentation,false,Historical releases and vintages.,U.S. macroeconomy.,Vintage observations and release dates.,release_based,Point-in-time data architecture.,Paper-specific; Aurora does not assume equivalence to close-t decision and next-open t+1 execution.,Paper-specific; not imported. Aurora headline costs are fixed at zero by the user.,Bibliographic identity and relevance were checked; exact coefficients and sample endpoints were not re-extracted for this lower-priority record.,See original source; explicit OOS is recorded in the synthesis for priority papers.,Mixed or not fully re-extracted; related replications and contradictions are registered separately.,yes_or_transformable_with_causal_asof_join,false,high_without_timestamp_controls,low_to_medium,high_for_macro_without_vintages,medium,paper_specific,medium_high,high,methods_only,"Retained only as hypothesis, feature, negative control or validation method; no published return is treated as an Aurora result.",Bibliographic identity and relevance were checked; exact coefficients and sample endpoints were not re-extracted for this lower-priority record.,"Only deterministic, causal, zero-cost +1/-1 translations explicitly listed in candidate_strategy_pack.jsonl are permitted.","Unless stated in research_synthesis.md: exact sample endpoints, coefficients, transaction costs, execution timing and standalone SPY transfer.",post_2010_research,real_time_macro_data,false,contextual_record_not_counted_as_verified_primary,url:https://fred.stlouisfed.org/docs/api/fred/,contextual catalogue record,https://fred.stlouisfed.org/docs/api/fred/,,No metadata correction required in the final audit.,context only; not counted as a verified primary source
