feature_id,family,feature_name,formula,inputs,lookback,frequency,available_at,causal_lag,normalization,missing_data_rule,warmup,point_in_time_requirement,canonical_hash_basis,research_source_ids,candidate_strategy_ids,risk_notes
V2FEAT0001,overnight_intraday_tug,Overnight–intraday tug of war — TUG_CONT_1,base_t = SUM_{i=0..0}(r_on_(t-i) - r_id_(t-i)); score_t = base_t,"[""V2DS001"", ""V2DS002"", ""V2DS003""]",2,daily decision,after SPY regular-session close t,0 sessions after close for market data; execution remains next open,frozen in formula; rolling/expanding only,Do not future-fill. Preserve prior position until all required inputs are causally available.,2,Fixed ETF identity and actual inception; no current-constituent history; no observation after t.,c015e4852bd963985962fa2872ac8f890495810faf93d7d35d9fc5d26f23a285,"[""SRC0250"", ""SRC0251""]","[""V2STRAT0001""]",Segment effects may be unconditional rather than predictive; open data are sensitive to corporate actions and stale prints.
V2FEAT0002,overnight_intraday_tug,Overnight–intraday tug of war — TUG_CONT_5,base_t = SUM_{i=0..4}(r_on_(t-i) - r_id_(t-i)); score_t = base_t,"[""V2DS001"", ""V2DS002"", ""V2DS003""]",6,daily decision,after SPY regular-session close t,0 sessions after close for market data; execution remains next open,frozen in formula; rolling/expanding only,Do not future-fill. Preserve prior position until all required inputs are causally available.,6,Fixed ETF identity and actual inception; no current-constituent history; no observation after t.,d805808579ea4cb7dce1145258c8e74f2cf5a42146b4bfed6ddfa3bc9f094f86,"[""SRC0250"", ""SRC0251""]","[""V2STRAT0002""]",Segment effects may be unconditional rather than predictive; open data are sensitive to corporate actions and stale prints.
V2FEAT0003,overnight_intraday_tug,Overnight–intraday tug of war — TUG_CONT_20,base_t = SUM_{i=0..19}(r_on_(t-i) - r_id_(t-i)); score_t = base_t,"[""V2DS001"", ""V2DS002"", ""V2DS003""]",21,daily decision,after SPY regular-session close t,0 sessions after close for market data; execution remains next open,frozen in formula; rolling/expanding only,Do not future-fill. Preserve prior position until all required inputs are causally available.,21,Fixed ETF identity and actual inception; no current-constituent history; no observation after t.,60e71c6879b15050a7bea248d2b9b7147fee8fd70452345be171f7c510f8bd83,"[""SRC0250"", ""SRC0251""]","[""V2STRAT0003""]",Segment effects may be unconditional rather than predictive; open data are sensitive to corporate actions and stale prints.
V2FEAT0004,overnight_intraday_tug,Overnight–intraday tug of war — TUG_REVERSE_1,base_t = SUM_{i=0..0}(r_on_(t-i) - r_id_(t-i)); score_t = -base_t,"[""V2DS001"", ""V2DS002"", ""V2DS003""]",2,daily decision,after SPY regular-session close t,0 sessions after close for market data; execution remains next open,frozen in formula; rolling/expanding only,Do not future-fill. Preserve prior position until all required inputs are causally available.,2,Fixed ETF identity and actual inception; no current-constituent history; no observation after t.,7f490189362b12351ac705f31a6ce0d7838f9b5f7a4ea051217e2e831ebb6759,"[""SRC0250"", ""SRC0251""]","[""V2STRAT0004""]",Segment effects may be unconditional rather than predictive; open data are sensitive to corporate actions and stale prints.
V2FEAT0005,overnight_intraday_tug,Overnight–intraday tug of war — TUG_REVERSE_5,base_t = SUM_{i=0..4}(r_on_(t-i) - r_id_(t-i)); score_t = -base_t,"[""V2DS001"", ""V2DS002"", ""V2DS003""]",6,daily decision,after SPY regular-session close t,0 sessions after close for market data; execution remains next open,frozen in formula; rolling/expanding only,Do not future-fill. Preserve prior position until all required inputs are causally available.,6,Fixed ETF identity and actual inception; no current-constituent history; no observation after t.,fde1ecc615f6fcc808094b7200218eb8a326f7020451449666412855988ca3e1,"[""SRC0250"", ""SRC0251""]","[""V2STRAT0005""]",Segment effects may be unconditional rather than predictive; open data are sensitive to corporate actions and stale prints.
V2FEAT0006,overnight_intraday_tug,Overnight–intraday tug of war — TUG_REVERSE_20,base_t = SUM_{i=0..19}(r_on_(t-i) - r_id_(t-i)); score_t = -base_t,"[""V2DS001"", ""V2DS002"", ""V2DS003""]",21,daily decision,after SPY regular-session close t,0 sessions after close for market data; execution remains next open,frozen in formula; rolling/expanding only,Do not future-fill. Preserve prior position until all required inputs are causally available.,21,Fixed ETF identity and actual inception; no current-constituent history; no observation after t.,cad550533325dd1647cf5b9f00128a57e0242504cf55f1804470e62a984e26c2,"[""SRC0250"", ""SRC0251""]","[""V2STRAT0006""]",Segment effects may be unconditional rather than predictive; open data are sensitive to corporate actions and stale prints.
V2FEAT0007,gap_body_interaction,Gap/body agreement and rejection — GAP_BODY_AGREE_1,x_s = (r_on_s + r_id_s) if sign(r_on_s)=sign(r_id_s) and both nonzero else 0; y_s = r_id_s if sign(r_on_s) != sign(r_id_s) and both nonzero else 0; score_t = SUM_{s=t-0..t}(x_s),"[""V2DS001"", ""V2DS002"", ""V2DS003""]",2,daily decision,after SPY regular-session close t,0 sessions after close for market data; execution remains next open,frozen in formula; rolling/expanding only,Do not future-fill. Preserve prior position until all required inputs are causally available.,2,Fixed ETF identity and actual inception; no current-constituent history; no observation after t.,eee0b60280342debd2d77d8ade68f9e0c264d82b2a67d5b0696698275610e723,"[""SRC0250"", ""SRC0251""]","[""V2STRAT0007""]","Most apparent rejection may occur before the close, leaving little next-open predictability."
V2FEAT0008,gap_body_interaction,Gap/body agreement and rejection — GAP_BODY_AGREE_5,x_s = (r_on_s + r_id_s) if sign(r_on_s)=sign(r_id_s) and both nonzero else 0; y_s = r_id_s if sign(r_on_s) != sign(r_id_s) and both nonzero else 0; score_t = SUM_{s=t-4..t}(x_s),"[""V2DS001"", ""V2DS002"", ""V2DS003""]",6,daily decision,after SPY regular-session close t,0 sessions after close for market data; execution remains next open,frozen in formula; rolling/expanding only,Do not future-fill. Preserve prior position until all required inputs are causally available.,6,Fixed ETF identity and actual inception; no current-constituent history; no observation after t.,6f5b47a976fedcd1a5758805c207b26cbba3ff3187f2f3a57f21b8ed9cd40364,"[""SRC0250"", ""SRC0251""]","[""V2STRAT0008""]","Most apparent rejection may occur before the close, leaving little next-open predictability."
V2FEAT0009,gap_body_interaction,Gap/body agreement and rejection — GAP_BODY_AGREE_20,x_s = (r_on_s + r_id_s) if sign(r_on_s)=sign(r_id_s) and both nonzero else 0; y_s = r_id_s if sign(r_on_s) != sign(r_id_s) and both nonzero else 0; score_t = SUM_{s=t-19..t}(x_s),"[""V2DS001"", ""V2DS002"", ""V2DS003""]",21,daily decision,after SPY regular-session close t,0 sessions after close for market data; execution remains next open,frozen in formula; rolling/expanding only,Do not future-fill. Preserve prior position until all required inputs are causally available.,21,Fixed ETF identity and actual inception; no current-constituent history; no observation after t.,ad19c4ce9891ab51902939e6bc77ec81f8fb78bbb6040ade2f5369c4f7a16b7f,"[""SRC0250"", ""SRC0251""]","[""V2STRAT0009""]","Most apparent rejection may occur before the close, leaving little next-open predictability."
V2FEAT0010,gap_body_interaction,Gap/body agreement and rejection — GAP_REJECT_BODY_1,x_s = (r_on_s + r_id_s) if sign(r_on_s)=sign(r_id_s) and both nonzero else 0; y_s = r_id_s if sign(r_on_s) != sign(r_id_s) and both nonzero else 0; score_t = SUM_{s=t-0..t}(y_s),"[""V2DS001"", ""V2DS002"", ""V2DS003""]",2,daily decision,after SPY regular-session close t,0 sessions after close for market data; execution remains next open,frozen in formula; rolling/expanding only,Do not future-fill. Preserve prior position until all required inputs are causally available.,2,Fixed ETF identity and actual inception; no current-constituent history; no observation after t.,97db692b846559bb98afba75b08d0a4ca48609c3633cb4d7a65c7f610369bc06,"[""SRC0250"", ""SRC0251""]","[""V2STRAT0010""]","Most apparent rejection may occur before the close, leaving little next-open predictability."
V2FEAT0011,gap_body_interaction,Gap/body agreement and rejection — GAP_REJECT_BODY_5,x_s = (r_on_s + r_id_s) if sign(r_on_s)=sign(r_id_s) and both nonzero else 0; y_s = r_id_s if sign(r_on_s) != sign(r_id_s) and both nonzero else 0; score_t = SUM_{s=t-4..t}(y_s),"[""V2DS001"", ""V2DS002"", ""V2DS003""]",6,daily decision,after SPY regular-session close t,0 sessions after close for market data; execution remains next open,frozen in formula; rolling/expanding only,Do not future-fill. Preserve prior position until all required inputs are causally available.,6,Fixed ETF identity and actual inception; no current-constituent history; no observation after t.,5b43daadb0f779d3ef18b97ecc002195b611a92e8db457909353ad9ccffb6071,"[""SRC0250"", ""SRC0251""]","[""V2STRAT0011""]","Most apparent rejection may occur before the close, leaving little next-open predictability."
V2FEAT0012,gap_body_interaction,Gap/body agreement and rejection — GAP_REJECT_BODY_20,x_s = (r_on_s + r_id_s) if sign(r_on_s)=sign(r_id_s) and both nonzero else 0; y_s = r_id_s if sign(r_on_s) != sign(r_id_s) and both nonzero else 0; score_t = SUM_{s=t-19..t}(y_s),"[""V2DS001"", ""V2DS002"", ""V2DS003""]",21,daily decision,after SPY regular-session close t,0 sessions after close for market data; execution remains next open,frozen in formula; rolling/expanding only,Do not future-fill. Preserve prior position until all required inputs are causally available.,21,Fixed ETF identity and actual inception; no current-constituent history; no observation after t.,6721e7a0e1b9c45503e7e8a47e8db37a15ed82be345b3968479148517a8945e4,"[""SRC0250"", ""SRC0251""]","[""V2STRAT0012""]","Most apparent rejection may occur before the close, leaving little next-open predictability."
V2FEAT0013,close_location_pressure,Close-location pressure — CLV_MEAN_1,"clv_s = (2*P_s-H_s-L_s)/(H_s-L_s), with clv_s=0 when H_s=L_s; score_t = MEAN(clv_s, s=t-0..t)","[""V2DS001"", ""V2DS002"", ""V2DS003""]",2,daily decision,after SPY regular-session close t,0 sessions after close for market data; execution remains next open,frozen in formula; rolling/expanding only,Do not future-fill. Preserve prior position until all required inputs are causally available.,2,Fixed ETF identity and actual inception; no current-constituent history; no observation after t.,c99c843137c508522a88979198cf75941ebf54b9241dde0e6d556c1d42c8cc11,"[""SRC0254""]","[""V2STRAT0013""]",Closing-auction effects and price discreteness can dominate; the statistic may be mostly contemporaneous.
V2FEAT0014,close_location_pressure,Close-location pressure — CLV_MEAN_3,"clv_s = (2*P_s-H_s-L_s)/(H_s-L_s), with clv_s=0 when H_s=L_s; score_t = MEAN(clv_s, s=t-2..t)","[""V2DS001"", ""V2DS002"", ""V2DS003""]",4,daily decision,after SPY regular-session close t,0 sessions after close for market data; execution remains next open,frozen in formula; rolling/expanding only,Do not future-fill. Preserve prior position until all required inputs are causally available.,4,Fixed ETF identity and actual inception; no current-constituent history; no observation after t.,a0908ab9f3b0a6b37bad3eeaa8229205818b5f20b0ad74ba98c908ef904adea7,"[""SRC0254""]","[""V2STRAT0014""]",Closing-auction effects and price discreteness can dominate; the statistic may be mostly contemporaneous.
V2FEAT0015,close_location_pressure,Close-location pressure — CLV_MEAN_5,"clv_s = (2*P_s-H_s-L_s)/(H_s-L_s), with clv_s=0 when H_s=L_s; score_t = MEAN(clv_s, s=t-4..t)","[""V2DS001"", ""V2DS002"", ""V2DS003""]",6,daily decision,after SPY regular-session close t,0 sessions after close for market data; execution remains next open,frozen in formula; rolling/expanding only,Do not future-fill. Preserve prior position until all required inputs are causally available.,6,Fixed ETF identity and actual inception; no current-constituent history; no observation after t.,4aeacae9be7fde4e9f5469bcf747a0cf5363dbbf04afed781023399f580d001a,"[""SRC0254""]","[""V2STRAT0015""]",Closing-auction effects and price discreteness can dominate; the statistic may be mostly contemporaneous.
V2FEAT0016,close_location_pressure,Close-location pressure — CLV_MEAN_10,"clv_s = (2*P_s-H_s-L_s)/(H_s-L_s), with clv_s=0 when H_s=L_s; score_t = MEAN(clv_s, s=t-9..t)","[""V2DS001"", ""V2DS002"", ""V2DS003""]",11,daily decision,after SPY regular-session close t,0 sessions after close for market data; execution remains next open,frozen in formula; rolling/expanding only,Do not future-fill. Preserve prior position until all required inputs are causally available.,11,Fixed ETF identity and actual inception; no current-constituent history; no observation after t.,7b99059af7e0eefb38826fef7b4247b393b910ca1a38f78e496ee0c8e2379f7b,"[""SRC0254""]","[""V2STRAT0016""]",Closing-auction effects and price discreteness can dominate; the statistic may be mostly contemporaneous.
V2FEAT0017,close_location_pressure,Close-location pressure — CLV_MEAN_20,"clv_s = (2*P_s-H_s-L_s)/(H_s-L_s), with clv_s=0 when H_s=L_s; score_t = MEAN(clv_s, s=t-19..t)","[""V2DS001"", ""V2DS002"", ""V2DS003""]",21,daily decision,after SPY regular-session close t,0 sessions after close for market data; execution remains next open,frozen in formula; rolling/expanding only,Do not future-fill. Preserve prior position until all required inputs are causally available.,21,Fixed ETF identity and actual inception; no current-constituent history; no observation after t.,04305335be77c0c95ec1a8927295e417f7c28e25c453a65ccf5ebbd859aeb08c,"[""SRC0254""]","[""V2STRAT0017""]",Closing-auction effects and price discreteness can dominate; the statistic may be mostly contemporaneous.
V2FEAT0018,close_location_pressure,Close-location pressure — CLV_MEAN_63,"clv_s = (2*P_s-H_s-L_s)/(H_s-L_s), with clv_s=0 when H_s=L_s; score_t = MEAN(clv_s, s=t-62..t)","[""V2DS001"", ""V2DS002"", ""V2DS003""]",64,daily decision,after SPY regular-session close t,0 sessions after close for market data; execution remains next open,frozen in formula; rolling/expanding only,Do not future-fill. Preserve prior position until all required inputs are causally available.,64,Fixed ETF identity and actual inception; no current-constituent history; no observation after t.,a85a43db452639b726d71dc08920fe7725dc5347f8517710ecff9d7ff5a60124,"[""SRC0254""]","[""V2STRAT0018""]",Closing-auction effects and price discreteness can dominate; the statistic may be mostly contemporaneous.
V2FEAT0019,range_body_pressure,Intraday body pressure — BODY_RANGE_1,"body_s = (P_s-O_s)/(H_s-L_s), with body_s=0 when H_s=L_s; score_t = MEAN(body_s, s=t-0..t)","[""V2DS001"", ""V2DS002"", ""V2DS003""]",2,daily decision,after SPY regular-session close t,0 sessions after close for market data; execution remains next open,frozen in formula; rolling/expanding only,Do not future-fill. Preserve prior position until all required inputs are causally available.,2,Fixed ETF identity and actual inception; no current-constituent history; no observation after t.,187f527a33362d19e9d5d6dfa56208d8f007d8c655983595324874b45b47cd82,"[""SRC0250"", ""SRC0254""]","[""V2STRAT0019""]",The body is part of the already observed daily return and may add no predictive information.
V2FEAT0020,range_body_pressure,Intraday body pressure — BODY_RANGE_3,"body_s = (P_s-O_s)/(H_s-L_s), with body_s=0 when H_s=L_s; score_t = MEAN(body_s, s=t-2..t)","[""V2DS001"", ""V2DS002"", ""V2DS003""]",4,daily decision,after SPY regular-session close t,0 sessions after close for market data; execution remains next open,frozen in formula; rolling/expanding only,Do not future-fill. Preserve prior position until all required inputs are causally available.,4,Fixed ETF identity and actual inception; no current-constituent history; no observation after t.,21ee76868b7fb38fea7b40095dc60ba491810d680f620c63c03e2d0ccbaab9eb,"[""SRC0250"", ""SRC0254""]","[""V2STRAT0020""]",The body is part of the already observed daily return and may add no predictive information.
V2FEAT0021,range_body_pressure,Intraday body pressure — BODY_RANGE_5,"body_s = (P_s-O_s)/(H_s-L_s), with body_s=0 when H_s=L_s; score_t = MEAN(body_s, s=t-4..t)","[""V2DS001"", ""V2DS002"", ""V2DS003""]",6,daily decision,after SPY regular-session close t,0 sessions after close for market data; execution remains next open,frozen in formula; rolling/expanding only,Do not future-fill. Preserve prior position until all required inputs are causally available.,6,Fixed ETF identity and actual inception; no current-constituent history; no observation after t.,243899ba8adba0cb0939f07409089d45d9eed00431886a7408cf754f6755ef9e,"[""SRC0250"", ""SRC0254""]","[""V2STRAT0021""]",The body is part of the already observed daily return and may add no predictive information.
V2FEAT0022,range_body_pressure,Intraday body pressure — BODY_RANGE_10,"body_s = (P_s-O_s)/(H_s-L_s), with body_s=0 when H_s=L_s; score_t = MEAN(body_s, s=t-9..t)","[""V2DS001"", ""V2DS002"", ""V2DS003""]",11,daily decision,after SPY regular-session close t,0 sessions after close for market data; execution remains next open,frozen in formula; rolling/expanding only,Do not future-fill. Preserve prior position until all required inputs are causally available.,11,Fixed ETF identity and actual inception; no current-constituent history; no observation after t.,2507df5c2091065fd14725b04bdbca1c3c10dd58cf61d8119992bb6777aa1275,"[""SRC0250"", ""SRC0254""]","[""V2STRAT0022""]",The body is part of the already observed daily return and may add no predictive information.
V2FEAT0023,range_body_pressure,Intraday body pressure — BODY_RANGE_20,"body_s = (P_s-O_s)/(H_s-L_s), with body_s=0 when H_s=L_s; score_t = MEAN(body_s, s=t-19..t)","[""V2DS001"", ""V2DS002"", ""V2DS003""]",21,daily decision,after SPY regular-session close t,0 sessions after close for market data; execution remains next open,frozen in formula; rolling/expanding only,Do not future-fill. Preserve prior position until all required inputs are causally available.,21,Fixed ETF identity and actual inception; no current-constituent history; no observation after t.,cf5621fa05e072fb0dcdafa7545a60e0996a19ebc23ef3a8dbec076b98c04b39,"[""SRC0250"", ""SRC0254""]","[""V2STRAT0023""]",The body is part of the already observed daily return and may add no predictive information.
V2FEAT0024,range_body_pressure,Intraday body pressure — BODY_RANGE_63,"body_s = (P_s-O_s)/(H_s-L_s), with body_s=0 when H_s=L_s; score_t = MEAN(body_s, s=t-62..t)","[""V2DS001"", ""V2DS002"", ""V2DS003""]",64,daily decision,after SPY regular-session close t,0 sessions after close for market data; execution remains next open,frozen in formula; rolling/expanding only,Do not future-fill. Preserve prior position until all required inputs are causally available.,64,Fixed ETF identity and actual inception; no current-constituent history; no observation after t.,d0b9bcb17272330ae6f23aa7b2d7e10a89741ca1343b0bff070a6cfabbb4b801,"[""SRC0250"", ""SRC0254""]","[""V2STRAT0024""]",The body is part of the already observed daily return and may add no predictive information.
V2FEAT0025,range_volatility_ratio,Range-volatility conditioned direction — PARK_RATIO_5_20,"pk_s = ln(H_s/L_s)^2/(4*ln(2)); rv_short_t=MEAN(pk,5); rv_long_t=MEAN(pk,20); trend_t=ln(P_t/P_(t-20)); score_t = sign(trend_t)*(rv_long_t-rv_short_t)","[""V2DS001"", ""V2DS002"", ""V2DS003""]",21,daily decision,after SPY regular-session close t,0 sessions after close for market data; execution remains next open,frozen in formula; rolling/expanding only,Do not future-fill. Preserve prior position until all required inputs are causally available.,21,Fixed ETF identity and actual inception; no current-constituent history; no observation after t.,b25a8c31e8fab05ebeeb3c4918d83c220542883c4363b8d04e7d59d89a1288d0,"[""SRC0252"", ""SRC0253""]","[""V2STRAT0025""]","The directional mapping is an explicit hypothesis, not a result established by the volatility-estimation papers."
V2FEAT0026,range_volatility_ratio,Range-volatility conditioned direction — PARK_RATIO_10_40,"pk_s = ln(H_s/L_s)^2/(4*ln(2)); rv_short_t=MEAN(pk,10); rv_long_t=MEAN(pk,40); trend_t=ln(P_t/P_(t-40)); score_t = sign(trend_t)*(rv_long_t-rv_short_t)","[""V2DS001"", ""V2DS002"", ""V2DS003""]",41,daily decision,after SPY regular-session close t,0 sessions after close for market data; execution remains next open,frozen in formula; rolling/expanding only,Do not future-fill. Preserve prior position until all required inputs are causally available.,41,Fixed ETF identity and actual inception; no current-constituent history; no observation after t.,36603bd2caf74a3ed8968e4bc514e4d9dbafc999c6ac48387fd535dcb0c45bf5,"[""SRC0252"", ""SRC0253""]","[""V2STRAT0026""]","The directional mapping is an explicit hypothesis, not a result established by the volatility-estimation papers."
V2FEAT0027,range_volatility_ratio,Range-volatility conditioned direction — PARK_RATIO_20_63,"pk_s = ln(H_s/L_s)^2/(4*ln(2)); rv_short_t=MEAN(pk,20); rv_long_t=MEAN(pk,63); trend_t=ln(P_t/P_(t-63)); score_t = sign(trend_t)*(rv_long_t-rv_short_t)","[""V2DS001"", ""V2DS002"", ""V2DS003""]",64,daily decision,after SPY regular-session close t,0 sessions after close for market data; execution remains next open,frozen in formula; rolling/expanding only,Do not future-fill. Preserve prior position until all required inputs are causally available.,64,Fixed ETF identity and actual inception; no current-constituent history; no observation after t.,81b307dc62a75fdcefc42b055769b0c360677ac064001fc5b4a2317483c0f2d8,"[""SRC0252"", ""SRC0253""]","[""V2STRAT0027""]","The directional mapping is an explicit hypothesis, not a result established by the volatility-estimation papers."
V2FEAT0028,range_volatility_ratio,Range-volatility conditioned direction — PARK_RATIO_20_126,"pk_s = ln(H_s/L_s)^2/(4*ln(2)); rv_short_t=MEAN(pk,20); rv_long_t=MEAN(pk,126); trend_t=ln(P_t/P_(t-126)); score_t = sign(trend_t)*(rv_long_t-rv_short_t)","[""V2DS001"", ""V2DS002"", ""V2DS003""]",127,daily decision,after SPY regular-session close t,0 sessions after close for market data; execution remains next open,frozen in formula; rolling/expanding only,Do not future-fill. Preserve prior position until all required inputs are causally available.,127,Fixed ETF identity and actual inception; no current-constituent history; no observation after t.,2041c825c8d8cfc2908534ca56f0db3a162eebed3feb7745475bada83715a5a9,"[""SRC0252"", ""SRC0253""]","[""V2STRAT0028""]","The directional mapping is an explicit hypothesis, not a result established by the volatility-estimation papers."
V2FEAT0029,range_volatility_ratio,Range-volatility conditioned direction — PARK_RATIO_63_252,"pk_s = ln(H_s/L_s)^2/(4*ln(2)); rv_short_t=MEAN(pk,63); rv_long_t=MEAN(pk,252); trend_t=ln(P_t/P_(t-252)); score_t = sign(trend_t)*(rv_long_t-rv_short_t)","[""V2DS001"", ""V2DS002"", ""V2DS003""]",253,daily decision,after SPY regular-session close t,0 sessions after close for market data; execution remains next open,frozen in formula; rolling/expanding only,Do not future-fill. Preserve prior position until all required inputs are causally available.,253,Fixed ETF identity and actual inception; no current-constituent history; no observation after t.,8c56bce84b207703f61d2a7181ba27c0684c049b39b8641013af5db5cb187bf9,"[""SRC0252"", ""SRC0253""]","[""V2STRAT0029""]","The directional mapping is an explicit hypothesis, not a result established by the volatility-estimation papers."
V2FEAT0030,range_volatility_ratio,Range-volatility conditioned direction — PARK_RATIO_126_504,"pk_s = ln(H_s/L_s)^2/(4*ln(2)); rv_short_t=MEAN(pk,126); rv_long_t=MEAN(pk,504); trend_t=ln(P_t/P_(t-504)); score_t = sign(trend_t)*(rv_long_t-rv_short_t)","[""V2DS001"", ""V2DS002"", ""V2DS003""]",505,daily decision,after SPY regular-session close t,0 sessions after close for market data; execution remains next open,frozen in formula; rolling/expanding only,Do not future-fill. Preserve prior position until all required inputs are causally available.,505,Fixed ETF identity and actual inception; no current-constituent history; no observation after t.,cb80f60859cea22c5106716962ad62556f850739bb577013c2107cca8a3dbbda,"[""SRC0252"", ""SRC0253""]","[""V2STRAT0030""]","The directional mapping is an explicit hypothesis, not a result established by the volatility-estimation papers."
V2FEAT0031,semivariance_balance,Daily signed semivariance balance — SEMIVAR_BAL_5,"up_t=SUM(r_s^2*I[r_s>0], s=t-4..t); down_t=SUM(r_s^2*I[r_s<0], same window); score_t=up_t-down_t","[""V2DS001"", ""V2DS003""]",6,daily decision,after SPY regular-session close t,0 sessions after close for market data; execution remains next open,frozen in formula; rolling/expanding only,Do not future-fill. Preserve prior position until all required inputs are causally available.,6,Fixed ETF identity and actual inception; no current-constituent history; no observation after t.,535cc8dedfe76ffea0b19e221f961dc67861cf4fbd4905dcbd49194cf105fbde,"[""SRC0252"", ""SRC0253""]","[""V2STRAT0031""]",Daily semivariance is a coarse proxy for a high-frequency concept; high downside variation can imply either continuation or rebound.
V2FEAT0032,semivariance_balance,Daily signed semivariance balance — SEMIVAR_BAL_10,"up_t=SUM(r_s^2*I[r_s>0], s=t-9..t); down_t=SUM(r_s^2*I[r_s<0], same window); score_t=up_t-down_t","[""V2DS001"", ""V2DS003""]",11,daily decision,after SPY regular-session close t,0 sessions after close for market data; execution remains next open,frozen in formula; rolling/expanding only,Do not future-fill. Preserve prior position until all required inputs are causally available.,11,Fixed ETF identity and actual inception; no current-constituent history; no observation after t.,c2b024b2974d54d147e115d5d2c0857a5e4f0305e53a227374e4137902e749b9,"[""SRC0252"", ""SRC0253""]","[""V2STRAT0032""]",Daily semivariance is a coarse proxy for a high-frequency concept; high downside variation can imply either continuation or rebound.
V2FEAT0033,semivariance_balance,Daily signed semivariance balance — SEMIVAR_BAL_20,"up_t=SUM(r_s^2*I[r_s>0], s=t-19..t); down_t=SUM(r_s^2*I[r_s<0], same window); score_t=up_t-down_t","[""V2DS001"", ""V2DS003""]",21,daily decision,after SPY regular-session close t,0 sessions after close for market data; execution remains next open,frozen in formula; rolling/expanding only,Do not future-fill. Preserve prior position until all required inputs are causally available.,21,Fixed ETF identity and actual inception; no current-constituent history; no observation after t.,e90f10eb218b51310faa332b2df5ecf14db96d57ba1bf1d7b1cce2b75714af8c,"[""SRC0252"", ""SRC0253""]","[""V2STRAT0033""]",Daily semivariance is a coarse proxy for a high-frequency concept; high downside variation can imply either continuation or rebound.
V2FEAT0034,semivariance_balance,Daily signed semivariance balance — SEMIVAR_BAL_40,"up_t=SUM(r_s^2*I[r_s>0], s=t-39..t); down_t=SUM(r_s^2*I[r_s<0], same window); score_t=up_t-down_t","[""V2DS001"", ""V2DS003""]",41,daily decision,after SPY regular-session close t,0 sessions after close for market data; execution remains next open,frozen in formula; rolling/expanding only,Do not future-fill. Preserve prior position until all required inputs are causally available.,41,Fixed ETF identity and actual inception; no current-constituent history; no observation after t.,b8ba1f2b7cf74e7b786e40fae1bf8ef160469d9a83176a00761264bbe9f141c6,"[""SRC0252"", ""SRC0253""]","[""V2STRAT0034""]",Daily semivariance is a coarse proxy for a high-frequency concept; high downside variation can imply either continuation or rebound.
V2FEAT0035,semivariance_balance,Daily signed semivariance balance — SEMIVAR_BAL_63,"up_t=SUM(r_s^2*I[r_s>0], s=t-62..t); down_t=SUM(r_s^2*I[r_s<0], same window); score_t=up_t-down_t","[""V2DS001"", ""V2DS003""]",64,daily decision,after SPY regular-session close t,0 sessions after close for market data; execution remains next open,frozen in formula; rolling/expanding only,Do not future-fill. Preserve prior position until all required inputs are causally available.,64,Fixed ETF identity and actual inception; no current-constituent history; no observation after t.,5d38fd647e0d770a4345971195a7fcbdf6a0ed11cc73113de8c2650ea8c30551,"[""SRC0252"", ""SRC0253""]","[""V2STRAT0035""]",Daily semivariance is a coarse proxy for a high-frequency concept; high downside variation can imply either continuation or rebound.
V2FEAT0036,semivariance_balance,Daily signed semivariance balance — SEMIVAR_BAL_126,"up_t=SUM(r_s^2*I[r_s>0], s=t-125..t); down_t=SUM(r_s^2*I[r_s<0], same window); score_t=up_t-down_t","[""V2DS001"", ""V2DS003""]",127,daily decision,after SPY regular-session close t,0 sessions after close for market data; execution remains next open,frozen in formula; rolling/expanding only,Do not future-fill. Preserve prior position until all required inputs are causally available.,127,Fixed ETF identity and actual inception; no current-constituent history; no observation after t.,b9a8ae29edaa6d710c5b4ebed3f65401b3c7599811350e57e8386bd10e4d5409,"[""SRC0252"", ""SRC0253""]","[""V2STRAT0036""]",Daily semivariance is a coarse proxy for a high-frequency concept; high downside variation can imply either continuation or rebound.
V2FEAT0037,skewness_state,Rolling return skewness state — SKEW_CONT_20,"g_t = unbiased_sample_skew(r_s, s=t-19..t); score_t = g_t","[""V2DS001"", ""V2DS003""]",21,daily decision,after SPY regular-session close t,0 sessions after close for market data; execution remains next open,frozen in formula; rolling/expanding only,Do not future-fill. Preserve prior position until all required inputs are causally available.,21,Fixed ETF identity and actual inception; no current-constituent history; no observation after t.,61f59e95db7f5bdbdf424cbc723ab51b8d208ef1fdd64dd0c77f5f278ba6bf95,"[""SRC0252"", ""SRC0253""]","[""V2STRAT0037""]",Skew is noisy in small windows and strongly influenced by one observation.
V2FEAT0038,skewness_state,Rolling return skewness state — SKEW_CONT_63,"g_t = unbiased_sample_skew(r_s, s=t-62..t); score_t = g_t","[""V2DS001"", ""V2DS003""]",64,daily decision,after SPY regular-session close t,0 sessions after close for market data; execution remains next open,frozen in formula; rolling/expanding only,Do not future-fill. Preserve prior position until all required inputs are causally available.,64,Fixed ETF identity and actual inception; no current-constituent history; no observation after t.,dcc20dc36fb686c3b0cd029fb2ad94ed1180ea98d59262e69635040a8605d9c0,"[""SRC0252"", ""SRC0253""]","[""V2STRAT0038""]",Skew is noisy in small windows and strongly influenced by one observation.
V2FEAT0039,skewness_state,Rolling return skewness state — SKEW_CONT_126,"g_t = unbiased_sample_skew(r_s, s=t-125..t); score_t = g_t","[""V2DS001"", ""V2DS003""]",127,daily decision,after SPY regular-session close t,0 sessions after close for market data; execution remains next open,frozen in formula; rolling/expanding only,Do not future-fill. Preserve prior position until all required inputs are causally available.,127,Fixed ETF identity and actual inception; no current-constituent history; no observation after t.,d209cf07cfaa8a4bbf387dd1153ceda8a0c59647ce747e49605b88f95a7b140d,"[""SRC0252"", ""SRC0253""]","[""V2STRAT0039""]",Skew is noisy in small windows and strongly influenced by one observation.
V2FEAT0040,skewness_state,Rolling return skewness state — SKEW_CONTRA_20,"g_t = unbiased_sample_skew(r_s, s=t-19..t); score_t = -g_t","[""V2DS001"", ""V2DS003""]",21,daily decision,after SPY regular-session close t,0 sessions after close for market data; execution remains next open,frozen in formula; rolling/expanding only,Do not future-fill. Preserve prior position until all required inputs are causally available.,21,Fixed ETF identity and actual inception; no current-constituent history; no observation after t.,3c3d689480057ff0403688a50fbaf31c321a13d39d8d89a4dc2b3fce40ebfdaf,"[""SRC0252"", ""SRC0253""]","[""V2STRAT0040""]",Skew is noisy in small windows and strongly influenced by one observation.
V2FEAT0041,skewness_state,Rolling return skewness state — SKEW_CONTRA_63,"g_t = unbiased_sample_skew(r_s, s=t-62..t); score_t = -g_t","[""V2DS001"", ""V2DS003""]",64,daily decision,after SPY regular-session close t,0 sessions after close for market data; execution remains next open,frozen in formula; rolling/expanding only,Do not future-fill. Preserve prior position until all required inputs are causally available.,64,Fixed ETF identity and actual inception; no current-constituent history; no observation after t.,b82ab3400c907682fc1be6f7d5ac3e5525288aad3fd240b6bbbea3961a5d6f69,"[""SRC0252"", ""SRC0253""]","[""V2STRAT0041""]",Skew is noisy in small windows and strongly influenced by one observation.
V2FEAT0042,skewness_state,Rolling return skewness state — SKEW_CONTRA_126,"g_t = unbiased_sample_skew(r_s, s=t-125..t); score_t = -g_t","[""V2DS001"", ""V2DS003""]",127,daily decision,after SPY regular-session close t,0 sessions after close for market data; execution remains next open,frozen in formula; rolling/expanding only,Do not future-fill. Preserve prior position until all required inputs are causally available.,127,Fixed ETF identity and actual inception; no current-constituent history; no observation after t.,f51464adc99b2f02ee361c9e78eeae5a8ae0334ec0f49ecc6f83819623294767,"[""SRC0252"", ""SRC0253""]","[""V2STRAT0042""]",Skew is noisy in small windows and strongly influenced by one observation.
V2FEAT0043,tail_imbalance,Robust tail-event state — TAIL_REV_Z1p5_63,"med_t=MEDIAN(r_s,63); mad_t=MEDIAN(|r_s-med_t|,63); z_t=(r_t-med_t)/(1.4826*mad_t), undefined if mad_t=0; long_event_t=I[z_t<=-1.5]; short_event_t=I[z_t>=1.5]; otherwise preserve prior state","[""V2DS001"", ""V2DS003""]",64,daily decision,after SPY regular-session close t,0 sessions after close for market data; execution remains next open,frozen in formula; rolling/expanding only,Do not future-fill. Preserve prior position until all required inputs are causally available.,64,Fixed ETF identity and actual inception; no current-constituent history; no observation after t.,ad4c94f2195cc9c608740f68b1d40837b45fee1704bae3cfd823ef68076a64d8,"[""SRC0252"", ""SRC0253""]","[""V2STRAT0043""]",Tail thresholds are sparse and can concentrate performance in a few crises.
V2FEAT0044,tail_imbalance,Robust tail-event state — TAIL_REV_Z2p0_63,"med_t=MEDIAN(r_s,63); mad_t=MEDIAN(|r_s-med_t|,63); z_t=(r_t-med_t)/(1.4826*mad_t), undefined if mad_t=0; long_event_t=I[z_t<=-2.0]; short_event_t=I[z_t>=2.0]; otherwise preserve prior state","[""V2DS001"", ""V2DS003""]",64,daily decision,after SPY regular-session close t,0 sessions after close for market data; execution remains next open,frozen in formula; rolling/expanding only,Do not future-fill. Preserve prior position until all required inputs are causally available.,64,Fixed ETF identity and actual inception; no current-constituent history; no observation after t.,14f56c490a70d5df4984390120a08369fe09dc2bb86e5013cb2847ca2652acd9,"[""SRC0252"", ""SRC0253""]","[""V2STRAT0044""]",Tail thresholds are sparse and can concentrate performance in a few crises.
V2FEAT0045,tail_imbalance,Robust tail-event state — TAIL_REV_Z1p5_126,"med_t=MEDIAN(r_s,126); mad_t=MEDIAN(|r_s-med_t|,126); z_t=(r_t-med_t)/(1.4826*mad_t), undefined if mad_t=0; long_event_t=I[z_t<=-1.5]; short_event_t=I[z_t>=1.5]; otherwise preserve prior state","[""V2DS001"", ""V2DS003""]",127,daily decision,after SPY regular-session close t,0 sessions after close for market data; execution remains next open,frozen in formula; rolling/expanding only,Do not future-fill. Preserve prior position until all required inputs are causally available.,127,Fixed ETF identity and actual inception; no current-constituent history; no observation after t.,f3c1de0835f002431d37fae1937b7d56ac5cae8bd71b1dc46edf73f4a326450f,"[""SRC0252"", ""SRC0253""]","[""V2STRAT0045""]",Tail thresholds are sparse and can concentrate performance in a few crises.
V2FEAT0046,tail_imbalance,Robust tail-event state — TAIL_REV_Z2p0_126,"med_t=MEDIAN(r_s,126); mad_t=MEDIAN(|r_s-med_t|,126); z_t=(r_t-med_t)/(1.4826*mad_t), undefined if mad_t=0; long_event_t=I[z_t<=-2.0]; short_event_t=I[z_t>=2.0]; otherwise preserve prior state","[""V2DS001"", ""V2DS003""]",127,daily decision,after SPY regular-session close t,0 sessions after close for market data; execution remains next open,frozen in formula; rolling/expanding only,Do not future-fill. Preserve prior position until all required inputs are causally available.,127,Fixed ETF identity and actual inception; no current-constituent history; no observation after t.,6241743e4779f698546e0861e8c5d34eb04c0ef3d7dedfbd9d27bb57849e3932,"[""SRC0252"", ""SRC0253""]","[""V2STRAT0046""]",Tail thresholds are sparse and can concentrate performance in a few crises.
V2FEAT0047,tail_imbalance,Robust tail-event state — TAIL_REV_Z1p5_252,"med_t=MEDIAN(r_s,252); mad_t=MEDIAN(|r_s-med_t|,252); z_t=(r_t-med_t)/(1.4826*mad_t), undefined if mad_t=0; long_event_t=I[z_t<=-1.5]; short_event_t=I[z_t>=1.5]; otherwise preserve prior state","[""V2DS001"", ""V2DS003""]",253,daily decision,after SPY regular-session close t,0 sessions after close for market data; execution remains next open,frozen in formula; rolling/expanding only,Do not future-fill. Preserve prior position until all required inputs are causally available.,253,Fixed ETF identity and actual inception; no current-constituent history; no observation after t.,d232c6b37e54eb27c5d2af1c50a1500274b569ee1d9e97b6db5576c9ab494923,"[""SRC0252"", ""SRC0253""]","[""V2STRAT0047""]",Tail thresholds are sparse and can concentrate performance in a few crises.
V2FEAT0048,tail_imbalance,Robust tail-event state — TAIL_REV_Z2p0_252,"med_t=MEDIAN(r_s,252); mad_t=MEDIAN(|r_s-med_t|,252); z_t=(r_t-med_t)/(1.4826*mad_t), undefined if mad_t=0; long_event_t=I[z_t<=-2.0]; short_event_t=I[z_t>=2.0]; otherwise preserve prior state","[""V2DS001"", ""V2DS003""]",253,daily decision,after SPY regular-session close t,0 sessions after close for market data; execution remains next open,frozen in formula; rolling/expanding only,Do not future-fill. Preserve prior position until all required inputs are causally available.,253,Fixed ETF identity and actual inception; no current-constituent history; no observation after t.,c2a6711d012a79fcb8fd28f1fca8e29f88abf17dd27f29050a3d61ad8b50b692,"[""SRC0252"", ""SRC0253""]","[""V2STRAT0048""]",Tail thresholds are sparse and can concentrate performance in a few crises.
V2FEAT0049,volatility_of_volatility,Volatility-of-volatility conditioned direction — VOV_CONT_RV20_W20,"rv_t=STD(r_s,20)*sqrt(252); vov_t=STD(diff(ln(rv_s)),20); zvov_t=expanding_zscore(vov_t,min=252); dir_t=sign(ln(P_t/P_(t-20))); score_t = dir_t*(-zvov_t)","[""V2DS001"", ""V2DS003""]",294,daily decision,after SPY regular-session close t,0 sessions after close for market data; execution remains next open,frozen in formula; rolling/expanding only,Do not future-fill. Preserve prior position until all required inputs are causally available.,294,Fixed ETF identity and actual inception; no current-constituent history; no observation after t.,1d815ef8f738611f25274494f8020c490ae6aaf17f6f9cb23b24edb1342011c2,"[""SRC0253""]","[""V2STRAT0049""]",The sign convention is exploratory and post-2010 evidence cannot establish pre-2011 validity.
V2FEAT0050,volatility_of_volatility,Volatility-of-volatility conditioned direction — VOV_REVERSE_RV20_W20,"rv_t=STD(r_s,20)*sqrt(252); vov_t=STD(diff(ln(rv_s)),20); zvov_t=expanding_zscore(vov_t,min=252); dir_t=sign(ln(P_t/P_(t-20))); score_t = dir_t*zvov_t","[""V2DS001"", ""V2DS003""]",294,daily decision,after SPY regular-session close t,0 sessions after close for market data; execution remains next open,frozen in formula; rolling/expanding only,Do not future-fill. Preserve prior position until all required inputs are causally available.,294,Fixed ETF identity and actual inception; no current-constituent history; no observation after t.,8d2adb915f063df28088012f5fc5d530fc2e5ad403b51030cf9b4dae45c8493e,"[""SRC0253""]","[""V2STRAT0050""]",The sign convention is exploratory and post-2010 evidence cannot establish pre-2011 validity.
V2FEAT0051,volatility_of_volatility,Volatility-of-volatility conditioned direction — VOV_CONT_RV20_W63,"rv_t=STD(r_s,20)*sqrt(252); vov_t=STD(diff(ln(rv_s)),63); zvov_t=expanding_zscore(vov_t,min=252); dir_t=sign(ln(P_t/P_(t-20))); score_t = dir_t*(-zvov_t)","[""V2DS001"", ""V2DS003""]",337,daily decision,after SPY regular-session close t,0 sessions after close for market data; execution remains next open,frozen in formula; rolling/expanding only,Do not future-fill. Preserve prior position until all required inputs are causally available.,337,Fixed ETF identity and actual inception; no current-constituent history; no observation after t.,6d9d1792374ae5b2e858e68cad2d3d68f89fc319adca9476cea622bc9817eabc,"[""SRC0253""]","[""V2STRAT0051""]",The sign convention is exploratory and post-2010 evidence cannot establish pre-2011 validity.
V2FEAT0052,volatility_of_volatility,Volatility-of-volatility conditioned direction — VOV_REVERSE_RV20_W63,"rv_t=STD(r_s,20)*sqrt(252); vov_t=STD(diff(ln(rv_s)),63); zvov_t=expanding_zscore(vov_t,min=252); dir_t=sign(ln(P_t/P_(t-20))); score_t = dir_t*zvov_t","[""V2DS001"", ""V2DS003""]",337,daily decision,after SPY regular-session close t,0 sessions after close for market data; execution remains next open,frozen in formula; rolling/expanding only,Do not future-fill. Preserve prior position until all required inputs are causally available.,337,Fixed ETF identity and actual inception; no current-constituent history; no observation after t.,32463cad8f6786f98d4e096057a1c9df65f41fc5835cde1fbd1a531dda8853be,"[""SRC0253""]","[""V2STRAT0052""]",The sign convention is exploratory and post-2010 evidence cannot establish pre-2011 validity.
V2FEAT0053,volatility_of_volatility,Volatility-of-volatility conditioned direction — VOV_CONT_RV63_W63,"rv_t=STD(r_s,63)*sqrt(252); vov_t=STD(diff(ln(rv_s)),63); zvov_t=expanding_zscore(vov_t,min=252); dir_t=sign(ln(P_t/P_(t-20))); score_t = dir_t*(-zvov_t)","[""V2DS001"", ""V2DS003""]",380,daily decision,after SPY regular-session close t,0 sessions after close for market data; execution remains next open,frozen in formula; rolling/expanding only,Do not future-fill. Preserve prior position until all required inputs are causally available.,380,Fixed ETF identity and actual inception; no current-constituent history; no observation after t.,e01a08d4ba5f7ffd8e177a9c177ed1d7aecd11d0a4b3b0a5be9fe0f50d0c90b7,"[""SRC0253""]","[""V2STRAT0053""]",The sign convention is exploratory and post-2010 evidence cannot establish pre-2011 validity.
V2FEAT0054,volatility_of_volatility,Volatility-of-volatility conditioned direction — VOV_REVERSE_RV63_W63,"rv_t=STD(r_s,63)*sqrt(252); vov_t=STD(diff(ln(rv_s)),63); zvov_t=expanding_zscore(vov_t,min=252); dir_t=sign(ln(P_t/P_(t-20))); score_t = dir_t*zvov_t","[""V2DS001"", ""V2DS003""]",380,daily decision,after SPY regular-session close t,0 sessions after close for market data; execution remains next open,frozen in formula; rolling/expanding only,Do not future-fill. Preserve prior position until all required inputs are causally available.,380,Fixed ETF identity and actual inception; no current-constituent history; no observation after t.,df5187397042a994ee87cf2c70b1779b5ebd52f6e5cb7c1307f5b85accc594d0,"[""SRC0253""]","[""V2STRAT0054""]",The sign convention is exploratory and post-2010 evidence cannot establish pre-2011 validity.
V2FEAT0055,variance_ratio_switch,Variance-ratio continuation/reversal switch — VR_SWITCH_Q2_W126,"VR_t(q=2,W=126) = variance_of_q_period_sums/(q*variance_of_1_period_returns), using overlapping returns and Lo-MacKinlay finite-sample denominator inside the trailing window; dir_t=sign(SUM(r_s,s=t-1..t)); score_t=dir_t*(VR_t-1)","[""V2DS001"", ""V2DS003""]",129,daily decision,after SPY regular-session close t,0 sessions after close for market data; execution remains next open,frozen in formula; rolling/expanding only,Do not future-fill. Preserve prior position until all required inputs are causally available.,129,Fixed ETF identity and actual inception; no current-constituent history; no observation after t.,5c237327e14d59e400ce30aa442214e72a9d39ed862ec2a28326c793e5275438,"[""SRC0261"", ""SRC0262""]","[""V2STRAT0055""]",Overlapping-return estimates are noisy and serially dependent; implementation must match the frozen estimator exactly.
V2FEAT0056,variance_ratio_switch,Variance-ratio continuation/reversal switch — VR_SWITCH_Q5_W126,"VR_t(q=5,W=126) = variance_of_q_period_sums/(q*variance_of_1_period_returns), using overlapping returns and Lo-MacKinlay finite-sample denominator inside the trailing window; dir_t=sign(SUM(r_s,s=t-4..t)); score_t=dir_t*(VR_t-1)","[""V2DS001"", ""V2DS003""]",132,daily decision,after SPY regular-session close t,0 sessions after close for market data; execution remains next open,frozen in formula; rolling/expanding only,Do not future-fill. Preserve prior position until all required inputs are causally available.,132,Fixed ETF identity and actual inception; no current-constituent history; no observation after t.,67236b304f9b13e6c2c350c8057c034741b8e2b715b5874caf2c3da227bb516a,"[""SRC0261"", ""SRC0262""]","[""V2STRAT0056""]",Overlapping-return estimates are noisy and serially dependent; implementation must match the frozen estimator exactly.
V2FEAT0057,variance_ratio_switch,Variance-ratio continuation/reversal switch — VR_SWITCH_Q10_W252,"VR_t(q=10,W=252) = variance_of_q_period_sums/(q*variance_of_1_period_returns), using overlapping returns and Lo-MacKinlay finite-sample denominator inside the trailing window; dir_t=sign(SUM(r_s,s=t-9..t)); score_t=dir_t*(VR_t-1)","[""V2DS001"", ""V2DS003""]",263,daily decision,after SPY regular-session close t,0 sessions after close for market data; execution remains next open,frozen in formula; rolling/expanding only,Do not future-fill. Preserve prior position until all required inputs are causally available.,263,Fixed ETF identity and actual inception; no current-constituent history; no observation after t.,55d4ccd7490b77cd729788f1c9de618993573bbd07bb6dc7e9a72300a46a1f46,"[""SRC0261"", ""SRC0262""]","[""V2STRAT0057""]",Overlapping-return estimates are noisy and serially dependent; implementation must match the frozen estimator exactly.
V2FEAT0058,variance_ratio_switch,Variance-ratio continuation/reversal switch — VR_SWITCH_Q20_W252,"VR_t(q=20,W=252) = variance_of_q_period_sums/(q*variance_of_1_period_returns), using overlapping returns and Lo-MacKinlay finite-sample denominator inside the trailing window; dir_t=sign(SUM(r_s,s=t-19..t)); score_t=dir_t*(VR_t-1)","[""V2DS001"", ""V2DS003""]",273,daily decision,after SPY regular-session close t,0 sessions after close for market data; execution remains next open,frozen in formula; rolling/expanding only,Do not future-fill. Preserve prior position until all required inputs are causally available.,273,Fixed ETF identity and actual inception; no current-constituent history; no observation after t.,6e046cb7ba30842e231b24938146e790f448f2d610c835df440792aa39ceb061,"[""SRC0261"", ""SRC0262""]","[""V2STRAT0058""]",Overlapping-return estimates are noisy and serially dependent; implementation must match the frozen estimator exactly.
V2FEAT0059,variance_ratio_switch,Variance-ratio continuation/reversal switch — VR_SWITCH_Q5_W504,"VR_t(q=5,W=504) = variance_of_q_period_sums/(q*variance_of_1_period_returns), using overlapping returns and Lo-MacKinlay finite-sample denominator inside the trailing window; dir_t=sign(SUM(r_s,s=t-4..t)); score_t=dir_t*(VR_t-1)","[""V2DS001"", ""V2DS003""]",510,daily decision,after SPY regular-session close t,0 sessions after close for market data; execution remains next open,frozen in formula; rolling/expanding only,Do not future-fill. Preserve prior position until all required inputs are causally available.,510,Fixed ETF identity and actual inception; no current-constituent history; no observation after t.,9d89b8e84ec0a4d8f6958c6d7c37fc5f21e7d5f325e82c50ac7532b40002dec3,"[""SRC0261"", ""SRC0262""]","[""V2STRAT0059""]",Overlapping-return estimates are noisy and serially dependent; implementation must match the frozen estimator exactly.
V2FEAT0060,variance_ratio_switch,Variance-ratio continuation/reversal switch — VR_SWITCH_Q20_W504,"VR_t(q=20,W=504) = variance_of_q_period_sums/(q*variance_of_1_period_returns), using overlapping returns and Lo-MacKinlay finite-sample denominator inside the trailing window; dir_t=sign(SUM(r_s,s=t-19..t)); score_t=dir_t*(VR_t-1)","[""V2DS001"", ""V2DS003""]",525,daily decision,after SPY regular-session close t,0 sessions after close for market data; execution remains next open,frozen in formula; rolling/expanding only,Do not future-fill. Preserve prior position until all required inputs are causally available.,525,Fixed ETF identity and actual inception; no current-constituent history; no observation after t.,f866d5cc74831e9faa170a6ce0c18f8d99856bdc47c2572538137c41cdb69cfb,"[""SRC0261"", ""SRC0262""]","[""V2STRAT0060""]",Overlapping-return estimates are noisy and serially dependent; implementation must match the frozen estimator exactly.
V2FEAT0061,autocorrelation_switch,Rolling autocorrelation continuation/reversal switch — AC_SWITCH_L1_W63,"rho_t=PearsonCorr(r_s,r_(s-1)) over the last 63 valid paired observations; recent_t=SUM(r_s,s=t-0..t); score_t=rho_t*recent_t","[""V2DS001"", ""V2DS003""]",65,daily decision,after SPY regular-session close t,0 sessions after close for market data; execution remains next open,frozen in formula; rolling/expanding only,Do not future-fill. Preserve prior position until all required inputs are causally available.,65,Fixed ETF identity and actual inception; no current-constituent history; no observation after t.,b0c61929c5069c947419ffc051c0aeb76364d675f2c1c78d907b7fbd4b2bca2d,"[""SRC0255"", ""SRC0258""]","[""V2STRAT0061""]","Autocorrelation can be unstable, biased by outliers and contaminated by nonstationarity."
V2FEAT0062,autocorrelation_switch,Rolling autocorrelation continuation/reversal switch — AC_SWITCH_L2_W63,"rho_t=PearsonCorr(r_s,r_(s-2)) over the last 63 valid paired observations; recent_t=SUM(r_s,s=t-1..t); score_t=rho_t*recent_t","[""V2DS001"", ""V2DS003""]",66,daily decision,after SPY regular-session close t,0 sessions after close for market data; execution remains next open,frozen in formula; rolling/expanding only,Do not future-fill. Preserve prior position until all required inputs are causally available.,66,Fixed ETF identity and actual inception; no current-constituent history; no observation after t.,bfb9bef9adddb0e36878eed4f8d088f1db62931f70bffbe0dc49a10764d7cf6c,"[""SRC0255"", ""SRC0258""]","[""V2STRAT0062""]","Autocorrelation can be unstable, biased by outliers and contaminated by nonstationarity."
V2FEAT0063,autocorrelation_switch,Rolling autocorrelation continuation/reversal switch — AC_SWITCH_L5_W126,"rho_t=PearsonCorr(r_s,r_(s-5)) over the last 126 valid paired observations; recent_t=SUM(r_s,s=t-4..t); score_t=rho_t*recent_t","[""V2DS001"", ""V2DS003""]",132,daily decision,after SPY regular-session close t,0 sessions after close for market data; execution remains next open,frozen in formula; rolling/expanding only,Do not future-fill. Preserve prior position until all required inputs are causally available.,132,Fixed ETF identity and actual inception; no current-constituent history; no observation after t.,97ca909e35a703e1d28a164db41dafa11a87bc5b9fc2e6985f57e58961a87c91,"[""SRC0255"", ""SRC0258""]","[""V2STRAT0063""]","Autocorrelation can be unstable, biased by outliers and contaminated by nonstationarity."
V2FEAT0064,autocorrelation_switch,Rolling autocorrelation continuation/reversal switch — AC_SWITCH_L10_W126,"rho_t=PearsonCorr(r_s,r_(s-10)) over the last 126 valid paired observations; recent_t=SUM(r_s,s=t-9..t); score_t=rho_t*recent_t","[""V2DS001"", ""V2DS003""]",137,daily decision,after SPY regular-session close t,0 sessions after close for market data; execution remains next open,frozen in formula; rolling/expanding only,Do not future-fill. Preserve prior position until all required inputs are causally available.,137,Fixed ETF identity and actual inception; no current-constituent history; no observation after t.,9436ee2f7b22be621c33990e9dde3eea06e0099fa494b1ff683ac6c32ec1c382,"[""SRC0255"", ""SRC0258""]","[""V2STRAT0064""]","Autocorrelation can be unstable, biased by outliers and contaminated by nonstationarity."
V2FEAT0065,autocorrelation_switch,Rolling autocorrelation continuation/reversal switch — AC_SWITCH_L20_W252,"rho_t=PearsonCorr(r_s,r_(s-20)) over the last 252 valid paired observations; recent_t=SUM(r_s,s=t-19..t); score_t=rho_t*recent_t","[""V2DS001"", ""V2DS003""]",273,daily decision,after SPY regular-session close t,0 sessions after close for market data; execution remains next open,frozen in formula; rolling/expanding only,Do not future-fill. Preserve prior position until all required inputs are causally available.,273,Fixed ETF identity and actual inception; no current-constituent history; no observation after t.,ab4c5a77c58489a9a0501412dd9afe3c64628d2fed7ded6b66090c40ce5f6c89,"[""SRC0255"", ""SRC0258""]","[""V2STRAT0065""]","Autocorrelation can be unstable, biased by outliers and contaminated by nonstationarity."
V2FEAT0066,autocorrelation_switch,Rolling autocorrelation continuation/reversal switch — AC_SWITCH_L63_W504,"rho_t=PearsonCorr(r_s,r_(s-63)) over the last 504 valid paired observations; recent_t=SUM(r_s,s=t-62..t); score_t=rho_t*recent_t","[""V2DS001"", ""V2DS003""]",568,daily decision,after SPY regular-session close t,0 sessions after close for market data; execution remains next open,frozen in formula; rolling/expanding only,Do not future-fill. Preserve prior position until all required inputs are causally available.,568,Fixed ETF identity and actual inception; no current-constituent history; no observation after t.,abd8cd39d7f26f2a45868fec2aea5901ee4a181bc9764cb8a75dd0feb602ff8e,"[""SRC0255"", ""SRC0258""]","[""V2STRAT0066""]","Autocorrelation can be unstable, biased by outliers and contaminated by nonstationarity."
V2FEAT0067,regression_trend_tstat,Rolling log-price slope t-statistic — REG_TSTAT_20,Fit OLS ln(P_s)=a+b*j on j=0..19 for s=t-19..t; compute Newey-West HAC t-stat of b with lag=floor(4*(W/100)^(2/9)); score_t=tstat_b,"[""V2DS001"", ""V2DS003""]",20,daily decision,after SPY regular-session close t,0 sessions after close for market data; execution remains next open,frozen in formula; rolling/expanding only,Do not future-fill. Preserve prior position until all required inputs are causally available.,20,Fixed ETF identity and actual inception; no current-constituent history; no observation after t.,0b6bd65009c01e1c988a87a9aed0d327d51513e3e951f781274a924499f0cef1,"[""SRC0262""]","[""V2STRAT0067""]",HAC choices and deterministic trend assumptions may be fragile; no parameters may be retuned.
V2FEAT0068,regression_trend_tstat,Rolling log-price slope t-statistic — REG_TSTAT_40,Fit OLS ln(P_s)=a+b*j on j=0..39 for s=t-39..t; compute Newey-West HAC t-stat of b with lag=floor(4*(W/100)^(2/9)); score_t=tstat_b,"[""V2DS001"", ""V2DS003""]",40,daily decision,after SPY regular-session close t,0 sessions after close for market data; execution remains next open,frozen in formula; rolling/expanding only,Do not future-fill. Preserve prior position until all required inputs are causally available.,40,Fixed ETF identity and actual inception; no current-constituent history; no observation after t.,64600ea74ade0037b5b30882f4ae21de368194752dd7a9cf9429534f8cf2567a,"[""SRC0262""]","[""V2STRAT0068""]",HAC choices and deterministic trend assumptions may be fragile; no parameters may be retuned.
V2FEAT0069,regression_trend_tstat,Rolling log-price slope t-statistic — REG_TSTAT_63,Fit OLS ln(P_s)=a+b*j on j=0..62 for s=t-62..t; compute Newey-West HAC t-stat of b with lag=floor(4*(W/100)^(2/9)); score_t=tstat_b,"[""V2DS001"", ""V2DS003""]",63,daily decision,after SPY regular-session close t,0 sessions after close for market data; execution remains next open,frozen in formula; rolling/expanding only,Do not future-fill. Preserve prior position until all required inputs are causally available.,63,Fixed ETF identity and actual inception; no current-constituent history; no observation after t.,270b46ecd96042efab756e2d3e6e3f716eaa206ebc5e3bad5dc2a192b4810b86,"[""SRC0262""]","[""V2STRAT0069""]",HAC choices and deterministic trend assumptions may be fragile; no parameters may be retuned.
V2FEAT0070,regression_trend_tstat,Rolling log-price slope t-statistic — REG_TSTAT_126,Fit OLS ln(P_s)=a+b*j on j=0..125 for s=t-125..t; compute Newey-West HAC t-stat of b with lag=floor(4*(W/100)^(2/9)); score_t=tstat_b,"[""V2DS001"", ""V2DS003""]",126,daily decision,after SPY regular-session close t,0 sessions after close for market data; execution remains next open,frozen in formula; rolling/expanding only,Do not future-fill. Preserve prior position until all required inputs are causally available.,126,Fixed ETF identity and actual inception; no current-constituent history; no observation after t.,684cf5e1810c382314d2f1b39d3b8ff24e1b195ed7dedd790b41e2aa93dd19bc,"[""SRC0262""]","[""V2STRAT0070""]",HAC choices and deterministic trend assumptions may be fragile; no parameters may be retuned.
V2FEAT0071,regression_trend_tstat,Rolling log-price slope t-statistic — REG_TSTAT_189,Fit OLS ln(P_s)=a+b*j on j=0..188 for s=t-188..t; compute Newey-West HAC t-stat of b with lag=floor(4*(W/100)^(2/9)); score_t=tstat_b,"[""V2DS001"", ""V2DS003""]",189,daily decision,after SPY regular-session close t,0 sessions after close for market data; execution remains next open,frozen in formula; rolling/expanding only,Do not future-fill. Preserve prior position until all required inputs are causally available.,189,Fixed ETF identity and actual inception; no current-constituent history; no observation after t.,c794559bc47db9ea73afc54dcaa57675031339835822f7636748cf90d577a13d,"[""SRC0262""]","[""V2STRAT0071""]",HAC choices and deterministic trend assumptions may be fragile; no parameters may be retuned.
V2FEAT0072,regression_trend_tstat,Rolling log-price slope t-statistic — REG_TSTAT_252,Fit OLS ln(P_s)=a+b*j on j=0..251 for s=t-251..t; compute Newey-West HAC t-stat of b with lag=floor(4*(W/100)^(2/9)); score_t=tstat_b,"[""V2DS001"", ""V2DS003""]",252,daily decision,after SPY regular-session close t,0 sessions after close for market data; execution remains next open,frozen in formula; rolling/expanding only,Do not future-fill. Preserve prior position until all required inputs are causally available.,252,Fixed ETF identity and actual inception; no current-constituent history; no observation after t.,4ce88fd56820d1903346d730119511bff95a5260459edf1cfe27a2b77f82a595,"[""SRC0262""]","[""V2STRAT0072""]",HAC choices and deterministic trend assumptions may be fragile; no parameters may be retuned.
V2FEAT0073,fifty_two_week_state,Trailing-high reference-price state — HIGH_STATE_63_0p9,"ratio_t=P_t/MAX(P_s,s=t-62..t); long_event_t=I[ratio_t>0.9]; short_event_t=I[ratio_t<0.9]; equality preserves state","[""V2DS001"", ""V2DS003""]",63,daily decision,after SPY regular-session close t,0 sessions after close for market data; execution remains next open,frozen in formula; rolling/expanding only,Do not future-fill. Preserve prior position until all required inputs are causally available.,63,Fixed ETF identity and actual inception; no current-constituent history; no observation after t.,c230c0fa6fe1585093b6c1e65b8750b00ce8dfbe706b55f2e4670c90f8ad338a,"[""SRC0259""]","[""V2STRAT0073""]",The original evidence is cross-sectional and may not transfer to aggregate market timing.
V2FEAT0074,fifty_two_week_state,Trailing-high reference-price state — HIGH_STATE_63_0p95,"ratio_t=P_t/MAX(P_s,s=t-62..t); long_event_t=I[ratio_t>0.95]; short_event_t=I[ratio_t<0.95]; equality preserves state","[""V2DS001"", ""V2DS003""]",63,daily decision,after SPY regular-session close t,0 sessions after close for market data; execution remains next open,frozen in formula; rolling/expanding only,Do not future-fill. Preserve prior position until all required inputs are causally available.,63,Fixed ETF identity and actual inception; no current-constituent history; no observation after t.,3f1a4a12ceca380e75db3857b249ed2e8ccd095fb0887123d67d717b303dc571,"[""SRC0259""]","[""V2STRAT0074""]",The original evidence is cross-sectional and may not transfer to aggregate market timing.
V2FEAT0075,fifty_two_week_state,Trailing-high reference-price state — HIGH_STATE_126_0p9,"ratio_t=P_t/MAX(P_s,s=t-125..t); long_event_t=I[ratio_t>0.9]; short_event_t=I[ratio_t<0.9]; equality preserves state","[""V2DS001"", ""V2DS003""]",126,daily decision,after SPY regular-session close t,0 sessions after close for market data; execution remains next open,frozen in formula; rolling/expanding only,Do not future-fill. Preserve prior position until all required inputs are causally available.,126,Fixed ETF identity and actual inception; no current-constituent history; no observation after t.,45b4abd1e90fdfa674fa6e34f40011e37e20bc3728e833bca17c6af3eef83b2b,"[""SRC0259""]","[""V2STRAT0075""]",The original evidence is cross-sectional and may not transfer to aggregate market timing.
V2FEAT0076,fifty_two_week_state,Trailing-high reference-price state — HIGH_STATE_126_0p95,"ratio_t=P_t/MAX(P_s,s=t-125..t); long_event_t=I[ratio_t>0.95]; short_event_t=I[ratio_t<0.95]; equality preserves state","[""V2DS001"", ""V2DS003""]",126,daily decision,after SPY regular-session close t,0 sessions after close for market data; execution remains next open,frozen in formula; rolling/expanding only,Do not future-fill. Preserve prior position until all required inputs are causally available.,126,Fixed ETF identity and actual inception; no current-constituent history; no observation after t.,7dfec2f238c256d6ee3b9c90ffb064321c5c9d12994e85438bf7c86c1d045a3a,"[""SRC0259""]","[""V2STRAT0076""]",The original evidence is cross-sectional and may not transfer to aggregate market timing.
V2FEAT0077,fifty_two_week_state,Trailing-high reference-price state — HIGH_STATE_252_0p9,"ratio_t=P_t/MAX(P_s,s=t-251..t); long_event_t=I[ratio_t>0.9]; short_event_t=I[ratio_t<0.9]; equality preserves state","[""V2DS001"", ""V2DS003""]",252,daily decision,after SPY regular-session close t,0 sessions after close for market data; execution remains next open,frozen in formula; rolling/expanding only,Do not future-fill. Preserve prior position until all required inputs are causally available.,252,Fixed ETF identity and actual inception; no current-constituent history; no observation after t.,e5ac5b4ca3858d7f97f9384c216ef64f60db68aebe99326e6f0fac1297b9d417,"[""SRC0259""]","[""V2STRAT0077""]",The original evidence is cross-sectional and may not transfer to aggregate market timing.
V2FEAT0078,fifty_two_week_state,Trailing-high reference-price state — HIGH_STATE_252_0p95,"ratio_t=P_t/MAX(P_s,s=t-251..t); long_event_t=I[ratio_t>0.95]; short_event_t=I[ratio_t<0.95]; equality preserves state","[""V2DS001"", ""V2DS003""]",252,daily decision,after SPY regular-session close t,0 sessions after close for market data; execution remains next open,frozen in formula; rolling/expanding only,Do not future-fill. Preserve prior position until all required inputs are causally available.,252,Fixed ETF identity and actual inception; no current-constituent history; no observation after t.,954dfc08a359efabc1abd5916d41a7051b2ed5a5929d39774483fbd3caeb88d3,"[""SRC0259""]","[""V2STRAT0078""]",The original evidence is cross-sectional and may not transfer to aggregate market timing.
V2FEAT0079,momentum_acceleration,Momentum acceleration — MOM_ACCEL_5_20,short_drift_t=ln(P_t/P_(t-5))/5; long_drift_t=ln(P_t/P_(t-20))/20; score_t=short_drift_t-long_drift_t,"[""V2DS001"", ""V2DS003""]",21,daily decision,after SPY regular-session close t,0 sessions after close for market data; execution remains next open,frozen in formula; rolling/expanding only,Do not future-fill. Preserve prior position until all required inputs are causally available.,21,Fixed ETF identity and actual inception; no current-constituent history; no observation after t.,93001f4604d239f6a86488763688c006ea49c6bc5a0d4b3fe26442326d1a9a48,"[""SRC0258"", ""SRC0259""]","[""V2STRAT0079""]",Highly correlated horizons can create redundant trials; canonical deduplication and cumulative multiplicity are mandatory.
V2FEAT0080,momentum_acceleration,Momentum acceleration — MOM_ACCEL_10_63,short_drift_t=ln(P_t/P_(t-10))/10; long_drift_t=ln(P_t/P_(t-63))/63; score_t=short_drift_t-long_drift_t,"[""V2DS001"", ""V2DS003""]",64,daily decision,after SPY regular-session close t,0 sessions after close for market data; execution remains next open,frozen in formula; rolling/expanding only,Do not future-fill. Preserve prior position until all required inputs are causally available.,64,Fixed ETF identity and actual inception; no current-constituent history; no observation after t.,d88c617ba2db25dae6280e54d93c58f4c48e992b0056640010913334492194f9,"[""SRC0258"", ""SRC0259""]","[""V2STRAT0080""]",Highly correlated horizons can create redundant trials; canonical deduplication and cumulative multiplicity are mandatory.
V2FEAT0081,momentum_acceleration,Momentum acceleration — MOM_ACCEL_20_126,short_drift_t=ln(P_t/P_(t-20))/20; long_drift_t=ln(P_t/P_(t-126))/126; score_t=short_drift_t-long_drift_t,"[""V2DS001"", ""V2DS003""]",127,daily decision,after SPY regular-session close t,0 sessions after close for market data; execution remains next open,frozen in formula; rolling/expanding only,Do not future-fill. Preserve prior position until all required inputs are causally available.,127,Fixed ETF identity and actual inception; no current-constituent history; no observation after t.,198e96ae00e8f015dbca94d6a08f82cce2e5fd3a97e8b37a634601bbca733c44,"[""SRC0258"", ""SRC0259""]","[""V2STRAT0081""]",Highly correlated horizons can create redundant trials; canonical deduplication and cumulative multiplicity are mandatory.
V2FEAT0082,momentum_acceleration,Momentum acceleration — MOM_ACCEL_21_252,short_drift_t=ln(P_t/P_(t-21))/21; long_drift_t=ln(P_t/P_(t-252))/252; score_t=short_drift_t-long_drift_t,"[""V2DS001"", ""V2DS003""]",253,daily decision,after SPY regular-session close t,0 sessions after close for market data; execution remains next open,frozen in formula; rolling/expanding only,Do not future-fill. Preserve prior position until all required inputs are causally available.,253,Fixed ETF identity and actual inception; no current-constituent history; no observation after t.,e5ebed747a8d2f40269e232b8aae4e6e6acf0584ae8b7bfaa79b4f5b7b32fbc3,"[""SRC0258"", ""SRC0259""]","[""V2STRAT0082""]",Highly correlated horizons can create redundant trials; canonical deduplication and cumulative multiplicity are mandatory.
V2FEAT0083,momentum_acceleration,Momentum acceleration — MOM_ACCEL_63_252,short_drift_t=ln(P_t/P_(t-63))/63; long_drift_t=ln(P_t/P_(t-252))/252; score_t=short_drift_t-long_drift_t,"[""V2DS001"", ""V2DS003""]",253,daily decision,after SPY regular-session close t,0 sessions after close for market data; execution remains next open,frozen in formula; rolling/expanding only,Do not future-fill. Preserve prior position until all required inputs are causally available.,253,Fixed ETF identity and actual inception; no current-constituent history; no observation after t.,94a1962dd9fbee2f774d5bbf2099c36b8f5d541b3b1c67c12b9261145d110d21,"[""SRC0258"", ""SRC0259""]","[""V2STRAT0083""]",Highly correlated horizons can create redundant trials; canonical deduplication and cumulative multiplicity are mandatory.
V2FEAT0084,momentum_acceleration,Momentum acceleration — MOM_ACCEL_126_504,short_drift_t=ln(P_t/P_(t-126))/126; long_drift_t=ln(P_t/P_(t-504))/504; score_t=short_drift_t-long_drift_t,"[""V2DS001"", ""V2DS003""]",505,daily decision,after SPY regular-session close t,0 sessions after close for market data; execution remains next open,frozen in formula; rolling/expanding only,Do not future-fill. Preserve prior position until all required inputs are causally available.,505,Fixed ETF identity and actual inception; no current-constituent history; no observation after t.,a54270b3a9ed6aacce153860d2e7949ab6d6a3117f120e3a8758c775fdee6d98,"[""SRC0258"", ""SRC0259""]","[""V2STRAT0084""]",Highly correlated horizons can create redundant trials; canonical deduplication and cumulative multiplicity are mandatory.
V2FEAT0085,momentum_consistency,Directional consistency of daily returns — POS_FRAC_5,"score_t = MEAN(I[r_s>0]-I[r_s<0], s=t-4..t); zero returns contribute 0","[""V2DS001"", ""V2DS003""]",6,daily decision,after SPY regular-session close t,0 sessions after close for market data; execution remains next open,frozen in formula; rolling/expanding only,Do not future-fill. Preserve prior position until all required inputs are causally available.,6,Fixed ETF identity and actual inception; no current-constituent history; no observation after t.,7b7a3bfaa6730ba4f851a2a38c2c559854abf1769a633a3652ae494461ddc396,"[""SRC0258"", ""SRC0259""]","[""V2STRAT0085""]",Many small positive days can coexist with one large loss; magnitude information is intentionally discarded.
V2FEAT0086,momentum_consistency,Directional consistency of daily returns — POS_FRAC_10,"score_t = MEAN(I[r_s>0]-I[r_s<0], s=t-9..t); zero returns contribute 0","[""V2DS001"", ""V2DS003""]",11,daily decision,after SPY regular-session close t,0 sessions after close for market data; execution remains next open,frozen in formula; rolling/expanding only,Do not future-fill. Preserve prior position until all required inputs are causally available.,11,Fixed ETF identity and actual inception; no current-constituent history; no observation after t.,d436a0b17fc67c0ff9118e2e7a73eb0481eae15b2538c876ae059670739814d1,"[""SRC0258"", ""SRC0259""]","[""V2STRAT0086""]",Many small positive days can coexist with one large loss; magnitude information is intentionally discarded.
V2FEAT0087,momentum_consistency,Directional consistency of daily returns — POS_FRAC_20,"score_t = MEAN(I[r_s>0]-I[r_s<0], s=t-19..t); zero returns contribute 0","[""V2DS001"", ""V2DS003""]",21,daily decision,after SPY regular-session close t,0 sessions after close for market data; execution remains next open,frozen in formula; rolling/expanding only,Do not future-fill. Preserve prior position until all required inputs are causally available.,21,Fixed ETF identity and actual inception; no current-constituent history; no observation after t.,a5ee775f4e1b1046990fdc05587ca287d407c650bd240370354d8156eb2c64a6,"[""SRC0258"", ""SRC0259""]","[""V2STRAT0087""]",Many small positive days can coexist with one large loss; magnitude information is intentionally discarded.
V2FEAT0088,momentum_consistency,Directional consistency of daily returns — POS_FRAC_40,"score_t = MEAN(I[r_s>0]-I[r_s<0], s=t-39..t); zero returns contribute 0","[""V2DS001"", ""V2DS003""]",41,daily decision,after SPY regular-session close t,0 sessions after close for market data; execution remains next open,frozen in formula; rolling/expanding only,Do not future-fill. Preserve prior position until all required inputs are causally available.,41,Fixed ETF identity and actual inception; no current-constituent history; no observation after t.,e51198603ebc6f28a2e6a53b92a4c875a516c4cffbf2f27a10e18b16f1498910,"[""SRC0258"", ""SRC0259""]","[""V2STRAT0088""]",Many small positive days can coexist with one large loss; magnitude information is intentionally discarded.
V2FEAT0089,momentum_consistency,Directional consistency of daily returns — POS_FRAC_63,"score_t = MEAN(I[r_s>0]-I[r_s<0], s=t-62..t); zero returns contribute 0","[""V2DS001"", ""V2DS003""]",64,daily decision,after SPY regular-session close t,0 sessions after close for market data; execution remains next open,frozen in formula; rolling/expanding only,Do not future-fill. Preserve prior position until all required inputs are causally available.,64,Fixed ETF identity and actual inception; no current-constituent history; no observation after t.,f58b942a439cfe13f3f0ebebb02540836a9dde5ba5288296d272d5d46285d9ff,"[""SRC0258"", ""SRC0259""]","[""V2STRAT0089""]",Many small positive days can coexist with one large loss; magnitude information is intentionally discarded.
V2FEAT0090,momentum_consistency,Directional consistency of daily returns — POS_FRAC_126,"score_t = MEAN(I[r_s>0]-I[r_s<0], s=t-125..t); zero returns contribute 0","[""V2DS001"", ""V2DS003""]",127,daily decision,after SPY regular-session close t,0 sessions after close for market data; execution remains next open,frozen in formula; rolling/expanding only,Do not future-fill. Preserve prior position until all required inputs are causally available.,127,Fixed ETF identity and actual inception; no current-constituent history; no observation after t.,3959d316e61e042bba0b0f6b40cccbe907ddfabbeccbee2eac7f506abba87d04,"[""SRC0258"", ""SRC0259""]","[""V2STRAT0090""]",Many small positive days can coexist with one large loss; magnitude information is intentionally discarded.
V2FEAT0091,signed_volume_pressure,Signed abnormal-volume pressure — SIGNED_VOL_1,"abvol_s=ln(V_s/MEDIAN(V_u,u=s-251..s)); sv_s=sign(r_s)*abvol_s; score_t=SUM(sv_s,s=t-0..t)","[""V2DS001"", ""V2DS002"", ""V2DS003""]",253,daily decision,after SPY regular-session close t,0 sessions after close for market data; execution remains next open,frozen in formula; rolling/expanding only,Do not future-fill. Preserve prior position until all required inputs are causally available.,253,Fixed ETF identity and actual inception; no current-constituent history; no observation after t.,d9f9329b341b8d446fe89c71ff65f345ac2a7bea42b53e603ef353045da3d8f0,"[""SRC0254"", ""SRC0255"", ""SRC0256"", ""SRC0257""]","[""V2STRAT0091""]","ETF volume reflects creations, hedging and microstructure, not only information; cross-sectional evidence may not transfer."
V2FEAT0092,signed_volume_pressure,Signed abnormal-volume pressure — SIGNED_VOL_3,"abvol_s=ln(V_s/MEDIAN(V_u,u=s-251..s)); sv_s=sign(r_s)*abvol_s; score_t=SUM(sv_s,s=t-2..t)","[""V2DS001"", ""V2DS002"", ""V2DS003""]",255,daily decision,after SPY regular-session close t,0 sessions after close for market data; execution remains next open,frozen in formula; rolling/expanding only,Do not future-fill. Preserve prior position until all required inputs are causally available.,255,Fixed ETF identity and actual inception; no current-constituent history; no observation after t.,490cb89b4695109e45e698ffe291c5ce7f9da9cb38972155633a7c05256213f4,"[""SRC0254"", ""SRC0255"", ""SRC0256"", ""SRC0257""]","[""V2STRAT0092""]","ETF volume reflects creations, hedging and microstructure, not only information; cross-sectional evidence may not transfer."
V2FEAT0093,signed_volume_pressure,Signed abnormal-volume pressure — SIGNED_VOL_5,"abvol_s=ln(V_s/MEDIAN(V_u,u=s-251..s)); sv_s=sign(r_s)*abvol_s; score_t=SUM(sv_s,s=t-4..t)","[""V2DS001"", ""V2DS002"", ""V2DS003""]",257,daily decision,after SPY regular-session close t,0 sessions after close for market data; execution remains next open,frozen in formula; rolling/expanding only,Do not future-fill. Preserve prior position until all required inputs are causally available.,257,Fixed ETF identity and actual inception; no current-constituent history; no observation after t.,6d8fea665dcd34948e0294a4cd05b00cb497a23520c91873d623971920a8068c,"[""SRC0254"", ""SRC0255"", ""SRC0256"", ""SRC0257""]","[""V2STRAT0093""]","ETF volume reflects creations, hedging and microstructure, not only information; cross-sectional evidence may not transfer."
V2FEAT0094,signed_volume_pressure,Signed abnormal-volume pressure — SIGNED_VOL_10,"abvol_s=ln(V_s/MEDIAN(V_u,u=s-251..s)); sv_s=sign(r_s)*abvol_s; score_t=SUM(sv_s,s=t-9..t)","[""V2DS001"", ""V2DS002"", ""V2DS003""]",262,daily decision,after SPY regular-session close t,0 sessions after close for market data; execution remains next open,frozen in formula; rolling/expanding only,Do not future-fill. Preserve prior position until all required inputs are causally available.,262,Fixed ETF identity and actual inception; no current-constituent history; no observation after t.,2b4b98945fc0fcaa14efbb9618057360b6fcea8480a9dd65e7d00fceb434e0d1,"[""SRC0254"", ""SRC0255"", ""SRC0256"", ""SRC0257""]","[""V2STRAT0094""]","ETF volume reflects creations, hedging and microstructure, not only information; cross-sectional evidence may not transfer."
V2FEAT0095,signed_volume_pressure,Signed abnormal-volume pressure — SIGNED_VOL_20,"abvol_s=ln(V_s/MEDIAN(V_u,u=s-251..s)); sv_s=sign(r_s)*abvol_s; score_t=SUM(sv_s,s=t-19..t)","[""V2DS001"", ""V2DS002"", ""V2DS003""]",272,daily decision,after SPY regular-session close t,0 sessions after close for market data; execution remains next open,frozen in formula; rolling/expanding only,Do not future-fill. Preserve prior position until all required inputs are causally available.,272,Fixed ETF identity and actual inception; no current-constituent history; no observation after t.,f93332ff747b2595de9a793812e939e8eb049ec70c9855a3f9ef8ef695b28a95,"[""SRC0254"", ""SRC0255"", ""SRC0256"", ""SRC0257""]","[""V2STRAT0095""]","ETF volume reflects creations, hedging and microstructure, not only information; cross-sectional evidence may not transfer."
V2FEAT0096,signed_volume_pressure,Signed abnormal-volume pressure — SIGNED_VOL_63,"abvol_s=ln(V_s/MEDIAN(V_u,u=s-251..s)); sv_s=sign(r_s)*abvol_s; score_t=SUM(sv_s,s=t-62..t)","[""V2DS001"", ""V2DS002"", ""V2DS003""]",315,daily decision,after SPY regular-session close t,0 sessions after close for market data; execution remains next open,frozen in formula; rolling/expanding only,Do not future-fill. Preserve prior position until all required inputs are causally available.,315,Fixed ETF identity and actual inception; no current-constituent history; no observation after t.,1761920efd0d6b485ba1832339ba197726657337652ed2bafdda1d4d8f866518,"[""SRC0254"", ""SRC0255"", ""SRC0256"", ""SRC0257""]","[""V2STRAT0096""]","ETF volume reflects creations, hedging and microstructure, not only information; cross-sectional evidence may not transfer."
V2FEAT0097,amihud_price_impact,Signed Amihud-style price impact — SIGNED_IMPACT_1,"dvol_s=P_s*V_s; scale_s=MEDIAN(dvol_u,u=s-251..s); impact_s=r_s*scale_s/dvol_s; score_t=SUM(impact_s,s=t-0..t), undefined when dvol_s<=0","[""V2DS001"", ""V2DS002"", ""V2DS003""]",253,daily decision,after SPY regular-session close t,0 sessions after close for market data; execution remains next open,frozen in formula; rolling/expanding only,Do not future-fill. Preserve prior position until all required inputs are causally available.,253,Fixed ETF identity and actual inception; no current-constituent history; no observation after t.,99e8a1d0ad6554ec0bdb1b60be8ecc3b35789e794cb9364d327b2210a033846c,"[""SRC0254"", ""SRC0255""]","[""V2STRAT0097""]",A liquid index ETF has changing market structure; the measure may mostly capture early-sample scale changes.
V2FEAT0098,amihud_price_impact,Signed Amihud-style price impact — SIGNED_IMPACT_3,"dvol_s=P_s*V_s; scale_s=MEDIAN(dvol_u,u=s-251..s); impact_s=r_s*scale_s/dvol_s; score_t=SUM(impact_s,s=t-2..t), undefined when dvol_s<=0","[""V2DS001"", ""V2DS002"", ""V2DS003""]",255,daily decision,after SPY regular-session close t,0 sessions after close for market data; execution remains next open,frozen in formula; rolling/expanding only,Do not future-fill. Preserve prior position until all required inputs are causally available.,255,Fixed ETF identity and actual inception; no current-constituent history; no observation after t.,16dd078da151bc912fc4e2087828ece199d2d633b5bf727d9b1ed5add196d2ae,"[""SRC0254"", ""SRC0255""]","[""V2STRAT0098""]",A liquid index ETF has changing market structure; the measure may mostly capture early-sample scale changes.
V2FEAT0099,amihud_price_impact,Signed Amihud-style price impact — SIGNED_IMPACT_5,"dvol_s=P_s*V_s; scale_s=MEDIAN(dvol_u,u=s-251..s); impact_s=r_s*scale_s/dvol_s; score_t=SUM(impact_s,s=t-4..t), undefined when dvol_s<=0","[""V2DS001"", ""V2DS002"", ""V2DS003""]",257,daily decision,after SPY regular-session close t,0 sessions after close for market data; execution remains next open,frozen in formula; rolling/expanding only,Do not future-fill. Preserve prior position until all required inputs are causally available.,257,Fixed ETF identity and actual inception; no current-constituent history; no observation after t.,8aec7f1d7a015fa57ce283cde003b85ed95334c97b0997f02bfa6e7c68603484,"[""SRC0254"", ""SRC0255""]","[""V2STRAT0099""]",A liquid index ETF has changing market structure; the measure may mostly capture early-sample scale changes.
V2FEAT0100,amihud_price_impact,Signed Amihud-style price impact — SIGNED_IMPACT_10,"dvol_s=P_s*V_s; scale_s=MEDIAN(dvol_u,u=s-251..s); impact_s=r_s*scale_s/dvol_s; score_t=SUM(impact_s,s=t-9..t), undefined when dvol_s<=0","[""V2DS001"", ""V2DS002"", ""V2DS003""]",262,daily decision,after SPY regular-session close t,0 sessions after close for market data; execution remains next open,frozen in formula; rolling/expanding only,Do not future-fill. Preserve prior position until all required inputs are causally available.,262,Fixed ETF identity and actual inception; no current-constituent history; no observation after t.,c973012b7e23d304174623e56aad6f0efb5163deae00435cb47d2817ac5c6383,"[""SRC0254"", ""SRC0255""]","[""V2STRAT0100""]",A liquid index ETF has changing market structure; the measure may mostly capture early-sample scale changes.
V2FEAT0101,amihud_price_impact,Signed Amihud-style price impact — SIGNED_IMPACT_20,"dvol_s=P_s*V_s; scale_s=MEDIAN(dvol_u,u=s-251..s); impact_s=r_s*scale_s/dvol_s; score_t=SUM(impact_s,s=t-19..t), undefined when dvol_s<=0","[""V2DS001"", ""V2DS002"", ""V2DS003""]",272,daily decision,after SPY regular-session close t,0 sessions after close for market data; execution remains next open,frozen in formula; rolling/expanding only,Do not future-fill. Preserve prior position until all required inputs are causally available.,272,Fixed ETF identity and actual inception; no current-constituent history; no observation after t.,7f1b672ef6c417300b1c02a7e1caa14f517cba802c38b1c8216c2f15552b7079,"[""SRC0254"", ""SRC0255""]","[""V2STRAT0101""]",A liquid index ETF has changing market structure; the measure may mostly capture early-sample scale changes.
V2FEAT0102,amihud_price_impact,Signed Amihud-style price impact — SIGNED_IMPACT_63,"dvol_s=P_s*V_s; scale_s=MEDIAN(dvol_u,u=s-251..s); impact_s=r_s*scale_s/dvol_s; score_t=SUM(impact_s,s=t-62..t), undefined when dvol_s<=0","[""V2DS001"", ""V2DS002"", ""V2DS003""]",315,daily decision,after SPY regular-session close t,0 sessions after close for market data; execution remains next open,frozen in formula; rolling/expanding only,Do not future-fill. Preserve prior position until all required inputs are causally available.,315,Fixed ETF identity and actual inception; no current-constituent history; no observation after t.,9735ec0a52460528e16342e0d3ec2e8714fa9bcfe8a6cb8175ab2f4495911420,"[""SRC0254"", ""SRC0255""]","[""V2STRAT0102""]",A liquid index ETF has changing market structure; the measure may mostly capture early-sample scale changes.
V2FEAT0103,sector_etf_breadth,Fixed-sector ETF breadth — SECTOR_POSRET_20,"For each of XLB,XLE,XLF,XLI,XLK,XLP,XLU,XLV,XLY compute ln(Q_t/Q_(t-20)); score_t=mean(sign(component_return)); require all 9 components.","[""V2DS004"", ""V2DS009"", ""V2DS008""]",21,daily decision,after SPY regular-session close t,0 sessions after close for market data; execution remains next open,frozen in formula; rolling/expanding only,Do not future-fill. Preserve prior position until all required inputs are causally available.,21,Fixed ETF identity and actual inception; no current-constituent history; no observation after t.,1c68de87a00920e3f8ddeb8a493d58963c115358abe7afde70ed22a6f8609d7c,"[""SRC0258"", ""SRC0260"", ""SRC0266""]","[""V2STRAT0103""]","The panel begins in late 1998, yields a short train span and includes sector-index methodology changes."
V2FEAT0104,sector_etf_breadth,Fixed-sector ETF breadth — SECTOR_POSRET_63,"For each of XLB,XLE,XLF,XLI,XLK,XLP,XLU,XLV,XLY compute ln(Q_t/Q_(t-63)); score_t=mean(sign(component_return)); require all 9 components.","[""V2DS004"", ""V2DS009"", ""V2DS008""]",64,daily decision,after SPY regular-session close t,0 sessions after close for market data; execution remains next open,frozen in formula; rolling/expanding only,Do not future-fill. Preserve prior position until all required inputs are causally available.,64,Fixed ETF identity and actual inception; no current-constituent history; no observation after t.,2519501674f0d8f88003f0a3d8260e4129fb116c19d7c99b9a799108fedd1214,"[""SRC0258"", ""SRC0260"", ""SRC0266""]","[""V2STRAT0104""]","The panel begins in late 1998, yields a short train span and includes sector-index methodology changes."
V2FEAT0105,sector_etf_breadth,Fixed-sector ETF breadth — SECTOR_POSRET_126,"For each of XLB,XLE,XLF,XLI,XLK,XLP,XLU,XLV,XLY compute ln(Q_t/Q_(t-126)); score_t=mean(sign(component_return)); require all 9 components.","[""V2DS004"", ""V2DS009"", ""V2DS008""]",127,daily decision,after SPY regular-session close t,0 sessions after close for market data; execution remains next open,frozen in formula; rolling/expanding only,Do not future-fill. Preserve prior position until all required inputs are causally available.,127,Fixed ETF identity and actual inception; no current-constituent history; no observation after t.,55dfe938d97fa3265ebf7ea2670b82404af335ee8e2701241823efae361026d3,"[""SRC0258"", ""SRC0260"", ""SRC0266""]","[""V2STRAT0105""]","The panel begins in late 1998, yields a short train span and includes sector-index methodology changes."
V2FEAT0106,sector_etf_breadth,Fixed-sector ETF breadth — SECTOR_ABOVE_SMA_50,For each fixed sector ETF compute sign(Q_t-SMA_50(Q)); score_t=mean(component_sign); require all 9.,"[""V2DS004"", ""V2DS009"", ""V2DS008""]",51,daily decision,after SPY regular-session close t,0 sessions after close for market data; execution remains next open,frozen in formula; rolling/expanding only,Do not future-fill. Preserve prior position until all required inputs are causally available.,51,Fixed ETF identity and actual inception; no current-constituent history; no observation after t.,0a35ee633d872471b060c6c4df32cb95e53411adcf0cc0a6d07934ea4a92cef6,"[""SRC0258"", ""SRC0260"", ""SRC0266""]","[""V2STRAT0106""]","The panel begins in late 1998, yields a short train span and includes sector-index methodology changes."
V2FEAT0107,sector_etf_breadth,Fixed-sector ETF breadth — SECTOR_ABOVE_SMA_100,For each fixed sector ETF compute sign(Q_t-SMA_100(Q)); score_t=mean(component_sign); require all 9.,"[""V2DS004"", ""V2DS009"", ""V2DS008""]",101,daily decision,after SPY regular-session close t,0 sessions after close for market data; execution remains next open,frozen in formula; rolling/expanding only,Do not future-fill. Preserve prior position until all required inputs are causally available.,101,Fixed ETF identity and actual inception; no current-constituent history; no observation after t.,3339690cf76c8dc01a45b51946ee97c24e27f4e321b8e08f16b1e3911d13593b,"[""SRC0258"", ""SRC0260"", ""SRC0266""]","[""V2STRAT0107""]","The panel begins in late 1998, yields a short train span and includes sector-index methodology changes."
V2FEAT0108,sector_etf_breadth,Fixed-sector ETF breadth — SECTOR_ABOVE_SMA_200,For each fixed sector ETF compute sign(Q_t-SMA_200(Q)); score_t=mean(component_sign); require all 9.,"[""V2DS004"", ""V2DS009"", ""V2DS008""]",201,daily decision,after SPY regular-session close t,0 sessions after close for market data; execution remains next open,frozen in formula; rolling/expanding only,Do not future-fill. Preserve prior position until all required inputs are causally available.,201,Fixed ETF identity and actual inception; no current-constituent history; no observation after t.,b70fc49c9d84669436a77b9e9d9e70ca2521c840006c21b4c1fab2123360c44e,"[""SRC0258"", ""SRC0260"", ""SRC0266""]","[""V2STRAT0108""]","The panel begins in late 1998, yields a short train span and includes sector-index methodology changes."
V2FEAT0109,cyclical_defensive_leadership,Cyclical-versus-defensive ETF leadership — LEAD_XLY_XLP_20,"ratio_s=Q_{XLY,s}/Q_{XLP,s}; score_t=ln(ratio_t/ratio_(t-20))","[""V2DS004"", ""V2DS009"", ""V2DS008""]",21,daily decision,after SPY regular-session close t,0 sessions after close for market data; execution remains next open,frozen in formula; rolling/expanding only,Do not future-fill. Preserve prior position until all required inputs are causally available.,21,Fixed ETF identity and actual inception; no current-constituent history; no observation after t.,eac8a3cdeed8306260d921aab7c65bd98560cdbf0f607d40efdde298aceb8e2a,"[""SRC0258"", ""SRC0260"", ""SRC0265"", ""SRC0266""]","[""V2STRAT0109""]",Recent systematic evidence is negative; sector relationships can be regime-specific and noncausal stories are easy to invent.
V2FEAT0110,cyclical_defensive_leadership,Cyclical-versus-defensive ETF leadership — LEAD_XLY_XLP_63,"ratio_s=Q_{XLY,s}/Q_{XLP,s}; score_t=ln(ratio_t/ratio_(t-63))","[""V2DS004"", ""V2DS009"", ""V2DS008""]",64,daily decision,after SPY regular-session close t,0 sessions after close for market data; execution remains next open,frozen in formula; rolling/expanding only,Do not future-fill. Preserve prior position until all required inputs are causally available.,64,Fixed ETF identity and actual inception; no current-constituent history; no observation after t.,380b537171fe1118dfc8c81eb5a2acf0ee56a5b49e950fc4dba90141b7c9de5e,"[""SRC0258"", ""SRC0260"", ""SRC0265"", ""SRC0266""]","[""V2STRAT0110""]",Recent systematic evidence is negative; sector relationships can be regime-specific and noncausal stories are easy to invent.
V2FEAT0111,cyclical_defensive_leadership,Cyclical-versus-defensive ETF leadership — LEAD_XLI_XLU_20,"ratio_s=Q_{XLI,s}/Q_{XLU,s}; score_t=ln(ratio_t/ratio_(t-20))","[""V2DS004"", ""V2DS009"", ""V2DS008""]",21,daily decision,after SPY regular-session close t,0 sessions after close for market data; execution remains next open,frozen in formula; rolling/expanding only,Do not future-fill. Preserve prior position until all required inputs are causally available.,21,Fixed ETF identity and actual inception; no current-constituent history; no observation after t.,d4305c0cad4624d589d9977176ee76e2411ee41206fc18dbd97e6634f7bb9ade,"[""SRC0258"", ""SRC0260"", ""SRC0265"", ""SRC0266""]","[""V2STRAT0111""]",Recent systematic evidence is negative; sector relationships can be regime-specific and noncausal stories are easy to invent.
V2FEAT0112,cyclical_defensive_leadership,Cyclical-versus-defensive ETF leadership — LEAD_XLI_XLU_63,"ratio_s=Q_{XLI,s}/Q_{XLU,s}; score_t=ln(ratio_t/ratio_(t-63))","[""V2DS004"", ""V2DS009"", ""V2DS008""]",64,daily decision,after SPY regular-session close t,0 sessions after close for market data; execution remains next open,frozen in formula; rolling/expanding only,Do not future-fill. Preserve prior position until all required inputs are causally available.,64,Fixed ETF identity and actual inception; no current-constituent history; no observation after t.,4145c954d896003f6c19dedd958d19f4a8cff032b3034c3d95612164bf6cfe7f,"[""SRC0258"", ""SRC0260"", ""SRC0265"", ""SRC0266""]","[""V2STRAT0112""]",Recent systematic evidence is negative; sector relationships can be regime-specific and noncausal stories are easy to invent.
V2FEAT0113,cyclical_defensive_leadership,Cyclical-versus-defensive ETF leadership — LEAD_XLF_XLU_20,"ratio_s=Q_{XLF,s}/Q_{XLU,s}; score_t=ln(ratio_t/ratio_(t-20))","[""V2DS004"", ""V2DS009"", ""V2DS008""]",21,daily decision,after SPY regular-session close t,0 sessions after close for market data; execution remains next open,frozen in formula; rolling/expanding only,Do not future-fill. Preserve prior position until all required inputs are causally available.,21,Fixed ETF identity and actual inception; no current-constituent history; no observation after t.,e6a231309b04a5b1ad12a68073990e069b23c4c1525bb8767de9f00ccb8978c3,"[""SRC0258"", ""SRC0260"", ""SRC0265"", ""SRC0266""]","[""V2STRAT0113""]",Recent systematic evidence is negative; sector relationships can be regime-specific and noncausal stories are easy to invent.
V2FEAT0114,cyclical_defensive_leadership,Cyclical-versus-defensive ETF leadership — LEAD_XLF_XLU_63,"ratio_s=Q_{XLF,s}/Q_{XLU,s}; score_t=ln(ratio_t/ratio_(t-63))","[""V2DS004"", ""V2DS009"", ""V2DS008""]",64,daily decision,after SPY regular-session close t,0 sessions after close for market data; execution remains next open,frozen in formula; rolling/expanding only,Do not future-fill. Preserve prior position until all required inputs are causally available.,64,Fixed ETF identity and actual inception; no current-constituent history; no observation after t.,6875af7e8150d691253cb81aa05a17d0f251b029957f0b331d85a0877ce5cb34,"[""SRC0258"", ""SRC0260"", ""SRC0265"", ""SRC0266""]","[""V2STRAT0114""]",Recent systematic evidence is negative; sector relationships can be regime-specific and noncausal stories are easy to invent.
V2FEAT0115,cross_asset_etf_risk_appetite,Fixed-ETF risk-appetite leadership — RISK_RATIO_QQQ_SPY_63,"ratio_s=Q_{QQQ,s}/Q_{SPY,s}; score_t=ln(ratio_t/ratio_(t-63)); candidate begins only after both ETFs exist plus 63 sessions","[""V2DS005"", ""V2DS009"", ""V2DS008""]",64,daily decision,after SPY regular-session close t,0 sessions after close for market data; execution remains next open,frozen in formula; rolling/expanding only,Do not future-fill. Preserve prior position until all required inputs are causally available.,64,Fixed ETF identity and actual inception; no current-constituent history; no observation after t.,2030d442223fc6073e18c6fc1f497f6d68f295121e4e2ea999b01d9daef4e0ab,"[""SRC0258"", ""SRC0266"", ""SRC0267"", ""SRC0268""]","[""V2STRAT0115""]",Different ETFs start on different dates and dividends are deliberately excluded from predictor ratios; history is limited.
V2FEAT0116,cross_asset_etf_risk_appetite,Fixed-ETF risk-appetite leadership — RISK_RATIO_IWM_SPY_63,"ratio_s=Q_{IWM,s}/Q_{SPY,s}; score_t=ln(ratio_t/ratio_(t-63)); candidate begins only after both ETFs exist plus 63 sessions","[""V2DS005"", ""V2DS009"", ""V2DS008""]",64,daily decision,after SPY regular-session close t,0 sessions after close for market data; execution remains next open,frozen in formula; rolling/expanding only,Do not future-fill. Preserve prior position until all required inputs are causally available.,64,Fixed ETF identity and actual inception; no current-constituent history; no observation after t.,7c720663bc433607b80f4b3e69c269abfe929a54e8d097d21bba77e2d716bcc4,"[""SRC0258"", ""SRC0266"", ""SRC0267"", ""SRC0268""]","[""V2STRAT0116""]",Different ETFs start on different dates and dividends are deliberately excluded from predictor ratios; history is limited.
V2FEAT0117,cross_asset_etf_risk_appetite,Fixed-ETF risk-appetite leadership — RISK_RATIO_IWM_DIA_63,"ratio_s=Q_{IWM,s}/Q_{DIA,s}; score_t=ln(ratio_t/ratio_(t-63)); candidate begins only after both ETFs exist plus 63 sessions","[""V2DS005"", ""V2DS009"", ""V2DS008""]",64,daily decision,after SPY regular-session close t,0 sessions after close for market data; execution remains next open,frozen in formula; rolling/expanding only,Do not future-fill. Preserve prior position until all required inputs are causally available.,64,Fixed ETF identity and actual inception; no current-constituent history; no observation after t.,ba057a97e94f1f2dba0f4a24ca299fb25fc9ebbc19c90096aa704bab3d9cc39e,"[""SRC0258"", ""SRC0266"", ""SRC0267"", ""SRC0268""]","[""V2STRAT0117""]",Different ETFs start on different dates and dividends are deliberately excluded from predictor ratios; history is limited.
V2FEAT0118,cross_asset_etf_risk_appetite,Fixed-ETF risk-appetite leadership — RISK_RATIO_DIA_SPY_63,"ratio_s=Q_{DIA,s}/Q_{SPY,s}; score_t=ln(ratio_t/ratio_(t-63)); candidate begins only after both ETFs exist plus 63 sessions","[""V2DS005"", ""V2DS009"", ""V2DS008""]",64,daily decision,after SPY regular-session close t,0 sessions after close for market data; execution remains next open,frozen in formula; rolling/expanding only,Do not future-fill. Preserve prior position until all required inputs are causally available.,64,Fixed ETF identity and actual inception; no current-constituent history; no observation after t.,df062ddb277421311419f6f14e9bf6df6d05ef1f669d2b75ccf7506bb92c0a5a,"[""SRC0258"", ""SRC0266"", ""SRC0267"", ""SRC0268""]","[""V2STRAT0118""]",Different ETFs start on different dates and dividends are deliberately excluded from predictor ratios; history is limited.
V2FEAT0119,cross_asset_etf_risk_appetite,Fixed-ETF risk-appetite leadership — RISK_RATIO_SPY_IEF_63,"ratio_s=Q_{SPY,s}/Q_{IEF,s}; score_t=ln(ratio_t/ratio_(t-63)); candidate begins only after both ETFs exist plus 63 sessions","[""V2DS005"", ""V2DS009"", ""V2DS008""]",64,daily decision,after SPY regular-session close t,0 sessions after close for market data; execution remains next open,frozen in formula; rolling/expanding only,Do not future-fill. Preserve prior position until all required inputs are causally available.,64,Fixed ETF identity and actual inception; no current-constituent history; no observation after t.,1d7be4322728510a3c4a2e2a2e869bba357e7193941a4ae628a8f7015b983d2a,"[""SRC0258"", ""SRC0266"", ""SRC0267"", ""SRC0268""]","[""V2STRAT0119""]",Different ETFs start on different dates and dividends are deliberately excluded from predictor ratios; history is limited.
V2FEAT0120,cross_asset_etf_risk_appetite,Fixed-ETF risk-appetite leadership — RISK_RATIO_SPY_TLT_63,"ratio_s=Q_{SPY,s}/Q_{TLT,s}; score_t=ln(ratio_t/ratio_(t-63)); candidate begins only after both ETFs exist plus 63 sessions","[""V2DS005"", ""V2DS009"", ""V2DS008""]",64,daily decision,after SPY regular-session close t,0 sessions after close for market data; execution remains next open,frozen in formula; rolling/expanding only,Do not future-fill. Preserve prior position until all required inputs are causally available.,64,Fixed ETF identity and actual inception; no current-constituent history; no observation after t.,90169264710df37b710c1c279524831fed164e603921f2b0ba98b3e139c9705a,"[""SRC0258"", ""SRC0266"", ""SRC0267"", ""SRC0268""]","[""V2STRAT0120""]",Different ETFs start on different dates and dividends are deliberately excluded from predictor ratios; history is limited.
V2FEAT0121,sector_dispersion_state,Sector-dispersion conditioned SPY direction — SECTOR_DISP_20_STATE20,"component_ret_i,t=ln(Q_i,t/Q_i,t-20); disp_t=STD_i(component_ret_i,t); baseline_t=MEDIAN(disp_s,s=t-99..t); spy_dir_t=sign(ln(P_t/P_(t-20))); score_t=spy_dir_t*(baseline_t-disp_t)","[""V2DS001"", ""V2DS004"", ""V2DS009"", ""V2DS008""]",121,daily decision,after SPY regular-session close t,0 sessions after close for market data; execution remains next open,frozen in formula; rolling/expanding only,Do not future-fill. Preserve prior position until all required inputs are causally available.,121,Fixed ETF identity and actual inception; no current-constituent history; no observation after t.,a012bee0fb8a5e00d29913ea718e7e7efdfe5b77d65b6443d4b334d88b1fcc2a,"[""SRC0260"", ""SRC0266""]","[""V2STRAT0121""]",The mapping is a frozen hypothesis; high dispersion may instead signal healthy rotation rather than breakdown.
V2FEAT0122,sector_dispersion_state,Sector-dispersion conditioned SPY direction — SECTOR_DISP_20_STATE63,"component_ret_i,t=ln(Q_i,t/Q_i,t-20); disp_t=STD_i(component_ret_i,t); baseline_t=MEDIAN(disp_s,s=t-314..t); spy_dir_t=sign(ln(P_t/P_(t-20))); score_t=spy_dir_t*(baseline_t-disp_t)","[""V2DS001"", ""V2DS004"", ""V2DS009"", ""V2DS008""]",336,daily decision,after SPY regular-session close t,0 sessions after close for market data; execution remains next open,frozen in formula; rolling/expanding only,Do not future-fill. Preserve prior position until all required inputs are causally available.,336,Fixed ETF identity and actual inception; no current-constituent history; no observation after t.,3fa1436d0a325319d93520fa1022b5c860beb9f55b3e579628f90b61d4222955,"[""SRC0260"", ""SRC0266""]","[""V2STRAT0122""]",The mapping is a frozen hypothesis; high dispersion may instead signal healthy rotation rather than breakdown.
V2FEAT0123,sector_dispersion_state,Sector-dispersion conditioned SPY direction — SECTOR_DISP_63_STATE20,"component_ret_i,t=ln(Q_i,t/Q_i,t-63); disp_t=STD_i(component_ret_i,t); baseline_t=MEDIAN(disp_s,s=t-99..t); spy_dir_t=sign(ln(P_t/P_(t-63))); score_t=spy_dir_t*(baseline_t-disp_t)","[""V2DS001"", ""V2DS004"", ""V2DS009"", ""V2DS008""]",164,daily decision,after SPY regular-session close t,0 sessions after close for market data; execution remains next open,frozen in formula; rolling/expanding only,Do not future-fill. Preserve prior position until all required inputs are causally available.,164,Fixed ETF identity and actual inception; no current-constituent history; no observation after t.,68f16f67358775bc2529d2da9d49c26f929ab27a41a58b46b216035c4a045efa,"[""SRC0260"", ""SRC0266""]","[""V2STRAT0123""]",The mapping is a frozen hypothesis; high dispersion may instead signal healthy rotation rather than breakdown.
V2FEAT0124,sector_dispersion_state,Sector-dispersion conditioned SPY direction — SECTOR_DISP_63_STATE63,"component_ret_i,t=ln(Q_i,t/Q_i,t-63); disp_t=STD_i(component_ret_i,t); baseline_t=MEDIAN(disp_s,s=t-314..t); spy_dir_t=sign(ln(P_t/P_(t-63))); score_t=spy_dir_t*(baseline_t-disp_t)","[""V2DS001"", ""V2DS004"", ""V2DS009"", ""V2DS008""]",379,daily decision,after SPY regular-session close t,0 sessions after close for market data; execution remains next open,frozen in formula; rolling/expanding only,Do not future-fill. Preserve prior position until all required inputs are causally available.,379,Fixed ETF identity and actual inception; no current-constituent history; no observation after t.,053578a75e18e1814e07520b82fef8b849d4d0f75abda58bf2ed7624990845e3,"[""SRC0260"", ""SRC0266""]","[""V2STRAT0124""]",The mapping is a frozen hypothesis; high dispersion may instead signal healthy rotation rather than breakdown.
V2FEAT0125,sector_dispersion_state,Sector-dispersion conditioned SPY direction — SECTOR_DISP_126_STATE20,"component_ret_i,t=ln(Q_i,t/Q_i,t-126); disp_t=STD_i(component_ret_i,t); baseline_t=MEDIAN(disp_s,s=t-99..t); spy_dir_t=sign(ln(P_t/P_(t-126))); score_t=spy_dir_t*(baseline_t-disp_t)","[""V2DS001"", ""V2DS004"", ""V2DS009"", ""V2DS008""]",227,daily decision,after SPY regular-session close t,0 sessions after close for market data; execution remains next open,frozen in formula; rolling/expanding only,Do not future-fill. Preserve prior position until all required inputs are causally available.,227,Fixed ETF identity and actual inception; no current-constituent history; no observation after t.,e8ed0f7897d2890d2c5ee22ac19f354856c2d898c6ed35d406a31cb078bfd0c6,"[""SRC0260"", ""SRC0266""]","[""V2STRAT0125""]",The mapping is a frozen hypothesis; high dispersion may instead signal healthy rotation rather than breakdown.
V2FEAT0126,sector_dispersion_state,Sector-dispersion conditioned SPY direction — SECTOR_DISP_126_STATE63,"component_ret_i,t=ln(Q_i,t/Q_i,t-126); disp_t=STD_i(component_ret_i,t); baseline_t=MEDIAN(disp_s,s=t-314..t); spy_dir_t=sign(ln(P_t/P_(t-126))); score_t=spy_dir_t*(baseline_t-disp_t)","[""V2DS001"", ""V2DS004"", ""V2DS009"", ""V2DS008""]",442,daily decision,after SPY regular-session close t,0 sessions after close for market data; execution remains next open,frozen in formula; rolling/expanding only,Do not future-fill. Preserve prior position until all required inputs are causally available.,442,Fixed ETF identity and actual inception; no current-constituent history; no observation after t.,c5d4aa273840daee732283665a494eba371da24f005feebd6b37ee8b7637566c,"[""SRC0260"", ""SRC0266""]","[""V2STRAT0126""]",The mapping is a frozen hypothesis; high dispersion may instead signal healthy rotation rather than breakdown.
V2FEAT0127,equal_weight_concentration,Equal-weight versus cap-weight leadership — RSP_SPY_5,"ratio_s=Q_RSP,s/Q_SPY,s; score_t=ln(ratio_t/ratio_(t-5))","[""V2DS006"", ""V2DS009"", ""V2DS008""]",6,daily decision,after SPY regular-session close t,0 sessions after close for market data; execution remains next open,frozen in formula; rolling/expanding only,Do not future-fill. Preserve prior position until all required inputs are causally available.,6,Fixed ETF identity and actual inception; no current-constituent history; no observation after t.,a638ecc6f16496616803ba9031511fce0b0b391c6b4e5c2012c79178622c82cf,"[""SRC0265"", ""SRC0268""]","[""V2STRAT0127""]","RSP starts in 2003, leaving very little train history; this family may fail minimum-length gates."
V2FEAT0128,equal_weight_concentration,Equal-weight versus cap-weight leadership — RSP_SPY_20,"ratio_s=Q_RSP,s/Q_SPY,s; score_t=ln(ratio_t/ratio_(t-20))","[""V2DS006"", ""V2DS009"", ""V2DS008""]",21,daily decision,after SPY regular-session close t,0 sessions after close for market data; execution remains next open,frozen in formula; rolling/expanding only,Do not future-fill. Preserve prior position until all required inputs are causally available.,21,Fixed ETF identity and actual inception; no current-constituent history; no observation after t.,81518cefea95e4ca13c8e0f0c1c9dae5e7dc48b36c395d85bfb737941fcdf59c,"[""SRC0265"", ""SRC0268""]","[""V2STRAT0128""]","RSP starts in 2003, leaving very little train history; this family may fail minimum-length gates."
V2FEAT0129,equal_weight_concentration,Equal-weight versus cap-weight leadership — RSP_SPY_63,"ratio_s=Q_RSP,s/Q_SPY,s; score_t=ln(ratio_t/ratio_(t-63))","[""V2DS006"", ""V2DS009"", ""V2DS008""]",64,daily decision,after SPY regular-session close t,0 sessions after close for market data; execution remains next open,frozen in formula; rolling/expanding only,Do not future-fill. Preserve prior position until all required inputs are causally available.,64,Fixed ETF identity and actual inception; no current-constituent history; no observation after t.,f42e44a395a2f2dbbbb7bcc17e6012b1afe5a2933fce5fd1041129fa072b26da,"[""SRC0265"", ""SRC0268""]","[""V2STRAT0129""]","RSP starts in 2003, leaving very little train history; this family may fail minimum-length gates."
V2FEAT0130,equal_weight_concentration,Equal-weight versus cap-weight leadership — RSP_SPY_126,"ratio_s=Q_RSP,s/Q_SPY,s; score_t=ln(ratio_t/ratio_(t-126))","[""V2DS006"", ""V2DS009"", ""V2DS008""]",127,daily decision,after SPY regular-session close t,0 sessions after close for market data; execution remains next open,frozen in formula; rolling/expanding only,Do not future-fill. Preserve prior position until all required inputs are causally available.,127,Fixed ETF identity and actual inception; no current-constituent history; no observation after t.,0c8affac6ccf2fed9dce6c18966eab124d141e6833e4d7860c60752cc77098b9,"[""SRC0265"", ""SRC0268""]","[""V2STRAT0130""]","RSP starts in 2003, leaving very little train history; this family may fail minimum-length gates."
V2FEAT0131,equal_weight_concentration,Equal-weight versus cap-weight leadership — RSP_SPY_189,"ratio_s=Q_RSP,s/Q_SPY,s; score_t=ln(ratio_t/ratio_(t-189))","[""V2DS006"", ""V2DS009"", ""V2DS008""]",190,daily decision,after SPY regular-session close t,0 sessions after close for market data; execution remains next open,frozen in formula; rolling/expanding only,Do not future-fill. Preserve prior position until all required inputs are causally available.,190,Fixed ETF identity and actual inception; no current-constituent history; no observation after t.,a2997838aad9eca8f0744d8e3bcc2ed3204e42de5cbadc92f8573090ae173922,"[""SRC0265"", ""SRC0268""]","[""V2STRAT0131""]","RSP starts in 2003, leaving very little train history; this family may fail minimum-length gates."
V2FEAT0132,equal_weight_concentration,Equal-weight versus cap-weight leadership — RSP_SPY_252,"ratio_s=Q_RSP,s/Q_SPY,s; score_t=ln(ratio_t/ratio_(t-252))","[""V2DS006"", ""V2DS009"", ""V2DS008""]",253,daily decision,after SPY regular-session close t,0 sessions after close for market data; execution remains next open,frozen in formula; rolling/expanding only,Do not future-fill. Preserve prior position until all required inputs are causally available.,253,Fixed ETF identity and actual inception; no current-constituent history; no observation after t.,cc3cc37e4beebfce64e4a0d301b68daab86084563289a6fe00d8a8da1996642a,"[""SRC0265"", ""SRC0268""]","[""V2STRAT0132""]","RSP starts in 2003, leaving very little train history; this family may fail minimum-length gates."
V2FEAT0133,cusum_change_state,Two-sided Page CUSUM direction state — CUSUM_K0_H3,"z_t=(r_t-expanding_mean(r,min=252))/expanding_std(r,min=252); gplus_t=max(0,gplus_(t-1)+z_t-0); gminus_t=min(0,gminus_(t-1)+z_t+0); if gplus_t>=3: emit +1 and reset both to 0; elif gminus_t<=-3: emit -1 and reset both; else preserve prior position","[""V2DS001"", ""V2DS003""]",253,daily decision,after SPY regular-session close t,0 sessions after close for market data; execution remains next open,frozen in formula; rolling/expanding only,Do not future-fill. Preserve prior position until all required inputs are causally available.,253,Fixed ETF identity and actual inception; no current-constituent history; no observation after t.,62b7677e06df1bbf196fcbb208ae986c326e4dea97d79765b11f5c8a6aeeedd6,"[""SRC0261"", ""SRC0262"", ""SRC0263""]","[""V2STRAT0133""]",CUSUM calibration is not finance-specific and can overreact to volatility shifts; no retrospective break dating is allowed.
V2FEAT0134,cusum_change_state,Two-sided Page CUSUM direction state — CUSUM_K0_H5,"z_t=(r_t-expanding_mean(r,min=252))/expanding_std(r,min=252); gplus_t=max(0,gplus_(t-1)+z_t-0); gminus_t=min(0,gminus_(t-1)+z_t+0); if gplus_t>=5: emit +1 and reset both to 0; elif gminus_t<=-5: emit -1 and reset both; else preserve prior position","[""V2DS001"", ""V2DS003""]",253,daily decision,after SPY regular-session close t,0 sessions after close for market data; execution remains next open,frozen in formula; rolling/expanding only,Do not future-fill. Preserve prior position until all required inputs are causally available.,253,Fixed ETF identity and actual inception; no current-constituent history; no observation after t.,41dbb07a502c16925de6cc5fb69e92c0ff2da16d35f5f89c435a9af30ae91b80,"[""SRC0261"", ""SRC0262"", ""SRC0263""]","[""V2STRAT0134""]",CUSUM calibration is not finance-specific and can overreact to volatility shifts; no retrospective break dating is allowed.
V2FEAT0135,cusum_change_state,Two-sided Page CUSUM direction state — CUSUM_K0p25_H3,"z_t=(r_t-expanding_mean(r,min=252))/expanding_std(r,min=252); gplus_t=max(0,gplus_(t-1)+z_t-0.25); gminus_t=min(0,gminus_(t-1)+z_t+0.25); if gplus_t>=3: emit +1 and reset both to 0; elif gminus_t<=-3: emit -1 and reset both; else preserve prior position","[""V2DS001"", ""V2DS003""]",253,daily decision,after SPY regular-session close t,0 sessions after close for market data; execution remains next open,frozen in formula; rolling/expanding only,Do not future-fill. Preserve prior position until all required inputs are causally available.,253,Fixed ETF identity and actual inception; no current-constituent history; no observation after t.,0986efddc525f0bd3676fc5f0e8e28927a097fa3b3abdf71362a151497e5df9f,"[""SRC0261"", ""SRC0262"", ""SRC0263""]","[""V2STRAT0135""]",CUSUM calibration is not finance-specific and can overreact to volatility shifts; no retrospective break dating is allowed.
V2FEAT0136,cusum_change_state,Two-sided Page CUSUM direction state — CUSUM_K0p25_H5,"z_t=(r_t-expanding_mean(r,min=252))/expanding_std(r,min=252); gplus_t=max(0,gplus_(t-1)+z_t-0.25); gminus_t=min(0,gminus_(t-1)+z_t+0.25); if gplus_t>=5: emit +1 and reset both to 0; elif gminus_t<=-5: emit -1 and reset both; else preserve prior position","[""V2DS001"", ""V2DS003""]",253,daily decision,after SPY regular-session close t,0 sessions after close for market data; execution remains next open,frozen in formula; rolling/expanding only,Do not future-fill. Preserve prior position until all required inputs are causally available.,253,Fixed ETF identity and actual inception; no current-constituent history; no observation after t.,2c7682a5ae200916673ba79620ef5134d7d72b40860360351600f5127c0fd687,"[""SRC0261"", ""SRC0262"", ""SRC0263""]","[""V2STRAT0136""]",CUSUM calibration is not finance-specific and can overreact to volatility shifts; no retrospective break dating is allowed.
V2FEAT0137,cusum_change_state,Two-sided Page CUSUM direction state — CUSUM_K0p5_H3,"z_t=(r_t-expanding_mean(r,min=252))/expanding_std(r,min=252); gplus_t=max(0,gplus_(t-1)+z_t-0.5); gminus_t=min(0,gminus_(t-1)+z_t+0.5); if gplus_t>=3: emit +1 and reset both to 0; elif gminus_t<=-3: emit -1 and reset both; else preserve prior position","[""V2DS001"", ""V2DS003""]",253,daily decision,after SPY regular-session close t,0 sessions after close for market data; execution remains next open,frozen in formula; rolling/expanding only,Do not future-fill. Preserve prior position until all required inputs are causally available.,253,Fixed ETF identity and actual inception; no current-constituent history; no observation after t.,7dd6d8cec377daa76c63bc708003ecf63b07dea609d4c47d515935d2dd9b94cb,"[""SRC0261"", ""SRC0262"", ""SRC0263""]","[""V2STRAT0137""]",CUSUM calibration is not finance-specific and can overreact to volatility shifts; no retrospective break dating is allowed.
V2FEAT0138,cusum_change_state,Two-sided Page CUSUM direction state — CUSUM_K0p5_H5,"z_t=(r_t-expanding_mean(r,min=252))/expanding_std(r,min=252); gplus_t=max(0,gplus_(t-1)+z_t-0.5); gminus_t=min(0,gminus_(t-1)+z_t+0.5); if gplus_t>=5: emit +1 and reset both to 0; elif gminus_t<=-5: emit -1 and reset both; else preserve prior position","[""V2DS001"", ""V2DS003""]",253,daily decision,after SPY regular-session close t,0 sessions after close for market data; execution remains next open,frozen in formula; rolling/expanding only,Do not future-fill. Preserve prior position until all required inputs are causally available.,253,Fixed ETF identity and actual inception; no current-constituent history; no observation after t.,30714d69ae8c45d8bd990326c1278c11b8c2e20e905847c62b69bf86610299cd,"[""SRC0261"", ""SRC0262"", ""SRC0263""]","[""V2STRAT0138""]",CUSUM calibration is not finance-specific and can overreact to volatility shifts; no retrospective break dating is allowed.
V2FEAT0139,causal_shallow_tree,Frozen causal shallow decision tree — TREE_D1_LEAF126,"Features fixed in order: r_on_1, r_id_1, clv_1, body_1, ret_5, ret_20, semivar_balance_20, positive_day_balance_20, signed_abnormal_volume_5, parkinson_ratio_5_20. At the first SPY session of each month fit sklearn DecisionTreeClassifier(criterion='log_loss',splitter='best',max_depth=1,min_samples_leaf=126,min_samples_split=2,max_features=None,random_state=20260805,max_leaf_nodes=None,min_impurity_decrease=0.0,class_weight=None,ccp_alpha=0.0) on an expanding sample. Label for decision date s is I[target open-to-open total return earned from open s+1 to open s+2 > 0]; at close t only labels whose ending open has already occurred may be used. Require >=1260 complete labeled rows and both classes. Missing predictors use medians fitted on that training sample. score_t=P(y=1|x_t)-0.5; probability equality or pre-fit period preserves prior state.","[""V2DS001"", ""V2DS002"", ""V2DS003""]",1262,daily decision,after SPY regular-session close t,0 sessions after close for market data; execution remains next open,frozen in formula; rolling/expanding only,Do not future-fill. Preserve prior position until all required inputs are causally available.,1262,Fixed ETF identity and actual inception; no current-constituent history; no observation after t.,b99ae086264048517ecfee840a53b23d0b38e2cb82a8de8a3258e51c74a1cda3,"[""SRC0264""]","[""V2STRAT0139""]","Even shallow ML can overfit a short train; model settings, features and monthly refit are immutable and validation cannot tune them."
V2FEAT0140,causal_shallow_tree,Frozen causal shallow decision tree — TREE_D1_LEAF252,"Features fixed in order: r_on_1, r_id_1, clv_1, body_1, ret_5, ret_20, semivar_balance_20, positive_day_balance_20, signed_abnormal_volume_5, parkinson_ratio_5_20. At the first SPY session of each month fit sklearn DecisionTreeClassifier(criterion='log_loss',splitter='best',max_depth=1,min_samples_leaf=252,min_samples_split=2,max_features=None,random_state=20260805,max_leaf_nodes=None,min_impurity_decrease=0.0,class_weight=None,ccp_alpha=0.0) on an expanding sample. Label for decision date s is I[target open-to-open total return earned from open s+1 to open s+2 > 0]; at close t only labels whose ending open has already occurred may be used. Require >=1260 complete labeled rows and both classes. Missing predictors use medians fitted on that training sample. score_t=P(y=1|x_t)-0.5; probability equality or pre-fit period preserves prior state.","[""V2DS001"", ""V2DS002"", ""V2DS003""]",1262,daily decision,after SPY regular-session close t,0 sessions after close for market data; execution remains next open,frozen in formula; rolling/expanding only,Do not future-fill. Preserve prior position until all required inputs are causally available.,1262,Fixed ETF identity and actual inception; no current-constituent history; no observation after t.,092bc19b41a8f67a63aefeb987fc947e5c84b43ee144be00ac5c560691d7fcbf,"[""SRC0264""]","[""V2STRAT0140""]","Even shallow ML can overfit a short train; model settings, features and monthly refit are immutable and validation cannot tune them."
V2FEAT0141,causal_shallow_tree,Frozen causal shallow decision tree — TREE_D2_LEAF126,"Features fixed in order: r_on_1, r_id_1, clv_1, body_1, ret_5, ret_20, semivar_balance_20, positive_day_balance_20, signed_abnormal_volume_5, parkinson_ratio_5_20. At the first SPY session of each month fit sklearn DecisionTreeClassifier(criterion='log_loss',splitter='best',max_depth=2,min_samples_leaf=126,min_samples_split=2,max_features=None,random_state=20260805,max_leaf_nodes=None,min_impurity_decrease=0.0,class_weight=None,ccp_alpha=0.0) on an expanding sample. Label for decision date s is I[target open-to-open total return earned from open s+1 to open s+2 > 0]; at close t only labels whose ending open has already occurred may be used. Require >=1260 complete labeled rows and both classes. Missing predictors use medians fitted on that training sample. score_t=P(y=1|x_t)-0.5; probability equality or pre-fit period preserves prior state.","[""V2DS001"", ""V2DS002"", ""V2DS003""]",1262,daily decision,after SPY regular-session close t,0 sessions after close for market data; execution remains next open,frozen in formula; rolling/expanding only,Do not future-fill. Preserve prior position until all required inputs are causally available.,1262,Fixed ETF identity and actual inception; no current-constituent history; no observation after t.,cc9ca81828a97d02849b51aff2ceade7569882ec4a6c4e78788efb6341dc7e38,"[""SRC0264""]","[""V2STRAT0141""]","Even shallow ML can overfit a short train; model settings, features and monthly refit are immutable and validation cannot tune them."
V2FEAT0142,causal_shallow_tree,Frozen causal shallow decision tree — TREE_D2_LEAF252,"Features fixed in order: r_on_1, r_id_1, clv_1, body_1, ret_5, ret_20, semivar_balance_20, positive_day_balance_20, signed_abnormal_volume_5, parkinson_ratio_5_20. At the first SPY session of each month fit sklearn DecisionTreeClassifier(criterion='log_loss',splitter='best',max_depth=2,min_samples_leaf=252,min_samples_split=2,max_features=None,random_state=20260805,max_leaf_nodes=None,min_impurity_decrease=0.0,class_weight=None,ccp_alpha=0.0) on an expanding sample. Label for decision date s is I[target open-to-open total return earned from open s+1 to open s+2 > 0]; at close t only labels whose ending open has already occurred may be used. Require >=1260 complete labeled rows and both classes. Missing predictors use medians fitted on that training sample. score_t=P(y=1|x_t)-0.5; probability equality or pre-fit period preserves prior state.","[""V2DS001"", ""V2DS002"", ""V2DS003""]",1262,daily decision,after SPY regular-session close t,0 sessions after close for market data; execution remains next open,frozen in formula; rolling/expanding only,Do not future-fill. Preserve prior position until all required inputs are causally available.,1262,Fixed ETF identity and actual inception; no current-constituent history; no observation after t.,ed8f1719836d432a7856780105ac9560a97798a7357ef79147d98142302c98ce,"[""SRC0264""]","[""V2STRAT0142""]","Even shallow ML can overfit a short train; model settings, features and monthly refit are immutable and validation cannot tune them."
V2FEAT0143,causal_shallow_tree,Frozen causal shallow decision tree — TREE_D3_LEAF126,"Features fixed in order: r_on_1, r_id_1, clv_1, body_1, ret_5, ret_20, semivar_balance_20, positive_day_balance_20, signed_abnormal_volume_5, parkinson_ratio_5_20. At the first SPY session of each month fit sklearn DecisionTreeClassifier(criterion='log_loss',splitter='best',max_depth=3,min_samples_leaf=126,min_samples_split=2,max_features=None,random_state=20260805,max_leaf_nodes=None,min_impurity_decrease=0.0,class_weight=None,ccp_alpha=0.0) on an expanding sample. Label for decision date s is I[target open-to-open total return earned from open s+1 to open s+2 > 0]; at close t only labels whose ending open has already occurred may be used. Require >=1260 complete labeled rows and both classes. Missing predictors use medians fitted on that training sample. score_t=P(y=1|x_t)-0.5; probability equality or pre-fit period preserves prior state.","[""V2DS001"", ""V2DS002"", ""V2DS003""]",1262,daily decision,after SPY regular-session close t,0 sessions after close for market data; execution remains next open,frozen in formula; rolling/expanding only,Do not future-fill. Preserve prior position until all required inputs are causally available.,1262,Fixed ETF identity and actual inception; no current-constituent history; no observation after t.,14e4f3c4d28bc30b91ddaeffb6b449e0e7fd1c361cc9089774b3bb08005bb44b,"[""SRC0264""]","[""V2STRAT0143""]","Even shallow ML can overfit a short train; model settings, features and monthly refit are immutable and validation cannot tune them."
V2FEAT0144,causal_shallow_tree,Frozen causal shallow decision tree — TREE_D3_LEAF252,"Features fixed in order: r_on_1, r_id_1, clv_1, body_1, ret_5, ret_20, semivar_balance_20, positive_day_balance_20, signed_abnormal_volume_5, parkinson_ratio_5_20. At the first SPY session of each month fit sklearn DecisionTreeClassifier(criterion='log_loss',splitter='best',max_depth=3,min_samples_leaf=252,min_samples_split=2,max_features=None,random_state=20260805,max_leaf_nodes=None,min_impurity_decrease=0.0,class_weight=None,ccp_alpha=0.0) on an expanding sample. Label for decision date s is I[target open-to-open total return earned from open s+1 to open s+2 > 0]; at close t only labels whose ending open has already occurred may be used. Require >=1260 complete labeled rows and both classes. Missing predictors use medians fitted on that training sample. score_t=P(y=1|x_t)-0.5; probability equality or pre-fit period preserves prior state.","[""V2DS001"", ""V2DS002"", ""V2DS003""]",1262,daily decision,after SPY regular-session close t,0 sessions after close for market data; execution remains next open,frozen in formula; rolling/expanding only,Do not future-fill. Preserve prior position until all required inputs are causally available.,1262,Fixed ETF identity and actual inception; no current-constituent history; no observation after t.,12166d9dd3b658e1b81194b2dd7401a1396f0c6a2c8d1935be21b4214af3c5ac,"[""SRC0264""]","[""V2STRAT0144""]","Even shallow ML can overfit a short train; model settings, features and monthly refit are immutable and validation cannot tune them."
