artifact_family,artifact_count,total_size_in_bytes,first_created_at,last_created_at,examples_json,decision,retention_class,canonical_replacement
aurora-full-us-daily-pre{n},4,1406605664,2026-07-16T20:01:34Z,2026-07-17T13:45:29Z,"[""aurora-full-us-daily-pre2021"",""aurora-full-us-daily-pre2021"",""aurora-full-us-daily-pre2021""]",archive,historical_reference,none
body-wick-selected-prior-period-results,1,1588,2026-06-16T05:26:19Z,2026-06-16T05:26:19Z,"[""body-wick-selected-prior-period-results""]",archive,historical_reference,none
body-wick-sr-{n}m-overnight-age-sweep-results,1,241477675,2026-06-15T20:24:57Z,2026-06-15T20:24:57Z,"[""body-wick-sr-15m-overnight-age-sweep-results""]",archive,historical_reference,none
body-wick-sr-{n}m-overnight-shard-{n},239,250384846,2026-06-15T20:16:37Z,2026-06-15T20:21:36Z,"[""body-wick-sr-15m-overnight-shard-16"",""body-wick-sr-15m-overnight-shard-18"",""body-wick-sr-15m-overnight-shard-147""]",archive,historical_reference,none
body-wick-sr-{n}m-overnight-source-data,1,2015246,2026-06-15T20:14:01Z,2026-06-15T20:14:01Z,"[""body-wick-sr-15m-overnight-source-data""]",archive,historical_reference,none
body-wick-sr-{n}m-shard-{n},81,99489960,2026-06-14T15:08:09Z,2026-06-14T15:13:37Z,"[""body-wick-sr-15m-shard-1"",""body-wick-sr-15m-shard-31"",""body-wick-sr-15m-shard-10""]",archive,historical_reference,none
body-wick-sr-{n}m-{n}symbols-backtest-results,2,96103140,2026-06-14T15:09:26Z,2026-06-14T15:15:16Z,"[""body-wick-sr-15m-21symbols-backtest-results"",""body-wick-sr-15m-21symbols-backtest-results""]",archive,historical_reference,none
body-wick-sr-{n}m-{n}symbols-source-data,4,8061078,2026-06-14T14:45:49Z,2026-06-14T15:10:19Z,"[""body-wick-sr-15m-21symbols-source-data"",""body-wick-sr-15m-21symbols-source-data"",""body-wick-sr-15m-21symbols-source-data""]",archive,historical_reference,none
btc-{n}m-all-features-trainonly-data,2,46679770,2026-05-30T17:33:17Z,2026-05-30T19:02:24Z,"[""btc-5m-all-features-trainonly-data"",""btc-5m-all-features-trainonly-data""]",archive,historical_reference,none
btc-{n}m-all-features-trainonly-{n}h-data,1,23339886,2026-05-30T19:40:37Z,2026-05-30T19:40:37Z,"[""btc-5m-all-features-trainonly-9h-data""]",archive,historical_reference,none
btc-{n}m-all-features-{n}methods-trainonly-{n}h-max{n}-real{n}-leaderboard,1,243914294,2026-05-31T05:10:52Z,2026-05-31T05:10:52Z,"[""btc-5m-all-features-5methods-trainonly-9h-max500-real180-leaderboard""]",archive,historical_reference,none
btc-{n}m-all-features-{n}methods-trainonly-{n}h-{n}jobs-leaderboard,3,24362350,2026-05-30T16:54:19Z,2026-05-30T19:06:29Z,"[""btc-5m-all-features-5methods-trainonly-1h-180jobs-leaderboard"",""btc-5m-all-features-5methods-trainonly-1h-180jobs-leaderboard"",""btc-5m-all-features-5methods-trainonly-1h-180jobs-leaderboard""]",archive,historical_reference,none
btc-{n}m-pf{n}-candidates-with-rules,2,16125864,2026-05-31T07:55:52Z,2026-05-31T08:16:02Z,"[""btc-5m-pf105-candidates-with-rules"",""btc-5m-pf105-candidates-with-rules""]",archive,historical_reference,none
btc-{n}m-pf{n}-data-store,2,46679768,2026-05-31T07:55:13Z,2026-05-31T08:14:55Z,"[""btc-5m-pf105-data-store"",""btc-5m-pf105-data-store""]",archive,historical_reference,none
btc-{n}m-pf{n}-robustness-github-ml-a-{n}-{n},216,1284484,2026-05-31T08:52:50Z,2026-05-31T10:41:09Z,"[""btc-5m-pf105-robustness-github-ml-a-1-19"",""btc-5m-pf105-robustness-github-ml-a-0-25"",""btc-5m-pf105-robustness-github-ml-a-0-5""]",archive,historical_reference,none
btc-{n}m-pf{n}-robustness-github-ml-b-{n}-{n},180,646782,2026-05-31T08:38:19Z,2026-05-31T10:12:35Z,"[""btc-5m-pf105-robustness-github-ml-b-8-15"",""btc-5m-pf105-robustness-github-ml-b-9-10"",""btc-5m-pf105-robustness-github-ml-b-8-26""]",archive,historical_reference,none
btc-{n}m-pf{n}-robustness-non-ml-{n},120,5029237,2026-05-31T07:57:40Z,2026-05-31T08:19:35Z,"[""btc-5m-pf105-robustness-non-ml-13"",""btc-5m-pf105-robustness-non-ml-28"",""btc-5m-pf105-robustness-non-ml-20""]",archive,historical_reference,none
btc-{n}m-pf{n}-statistical-robustness-results,2,5731805,2026-05-31T08:09:13Z,2026-05-31T10:42:04Z,"[""btc-5m-pf105-statistical-robustness-results"",""btc-5m-pf105-statistical-robustness-results""]",archive,historical_reference,none
btc-{n}m-trainonly-bandit-stage-{n},24,2707446,2026-05-30T18:02:28Z,2026-05-30T18:39:25Z,"[""btc-5m-trainonly-bandit-stage-2"",""btc-5m-trainonly-bandit-stage-4"",""btc-5m-trainonly-bandit-stage-6""]",archive,historical_reference,none
btc-{n}m-trainonly-beam-stage-{n},36,795302,2026-05-30T18:04:22Z,2026-05-30T18:33:54Z,"[""btc-5m-trainonly-beam-stage-31"",""btc-5m-trainonly-beam-stage-32"",""btc-5m-trainonly-beam-stage-27""]",archive,historical_reference,none
btc-{n}m-trainonly-dehb_real-stage-{n},36,3833101,2026-05-30T17:39:13Z,2026-05-30T17:55:07Z,"[""btc-5m-trainonly-dehb_real-stage-7"",""btc-5m-trainonly-dehb_real-stage-24"",""btc-5m-trainonly-dehb_real-stage-0""]",archive,historical_reference,none
btc-{n}m-trainonly-genetic-stage-{n},36,4919139,2026-05-30T17:47:32Z,2026-05-30T18:29:37Z,"[""btc-5m-trainonly-genetic-stage-10"",""btc-5m-trainonly-genetic-stage-17"",""btc-5m-trainonly-genetic-stage-12""]",archive,historical_reference,none
btc-{n}m-trainonly-{n}h-wave-{n}-bandit-stage-{n},396,44750284,2026-05-30T19:47:36Z,2026-05-31T04:24:25Z,"[""btc-5m-trainonly-9h-wave-0-bandit-stage-10"",""btc-5m-trainonly-9h-wave-0-bandit-stage-24"",""btc-5m-trainonly-9h-wave-0-bandit-stage-31""]",archive,historical_reference,none
btc-{n}m-trainonly-{n}h-wave-{n}-beam-stage-{n},396,8819455,2026-05-30T19:47:41Z,2026-05-31T04:30:45Z,"[""btc-5m-trainonly-9h-wave-0-beam-stage-35"",""btc-5m-trainonly-9h-wave-0-beam-stage-34"",""btc-5m-trainonly-9h-wave-0-beam-stage-27""]",archive,historical_reference,none
btc-{n}m-trainonly-{n}h-wave-{n}-dehb_real-stage-{n},396,42166561,2026-05-30T19:46:17Z,2026-05-31T04:24:33Z,"[""btc-5m-trainonly-9h-wave-0-dehb_real-stage-3"",""btc-5m-trainonly-9h-wave-0-dehb_real-stage-22"",""btc-5m-trainonly-9h-wave-0-dehb_real-stage-24""]",archive,historical_reference,none
btc-{n}m-trainonly-{n}h-wave-{n}-genetic-stage-{n},396,54148419,2026-05-30T19:46:26Z,2026-05-31T04:24:32Z,"[""btc-5m-trainonly-9h-wave-0-genetic-stage-24"",""btc-5m-trainonly-9h-wave-0-genetic-stage-30"",""btc-5m-trainonly-9h-wave-0-genetic-stage-29""]",archive,historical_reference,none
btc-{n}m-trainonly-{n}h-wave-{n}-github_ml-stage-{n},396,41136047,2026-05-30T20:31:35Z,2026-05-31T05:07:54Z,"[""btc-5m-trainonly-9h-wave-0-github_ml-stage-7"",""btc-5m-trainonly-9h-wave-0-github_ml-stage-35"",""btc-5m-trainonly-9h-wave-0-github_ml-stage-32""]",archive,historical_reference,none
calmar-gt{n}-pvalue-bootstrap-chunk-{n},390,9125324,2026-06-10T13:48:04Z,2026-06-10T21:05:07Z,"[""calmar-gt1-pvalue-bootstrap-chunk-102"",""calmar-gt1-pvalue-bootstrap-chunk-304"",""calmar-gt1-pvalue-bootstrap-chunk-245""]",archive,historical_reference,none
calmar-gt{n}-pvalue-bootstrap-manifest,2,26613798,2026-06-10T12:40:24Z,2026-06-10T17:01:17Z,"[""calmar-gt1-pvalue-bootstrap-manifest"",""calmar-gt1-pvalue-bootstrap-manifest""]",archive,historical_reference,none
calmar-gt{n}-pvalue-bootstrap-shared-data,2,46777626,2026-06-10T12:45:57Z,2026-06-10T17:05:31Z,"[""calmar-gt1-pvalue-bootstrap-shared-data"",""calmar-gt1-pvalue-bootstrap-shared-data""]",archive,historical_reference,none
free-global-yahoo-daily-data-lake,5,13798031223,2026-06-21T19:51:53Z,2026-06-22T07:49:26Z,"[""free-global-yahoo-daily-data-lake"",""free-global-yahoo-daily-data-lake"",""free-global-yahoo-daily-data-lake""]",archive,historical_reference,none
free-global-yahoo-daily-data-lake-audit,4,2212897,2026-06-22T06:04:45Z,2026-06-22T07:58:02Z,"[""free-global-yahoo-daily-data-lake-audit"",""free-global-yahoo-daily-data-lake-audit"",""free-global-yahoo-daily-data-lake-audit""]",archive,historical_reference,none
free-global-yahoo-price-shard-{n},192,21644536963,2026-06-21T19:46:22Z,2026-07-12T13:17:43Z,"[""free-global-yahoo-price-shard-16"",""free-global-yahoo-price-shard-28"",""free-global-yahoo-price-shard-4""]",archive,historical_reference,none
free-global-yahoo-universe,6,14790202,2026-06-21T19:42:57Z,2026-07-12T13:11:18Z,"[""free-global-yahoo-universe"",""free-global-yahoo-universe"",""free-global-yahoo-universe""]",archive,historical_reference,none
free-{n}m-equity-universe-yfinance-data,1,1981045,2026-06-14T11:57:25Z,2026-06-14T11:57:25Z,"[""free-15m-equity-universe-yfinance-data""]",archive,historical_reference,none
github-performance-benchmark-baseline-contract-{n}-{n},3,19792,2026-07-25T14:24:30Z,2026-07-25T18:50:51Z,"[""github-performance-benchmark-baseline-contract-30161142684-1"",""github-performance-benchmark-baseline-contract-30162193823-1"",""github-performance-benchmark-baseline-contract-30170101585-1""]",archive,historical_reference,none
github-performance-benchmark-baseline-environment-{n}-{n},3,3915,2026-07-25T14:23:38Z,2026-07-25T18:49:48Z,"[""github-performance-benchmark-baseline-environment-30161142684-1"",""github-performance-benchmark-baseline-environment-30162193823-1"",""github-performance-benchmark-baseline-environment-30170101585-1""]",archive,historical_reference,none
github-performance-benchmark-baseline-final-stage-{n}-{n},3,2808617,2026-07-25T14:30:28Z,2026-07-25T18:55:05Z,"[""github-performance-benchmark-baseline-final-stage-30161142684-1"",""github-performance-benchmark-baseline-final-stage-30162193823-1"",""github-performance-benchmark-baseline-final-stage-30170101585-1""]",archive,historical_reference,none
github-performance-benchmark-baseline-partial-g{n},3,1544191,2026-07-25T14:29:30Z,2026-07-25T18:54:27Z,"[""github-performance-benchmark-baseline-partial-g000"",""github-performance-benchmark-baseline-partial-g000"",""github-performance-benchmark-baseline-partial-g000""]",archive,historical_reference,none
github-performance-benchmark-baseline-pilot-{n}-{n},3,994,2026-07-25T14:25:55Z,2026-07-25T18:52:05Z,"[""github-performance-benchmark-baseline-pilot-30161142684-1"",""github-performance-benchmark-baseline-pilot-30162193823-1"",""github-performance-benchmark-baseline-pilot-30170101585-1""]",archive,historical_reference,none
github-performance-benchmark-baseline-plan-{n}-{n},3,1193205,2026-07-25T14:26:45Z,2026-07-25T18:52:43Z,"[""github-performance-benchmark-baseline-plan-30161142684-1"",""github-performance-benchmark-baseline-plan-30162193823-1"",""github-performance-benchmark-baseline-plan-30170101585-1""]",archive,historical_reference,none
github-performance-benchmark-baseline-preflight-{n}-{n},3,798,2026-07-25T14:22:55Z,2026-07-25T18:49:47Z,"[""github-performance-benchmark-baseline-preflight-30161142684-1"",""github-performance-benchmark-baseline-preflight-30162193823-1"",""github-performance-benchmark-baseline-preflight-30170101585-1""]",archive,historical_reference,none
github-performance-benchmark-baseline-prepared-{n}-{n},1,113860,2026-07-25T14:23:43Z,2026-07-25T14:23:43Z,"[""github-performance-benchmark-baseline-prepared-30161142684-1""]",archive,historical_reference,none
github-performance-benchmark-baseline-recovery-{n}-{n},3,8655,2026-07-25T14:28:37Z,2026-07-25T18:53:55Z,"[""github-performance-benchmark-baseline-recovery-30161142684-1"",""github-performance-benchmark-baseline-recovery-30162193823-1"",""github-performance-benchmark-baseline-recovery-30170101585-1""]",archive,historical_reference,none
github-performance-benchmark-baseline-results,3,2872768,2026-07-25T14:32:16Z,2026-07-25T18:56:21Z,"[""github-performance-benchmark-baseline-results"",""github-performance-benchmark-baseline-results"",""github-performance-benchmark-baseline-results""]",archive,historical_reference,none
github-performance-benchmark-baseline-shard-g{n}-s{n}-a-{uuid},3,2094884,2026-07-25T14:27:44Z,2026-07-25T18:53:25Z,"[""github-performance-benchmark-baseline-shard-g000-s000-a-f75a5c28-dedf-4fd1-8ad6-1e605644902a"",""github-performance-benchmark-baseline-shard-g000-s000-a-b9f068ae-0ba5-4c46-84b9-845f665f7785"",""github-performance-benchmark-baseline-shard-g000-s000-a-0a5024c6-8835-46c7-a74a-58c7826b957d""]",archive,historical_reference,none
github-performance-benchmark-baseline-smoke-{n}-{n},3,780,2026-07-25T14:25:08Z,2026-07-25T18:51:29Z,"[""github-performance-benchmark-baseline-smoke-30161142684-1"",""github-performance-benchmark-baseline-smoke-30162193823-1"",""github-performance-benchmark-baseline-smoke-30170101585-1""]",archive,historical_reference,none
github-performance-benchmark-baseline-timeline-{n}-{n},3,42235,2026-07-25T14:32:07Z,2026-07-25T18:56:12Z,"[""github-performance-benchmark-baseline-timeline-30161142684-1"",""github-performance-benchmark-baseline-timeline-30162193823-1"",""github-performance-benchmark-baseline-timeline-30170101585-1""]",archive,historical_reference,none
github-performance-benchmark-baseline-verified-stage-{n}-{n},3,2830599,2026-07-25T14:31:21Z,2026-07-25T18:55:43Z,"[""github-performance-benchmark-baseline-verified-stage-30161142684-1"",""github-performance-benchmark-baseline-verified-stage-30162193823-1"",""github-performance-benchmark-baseline-verified-stage-30170101585-1""]",archive,historical_reference,none
github-performance-benchmark-candidate_sweep-baseline-campaign-state-after-recovery-{n}-{n}-{n},7,64207,2026-07-26T13:00:13Z,2026-07-26T16:16:42Z,"[""github-performance-benchmark-candidate_sweep-baseline-campaign-state-after-recovery-0-30202683511-1"",""github-performance-benchmark-candidate_sweep-baseline-campaign-state-after-recovery-0-30204585347-1"",""github-performance-benchmark-candidate_sweep-baseline-campaign-state-after-recovery-0-30206673388-1""]",archive,historical_reference,none
github-performance-benchmark-candidate_sweep-baseline-campaign-state-initial-{n}-{n},7,18648,2026-07-26T12:59:38Z,2026-07-26T16:15:39Z,"[""github-performance-benchmark-candidate_sweep-baseline-campaign-state-initial-30202683511-1"",""github-performance-benchmark-candidate_sweep-baseline-campaign-state-initial-30204585347-1"",""github-performance-benchmark-candidate_sweep-baseline-campaign-state-initial-30206673388-1""]",archive,historical_reference,none
github-performance-benchmark-candidate_sweep-baseline-campaign-state-merged-{n}-{n},7,73034,2026-07-26T13:01:31Z,2026-07-26T16:18:07Z,"[""github-performance-benchmark-candidate_sweep-baseline-campaign-state-merged-30202683511-1"",""github-performance-benchmark-candidate_sweep-baseline-campaign-state-merged-30204585347-1"",""github-performance-benchmark-candidate_sweep-baseline-campaign-state-merged-30206673388-1""]",archive,historical_reference,none
github-performance-benchmark-candidate_sweep-baseline-campaign-state-verified-{n}-{n},7,90716,2026-07-26T13:03:34Z,2026-07-26T16:19:44Z,"[""github-performance-benchmark-candidate_sweep-baseline-campaign-state-verified-30202683511-1"",""github-performance-benchmark-candidate_sweep-baseline-campaign-state-verified-30204585347-1"",""github-performance-benchmark-candidate_sweep-baseline-campaign-state-verified-30206673388-1""]",archive,historical_reference,none
github-performance-benchmark-candidate_sweep-baseline-contract-{n}-{n},7,47549,2026-07-26T12:57:07Z,2026-07-26T16:12:53Z,"[""github-performance-benchmark-candidate_sweep-baseline-contract-30202683511-1"",""github-performance-benchmark-candidate_sweep-baseline-contract-30204585347-1"",""github-performance-benchmark-candidate_sweep-baseline-contract-30206673388-1""]",archive,historical_reference,none
github-performance-benchmark-candidate_sweep-baseline-environment-{n}-{n},7,8973,2026-07-26T12:56:08Z,2026-07-26T16:11:55Z,"[""github-performance-benchmark-candidate_sweep-baseline-environment-30202683511-1"",""github-performance-benchmark-candidate_sweep-baseline-environment-30204585347-1"",""github-performance-benchmark-candidate_sweep-baseline-environment-30206673388-1""]",archive,historical_reference,none
github-performance-benchmark-candidate_sweep-baseline-pilot-{n}-{n},7,4581,2026-07-26T12:58:17Z,2026-07-26T16:14:22Z,"[""github-performance-benchmark-candidate_sweep-baseline-pilot-30202683511-1"",""github-performance-benchmark-candidate_sweep-baseline-pilot-30204585347-1"",""github-performance-benchmark-candidate_sweep-baseline-pilot-30206673388-1""]",archive,historical_reference,none
github-performance-benchmark-candidate_sweep-baseline-plan-{n}-{n},7,3562623,2026-07-26T12:58:46Z,2026-07-26T16:15:09Z,"[""github-performance-benchmark-candidate_sweep-baseline-plan-30202683511-1"",""github-performance-benchmark-candidate_sweep-baseline-plan-30204585347-1"",""github-performance-benchmark-candidate_sweep-baseline-plan-30206673388-1""]",archive,historical_reference,none
github-performance-benchmark-candidate_sweep-baseline-preflight-{n}-{n},7,1862,2026-07-26T12:56:07Z,2026-07-26T16:11:54Z,"[""github-performance-benchmark-candidate_sweep-baseline-preflight-30202683511-1"",""github-performance-benchmark-candidate_sweep-baseline-preflight-30204585347-1"",""github-performance-benchmark-candidate_sweep-baseline-preflight-30206673388-1""]",archive,historical_reference,none
github-performance-benchmark-candidate_sweep-baseline-recovery-wave-{n}-{n}-{n},7,84601,2026-07-26T13:00:13Z,2026-07-26T16:16:41Z,"[""github-performance-benchmark-candidate_sweep-baseline-recovery-wave-0-30202683511-1"",""github-performance-benchmark-candidate_sweep-baseline-recovery-wave-0-30204585347-1"",""github-performance-benchmark-candidate_sweep-baseline-recovery-wave-0-30206673388-1""]",archive,historical_reference,none
github-performance-benchmark-candidate_sweep-baseline-results,7,7102892,2026-07-26T13:03:41Z,2026-07-26T16:19:53Z,"[""github-performance-benchmark-candidate_sweep-baseline-results"",""github-performance-benchmark-candidate_sweep-baseline-results"",""github-performance-benchmark-candidate_sweep-baseline-results""]",archive,historical_reference,none
github-performance-benchmark-candidate_sweep-baseline-sealed-final-stage-{n}-{n},7,7016286,2026-07-26T13:02:56Z,2026-07-26T16:19:07Z,"[""github-performance-benchmark-candidate_sweep-baseline-sealed-final-stage-30202683511-1"",""github-performance-benchmark-candidate_sweep-baseline-sealed-final-stage-30204585347-1"",""github-performance-benchmark-candidate_sweep-baseline-sealed-final-stage-30206673388-1""]",archive,historical_reference,none
github-performance-benchmark-candidate_sweep-baseline-shard-g{n}-s{n}-a-{uuid},321,28504621,2026-07-26T12:59:28Z,2026-07-26T16:15:57Z,"[""github-performance-benchmark-candidate_sweep-baseline-shard-g000-s003-a-312c7799-151d-415f-82d9-a5edc18e7666"",""github-performance-benchmark-candidate_sweep-baseline-shard-g000-s000-a-8c1ead7c-286f-42b7-b886-9f89a5b552f7"",""github-performance-benchmark-candidate_sweep-baseline-shard-g000-s002-a-9a8ef06b-7fc7-4193-aecc-57e05ab41057""]",archive,historical_reference,none
github-performance-benchmark-candidate_sweep-baseline-smoke-{n}-{n},7,1827,2026-07-26T12:57:45Z,2026-07-26T16:13:39Z,"[""github-performance-benchmark-candidate_sweep-baseline-smoke-30202683511-1"",""github-performance-benchmark-candidate_sweep-baseline-smoke-30204585347-1"",""github-performance-benchmark-candidate_sweep-baseline-smoke-30206673388-1""]",archive,historical_reference,none
github-performance-benchmark-candidate_sweep-baseline-timeline-{n}-{n},7,138880,2026-07-26T13:02:06Z,2026-07-26T16:18:38Z,"[""github-performance-benchmark-candidate_sweep-baseline-timeline-30202683511-1"",""github-performance-benchmark-candidate_sweep-baseline-timeline-30204585347-1"",""github-performance-benchmark-candidate_sweep-baseline-timeline-30206673388-1""]",archive,historical_reference,none
github-performance-benchmark-candidate_sweep-baseline-unsealed-final-stage-{n}-{n},7,6757326,2026-07-26T13:01:32Z,2026-07-26T16:18:08Z,"[""github-performance-benchmark-candidate_sweep-baseline-unsealed-final-stage-30202683511-1"",""github-performance-benchmark-candidate_sweep-baseline-unsealed-final-stage-30204585347-1"",""github-performance-benchmark-candidate_sweep-baseline-unsealed-final-stage-30206673388-1""]",archive,historical_reference,none
github-performance-benchmark-candidate_sweep-baseline-verified-stage-{n}-{n},7,7102892,2026-07-26T13:03:35Z,2026-07-26T16:19:44Z,"[""github-performance-benchmark-candidate_sweep-baseline-verified-stage-30202683511-1"",""github-performance-benchmark-candidate_sweep-baseline-verified-stage-30204585347-1"",""github-performance-benchmark-candidate_sweep-baseline-verified-stage-30206673388-1""]",archive,historical_reference,none
github-performance-benchmark-candidate_sweep-optimized-campaign-state-after-recovery-{n}-{n}-{n},19,164899,2026-07-26T12:51:44Z,2026-07-26T16:07:07Z,"[""github-performance-benchmark-candidate_sweep-optimized-campaign-state-after-recovery-0-30202683511-1"",""github-performance-benchmark-candidate_sweep-optimized-campaign-state-after-recovery-0-30204585347-1"",""github-performance-benchmark-candidate_sweep-optimized-campaign-state-after-recovery-0-30206673388-1""]",archive,historical_reference,none
github-performance-benchmark-candidate_sweep-optimized-campaign-state-initial-{n}-{n},9,23976,2026-07-26T12:50:59Z,2026-07-26T16:06:36Z,"[""github-performance-benchmark-candidate_sweep-optimized-campaign-state-initial-30202683511-1"",""github-performance-benchmark-candidate_sweep-optimized-campaign-state-initial-30204585347-1"",""github-performance-benchmark-candidate_sweep-optimized-campaign-state-initial-30206673388-1""]",archive,historical_reference,none
github-performance-benchmark-candidate_sweep-optimized-campaign-state-merged-{n}-{n},7,75110,2026-07-26T12:52:58Z,2026-07-26T16:08:36Z,"[""github-performance-benchmark-candidate_sweep-optimized-campaign-state-merged-30202683511-1"",""github-performance-benchmark-candidate_sweep-optimized-campaign-state-merged-30204585347-1"",""github-performance-benchmark-candidate_sweep-optimized-campaign-state-merged-30206673388-1""]",archive,historical_reference,none
github-performance-benchmark-candidate_sweep-optimized-campaign-state-verified-{n}-{n},7,92792,2026-07-26T12:55:02Z,2026-07-26T16:10:40Z,"[""github-performance-benchmark-candidate_sweep-optimized-campaign-state-verified-30202683511-1"",""github-performance-benchmark-candidate_sweep-optimized-campaign-state-verified-30204585347-1"",""github-performance-benchmark-candidate_sweep-optimized-campaign-state-verified-30206673388-1""]",archive,historical_reference,none
github-performance-benchmark-candidate_sweep-optimized-contract-{n}-{n},9,61143,2026-07-26T12:48:08Z,2026-07-26T16:03:48Z,"[""github-performance-benchmark-candidate_sweep-optimized-contract-30202683511-1"",""github-performance-benchmark-candidate_sweep-optimized-contract-30204585347-1"",""github-performance-benchmark-candidate_sweep-optimized-contract-30206673388-1""]",archive,historical_reference,none
github-performance-benchmark-candidate_sweep-optimized-environment-{n}-{n},9,11541,2026-07-26T12:47:09Z,2026-07-26T16:02:31Z,"[""github-performance-benchmark-candidate_sweep-optimized-environment-30202683511-1"",""github-performance-benchmark-candidate_sweep-optimized-environment-30204585347-1"",""github-performance-benchmark-candidate_sweep-optimized-environment-30206673388-1""]",archive,historical_reference,none
github-performance-benchmark-candidate_sweep-optimized-pilot-{n}-{n},9,6140,2026-07-26T12:49:41Z,2026-07-26T16:05:09Z,"[""github-performance-benchmark-candidate_sweep-optimized-pilot-30202683511-1"",""github-performance-benchmark-candidate_sweep-optimized-pilot-30204585347-1"",""github-performance-benchmark-candidate_sweep-optimized-pilot-30206673388-1""]",archive,historical_reference,none
github-performance-benchmark-candidate_sweep-optimized-plan-{n}-{n},9,4332949,2026-07-26T12:50:21Z,2026-07-26T16:05:48Z,"[""github-performance-benchmark-candidate_sweep-optimized-plan-30202683511-1"",""github-performance-benchmark-candidate_sweep-optimized-plan-30204585347-1"",""github-performance-benchmark-candidate_sweep-optimized-plan-30206673388-1""]",archive,historical_reference,none
github-performance-benchmark-candidate_sweep-optimized-preflight-{n}-{n},9,2394,2026-07-26T12:47:08Z,2026-07-26T16:02:30Z,"[""github-performance-benchmark-candidate_sweep-optimized-preflight-30202683511-1"",""github-performance-benchmark-candidate_sweep-optimized-preflight-30204585347-1"",""github-performance-benchmark-candidate_sweep-optimized-preflight-30206673388-1""]",archive,historical_reference,none
github-performance-benchmark-candidate_sweep-optimized-recovery-wave-{n}-{n}-{n},19,156478,2026-07-26T12:51:43Z,2026-07-26T16:07:07Z,"[""github-performance-benchmark-candidate_sweep-optimized-recovery-wave-0-30202683511-1"",""github-performance-benchmark-candidate_sweep-optimized-recovery-wave-0-30204585347-1"",""github-performance-benchmark-candidate_sweep-optimized-recovery-wave-0-30206673388-1""]",archive,historical_reference,none
github-performance-benchmark-candidate_sweep-optimized-results,7,7122502,2026-07-26T12:55:15Z,2026-07-26T16:10:50Z,"[""github-performance-benchmark-candidate_sweep-optimized-results"",""github-performance-benchmark-candidate_sweep-optimized-results"",""github-performance-benchmark-candidate_sweep-optimized-results""]",archive,historical_reference,none
github-performance-benchmark-candidate_sweep-optimized-sealed-final-stage-{n}-{n},7,7035896,2026-07-26T12:54:15Z,2026-07-26T16:10:04Z,"[""github-performance-benchmark-candidate_sweep-optimized-sealed-final-stage-30202683511-1"",""github-performance-benchmark-candidate_sweep-optimized-sealed-final-stage-30204585347-1"",""github-performance-benchmark-candidate_sweep-optimized-sealed-final-stage-30206673388-1""]",archive,historical_reference,none
github-performance-benchmark-candidate_sweep-optimized-shard-g{n}-s{n}-a-{uuid},344,33714050,2026-07-26T12:50:52Z,2026-07-26T16:06:30Z,"[""github-performance-benchmark-candidate_sweep-optimized-shard-g000-s001-a-6d94870e-747c-4209-b55e-acaecc98cec0"",""github-performance-benchmark-candidate_sweep-optimized-shard-g000-s000-a-cd986ae0-19ed-49c3-a3d3-af8072ad8b35"",""github-performance-benchmark-candidate_sweep-optimized-shard-g000-s003-a-86b157bd-690f-42c8-ae95-d0ca53b5595c""]",archive,historical_reference,none
github-performance-benchmark-candidate_sweep-optimized-smoke-{n}-{n},9,2349,2026-07-26T12:49:00Z,2026-07-26T16:04:26Z,"[""github-performance-benchmark-candidate_sweep-optimized-smoke-30202683511-1"",""github-performance-benchmark-candidate_sweep-optimized-smoke-30204585347-1"",""github-performance-benchmark-candidate_sweep-optimized-smoke-30206673388-1""]",archive,historical_reference,none
github-performance-benchmark-candidate_sweep-optimized-timeline-{n}-{n},7,142665,2026-07-26T12:53:29Z,2026-07-26T16:09:22Z,"[""github-performance-benchmark-candidate_sweep-optimized-timeline-30202683511-1"",""github-performance-benchmark-candidate_sweep-optimized-timeline-30204585347-1"",""github-performance-benchmark-candidate_sweep-optimized-timeline-30206673388-1""]",archive,historical_reference,none
github-performance-benchmark-candidate_sweep-optimized-unsealed-final-stage-{n}-{n},7,6773329,2026-07-26T12:52:59Z,2026-07-26T16:08:36Z,"[""github-performance-benchmark-candidate_sweep-optimized-unsealed-final-stage-30202683511-1"",""github-performance-benchmark-candidate_sweep-optimized-unsealed-final-stage-30204585347-1"",""github-performance-benchmark-candidate_sweep-optimized-unsealed-final-stage-30206673388-1""]",archive,historical_reference,none
github-performance-benchmark-candidate_sweep-optimized-verified-stage-{n}-{n},7,7122502,2026-07-26T12:55:03Z,2026-07-26T16:10:40Z,"[""github-performance-benchmark-candidate_sweep-optimized-verified-stage-30202683511-1"",""github-performance-benchmark-candidate_sweep-optimized-verified-stage-30204585347-1"",""github-performance-benchmark-candidate_sweep-optimized-verified-stage-30206673388-1""]",archive,historical_reference,none
github-performance-benchmark-candidate_sweep-results,7,7251353,2026-07-26T13:04:33Z,2026-07-26T16:20:32Z,"[""github-performance-benchmark-candidate_sweep-results"",""github-performance-benchmark-candidate_sweep-results"",""github-performance-benchmark-candidate_sweep-results""]",archive,historical_reference,none
github-performance-benchmark-candidate_sweep-shared-prepared-{n}-{n},9,1061396,2026-07-26T12:46:11Z,2026-07-26T16:01:33Z,"[""github-performance-benchmark-candidate_sweep-shared-prepared-30202683511-1"",""github-performance-benchmark-candidate_sweep-shared-prepared-30204585347-1"",""github-performance-benchmark-candidate_sweep-shared-prepared-30206673388-1""]",archive,historical_reference,none
github-performance-benchmark-event_study-baseline-campaign-state-after-recovery-{n}-{n}-{n},2,41722,2026-07-26T13:30:15Z,2026-07-26T14:24:44Z,"[""github-performance-benchmark-event_study-baseline-campaign-state-after-recovery-0-30203689567-1"",""github-performance-benchmark-event_study-baseline-campaign-state-after-recovery-0-30205450575-1""]",archive,historical_reference,none
github-performance-benchmark-event_study-baseline-campaign-state-initial-{n}-{n},2,5304,2026-07-26T13:29:21Z,2026-07-26T14:23:32Z,"[""github-performance-benchmark-event_study-baseline-campaign-state-initial-30203689567-1"",""github-performance-benchmark-event_study-baseline-campaign-state-initial-30205450575-1""]",archive,historical_reference,none
github-performance-benchmark-event_study-baseline-campaign-state-merged-{n}-{n},2,44228,2026-07-26T13:31:30Z,2026-07-26T14:26:22Z,"[""github-performance-benchmark-event_study-baseline-campaign-state-merged-30203689567-1"",""github-performance-benchmark-event_study-baseline-campaign-state-merged-30205450575-1""]",archive,historical_reference,none
github-performance-benchmark-event_study-baseline-campaign-state-verified-{n}-{n},2,49248,2026-07-26T13:33:13Z,2026-07-26T14:28:34Z,"[""github-performance-benchmark-event_study-baseline-campaign-state-verified-30203689567-1"",""github-performance-benchmark-event_study-baseline-campaign-state-verified-30205450575-1""]",archive,historical_reference,none
github-performance-benchmark-event_study-baseline-contract-{n}-{n},2,13598,2026-07-26T13:27:22Z,2026-07-26T14:20:47Z,"[""github-performance-benchmark-event_study-baseline-contract-30203689567-1"",""github-performance-benchmark-event_study-baseline-contract-30205450575-1""]",archive,historical_reference,none
github-performance-benchmark-event_study-baseline-environment-{n}-{n},2,2562,2026-07-26T13:26:09Z,2026-07-26T14:19:41Z,"[""github-performance-benchmark-event_study-baseline-environment-30203689567-1"",""github-performance-benchmark-event_study-baseline-environment-30205450575-1""]",archive,historical_reference,none
github-performance-benchmark-event_study-baseline-pilot-{n}-{n},2,664,2026-07-26T13:28:25Z,2026-07-26T14:22:27Z,"[""github-performance-benchmark-event_study-baseline-pilot-30203689567-1"",""github-performance-benchmark-event_study-baseline-pilot-30205450575-1""]",archive,historical_reference,none
github-performance-benchmark-event_study-baseline-plan-{n}-{n},2,1820722,2026-07-26T13:28:54Z,2026-07-26T14:23:03Z,"[""github-performance-benchmark-event_study-baseline-plan-30203689567-1"",""github-performance-benchmark-event_study-baseline-plan-30205450575-1""]",archive,historical_reference,none
github-performance-benchmark-event_study-baseline-preflight-{n}-{n},2,532,2026-07-26T13:26:08Z,2026-07-26T14:19:40Z,"[""github-performance-benchmark-event_study-baseline-preflight-30203689567-1"",""github-performance-benchmark-event_study-baseline-preflight-30205450575-1""]",archive,historical_reference,none
github-performance-benchmark-event_study-baseline-recovery-wave-{n}-{n}-{n},2,41288,2026-07-26T13:30:14Z,2026-07-26T14:24:43Z,"[""github-performance-benchmark-event_study-baseline-recovery-wave-0-30203689567-1"",""github-performance-benchmark-event_study-baseline-recovery-wave-0-30205450575-1""]",archive,historical_reference,none
github-performance-benchmark-event_study-baseline-results,2,8306047,2026-07-26T13:33:23Z,2026-07-26T14:28:42Z,"[""github-performance-benchmark-event_study-baseline-results"",""github-performance-benchmark-event_study-baseline-results""]",archive,historical_reference,none
github-performance-benchmark-event_study-baseline-sealed-final-stage-{n}-{n},2,8281303,2026-07-26T13:32:40Z,2026-07-26T14:28:02Z,"[""github-performance-benchmark-event_study-baseline-sealed-final-stage-30203689567-1"",""github-performance-benchmark-event_study-baseline-sealed-final-stage-30205450575-1""]",archive,historical_reference,none
github-performance-benchmark-event_study-baseline-shard-g{n}-s{n}-a-{uuid},304,26572630,2026-07-26T13:29:30Z,2026-07-26T14:24:06Z,"[""github-performance-benchmark-event_study-baseline-shard-g000-s000-a-b876df5e-8f3f-416b-a475-b149f551f428"",""github-performance-benchmark-event_study-baseline-shard-g000-s003-a-1d2e29f1-8e9a-4fdd-8d12-6f44e033f5f1"",""github-performance-benchmark-event_study-baseline-shard-g000-s002-a-c2a536e2-08d0-4388-9f3e-c5e5c58ca167""]",archive,historical_reference,none
github-performance-benchmark-event_study-baseline-smoke-{n}-{n},2,520,2026-07-26T13:27:53Z,2026-07-26T14:21:45Z,"[""github-performance-benchmark-event_study-baseline-smoke-30203689567-1"",""github-performance-benchmark-event_study-baseline-smoke-30205450575-1""]",archive,historical_reference,none
github-performance-benchmark-event_study-baseline-timeline-{n}-{n},2,63536,2026-07-26T13:32:09Z,2026-07-26T14:27:23Z,"[""github-performance-benchmark-event_study-baseline-timeline-30203689567-1"",""github-performance-benchmark-event_study-baseline-timeline-30205450575-1""]",archive,historical_reference,none
github-performance-benchmark-event_study-baseline-unsealed-final-stage-{n}-{n},2,8182754,2026-07-26T13:31:31Z,2026-07-26T14:26:23Z,"[""github-performance-benchmark-event_study-baseline-unsealed-final-stage-30203689567-1"",""github-performance-benchmark-event_study-baseline-unsealed-final-stage-30205450575-1""]",archive,historical_reference,none
github-performance-benchmark-event_study-baseline-verified-stage-{n}-{n},2,8306047,2026-07-26T13:33:13Z,2026-07-26T14:28:35Z,"[""github-performance-benchmark-event_study-baseline-verified-stage-30203689567-1"",""github-performance-benchmark-event_study-baseline-verified-stage-30205450575-1""]",archive,historical_reference,none
github-performance-benchmark-event_study-optimized-campaign-state-after-recovery-{n}-{n}-{n},8,90926,2026-07-26T13:21:39Z,2026-07-26T14:54:37Z,"[""github-performance-benchmark-event_study-optimized-campaign-state-after-recovery-0-30203689567-1"",""github-performance-benchmark-event_study-optimized-campaign-state-after-recovery-0-30205450575-1"",""github-performance-benchmark-event_study-optimized-campaign-state-after-recovery-0-30206732503-1""]",archive,historical_reference,none
github-performance-benchmark-event_study-optimized-campaign-state-initial-{n}-{n},3,7956,2026-07-26T13:21:03Z,2026-07-26T14:50:24Z,"[""github-performance-benchmark-event_study-optimized-campaign-state-initial-30203689567-1"",""github-performance-benchmark-event_study-optimized-campaign-state-initial-30205450575-1"",""github-performance-benchmark-event_study-optimized-campaign-state-initial-30206732503-1""]",archive,historical_reference,none
github-performance-benchmark-event_study-optimized-campaign-state-merged-{n}-{n},2,44532,2026-07-26T13:23:06Z,2026-07-26T14:16:31Z,"[""github-performance-benchmark-event_study-optimized-campaign-state-merged-30203689567-1"",""github-performance-benchmark-event_study-optimized-campaign-state-merged-30205450575-1""]",archive,historical_reference,none
github-performance-benchmark-event_study-optimized-campaign-state-verified-{n}-{n},2,49552,2026-07-26T13:25:05Z,2026-07-26T14:18:36Z,"[""github-performance-benchmark-event_study-optimized-campaign-state-verified-30203689567-1"",""github-performance-benchmark-event_study-optimized-campaign-state-verified-30205450575-1""]",archive,historical_reference,none
github-performance-benchmark-event_study-optimized-contract-{n}-{n},3,20405,2026-07-26T13:18:43Z,2026-07-26T14:47:33Z,"[""github-performance-benchmark-event_study-optimized-contract-30203689567-1"",""github-performance-benchmark-event_study-optimized-contract-30205450575-1"",""github-performance-benchmark-event_study-optimized-contract-30206732503-1""]",archive,historical_reference,none
github-performance-benchmark-event_study-optimized-environment-{n}-{n},3,3848,2026-07-26T13:17:28Z,2026-07-26T14:46:38Z,"[""github-performance-benchmark-event_study-optimized-environment-30203689567-1"",""github-performance-benchmark-event_study-optimized-environment-30205450575-1"",""github-performance-benchmark-event_study-optimized-environment-30206732503-1""]",archive,historical_reference,none
github-performance-benchmark-event_study-optimized-pilot-{n}-{n},3,1440,2026-07-26T13:19:52Z,2026-07-26T14:49:01Z,"[""github-performance-benchmark-event_study-optimized-pilot-30203689567-1"",""github-performance-benchmark-event_study-optimized-pilot-30205450575-1"",""github-performance-benchmark-event_study-optimized-pilot-30206732503-1""]",archive,historical_reference,none
github-performance-benchmark-event_study-optimized-plan-{n}-{n},3,2192833,2026-07-26T13:20:24Z,2026-07-26T14:49:44Z,"[""github-performance-benchmark-event_study-optimized-plan-30203689567-1"",""github-performance-benchmark-event_study-optimized-plan-30205450575-1"",""github-performance-benchmark-event_study-optimized-plan-30206732503-1""]",archive,historical_reference,none
github-performance-benchmark-event_study-optimized-preflight-{n}-{n},3,798,2026-07-26T13:17:27Z,2026-07-26T14:46:37Z,"[""github-performance-benchmark-event_study-optimized-preflight-30203689567-1"",""github-performance-benchmark-event_study-optimized-preflight-30205450575-1"",""github-performance-benchmark-event_study-optimized-preflight-30206732503-1""]",archive,historical_reference,none
github-performance-benchmark-event_study-optimized-recovery-wave-{n}-{n}-{n},8,81759,2026-07-26T13:21:39Z,2026-07-26T14:54:37Z,"[""github-performance-benchmark-event_study-optimized-recovery-wave-0-30203689567-1"",""github-performance-benchmark-event_study-optimized-recovery-wave-0-30205450575-1"",""github-performance-benchmark-event_study-optimized-recovery-wave-0-30206732503-1""]",archive,historical_reference,none
github-performance-benchmark-event_study-optimized-results,2,8313077,2026-07-26T13:25:15Z,2026-07-26T14:18:48Z,"[""github-performance-benchmark-event_study-optimized-results"",""github-performance-benchmark-event_study-optimized-results""]",archive,historical_reference,none
github-performance-benchmark-event_study-optimized-sealed-final-stage-{n}-{n},2,8288333,2026-07-26T13:24:22Z,2026-07-26T14:17:59Z,"[""github-performance-benchmark-event_study-optimized-sealed-final-stage-30203689567-1"",""github-performance-benchmark-event_study-optimized-sealed-final-stage-30205450575-1""]",archive,historical_reference,none
github-performance-benchmark-event_study-optimized-shard-g{n}-s{n}-a-{uuid},308,30308492,2026-07-26T13:20:57Z,2026-07-26T14:50:30Z,"[""github-performance-benchmark-event_study-optimized-shard-g000-s002-a-6fa0efd5-c96c-4f86-964b-646e1849b40c"",""github-performance-benchmark-event_study-optimized-shard-g000-s003-a-231d0041-ca25-43a9-9d7b-fba3faf86218"",""github-performance-benchmark-event_study-optimized-shard-g000-s000-a-09e76dd8-e471-4aee-a666-8d18fd147640""]",archive,historical_reference,none
github-performance-benchmark-event_study-optimized-smoke-{n}-{n},3,780,2026-07-26T13:19:21Z,2026-07-26T14:48:16Z,"[""github-performance-benchmark-event_study-optimized-smoke-30203689567-1"",""github-performance-benchmark-event_study-optimized-smoke-30205450575-1"",""github-performance-benchmark-event_study-optimized-smoke-30206732503-1""]",archive,historical_reference,none
github-performance-benchmark-event_study-optimized-timeline-{n}-{n},2,64613,2026-07-26T13:23:44Z,2026-07-26T14:17:23Z,"[""github-performance-benchmark-event_study-optimized-timeline-30203689567-1"",""github-performance-benchmark-event_study-optimized-timeline-30205450575-1""]",archive,historical_reference,none
github-performance-benchmark-event_study-optimized-unsealed-final-stage-{n}-{n},2,8188724,2026-07-26T13:23:07Z,2026-07-26T14:16:32Z,"[""github-performance-benchmark-event_study-optimized-unsealed-final-stage-30203689567-1"",""github-performance-benchmark-event_study-optimized-unsealed-final-stage-30205450575-1""]",archive,historical_reference,none
github-performance-benchmark-event_study-optimized-verified-stage-{n}-{n},2,8313077,2026-07-26T13:25:07Z,2026-07-26T14:18:37Z,"[""github-performance-benchmark-event_study-optimized-verified-stage-30203689567-1"",""github-performance-benchmark-event_study-optimized-verified-stage-30205450575-1""]",archive,historical_reference,none
github-performance-benchmark-event_study-results,2,8342767,2026-07-26T13:34:03Z,2026-07-26T14:29:25Z,"[""github-performance-benchmark-event_study-results"",""github-performance-benchmark-event_study-results""]",archive,historical_reference,none
github-performance-benchmark-event_study-shared-prepared-{n}-{n},3,6874695,2026-07-26T13:16:47Z,2026-07-26T14:45:52Z,"[""github-performance-benchmark-event_study-shared-prepared-30203689567-1"",""github-performance-benchmark-event_study-shared-prepared-30205450575-1"",""github-performance-benchmark-event_study-shared-prepared-30206732503-1""]",archive,historical_reference,none
github-performance-benchmark-optimized-contract-{n}-{n},4,26302,2026-07-25T13:54:03Z,2026-07-25T18:43:11Z,"[""github-performance-benchmark-optimized-contract-30160504224-1"",""github-performance-benchmark-optimized-contract-30161142684-1"",""github-performance-benchmark-optimized-contract-30162193823-1""]",archive,historical_reference,none
github-performance-benchmark-optimized-environment-{n}-{n},4,5232,2026-07-25T13:53:06Z,2026-07-25T18:42:06Z,"[""github-performance-benchmark-optimized-environment-30160504224-1"",""github-performance-benchmark-optimized-environment-30161142684-1"",""github-performance-benchmark-optimized-environment-30162193823-1""]",archive,historical_reference,none
github-performance-benchmark-optimized-final-stage-{n}-{n},4,3371873,2026-07-25T14:00:01Z,2026-07-25T18:47:47Z,"[""github-performance-benchmark-optimized-final-stage-30160504224-1"",""github-performance-benchmark-optimized-final-stage-30161142684-1"",""github-performance-benchmark-optimized-final-stage-30162193823-1""]",archive,historical_reference,none
github-performance-benchmark-optimized-partial-g{n},4,1687744,2026-07-25T13:59:16Z,2026-07-25T18:46:57Z,"[""github-performance-benchmark-optimized-partial-g000"",""github-performance-benchmark-optimized-partial-g000"",""github-performance-benchmark-optimized-partial-g000""]",archive,historical_reference,none
github-performance-benchmark-optimized-pilot-{n}-{n},4,1322,2026-07-25T13:55:51Z,2026-07-25T18:44:22Z,"[""github-performance-benchmark-optimized-pilot-30160504224-1"",""github-performance-benchmark-optimized-pilot-30161142684-1"",""github-performance-benchmark-optimized-pilot-30162193823-1""]",archive,historical_reference,none
github-performance-benchmark-optimized-plan-{n}-{n},4,1590978,2026-07-25T13:56:42Z,2026-07-25T18:44:54Z,"[""github-performance-benchmark-optimized-plan-30160504224-1"",""github-performance-benchmark-optimized-plan-30161142684-1"",""github-performance-benchmark-optimized-plan-30162193823-1""]",archive,historical_reference,none
github-performance-benchmark-optimized-preflight-{n}-{n},4,1064,2026-07-25T13:52:18Z,2026-07-25T18:42:05Z,"[""github-performance-benchmark-optimized-preflight-30160504224-1"",""github-performance-benchmark-optimized-preflight-30161142684-1"",""github-performance-benchmark-optimized-preflight-30162193823-1""]",archive,historical_reference,none
github-performance-benchmark-optimized-prepared-{n}-{n},2,227706,2026-07-25T13:53:10Z,2026-07-25T14:13:28Z,"[""github-performance-benchmark-optimized-prepared-30160504224-1"",""github-performance-benchmark-optimized-prepared-30161142684-1""]",archive,historical_reference,none
github-performance-benchmark-optimized-recovery-{n}-{n},4,11550,2026-07-25T13:58:32Z,2026-07-25T18:46:22Z,"[""github-performance-benchmark-optimized-recovery-30160504224-1"",""github-performance-benchmark-optimized-recovery-30161142684-1"",""github-performance-benchmark-optimized-recovery-30162193823-1""]",archive,historical_reference,none
github-performance-benchmark-optimized-results,3,2872718,2026-07-25T14:22:00Z,2026-07-25T18:49:06Z,"[""github-performance-benchmark-optimized-results"",""github-performance-benchmark-optimized-results"",""github-performance-benchmark-optimized-results""]",archive,historical_reference,none
github-performance-benchmark-optimized-shard-g{n}-s{n}-a-{uuid},4,2421950,2026-07-25T13:57:41Z,2026-07-25T18:45:41Z,"[""github-performance-benchmark-optimized-shard-g000-s000-a-c19e326b-1c26-43db-9ce8-e7e8ad8b49cd"",""github-performance-benchmark-optimized-shard-g000-s000-a-ecc39580-7c73-41ee-ae37-d1ab82272d01"",""github-performance-benchmark-optimized-shard-g000-s000-a-1aa6ad72-e39f-438b-8b78-5ec551428abc""]",archive,historical_reference,none
github-performance-benchmark-optimized-smoke-{n}-{n},4,1040,2026-07-25T13:54:57Z,2026-07-25T18:43:51Z,"[""github-performance-benchmark-optimized-smoke-30160504224-1"",""github-performance-benchmark-optimized-smoke-30161142684-1"",""github-performance-benchmark-optimized-smoke-30162193823-1""]",archive,historical_reference,none
github-performance-benchmark-optimized-timeline-{n}-{n},4,56140,2026-07-25T14:01:29Z,2026-07-25T18:48:58Z,"[""github-performance-benchmark-optimized-timeline-30160504224-1"",""github-performance-benchmark-optimized-timeline-30161142684-1"",""github-performance-benchmark-optimized-timeline-30162193823-1""]",archive,historical_reference,none
github-performance-benchmark-optimized-verified-stage-{n}-{n},4,3400631,2026-07-25T14:00:46Z,2026-07-25T18:48:23Z,"[""github-performance-benchmark-optimized-verified-stage-30160504224-1"",""github-performance-benchmark-optimized-verified-stage-30161142684-1"",""github-performance-benchmark-optimized-verified-stage-30162193823-1""]",archive,historical_reference,none
github-performance-benchmark-results,3,2900092,2026-07-25T14:33:06Z,2026-07-25T18:57:02Z,"[""github-performance-benchmark-results"",""github-performance-benchmark-results"",""github-performance-benchmark-results""]",archive,historical_reference,none
github-performance-benchmark-robustness-baseline-campaign-state-after-recovery-{n}-{n}-{n},8,785374,2026-07-26T13:29:08Z,2026-07-26T19:29:39Z,"[""github-performance-benchmark-robustness-baseline-campaign-state-after-recovery-0-30203692272-1"",""github-performance-benchmark-robustness-baseline-campaign-state-after-recovery-0-30206437313-1"",""github-performance-benchmark-robustness-baseline-campaign-state-after-recovery-1-30206437313-1""]",archive,historical_reference,none
github-performance-benchmark-robustness-baseline-campaign-state-initial-{n}-{n},3,7947,2026-07-26T13:28:26Z,2026-07-26T19:28:12Z,"[""github-performance-benchmark-robustness-baseline-campaign-state-initial-30203692272-1"",""github-performance-benchmark-robustness-baseline-campaign-state-initial-30206437313-1"",""github-performance-benchmark-robustness-baseline-campaign-state-initial-30216359856-1""]",archive,historical_reference,none
github-performance-benchmark-robustness-baseline-campaign-state-merged-{n}-{n},2,50572,2026-07-26T13:30:18Z,2026-07-26T19:31:01Z,"[""github-performance-benchmark-robustness-baseline-campaign-state-merged-30203692272-1"",""github-performance-benchmark-robustness-baseline-campaign-state-merged-30216359856-1""]",archive,historical_reference,none
github-performance-benchmark-robustness-baseline-campaign-state-verified-{n}-{n},2,55584,2026-07-26T13:31:55Z,2026-07-26T19:33:11Z,"[""github-performance-benchmark-robustness-baseline-campaign-state-verified-30203692272-1"",""github-performance-benchmark-robustness-baseline-campaign-state-verified-30216359856-1""]",archive,historical_reference,none
github-performance-benchmark-robustness-baseline-contract-{n}-{n},3,20455,2026-07-26T13:26:15Z,2026-07-26T19:25:32Z,"[""github-performance-benchmark-robustness-baseline-contract-30203692272-1"",""github-performance-benchmark-robustness-baseline-contract-30206437313-1"",""github-performance-benchmark-robustness-baseline-contract-30216359856-1""]",archive,historical_reference,none
github-performance-benchmark-robustness-baseline-environment-{n}-{n},3,3848,2026-07-26T13:25:10Z,2026-07-26T19:24:23Z,"[""github-performance-benchmark-robustness-baseline-environment-30203692272-1"",""github-performance-benchmark-robustness-baseline-environment-30206437313-1"",""github-performance-benchmark-robustness-baseline-environment-30216359856-1""]",archive,historical_reference,none
github-performance-benchmark-robustness-baseline-pilot-{n}-{n},3,1446,2026-07-26T13:27:16Z,2026-07-26T19:26:52Z,"[""github-performance-benchmark-robustness-baseline-pilot-30203692272-1"",""github-performance-benchmark-robustness-baseline-pilot-30206437313-1"",""github-performance-benchmark-robustness-baseline-pilot-30216359856-1""]",archive,historical_reference,none
github-performance-benchmark-robustness-baseline-plan-{n}-{n},3,3656818,2026-07-26T13:27:47Z,2026-07-26T19:27:39Z,"[""github-performance-benchmark-robustness-baseline-plan-30203692272-1"",""github-performance-benchmark-robustness-baseline-plan-30206437313-1"",""github-performance-benchmark-robustness-baseline-plan-30216359856-1""]",archive,historical_reference,none
github-performance-benchmark-robustness-baseline-preflight-{n}-{n},3,801,2026-07-26T13:25:09Z,2026-07-26T19:24:23Z,"[""github-performance-benchmark-robustness-baseline-preflight-30203692272-1"",""github-performance-benchmark-robustness-baseline-preflight-30206437313-1"",""github-performance-benchmark-robustness-baseline-preflight-30216359856-1""]",archive,historical_reference,none
github-performance-benchmark-robustness-baseline-recovery-wave-{n}-{n}-{n},8,291451,2026-07-26T13:29:07Z,2026-07-26T19:29:38Z,"[""github-performance-benchmark-robustness-baseline-recovery-wave-0-30203692272-1"",""github-performance-benchmark-robustness-baseline-recovery-wave-0-30206437313-1"",""github-performance-benchmark-robustness-baseline-recovery-wave-1-30206437313-1""]",archive,historical_reference,none
github-performance-benchmark-robustness-baseline-results,2,2425804,2026-07-26T13:32:03Z,2026-07-26T19:33:22Z,"[""github-performance-benchmark-robustness-baseline-results"",""github-performance-benchmark-robustness-baseline-results""]",archive,historical_reference,none
github-performance-benchmark-robustness-baseline-sealed-final-stage-{n}-{n},2,2400762,2026-07-26T13:31:23Z,2026-07-26T19:32:39Z,"[""github-performance-benchmark-robustness-baseline-sealed-final-stage-30203692272-1"",""github-performance-benchmark-robustness-baseline-sealed-final-stage-30216359856-1""]",archive,historical_reference,none
github-performance-benchmark-robustness-baseline-shard-g{n}-s{n}-a-{uuid},662,28966244,2026-07-26T13:28:19Z,2026-07-26T19:28:57Z,"[""github-performance-benchmark-robustness-baseline-shard-g000-s002-a-e3660b63-2345-4f5a-a6b0-3b3e709668b9"",""github-performance-benchmark-robustness-baseline-shard-g000-s003-a-05323744-7a0c-488d-a324-c6451a29a09a"",""github-performance-benchmark-robustness-baseline-shard-g000-s001-a-855b3719-11c7-4b49-812f-0da9afd8563c""]",archive,historical_reference,none
github-performance-benchmark-robustness-baseline-smoke-{n}-{n},3,780,2026-07-26T13:26:45Z,2026-07-26T19:26:10Z,"[""github-performance-benchmark-robustness-baseline-smoke-30203692272-1"",""github-performance-benchmark-robustness-baseline-smoke-30206437313-1"",""github-performance-benchmark-robustness-baseline-smoke-30216359856-1""]",archive,historical_reference,none
github-performance-benchmark-robustness-baseline-timeline-{n}-{n},2,71951,2026-07-26T13:30:51Z,2026-07-26T19:32:05Z,"[""github-performance-benchmark-robustness-baseline-timeline-30203692272-1"",""github-performance-benchmark-robustness-baseline-timeline-30216359856-1""]",archive,historical_reference,none
github-performance-benchmark-robustness-baseline-unsealed-final-stage-{n}-{n},2,2293551,2026-07-26T13:30:19Z,2026-07-26T19:31:03Z,"[""github-performance-benchmark-robustness-baseline-unsealed-final-stage-30203692272-1"",""github-performance-benchmark-robustness-baseline-unsealed-final-stage-30216359856-1""]",archive,historical_reference,none
github-performance-benchmark-robustness-baseline-verified-stage-{n}-{n},2,2425804,2026-07-26T13:31:56Z,2026-07-26T19:33:12Z,"[""github-performance-benchmark-robustness-baseline-verified-stage-30203692272-1"",""github-performance-benchmark-robustness-baseline-verified-stage-30216359856-1""]",archive,historical_reference,none
github-performance-benchmark-robustness-optimized-campaign-state-after-recovery-{n}-{n}-{n},9,134665,2026-07-26T13:21:04Z,2026-07-26T19:19:06Z,"[""github-performance-benchmark-robustness-optimized-campaign-state-after-recovery-0-30203692272-1"",""github-performance-benchmark-robustness-optimized-campaign-state-after-recovery-0-30206437313-1"",""github-performance-benchmark-robustness-optimized-campaign-state-after-recovery-0-30206734072-1""]",archive,historical_reference,none
github-performance-benchmark-robustness-optimized-campaign-state-initial-{n}-{n},4,10596,2026-07-26T13:20:24Z,2026-07-26T19:17:57Z,"[""github-performance-benchmark-robustness-optimized-campaign-state-initial-30203692272-1"",""github-performance-benchmark-robustness-optimized-campaign-state-initial-30206437313-1"",""github-performance-benchmark-robustness-optimized-campaign-state-initial-30206734072-1""]",archive,historical_reference,none
github-performance-benchmark-robustness-optimized-campaign-state-merged-{n}-{n},3,89620,2026-07-26T13:22:24Z,2026-07-26T19:21:15Z,"[""github-performance-benchmark-robustness-optimized-campaign-state-merged-30203692272-1"",""github-performance-benchmark-robustness-optimized-campaign-state-merged-30206437313-1"",""github-performance-benchmark-robustness-optimized-campaign-state-merged-30216359856-1""]",archive,historical_reference,none
github-performance-benchmark-robustness-optimized-campaign-state-verified-{n}-{n},3,97138,2026-07-26T13:24:14Z,2026-07-26T19:23:22Z,"[""github-performance-benchmark-robustness-optimized-campaign-state-verified-30203692272-1"",""github-performance-benchmark-robustness-optimized-campaign-state-verified-30206437313-1"",""github-performance-benchmark-robustness-optimized-campaign-state-verified-30216359856-1""]",archive,historical_reference,none
github-performance-benchmark-robustness-optimized-contract-{n}-{n},4,27281,2026-07-26T13:18:04Z,2026-07-26T19:15:02Z,"[""github-performance-benchmark-robustness-optimized-contract-30203692272-1"",""github-performance-benchmark-robustness-optimized-contract-30206437313-1"",""github-performance-benchmark-robustness-optimized-contract-30206734072-1""]",archive,historical_reference,none
github-performance-benchmark-robustness-optimized-environment-{n}-{n},4,5133,2026-07-26T13:17:09Z,2026-07-26T19:14:08Z,"[""github-performance-benchmark-robustness-optimized-environment-30203692272-1"",""github-performance-benchmark-robustness-optimized-environment-30206437313-1"",""github-performance-benchmark-robustness-optimized-environment-30206734072-1""]",archive,historical_reference,none
github-performance-benchmark-robustness-optimized-pilot-{n}-{n},4,2230,2026-07-26T13:19:22Z,2026-07-26T19:16:32Z,"[""github-performance-benchmark-robustness-optimized-pilot-30203692272-1"",""github-performance-benchmark-robustness-optimized-pilot-30206437313-1"",""github-performance-benchmark-robustness-optimized-pilot-30206734072-1""]",archive,historical_reference,none
github-performance-benchmark-robustness-optimized-plan-{n}-{n},4,4037705,2026-07-26T13:19:51Z,2026-07-26T19:17:08Z,"[""github-performance-benchmark-robustness-optimized-plan-30203692272-1"",""github-performance-benchmark-robustness-optimized-plan-30206437313-1"",""github-performance-benchmark-robustness-optimized-plan-30206734072-1""]",archive,historical_reference,none
github-performance-benchmark-robustness-optimized-preflight-{n}-{n},4,1068,2026-07-26T13:17:09Z,2026-07-26T19:14:07Z,"[""github-performance-benchmark-robustness-optimized-preflight-30203692272-1"",""github-performance-benchmark-robustness-optimized-preflight-30206437313-1"",""github-performance-benchmark-robustness-optimized-preflight-30206734072-1""]",archive,historical_reference,none
github-performance-benchmark-robustness-optimized-recovery-wave-{n}-{n}-{n},9,125378,2026-07-26T13:21:04Z,2026-07-26T19:19:05Z,"[""github-performance-benchmark-robustness-optimized-recovery-wave-0-30203692272-1"",""github-performance-benchmark-robustness-optimized-recovery-wave-0-30206437313-1"",""github-performance-benchmark-robustness-optimized-recovery-wave-0-30206734072-1""]",archive,historical_reference,none
github-performance-benchmark-robustness-optimized-results,3,3829458,2026-07-26T13:24:21Z,2026-07-26T19:23:35Z,"[""github-performance-benchmark-robustness-optimized-results"",""github-performance-benchmark-robustness-optimized-results"",""github-performance-benchmark-robustness-optimized-results""]",archive,historical_reference,none
github-performance-benchmark-robustness-optimized-sealed-final-stage-{n}-{n},3,3792020,2026-07-26T13:23:40Z,2026-07-26T19:22:36Z,"[""github-performance-benchmark-robustness-optimized-sealed-final-stage-30203692272-1"",""github-performance-benchmark-robustness-optimized-sealed-final-stage-30206437313-1"",""github-performance-benchmark-robustness-optimized-sealed-final-stage-30216359856-1""]",archive,historical_reference,none
github-performance-benchmark-robustness-optimized-shard-g{n}-s{n}-a-{uuid},668,29932874,2026-07-26T13:20:21Z,2026-07-26T19:18:15Z,"[""github-performance-benchmark-robustness-optimized-shard-g000-s000-a-34fb2f38-aa95-4b09-82e1-327d499572b9"",""github-performance-benchmark-robustness-optimized-shard-g000-s003-a-57760c71-f739-49f3-a2de-6e345bc4bfdf"",""github-performance-benchmark-robustness-optimized-shard-g000-s001-a-ea5a1d7c-340a-4c88-b0c2-4dea888d355e""]",archive,historical_reference,none
github-performance-benchmark-robustness-optimized-smoke-{n}-{n},4,1040,2026-07-26T13:18:45Z,2026-07-26T19:15:47Z,"[""github-performance-benchmark-robustness-optimized-smoke-30203692272-1"",""github-performance-benchmark-robustness-optimized-smoke-30206437313-1"",""github-performance-benchmark-robustness-optimized-smoke-30206734072-1""]",archive,historical_reference,none
github-performance-benchmark-robustness-optimized-timeline-{n}-{n},3,121165,2026-07-26T13:22:55Z,2026-07-26T19:22:04Z,"[""github-performance-benchmark-robustness-optimized-timeline-30203692272-1"",""github-performance-benchmark-robustness-optimized-timeline-30206437313-1"",""github-performance-benchmark-robustness-optimized-timeline-30216359856-1""]",archive,historical_reference,none
github-performance-benchmark-robustness-optimized-unsealed-final-stage-{n}-{n},3,3618183,2026-07-26T13:22:24Z,2026-07-26T19:21:16Z,"[""github-performance-benchmark-robustness-optimized-unsealed-final-stage-30203692272-1"",""github-performance-benchmark-robustness-optimized-unsealed-final-stage-30206437313-1"",""github-performance-benchmark-robustness-optimized-unsealed-final-stage-30216359856-1""]",archive,historical_reference,none
github-performance-benchmark-robustness-optimized-verified-stage-{n}-{n},3,3829458,2026-07-26T13:24:15Z,2026-07-26T19:23:23Z,"[""github-performance-benchmark-robustness-optimized-verified-stage-30203692272-1"",""github-performance-benchmark-robustness-optimized-verified-stage-30206437313-1"",""github-performance-benchmark-robustness-optimized-verified-stage-30216359856-1""]",archive,historical_reference,none
github-performance-benchmark-robustness-results,2,2467680,2026-07-26T13:32:43Z,2026-07-26T19:34:20Z,"[""github-performance-benchmark-robustness-results"",""github-performance-benchmark-robustness-results""]",archive,historical_reference,none
github-performance-benchmark-robustness-shared-prepared-{n}-{n},4,475544,2026-07-26T13:16:28Z,2026-07-26T19:13:15Z,"[""github-performance-benchmark-robustness-shared-prepared-30203692272-1"",""github-performance-benchmark-robustness-shared-prepared-30206437313-1"",""github-performance-benchmark-robustness-shared-prepared-30206734072-1""]",archive,historical_reference,none
github-performance-benchmark-shared-prepared-{n}-{n},2,227706,2026-07-25T14:44:19Z,2026-07-25T18:41:21Z,"[""github-performance-benchmark-shared-prepared-30162193823-1"",""github-performance-benchmark-shared-prepared-30170101585-1""]",archive,historical_reference,none
github-performance-benchmark-shared-wheelhouse-{n}-{n},17,3830259185,2026-07-25T18:41:05Z,2026-07-26T19:12:57Z,"[""github-performance-benchmark-shared-wheelhouse-30170101585-1"",""github-performance-benchmark-shared-wheelhouse-30202683511-1"",""github-performance-benchmark-shared-wheelhouse-30203692272-1""]",archive,historical_reference,none
github-performance-candidate-sweep-optimized-campaign-state-after-recovery-{n}-{n}-{n},2,8562,2026-07-26T11:59:48Z,2026-07-26T12:28:42Z,"[""github-performance-candidate-sweep-optimized-campaign-state-after-recovery-0-30200993314-1"",""github-performance-candidate-sweep-optimized-campaign-state-after-recovery-0-30201959217-1""]",archive,historical_reference,none
github-performance-candidate-sweep-optimized-campaign-state-initial-{n}-{n},2,5328,2026-07-26T11:58:54Z,2026-07-26T12:28:02Z,"[""github-performance-candidate-sweep-optimized-campaign-state-initial-30200993314-1"",""github-performance-candidate-sweep-optimized-campaign-state-initial-30201959217-1""]",archive,historical_reference,none
github-performance-candidate-sweep-optimized-campaign-state-merged-{n}-{n},2,11084,2026-07-26T12:01:30Z,2026-07-26T12:29:56Z,"[""github-performance-candidate-sweep-optimized-campaign-state-merged-30200993314-1"",""github-performance-candidate-sweep-optimized-campaign-state-merged-30201959217-1""]",archive,historical_reference,none
github-performance-candidate-sweep-optimized-campaign-state-verified-{n}-{n},2,16136,2026-07-26T12:03:32Z,2026-07-26T12:32:00Z,"[""github-performance-candidate-sweep-optimized-campaign-state-verified-30200993314-1"",""github-performance-candidate-sweep-optimized-campaign-state-verified-30201959217-1""]",archive,historical_reference,none
github-performance-candidate-sweep-optimized-contract-{n}-{n},2,13594,2026-07-26T11:56:17Z,2026-07-26T12:25:28Z,"[""github-performance-candidate-sweep-optimized-contract-30200993314-1"",""github-performance-candidate-sweep-optimized-contract-30201959217-1""]",archive,historical_reference,none
github-performance-candidate-sweep-optimized-environment-{n}-{n},2,2566,2026-07-26T11:55:01Z,2026-07-26T12:24:24Z,"[""github-performance-candidate-sweep-optimized-environment-30200993314-1"",""github-performance-candidate-sweep-optimized-environment-30201959217-1""]",archive,historical_reference,none
github-performance-candidate-sweep-optimized-pilot-{n}-{n},2,666,2026-07-26T11:57:27Z,2026-07-26T12:26:48Z,"[""github-performance-candidate-sweep-optimized-pilot-30200993314-1"",""github-performance-candidate-sweep-optimized-pilot-30201959217-1""]",archive,historical_reference,none
github-performance-candidate-sweep-optimized-plan-{n}-{n},2,701996,2026-07-26T11:58:17Z,2026-07-26T12:27:21Z,"[""github-performance-candidate-sweep-optimized-plan-30200993314-1"",""github-performance-candidate-sweep-optimized-plan-30201959217-1""]",archive,historical_reference,none
github-performance-candidate-sweep-optimized-preflight-{n}-{n},2,532,2026-07-26T11:55:00Z,2026-07-26T12:24:23Z,"[""github-performance-candidate-sweep-optimized-preflight-30200993314-1"",""github-performance-candidate-sweep-optimized-preflight-30201959217-1""]",archive,historical_reference,none
github-performance-candidate-sweep-optimized-prepared-{n}-{n},2,235858,2026-07-26T11:55:37Z,2026-07-26T12:24:57Z,"[""github-performance-candidate-sweep-optimized-prepared-30200993314-1"",""github-performance-candidate-sweep-optimized-prepared-30201959217-1""]",archive,historical_reference,none
github-performance-candidate-sweep-optimized-recovery-wave-{n}-{n}-{n},2,8094,2026-07-26T11:59:47Z,2026-07-26T12:28:42Z,"[""github-performance-candidate-sweep-optimized-recovery-wave-0-30200993314-1"",""github-performance-candidate-sweep-optimized-recovery-wave-0-30201959217-1""]",archive,historical_reference,none
github-performance-candidate-sweep-optimized-results,2,1878698,2026-07-26T12:03:40Z,2026-07-26T12:32:10Z,"[""github-performance-candidate-sweep-optimized-results"",""github-performance-candidate-sweep-optimized-results""]",archive,historical_reference,none
github-performance-candidate-sweep-optimized-sealed-final-stage-{n}-{n},2,1856970,2026-07-26T12:02:54Z,2026-07-26T12:31:10Z,"[""github-performance-candidate-sweep-optimized-sealed-final-stage-30200993314-1"",""github-performance-candidate-sweep-optimized-sealed-final-stage-30201959217-1""]",archive,historical_reference,none
github-performance-candidate-sweep-optimized-shard-g{n}-s{n}-a-{uuid},8,2289382,2026-07-26T11:58:51Z,2026-07-26T12:28:05Z,"[""github-performance-candidate-sweep-optimized-shard-g000-s001-a-fdb7cd3a-79e5-4321-aae5-bd1a533dec59"",""github-performance-candidate-sweep-optimized-shard-g000-s000-a-80208a84-52e0-487d-b3b5-9c002c41e545"",""github-performance-candidate-sweep-optimized-shard-g000-s002-a-4556b2d2-ba97-4655-a4a2-08b93d464eb0""]",archive,historical_reference,none
github-performance-candidate-sweep-optimized-smoke-{n}-{n},2,522,2026-07-26T11:56:57Z,2026-07-26T12:26:07Z,"[""github-performance-candidate-sweep-optimized-smoke-30200993314-1"",""github-performance-candidate-sweep-optimized-smoke-30201959217-1""]",archive,historical_reference,none
github-performance-candidate-sweep-optimized-timeline-{n}-{n},2,30443,2026-07-26T12:02:06Z,2026-07-26T12:30:26Z,"[""github-performance-candidate-sweep-optimized-timeline-30200993314-1"",""github-performance-candidate-sweep-optimized-timeline-30201959217-1""]",archive,historical_reference,none
github-performance-candidate-sweep-optimized-unsealed-final-stage-{n}-{n},2,1799625,2026-07-26T12:01:32Z,2026-07-26T12:29:57Z,"[""github-performance-candidate-sweep-optimized-unsealed-final-stage-30200993314-1"",""github-performance-candidate-sweep-optimized-unsealed-final-stage-30201959217-1""]",archive,historical_reference,none
github-performance-candidate-sweep-optimized-verified-stage-{n}-{n},2,1878698,2026-07-26T12:03:33Z,2026-07-26T12:32:02Z,"[""github-performance-candidate-sweep-optimized-verified-stage-30200993314-1"",""github-performance-candidate-sweep-optimized-verified-stage-30201959217-1""]",archive,historical_reference,none
github-performance-candidate-sweep-optimized-wheelhouse-{n}-{n},2,450617984,2026-07-26T11:54:13Z,2026-07-26T12:23:55Z,"[""github-performance-candidate-sweep-optimized-wheelhouse-30200993314-1"",""github-performance-candidate-sweep-optimized-wheelhouse-30201959217-1""]",archive,historical_reference,none
github-performance-candidate-sweep-{n}-merge-l{n}-p{n}-g{n}-{hex},26,10470375,2026-07-26T12:00:33Z,2026-07-26T16:17:20Z,"[""github-performance-candidate-sweep-512-merge-l00-p000-g000-50f6e7d28b01"",""github-performance-candidate-sweep-512-merge-l00-p000-g000-50f6e7d28b01"",""github-performance-candidate-sweep-512-merge-l00-p000-g000-50f6e7d28b01""]",archive,historical_reference,none
github-performance-direct-clean-campaign-state-after-recovery-{n}-{n}-{n},1,4215,2026-07-26T19:01:09Z,2026-07-26T19:01:09Z,"[""github-performance-direct-clean-campaign-state-after-recovery-0-30215750868-1""]",archive,historical_reference,none
github-performance-direct-clean-campaign-state-initial-{n}-{n},1,2653,2026-07-26T19:00:15Z,2026-07-26T19:00:15Z,"[""github-performance-direct-clean-campaign-state-initial-30215750868-1""]",archive,historical_reference,none
github-performance-direct-clean-campaign-state-merged-{n}-{n},1,5468,2026-07-26T19:02:38Z,2026-07-26T19:02:38Z,"[""github-performance-direct-clean-campaign-state-merged-30215750868-1""]",archive,historical_reference,none
github-performance-direct-clean-campaign-state-verified-{n}-{n},1,7978,2026-07-26T19:05:00Z,2026-07-26T19:05:00Z,"[""github-performance-direct-clean-campaign-state-verified-30215750868-1""]",archive,historical_reference,none
github-performance-direct-clean-contract-{n}-{n},1,6768,2026-07-26T18:57:26Z,2026-07-26T18:57:26Z,"[""github-performance-direct-clean-contract-30215750868-1""]",archive,historical_reference,none
github-performance-direct-clean-environment-{n}-{n},1,1282,2026-07-26T18:56:23Z,2026-07-26T18:56:23Z,"[""github-performance-direct-clean-environment-30215750868-1""]",archive,historical_reference,none
github-performance-direct-clean-pilot-{n}-{n},1,776,2026-07-26T18:58:46Z,2026-07-26T18:58:46Z,"[""github-performance-direct-clean-pilot-30215750868-1""]",archive,historical_reference,none
github-performance-direct-clean-plan-{n}-{n},1,413594,2026-07-26T18:59:35Z,2026-07-26T18:59:35Z,"[""github-performance-direct-clean-plan-30215750868-1""]",archive,historical_reference,none
github-performance-direct-clean-preflight-{n}-{n},1,266,2026-07-26T18:56:22Z,2026-07-26T18:56:22Z,"[""github-performance-direct-clean-preflight-30215750868-1""]",archive,historical_reference,none
github-performance-direct-clean-prepared-{n}-{n},1,113853,2026-07-26T18:56:52Z,2026-07-26T18:56:52Z,"[""github-performance-direct-clean-prepared-30215750868-1""]",archive,historical_reference,none
github-performance-direct-clean-recovery-wave-{n}-{n}-{n},1,9682,2026-07-26T19:01:08Z,2026-07-26T19:01:08Z,"[""github-performance-direct-clean-recovery-wave-0-30215750868-1""]",archive,historical_reference,none
github-performance-direct-clean-results,1,1737072,2026-07-26T19:05:13Z,2026-07-26T19:05:13Z,"[""github-performance-direct-clean-results""]",archive,historical_reference,none
github-performance-direct-clean-sealed-final-stage-{n}-{n},1,1724434,2026-07-26T19:04:04Z,2026-07-26T19:04:04Z,"[""github-performance-direct-clean-sealed-final-stage-30215750868-1""]",archive,historical_reference,none
github-performance-direct-clean-shard-g{n}-s{n}-a-{uuid},4,1947950,2026-07-26T19:00:08Z,2026-07-26T19:00:24Z,"[""github-performance-direct-clean-shard-g000-s003-a-1b8730ad-1d89-4221-ad1c-a1ad1357a21b"",""github-performance-direct-clean-shard-g000-s002-a-47900afc-420e-44fe-9f94-48c6cc516b57"",""github-performance-direct-clean-shard-g000-s000-a-58ab3c92-9921-4dec-973e-b3321bc8c377""]",archive,historical_reference,none
github-performance-direct-clean-smoke-{n}-{n},1,260,2026-07-26T18:58:13Z,2026-07-26T18:58:13Z,"[""github-performance-direct-clean-smoke-30215750868-1""]",archive,historical_reference,none
github-performance-direct-clean-timeline-{n}-{n},1,14847,2026-07-26T19:03:17Z,2026-07-26T19:03:17Z,"[""github-performance-direct-clean-timeline-30215750868-1""]",archive,historical_reference,none
github-performance-direct-clean-unsealed-final-stage-{n}-{n},1,1691772,2026-07-26T19:02:40Z,2026-07-26T19:02:40Z,"[""github-performance-direct-clean-unsealed-final-stage-30215750868-1""]",archive,historical_reference,none
github-performance-direct-clean-verified-stage-{n}-{n},1,1737072,2026-07-26T19:05:01Z,2026-07-26T19:05:01Z,"[""github-performance-direct-clean-verified-stage-30215750868-1""]",archive,historical_reference,none
github-performance-direct-clean-wheelhouse-{n}-{n},1,225316040,2026-07-26T18:55:48Z,2026-07-26T18:55:48Z,"[""github-performance-direct-clean-wheelhouse-30215750868-1""]",archive,historical_reference,none
github-performance-direct-recovery-campaign-state-after-recovery-{n}-{n}-{n},4,20038,2026-07-26T18:28:47Z,2026-07-26T18:48:48Z,"[""github-performance-direct-recovery-campaign-state-after-recovery-0-30214596869-1"",""github-performance-direct-recovery-campaign-state-after-recovery-1-30214596869-1"",""github-performance-direct-recovery-campaign-state-after-recovery-0-30215256752-1""]",archive,historical_reference,none
github-performance-direct-recovery-campaign-state-initial-{n}-{n},2,5306,2026-07-26T18:28:06Z,2026-07-26T18:46:17Z,"[""github-performance-direct-recovery-campaign-state-initial-30214596869-1"",""github-performance-direct-recovery-campaign-state-initial-30215256752-1""]",archive,historical_reference,none
github-performance-direct-recovery-campaign-state-merged-{n}-{n},1,7098,2026-07-26T18:50:05Z,2026-07-26T18:50:05Z,"[""github-performance-direct-recovery-campaign-state-merged-30215256752-1""]",archive,historical_reference,none
github-performance-direct-recovery-campaign-state-verified-{n}-{n},1,9608,2026-07-26T18:51:52Z,2026-07-26T18:51:52Z,"[""github-performance-direct-recovery-campaign-state-verified-30215256752-1""]",archive,historical_reference,none
github-performance-direct-recovery-contract-{n}-{n},2,13539,2026-07-26T18:25:39Z,2026-07-26T18:43:49Z,"[""github-performance-direct-recovery-contract-30214596869-1"",""github-performance-direct-recovery-contract-30215256752-1""]",archive,historical_reference,none
github-performance-direct-recovery-environment-{n}-{n},2,2565,2026-07-26T18:24:15Z,2026-07-26T18:42:33Z,"[""github-performance-direct-recovery-environment-30214596869-1"",""github-performance-direct-recovery-environment-30215256752-1""]",archive,historical_reference,none
github-performance-direct-recovery-pilot-{n}-{n},2,1554,2026-07-26T18:26:54Z,2026-07-26T18:45:06Z,"[""github-performance-direct-recovery-pilot-30214596869-1"",""github-performance-direct-recovery-pilot-30215256752-1""]",archive,historical_reference,none
github-performance-direct-recovery-plan-{n}-{n},2,827202,2026-07-26T18:27:25Z,2026-07-26T18:45:39Z,"[""github-performance-direct-recovery-plan-30214596869-1"",""github-performance-direct-recovery-plan-30215256752-1""]",archive,historical_reference,none
github-performance-direct-recovery-preflight-{n}-{n},2,532,2026-07-26T18:24:14Z,2026-07-26T18:42:32Z,"[""github-performance-direct-recovery-preflight-30214596869-1"",""github-performance-direct-recovery-preflight-30215256752-1""]",archive,historical_reference,none
github-performance-direct-recovery-prepared-{n}-{n},2,227713,2026-07-26T18:24:57Z,2026-07-26T18:43:06Z,"[""github-performance-direct-recovery-prepared-30214596869-1"",""github-performance-direct-recovery-prepared-30215256752-1""]",archive,historical_reference,none
github-performance-direct-recovery-recovery-wave-{n}-{n}-{n},4,45418,2026-07-26T18:28:46Z,2026-07-26T18:48:46Z,"[""github-performance-direct-recovery-recovery-wave-0-30214596869-1"",""github-performance-direct-recovery-recovery-wave-1-30214596869-1"",""github-performance-direct-recovery-recovery-wave-0-30215256752-1""]",archive,historical_reference,none
github-performance-direct-recovery-results,1,1738245,2026-07-26T18:52:04Z,2026-07-26T18:52:04Z,"[""github-performance-direct-recovery-results""]",archive,historical_reference,none
github-performance-direct-recovery-sealed-final-stage-{n}-{n},1,1725607,2026-07-26T18:51:03Z,2026-07-26T18:51:03Z,"[""github-performance-direct-recovery-sealed-final-stage-30215256752-1""]",archive,historical_reference,none
github-performance-direct-recovery-shard-g{n}-s{n}-a-{uuid},10,3966235,2026-07-26T18:27:56Z,2026-07-26T18:47:57Z,"[""github-performance-direct-recovery-shard-g000-s000-a-0d06af52-fba6-4307-97e9-eaba58e4fcb2"",""github-performance-direct-recovery-shard-g000-s003-a-66881769-bdd6-4426-9d31-08d127b93a51"",""github-performance-direct-recovery-shard-g000-s001-a-f620ec21-0445-4f71-aa26-73aff5f2d8b7""]",archive,historical_reference,none
github-performance-direct-recovery-smoke-{n}-{n},2,520,2026-07-26T18:26:24Z,2026-07-26T18:44:27Z,"[""github-performance-direct-recovery-smoke-30214596869-1"",""github-performance-direct-recovery-smoke-30215256752-1""]",archive,historical_reference,none
github-performance-direct-recovery-timeline-{n}-{n},1,15368,2026-07-26T18:50:33Z,2026-07-26T18:50:33Z,"[""github-performance-direct-recovery-timeline-30215256752-1""]",archive,historical_reference,none
github-performance-direct-recovery-unsealed-final-stage-{n}-{n},1,1692423,2026-07-26T18:50:05Z,2026-07-26T18:50:05Z,"[""github-performance-direct-recovery-unsealed-final-stage-30215256752-1""]",archive,historical_reference,none
github-performance-direct-recovery-verified-stage-{n}-{n},1,1738245,2026-07-26T18:51:53Z,2026-07-26T18:51:53Z,"[""github-performance-direct-recovery-verified-stage-30215256752-1""]",archive,historical_reference,none
github-performance-direct-recovery-v{n}-campaign-state-after-recovery-{n}-{n}-{n},2,10052,2026-07-26T19:05:17Z,2026-07-26T19:06:33Z,"[""github-performance-direct-recovery-v2-campaign-state-after-recovery-0-30215906618-1"",""github-performance-direct-recovery-v2-campaign-state-after-recovery-1-30215906618-1""]",archive,historical_reference,none
github-performance-direct-recovery-v{n}-campaign-state-initial-{n}-{n},1,2653,2026-07-26T19:04:37Z,2026-07-26T19:04:37Z,"[""github-performance-direct-recovery-v2-campaign-state-initial-30215906618-1""]",archive,historical_reference,none
github-performance-direct-recovery-v{n}-campaign-state-merged-{n}-{n},1,7122,2026-07-26T19:07:54Z,2026-07-26T19:07:54Z,"[""github-performance-direct-recovery-v2-campaign-state-merged-30215906618-1""]",archive,historical_reference,none
github-performance-direct-recovery-v{n}-campaign-state-verified-{n}-{n},1,9632,2026-07-26T19:10:03Z,2026-07-26T19:10:03Z,"[""github-performance-direct-recovery-v2-campaign-state-verified-30215906618-1""]",archive,historical_reference,none
github-performance-direct-recovery-v{n}-contract-{n}-{n},1,6764,2026-07-26T19:01:55Z,2026-07-26T19:01:55Z,"[""github-performance-direct-recovery-v2-contract-30215906618-1""]",archive,historical_reference,none
github-performance-direct-recovery-v{n}-environment-{n}-{n},1,1285,2026-07-26T19:00:51Z,2026-07-26T19:00:51Z,"[""github-performance-direct-recovery-v2-environment-30215906618-1""]",archive,historical_reference,none
github-performance-direct-recovery-v{n}-pilot-{n}-{n},1,773,2026-07-26T19:03:11Z,2026-07-26T19:03:11Z,"[""github-performance-direct-recovery-v2-pilot-30215906618-1""]",archive,historical_reference,none
github-performance-direct-recovery-v{n}-plan-{n}-{n},1,413604,2026-07-26T19:03:58Z,2026-07-26T19:03:58Z,"[""github-performance-direct-recovery-v2-plan-30215906618-1""]",archive,historical_reference,none
github-performance-direct-recovery-v{n}-preflight-{n}-{n},1,266,2026-07-26T19:00:51Z,2026-07-26T19:00:51Z,"[""github-performance-direct-recovery-v2-preflight-30215906618-1""]",archive,historical_reference,none
github-performance-direct-recovery-v{n}-prepared-{n}-{n},1,113853,2026-07-26T19:01:20Z,2026-07-26T19:01:20Z,"[""github-performance-direct-recovery-v2-prepared-30215906618-1""]",archive,historical_reference,none
github-performance-direct-recovery-v{n}-recovery-wave-{n}-{n}-{n},2,22736,2026-07-26T19:05:16Z,2026-07-26T19:06:32Z,"[""github-performance-direct-recovery-v2-recovery-wave-0-30215906618-1"",""github-performance-direct-recovery-v2-recovery-wave-1-30215906618-1""]",archive,historical_reference,none
github-performance-direct-recovery-v{n}-results,1,1738124,2026-07-26T19:10:15Z,2026-07-26T19:10:15Z,"[""github-performance-direct-recovery-v2-results""]",archive,historical_reference,none
github-performance-direct-recovery-v{n}-sealed-final-stage-{n}-{n},1,1725486,2026-07-26T19:09:10Z,2026-07-26T19:09:10Z,"[""github-performance-direct-recovery-v2-sealed-final-stage-30215906618-1""]",archive,historical_reference,none
github-performance-direct-recovery-v{n}-shard-g{n}-s{n}-a-{uuid},5,1983130,2026-07-26T19:04:30Z,2026-07-26T19:06:00Z,"[""github-performance-direct-recovery-v2-shard-g000-s003-a-d19f9886-0589-4dc6-bc77-e37215911caa"",""github-performance-direct-recovery-v2-shard-g000-s002-a-e10fd972-b2e9-4d24-a132-048a18a27a8b"",""github-performance-direct-recovery-v2-shard-g000-s001-a-d31fe40b-8d95-48e6-8f07-00a6f38fe377""]",archive,historical_reference,none
github-performance-direct-recovery-v{n}-smoke-{n}-{n},1,260,2026-07-26T19:02:42Z,2026-07-26T19:02:42Z,"[""github-performance-direct-recovery-v2-smoke-30215906618-1""]",archive,historical_reference,none
github-performance-direct-recovery-v{n}-timeline-{n}-{n},1,15241,2026-07-26T19:08:35Z,2026-07-26T19:08:35Z,"[""github-performance-direct-recovery-v2-timeline-30215906618-1""]",archive,historical_reference,none
github-performance-direct-recovery-v{n}-unsealed-final-stage-{n}-{n},1,1692432,2026-07-26T19:07:56Z,2026-07-26T19:07:56Z,"[""github-performance-direct-recovery-v2-unsealed-final-stage-30215906618-1""]",archive,historical_reference,none
github-performance-direct-recovery-v{n}-verified-stage-{n}-{n},1,1738124,2026-07-26T19:10:05Z,2026-07-26T19:10:05Z,"[""github-performance-direct-recovery-v2-verified-stage-30215906618-1""]",archive,historical_reference,none
github-performance-direct-recovery-v{n}-wheelhouse-{n}-{n},1,225316040,2026-07-26T19:00:18Z,2026-07-26T19:00:18Z,"[""github-performance-direct-recovery-v2-wheelhouse-30215906618-1""]",archive,historical_reference,none
github-performance-direct-recovery-wheelhouse-{n}-{n},2,450632080,2026-07-26T18:23:34Z,2026-07-26T18:42:03Z,"[""github-performance-direct-recovery-wheelhouse-30214596869-1"",""github-performance-direct-recovery-wheelhouse-30215256752-1""]",archive,historical_reference,none
github-performance-environment-setup-{n}-{n},17,78018,2026-07-25T18:43:41Z,2026-07-26T19:16:39Z,"[""github-performance-environment-setup-30170101585-1"",""github-performance-environment-setup-30202683511-1"",""github-performance-environment-setup-30203692272-1""]",archive,historical_reference,none
github-performance-event-study-optimized-campaign-state-after-recovery-{n}-{n}-{n},1,4249,2026-07-26T11:59:17Z,2026-07-26T11:59:17Z,"[""github-performance-event-study-optimized-campaign-state-after-recovery-0-30200997490-1""]",archive,historical_reference,none
github-performance-event-study-optimized-campaign-state-initial-{n}-{n},1,2652,2026-07-26T11:58:27Z,2026-07-26T11:58:27Z,"[""github-performance-event-study-optimized-campaign-state-initial-30200997490-1""]",archive,historical_reference,none
github-performance-event-study-optimized-campaign-state-merged-{n}-{n},1,5502,2026-07-26T12:00:28Z,2026-07-26T12:00:28Z,"[""github-performance-event-study-optimized-campaign-state-merged-30200997490-1""]",archive,historical_reference,none
github-performance-event-study-optimized-campaign-state-verified-{n}-{n},1,8012,2026-07-26T12:02:30Z,2026-07-26T12:02:30Z,"[""github-performance-event-study-optimized-campaign-state-verified-30200997490-1""]",archive,historical_reference,none
github-performance-event-study-optimized-contract-{n}-{n},1,6796,2026-07-26T11:56:13Z,2026-07-26T11:56:13Z,"[""github-performance-event-study-optimized-contract-30200997490-1""]",archive,historical_reference,none
github-performance-event-study-optimized-environment-{n}-{n},1,1282,2026-07-26T11:54:52Z,2026-07-26T11:54:52Z,"[""github-performance-event-study-optimized-environment-30200997490-1""]",archive,historical_reference,none
github-performance-event-study-optimized-pilot-{n}-{n},1,331,2026-07-26T11:57:25Z,2026-07-26T11:57:25Z,"[""github-performance-event-study-optimized-pilot-30200997490-1""]",archive,historical_reference,none
github-performance-event-study-optimized-plan-{n}-{n},1,245562,2026-07-26T11:57:58Z,2026-07-26T11:57:58Z,"[""github-performance-event-study-optimized-plan-30200997490-1""]",archive,historical_reference,none
github-performance-event-study-optimized-preflight-{n}-{n},1,266,2026-07-26T11:54:51Z,2026-07-26T11:54:51Z,"[""github-performance-event-study-optimized-preflight-30200997490-1""]",archive,historical_reference,none
github-performance-event-study-optimized-prepared-{n}-{n},1,2291565,2026-07-26T11:55:26Z,2026-07-26T11:55:26Z,"[""github-performance-event-study-optimized-prepared-30200997490-1""]",archive,historical_reference,none
github-performance-event-study-optimized-recovery-wave-{n}-{n}-{n},1,4031,2026-07-26T11:59:16Z,2026-07-26T11:59:16Z,"[""github-performance-event-study-optimized-recovery-wave-0-30200997490-1""]",archive,historical_reference,none
github-performance-event-study-optimized-results,1,2572251,2026-07-26T12:02:40Z,2026-07-26T12:02:40Z,"[""github-performance-event-study-optimized-results""]",archive,historical_reference,none
github-performance-event-study-optimized-sealed-final-stage-{n}-{n},1,2561527,2026-07-26T12:01:46Z,2026-07-26T12:01:46Z,"[""github-performance-event-study-optimized-sealed-final-stage-30200997490-1""]",archive,historical_reference,none
github-performance-event-study-optimized-shard-g{n}-s{n}-a-{uuid},4,2934736,2026-07-26T11:58:30Z,2026-07-26T11:58:40Z,"[""github-performance-event-study-optimized-shard-g000-s000-a-c2449afa-1c2a-44a2-954e-1a1e8c7770c5"",""github-performance-event-study-optimized-shard-g000-s003-a-f9f216d4-6e19-4d6a-a15d-3a5827d9fef5"",""github-performance-event-study-optimized-shard-g000-s002-a-834da123-83db-4a3f-b630-438c79f63b07""]",archive,historical_reference,none
github-performance-event-study-optimized-smoke-{n}-{n},1,261,2026-07-26T11:56:45Z,2026-07-26T11:56:45Z,"[""github-performance-event-study-optimized-smoke-30200997490-1""]",archive,historical_reference,none
github-performance-event-study-optimized-timeline-{n}-{n},1,15075,2026-07-26T12:01:09Z,2026-07-26T12:01:09Z,"[""github-performance-event-study-optimized-timeline-30200997490-1""]",archive,historical_reference,none
github-performance-event-study-optimized-unsealed-final-stage-{n}-{n},1,2533120,2026-07-26T12:00:30Z,2026-07-26T12:00:30Z,"[""github-performance-event-study-optimized-unsealed-final-stage-30200997490-1""]",archive,historical_reference,none
github-performance-event-study-optimized-verified-stage-{n}-{n},1,2572251,2026-07-26T12:02:32Z,2026-07-26T12:02:32Z,"[""github-performance-event-study-optimized-verified-stage-30200997490-1""]",archive,historical_reference,none
github-performance-event-study-optimized-wheelhouse-{n}-{n},1,225308387,2026-07-26T11:54:15Z,2026-07-26T11:54:15Z,"[""github-performance-event-study-optimized-wheelhouse-30200997490-1""]",archive,historical_reference,none
github-performance-event-study-{n}-merge-l{n}-p{n}-g{n}-{hex},15,21633313,2026-07-26T11:59:47Z,2026-07-26T14:25:35Z,"[""github-performance-event-study-256-merge-l00-p000-g000-9c696ec13991"",""github-performance-event-study-256-merge-l00-p000-g000-9c696ec13991"",""github-performance-event-study-256-merge-l00-p000-g000-5551b58c0548""]",archive,historical_reference,none
github-performance-lock-{n},73,3692121,2026-07-25T18:02:34Z,2026-07-26T19:51:13Z,"[""github-performance-lock-30168825373"",""github-performance-lock-30169015889"",""github-performance-lock-30169369583""]",archive,historical_reference,none
github-performance-reference-campaign-state-after-recovery-{n}-{n}-{n},44,263416,2026-07-26T07:14:55Z,2026-07-26T18:17:16Z,"[""github-performance-reference-campaign-state-after-recovery-0-30192262874-1"",""github-performance-reference-campaign-state-after-recovery-0-30193528008-1"",""github-performance-reference-campaign-state-after-recovery-0-30194113698-1""]",archive,historical_reference,none
github-performance-reference-campaign-state-initial-{n}-{n},22,58366,2026-07-26T07:13:39Z,2026-07-26T18:14:53Z,"[""github-performance-reference-campaign-state-initial-30192262874-1"",""github-performance-reference-campaign-state-initial-30193528008-1"",""github-performance-reference-campaign-state-initial-30194113698-1""]",archive,historical_reference,none
github-performance-reference-campaign-state-merged-{n}-{n},17,104678,2026-07-26T07:16:15Z,2026-07-26T18:18:48Z,"[""github-performance-reference-campaign-state-merged-30192262874-1"",""github-performance-reference-campaign-state-merged-30193528008-1"",""github-performance-reference-campaign-state-merged-30194113698-1""]",archive,historical_reference,none
github-performance-reference-campaign-state-verified-{n}-{n},17,147096,2026-07-26T07:17:05Z,2026-07-26T18:20:34Z,"[""github-performance-reference-campaign-state-verified-30192262874-1"",""github-performance-reference-campaign-state-verified-30193528008-1"",""github-performance-reference-campaign-state-verified-30194113698-1""]",archive,historical_reference,none
github-performance-reference-contract-{n}-{n},24,162427,2026-07-25T17:48:01Z,2026-07-26T18:12:25Z,"[""github-performance-reference-contract-30168253488-1"",""github-performance-reference-contract-30169599148-1"",""github-performance-reference-contract-30192262874-1""]",archive,historical_reference,none
github-performance-reference-direct-campaign-state-initial-{n}-{n},1,2653,2026-07-26T17:52:42Z,2026-07-26T17:52:42Z,"[""github-performance-reference-direct-campaign-state-initial-30213343787-1""]",archive,historical_reference,none
github-performance-reference-direct-contract-{n}-{n},1,6764,2026-07-26T17:50:25Z,2026-07-26T17:50:25Z,"[""github-performance-reference-direct-contract-30213343787-1""]",archive,historical_reference,none
github-performance-reference-direct-environment-{n}-{n},1,1281,2026-07-26T17:49:19Z,2026-07-26T17:49:19Z,"[""github-performance-reference-direct-environment-30213343787-1""]",archive,historical_reference,none
github-performance-reference-direct-pilot-{n}-{n},1,780,2026-07-26T17:51:45Z,2026-07-26T17:51:45Z,"[""github-performance-reference-direct-pilot-30213343787-1""]",archive,historical_reference,none
github-performance-reference-direct-plan-{n}-{n},1,413602,2026-07-26T17:52:14Z,2026-07-26T17:52:14Z,"[""github-performance-reference-direct-plan-30213343787-1""]",archive,historical_reference,none
github-performance-reference-direct-preflight-{n}-{n},1,266,2026-07-26T17:49:18Z,2026-07-26T17:49:18Z,"[""github-performance-reference-direct-preflight-30213343787-1""]",archive,historical_reference,none
github-performance-reference-direct-prepared-{n}-{n},1,113853,2026-07-26T17:49:53Z,2026-07-26T17:49:53Z,"[""github-performance-reference-direct-prepared-30213343787-1""]",archive,historical_reference,none
github-performance-reference-direct-shard-g{n}-s{n}-a-{uuid},4,1485022,2026-07-26T17:52:44Z,2026-07-26T17:52:53Z,"[""github-performance-reference-direct-shard-g000-s000-a-9515a6ba-f519-4011-8b0f-2e48d855cc7f"",""github-performance-reference-direct-shard-g000-s002-a-a917c9bd-9633-47be-a5ea-8ed3f827107b"",""github-performance-reference-direct-shard-g000-s001-a-03f853e4-cd25-41dd-b972-e51d433c2d74""]",archive,historical_reference,none
github-performance-reference-direct-smoke-{n}-{n},1,260,2026-07-26T17:51:10Z,2026-07-26T17:51:10Z,"[""github-performance-reference-direct-smoke-30213343787-1""]",archive,historical_reference,none
github-performance-reference-direct-wheelhouse-{n}-{n},1,225316040,2026-07-26T17:48:49Z,2026-07-26T17:48:49Z,"[""github-performance-reference-direct-wheelhouse-30213343787-1""]",archive,historical_reference,none
github-performance-reference-environment-{n}-{n},26,33341,2026-07-25T17:47:08Z,2026-07-26T18:10:55Z,"[""github-performance-reference-environment-30168253488-1"",""github-performance-reference-environment-30169146198-1"",""github-performance-reference-environment-30169370578-1""]",archive,historical_reference,none
github-performance-reference-final-stage-{n}-{n},6,10181215,2026-07-25T17:54:12Z,2026-07-26T10:01:08Z,"[""github-performance-reference-final-stage-30168253488-1"",""github-performance-reference-final-stage-30169599148-1"",""github-performance-reference-final-stage-30192262874-1""]",archive,historical_reference,none
github-performance-reference-merge-only-evidence-{n}-{n},3,2239,2026-07-26T08:01:50Z,2026-07-26T15:56:38Z,"[""github-performance-reference-merge-only-evidence-30193838870-1"",""github-performance-reference-merge-only-evidence-30208203481-1"",""github-performance-reference-merge-only-evidence-30209242779-1""]",archive,historical_reference,none
github-performance-reference-merge-only-results-{n}-{n},2,3429242,2026-07-26T08:01:51Z,2026-07-26T15:56:40Z,"[""github-performance-reference-merge-only-results-30193838870-1"",""github-performance-reference-merge-only-results-30209242779-1""]",archive,historical_reference,none
github-performance-reference-merge-only-state-{n}-{n},4,42738,2026-07-26T08:01:50Z,2026-07-26T15:56:37Z,"[""github-performance-reference-merge-only-state-30193838870-1"",""github-performance-reference-merge-only-state-30207114058-1"",""github-performance-reference-merge-only-state-30208203481-1""]",archive,historical_reference,none
github-performance-reference-partial-g{n},5,6285774,2026-07-25T17:53:07Z,2026-07-26T08:15:23Z,"[""github-performance-reference-partial-g000"",""github-performance-reference-partial-g000"",""github-performance-reference-partial-g000""]",archive,historical_reference,none
github-performance-reference-pilot-{n}-{n},24,15097,2026-07-25T17:49:37Z,2026-07-26T18:13:37Z,"[""github-performance-reference-pilot-30168253488-1"",""github-performance-reference-pilot-30169599148-1"",""github-performance-reference-pilot-30192262874-1""]",archive,historical_reference,none
github-performance-reference-plan-{n}-{n},24,10067354,2026-07-25T17:50:29Z,2026-07-26T18:14:23Z,"[""github-performance-reference-plan-30168253488-1"",""github-performance-reference-plan-30169599148-1"",""github-performance-reference-plan-30192262874-1""]",archive,historical_reference,none
github-performance-reference-preflight-{n}-{n},26,6916,2026-07-25T17:46:17Z,2026-07-26T18:10:55Z,"[""github-performance-reference-preflight-30168253488-1"",""github-performance-reference-preflight-30169146198-1"",""github-performance-reference-preflight-30169370578-1""]",archive,historical_reference,none
github-performance-reference-prepared-{n}-{n},26,2960192,2026-07-25T17:47:12Z,2026-07-26T18:11:40Z,"[""github-performance-reference-prepared-30168253488-1"",""github-performance-reference-prepared-30169146198-1"",""github-performance-reference-prepared-30169370578-1""]",archive,historical_reference,none
github-performance-reference-recovery-wave-{n}-{n}-{n},42,380270,2026-07-26T07:14:53Z,2026-07-26T18:17:15Z,"[""github-performance-reference-recovery-wave-0-30192262874-1"",""github-performance-reference-recovery-wave-0-30193528008-1"",""github-performance-reference-recovery-wave-0-30194113698-1""]",archive,historical_reference,none
github-performance-reference-recovery-{n}-{n},2,5770,2026-07-25T17:52:07Z,2026-07-25T18:31:36Z,"[""github-performance-reference-recovery-30168253488-1"",""github-performance-reference-recovery-30169599148-1""]",archive,historical_reference,none
github-performance-reference-results,19,32879621,2026-07-25T17:56:06Z,2026-07-26T18:20:45Z,"[""github-performance-reference-results"",""github-performance-reference-results"",""github-performance-reference-results""]",archive,historical_reference,none
github-performance-reference-sealed-final-stage-{n}-{n},13,22390790,2026-07-26T10:49:45Z,2026-07-26T18:19:55Z,"[""github-performance-reference-sealed-final-stage-30198731331-1"",""github-performance-reference-sealed-final-stage-30203619784-1"",""github-performance-reference-sealed-final-stage-30206672400-1""]",archive,historical_reference,none
github-performance-reference-shard-g{n}-s{n}-a-{uuid},143,48299670,2026-07-25T17:51:17Z,2026-07-26T18:16:42Z,"[""github-performance-reference-shard-g000-s000-a-6559a0ad-1da0-444e-83c6-87299fb1ae58"",""github-performance-reference-shard-g000-s000-a-4622c5c1-a7dc-4856-bf94-624891aef295"",""github-performance-reference-shard-g000-s000-a-9e9f863b-ac43-4e59-9659-99939bcf510a""]",archive,historical_reference,none
github-performance-reference-smoke-{n}-{n},24,6240,2026-07-25T17:48:45Z,2026-07-26T18:13:05Z,"[""github-performance-reference-smoke-30168253488-1"",""github-performance-reference-smoke-30169599148-1"",""github-performance-reference-smoke-30192262874-1""]",archive,historical_reference,none
github-performance-reference-timeline-{n}-{n},21,318442,2026-07-25T17:55:55Z,2026-07-26T18:19:22Z,"[""github-performance-reference-timeline-30168253488-1"",""github-performance-reference-timeline-30169146198-1"",""github-performance-reference-timeline-30169370578-1""]",archive,historical_reference,none
github-performance-reference-unsealed-final-stage-{n}-{n},13,21964065,2026-07-26T10:48:50Z,2026-07-26T18:18:49Z,"[""github-performance-reference-unsealed-final-stage-30198731331-1"",""github-performance-reference-unsealed-final-stage-30203619784-1"",""github-performance-reference-unsealed-final-stage-30206672400-1""]",archive,historical_reference,none
github-performance-reference-verified-stage-{n}-{n},19,32784563,2026-07-25T17:55:08Z,2026-07-26T18:20:35Z,"[""github-performance-reference-verified-stage-30168253488-1"",""github-performance-reference-verified-stage-30169599148-1"",""github-performance-reference-verified-stage-30192262874-1""]",archive,historical_reference,none
github-performance-reference-wheelhouse-{n}-{n},25,5632408631,2026-07-25T18:12:53Z,2026-07-26T18:10:22Z,"[""github-performance-reference-wheelhouse-30169146198-1"",""github-performance-reference-wheelhouse-30169370578-1"",""github-performance-reference-wheelhouse-30169599148-1""]",archive,historical_reference,none
github-performance-reference-{n}-merge-l{n}-p{n}-g{n}-{hex},38,47050671,2026-07-26T09:59:51Z,2026-08-02T18:08:56Z,"[""github-performance-reference-1024-merge-l00-p000-g001-d1444cb53fb6"",""github-performance-reference-1024-merge-l00-p000-g000-d1444cb53fb6"",""github-performance-reference-1024-merge-l01-p000-g000-d1444cb53fb6""]",archive,historical_reference,none
github-performance-replan-fixture-campaign-state-replanning-{n}-{n},2,8066,2026-07-26T08:18:11Z,2026-07-26T14:54:32Z,"[""github-performance-replan-fixture-campaign-state-replanning-30194113698-1"",""github-performance-replan-fixture-campaign-state-replanning-30206723662-1""]",archive,historical_reference,none
github-performance-replan-fixture-evidence-{n}-{n},2,3448,2026-07-26T08:18:12Z,2026-07-26T14:54:32Z,"[""github-performance-replan-fixture-evidence-30194113698-1"",""github-performance-replan-fixture-evidence-30206723662-1""]",archive,historical_reference,none
github-performance-replan-fixture-replan-evidence-{n}-{n},2,2726,2026-07-26T08:40:15Z,2026-07-26T14:56:53Z,"[""github-performance-replan-fixture-replan-evidence-30195022749-1"",""github-performance-replan-fixture-replan-evidence-30207130587-1""]",archive,historical_reference,none
github-performance-replan-fixture-replan-plan-{n}-{n},2,200198,2026-07-26T08:40:14Z,2026-07-26T14:56:52Z,"[""github-performance-replan-fixture-replan-plan-30195022749-1"",""github-performance-replan-fixture-replan-plan-30207130587-1""]",archive,historical_reference,none
github-performance-replan-fixture-replan-state-{n}-{n},2,10836,2026-07-26T08:40:13Z,2026-07-26T14:56:51Z,"[""github-performance-replan-fixture-replan-state-30195022749-1"",""github-performance-replan-fixture-replan-state-30207130587-1""]",archive,historical_reference,none
github-performance-replan-fixture-shard-s{n}-a-fixture-{n},4,91354,2026-07-26T08:18:09Z,2026-07-26T14:54:31Z,"[""github-performance-replan-fixture-shard-s000-a-fixture-000"",""github-performance-replan-fixture-shard-s001-a-fixture-001"",""github-performance-replan-fixture-shard-s000-a-fixture-000""]",archive,historical_reference,none
github-performance-robustness-optimized-campaign-state-after-recovery-{n}-{n}-{n},1,4241,2026-07-26T11:59:13Z,2026-07-26T11:59:13Z,"[""github-performance-robustness-optimized-campaign-state-after-recovery-0-30201000537-1""]",archive,historical_reference,none
github-performance-robustness-optimized-campaign-state-initial-{n}-{n},1,2649,2026-07-26T11:58:36Z,2026-07-26T11:58:36Z,"[""github-performance-robustness-optimized-campaign-state-initial-30201000537-1""]",archive,historical_reference,none
github-performance-robustness-optimized-campaign-state-merged-{n}-{n},1,5492,2026-07-26T12:00:30Z,2026-07-26T12:00:30Z,"[""github-performance-robustness-optimized-campaign-state-merged-30201000537-1""]",archive,historical_reference,none
github-performance-robustness-optimized-campaign-state-verified-{n}-{n},1,7998,2026-07-26T12:02:17Z,2026-07-26T12:02:17Z,"[""github-performance-robustness-optimized-campaign-state-verified-30201000537-1""]",archive,historical_reference,none
github-performance-robustness-optimized-contract-{n}-{n},1,6819,2026-07-26T11:56:13Z,2026-07-26T11:56:13Z,"[""github-performance-robustness-optimized-contract-30201000537-1""]",archive,historical_reference,none
github-performance-robustness-optimized-environment-{n}-{n},1,1281,2026-07-26T11:55:08Z,2026-07-26T11:55:08Z,"[""github-performance-robustness-optimized-environment-30201000537-1""]",archive,historical_reference,none
github-performance-robustness-optimized-pilot-{n}-{n},1,332,2026-07-26T11:57:13Z,2026-07-26T11:57:13Z,"[""github-performance-robustness-optimized-pilot-30201000537-1""]",archive,historical_reference,none
github-performance-robustness-optimized-plan-{n}-{n},1,351931,2026-07-26T11:57:52Z,2026-07-26T11:57:52Z,"[""github-performance-robustness-optimized-plan-30201000537-1""]",archive,historical_reference,none
github-performance-robustness-optimized-preflight-{n}-{n},1,267,2026-07-26T11:55:07Z,2026-07-26T11:55:07Z,"[""github-performance-robustness-optimized-preflight-30201000537-1""]",archive,historical_reference,none
github-performance-robustness-optimized-prepared-{n}-{n},1,118886,2026-07-26T11:55:40Z,2026-07-26T11:55:40Z,"[""github-performance-robustness-optimized-prepared-30201000537-1""]",archive,historical_reference,none
github-performance-robustness-optimized-recovery-wave-{n}-{n}-{n},1,4027,2026-07-26T11:59:13Z,2026-07-26T11:59:13Z,"[""github-performance-robustness-optimized-recovery-wave-0-30201000537-1""]",archive,historical_reference,none
github-performance-robustness-optimized-results,1,928996,2026-07-26T12:02:29Z,2026-07-26T12:02:29Z,"[""github-performance-robustness-optimized-results""]",archive,historical_reference,none
github-performance-robustness-optimized-sealed-final-stage-{n}-{n},1,918248,2026-07-26T12:01:42Z,2026-07-26T12:01:42Z,"[""github-performance-robustness-optimized-sealed-final-stage-30201000537-1""]",archive,historical_reference,none
github-performance-robustness-optimized-shard-g{n}-s{n}-a-{uuid},4,940318,2026-07-26T11:58:23Z,2026-07-26T11:58:39Z,"[""github-performance-robustness-optimized-shard-g000-s003-a-62d879c2-b4b0-4b3d-a117-a092c337963f"",""github-performance-robustness-optimized-shard-g000-s001-a-0b595659-e666-459a-9901-0cc9b4e6646b"",""github-performance-robustness-optimized-shard-g000-s002-a-1e906f11-d2d7-4270-96a1-a4c366627fb6""]",archive,historical_reference,none
github-performance-robustness-optimized-smoke-{n}-{n},1,260,2026-07-26T11:56:43Z,2026-07-26T11:56:43Z,"[""github-performance-robustness-optimized-smoke-30201000537-1""]",archive,historical_reference,none
github-performance-robustness-optimized-timeline-{n}-{n},1,14934,2026-07-26T12:01:02Z,2026-07-26T12:01:02Z,"[""github-performance-robustness-optimized-timeline-30201000537-1""]",archive,historical_reference,none
github-performance-robustness-optimized-unsealed-final-stage-{n}-{n},1,889973,2026-07-26T12:00:31Z,2026-07-26T12:00:31Z,"[""github-performance-robustness-optimized-unsealed-final-stage-30201000537-1""]",archive,historical_reference,none
github-performance-robustness-optimized-verified-stage-{n}-{n},1,928996,2026-07-26T12:02:18Z,2026-07-26T12:02:18Z,"[""github-performance-robustness-optimized-verified-stage-30201000537-1""]",archive,historical_reference,none
github-performance-robustness-optimized-wheelhouse-{n}-{n},1,225308387,2026-07-26T11:54:25Z,2026-07-26T11:54:25Z,"[""github-performance-robustness-optimized-wheelhouse-30201000537-1""]",archive,historical_reference,none
github-performance-robustness-{n}-merge-l{n}-p{n}-g{n}-{hex},28,6635354,2026-07-26T11:59:56Z,2026-07-26T19:30:17Z,"[""github-performance-robustness-512-merge-l00-p000-g000-4bc90cf5ea19"",""github-performance-robustness-512-merge-l00-p000-g000-4bc90cf5ea19"",""github-performance-robustness-512-merge-l00-p000-g000-12f0b1cd3510""]",archive,historical_reference,none
github{n}-annual-dominance-final,1,1587532,2026-06-13T14:34:04Z,2026-06-13T14:34:04Z,"[""github360-annual-dominance-final""]",archive,historical_reference,none
github{n}-worker-{n}-{n},360,2242421,2026-06-13T14:31:26Z,2026-06-13T14:33:16Z,"[""github360-worker-090-52"",""github360-worker-000-70"",""github360-worker-090-39""]",archive,historical_reference,none
global-technical-buy-indicator-external-pack-{n}-results,5449,35410559791,2026-06-23T19:28:23Z,2026-07-11T09:52:15Z,"[""global-technical-buy-indicator-external-pack-72000-results"",""global-technical-buy-indicator-external-pack-72000-results"",""global-technical-buy-indicator-external-pack-72000-results""]",archive,historical_reference,gtbi_v7_new_reference_v1
global-technical-buy-indicator-final-recheck-parallel-results,10,113298705,2026-06-22T21:51:11Z,2026-06-23T16:16:08Z,"[""global-technical-buy-indicator-final-recheck-parallel-results"",""global-technical-buy-indicator-final-recheck-parallel-results"",""global-technical-buy-indicator-final-recheck-parallel-results""]",archive,historical_reference,gtbi_v7_new_reference_v1
global-technical-buy-indicator-final-recheck-results,1,377972801,2026-06-22T22:20:23Z,2026-06-22T22:20:23Z,"[""global-technical-buy-indicator-final-recheck-results""]",archive,historical_reference,gtbi_v7_new_reference_v1
global-technical-buy-indicator-long-hold-fast-strict-v{n}-results,1,1962204087,2026-07-11T18:17:52Z,2026-07-11T18:17:52Z,"[""global-technical-buy-indicator-long-hold-fast-strict-v6-results""]",archive,historical_reference,gtbi_v7_new_reference_v1
global-technical-buy-indicator-merged-candidates,10,88427556,2026-06-22T21:35:52Z,2026-06-23T15:55:05Z,"[""global-technical-buy-indicator-merged-candidates"",""global-technical-buy-indicator-merged-candidates"",""global-technical-buy-indicator-merged-candidates""]",archive,historical_reference,gtbi_v7_new_reference_v1
global-technical-buy-indicator-pack-group-{n},450,8111125878,2026-06-22T09:44:44Z,2026-06-23T18:00:51Z,"[""global-technical-buy-indicator-pack-group-000"",""global-technical-buy-indicator-pack-group-001"",""global-technical-buy-indicator-pack-group-002""]",archive,historical_reference,gtbi_v7_new_reference_v1
global-technical-buy-indicator-recheck-batch-{n},11,3739527528,2026-06-23T15:07:54Z,2026-06-23T16:09:49Z,"[""global-technical-buy-indicator-recheck-batch-002"",""global-technical-buy-indicator-recheck-batch-003"",""global-technical-buy-indicator-recheck-batch-001""]",archive,historical_reference,gtbi_v7_new_reference_v1
global-technical-buy-indicator-recheck-candidate-{n},408,152549034973,2026-06-22T21:46:05Z,2026-06-23T13:36:35Z,"[""global-technical-buy-indicator-recheck-candidate-009"",""global-technical-buy-indicator-recheck-candidate-004"",""global-technical-buy-indicator-recheck-candidate-007""]",archive,historical_reference,gtbi_v7_new_reference_v1
global-technical-buy-indicator-seed-rules,5,18161,2026-06-23T13:43:45Z,2026-06-23T17:59:25Z,"[""global-technical-buy-indicator-seed-rules"",""global-technical-buy-indicator-seed-rules"",""global-technical-buy-indicator-seed-rules""]",archive,historical_reference,gtbi_v7_new_reference_v1
global-technical-buy-indicator-stage-{n},4970,1327177615,2026-06-22T10:01:57Z,2026-06-23T18:27:29Z,"[""global-technical-buy-indicator-stage-052"",""global-technical-buy-indicator-stage-274"",""global-technical-buy-indicator-stage-057""]",archive,historical_reference,gtbi_v7_new_reference_v1
global-technical-buy-indicator-{n}jobs-results,14,85201979,2026-06-22T10:03:43Z,2026-06-23T18:29:05Z,"[""global-technical-buy-indicator-355jobs-results"",""global-technical-buy-indicator-355jobs-results"",""global-technical-buy-indicator-355jobs-results""]",archive,historical_reference,gtbi_v7_new_reference_v1
gtbi-clean-portfolio-v{n}-results,3,4082205,2026-07-12T12:18:12Z,2026-07-12T15:03:21Z,"[""gtbi-clean-portfolio-v7-results"",""gtbi-clean-portfolio-v7-results"",""gtbi-clean-portfolio-v7-results""]",archive,historical_reference,gtbi_v7_new_reference_v1
gtbi-external-pack-block-{n},151527,201263839447,2026-06-29T18:49:35Z,2026-07-11T09:49:31Z,"[""gtbi-external-pack-block-086"",""gtbi-external-pack-block-009"",""gtbi-external-pack-block-101""]",archive,historical_reference,gtbi_v7_new_reference_v1
gtbi-external-pack-block-{n}-results,18,122189450,2026-06-27T13:49:46Z,2026-06-28T10:48:24Z,"[""gtbi-external-pack-block-0-results"",""gtbi-external-pack-block-0-results"",""gtbi-external-pack-block-0-results""]",archive,historical_reference,gtbi_v7_new_reference_v1
gtbi-external-pack-data,5537,2081712830662,2026-06-23T19:54:27Z,2026-07-12T13:48:09Z,"[""gtbi-external-pack-data"",""gtbi-external-pack-data"",""gtbi-external-pack-data""]",archive,historical_reference,gtbi_v7_new_reference_v1
gtbi-external-pack-job-{n},10075,516379654,2026-06-25T08:41:56Z,2026-07-02T20:28:59Z,"[""gtbi-external-pack-job-0000"",""gtbi-external-pack-job-0000"",""gtbi-external-pack-job-0000""]",archive,historical_reference,gtbi_v7_new_reference_v1
gtbi-external-pack-shard-{n},51,3741883290,2026-06-23T19:47:35Z,2026-06-24T08:30:29Z,"[""gtbi-external-pack-shard-001"",""gtbi-external-pack-shard-000"",""gtbi-external-pack-shard-005""]",archive,historical_reference,gtbi_v7_new_reference_v1
gtbi-external-pack-smoke-results,15,173420702,2026-06-28T15:36:10Z,2026-07-02T20:29:58Z,"[""gtbi-external-pack-smoke-results"",""gtbi-external-pack-smoke-results"",""gtbi-external-pack-smoke-results""]",archive,historical_reference,gtbi_v7_new_reference_v1
gtbi-longhold-orchestrator-recovery-manifests,26,1477376,2026-07-05T23:17:01Z,2026-07-11T09:47:54Z,"[""gtbi-longhold-orchestrator-recovery-manifests"",""gtbi-longhold-orchestrator-recovery-manifests"",""gtbi-longhold-orchestrator-recovery-manifests""]",archive,historical_reference,gtbi_v7_new_reference_v1
gtbi-v{n}-NO_GO_CLOSE-{n}-{n},1,2172,2026-08-01T11:47:42Z,2026-08-01T11:47:42Z,"[""gtbi-v7-NO_GO_CLOSE-1-30698392125""]",archive,historical_reference,gtbi_v7_new_reference_v1
gtbi-v{n}-benchmark-mode-{n}-{n},15,142343569,2026-08-01T16:37:24Z,2026-08-02T15:15:07Z,"[""gtbi-v7-benchmark-mode-4-30708354996"",""gtbi-v7-benchmark-mode-2-30708354996"",""gtbi-v7-benchmark-mode-1-30708354996""]",archive,historical_reference,gtbi_v7_new_reference_v1
gtbi-v{n}-block-{n}-{n},18,714358312,2026-08-02T16:18:01Z,2026-08-02T16:18:18Z,"[""gtbi-v7-block-13-30755918301"",""gtbi-v7-block-17-30755918301"",""gtbi-v7-block-06-30755918301""]",archive,historical_reference,gtbi_v7_new_reference_v1
gtbi-v{n}-data-manifest-{n},3,2031,2026-07-11T16:59:29Z,2026-07-11T17:32:18Z,"[""gtbi-v6-data-manifest-29160767791"",""gtbi-v6-data-manifest-29160915719"",""gtbi-v6-data-manifest-29161769368""]",archive,historical_reference,gtbi_v7_new_reference_v1
gtbi-v{n}-emergency-preservation-inventory-{n},4,63472,2026-07-29T15:06:31Z,2026-07-30T08:03:34Z,"[""gtbi-v7-emergency-preservation-inventory-30464201570"",""gtbi-v7-emergency-preservation-inventory-30523228482"",""gtbi-v7-emergency-preservation-inventory-30523390257""]",archive,historical_reference,gtbi_v7_new_reference_v1
gtbi-v{n}-fast-strict-smoke-results,1,488391057,2026-07-11T17:17:19Z,2026-07-11T17:17:19Z,"[""gtbi-v6-fast-strict-smoke-results""]",archive,historical_reference,gtbi_v7_new_reference_v1
gtbi-v{n}-framework-gate-campaign-state-after-recovery-{n}-{n}-{n},8,33432,2026-08-01T15:09:54Z,2026-08-02T14:57:32Z,"[""gtbi-v7-framework-gate-campaign-state-after-recovery-0-30705120871-1"",""gtbi-v7-framework-gate-campaign-state-after-recovery-0-30705928654-1"",""gtbi-v7-framework-gate-campaign-state-after-recovery-0-30706684930-1""]",archive,historical_reference,gtbi_v7_new_reference_v1
gtbi-v{n}-framework-gate-campaign-state-initial-{n}-{n},8,21224,2026-08-01T15:09:17Z,2026-08-02T14:56:52Z,"[""gtbi-v7-framework-gate-campaign-state-initial-30705120871-1"",""gtbi-v7-framework-gate-campaign-state-initial-30705928654-1"",""gtbi-v7-framework-gate-campaign-state-initial-30706684930-1""]",archive,historical_reference,gtbi_v7_new_reference_v1
gtbi-v{n}-framework-gate-campaign-state-merged-{n}-{n},8,43456,2026-08-01T15:11:33Z,2026-08-02T14:59:03Z,"[""gtbi-v7-framework-gate-campaign-state-merged-30705120871-1"",""gtbi-v7-framework-gate-campaign-state-merged-30705928654-1"",""gtbi-v7-framework-gate-campaign-state-merged-30706684930-1""]",archive,historical_reference,gtbi_v7_new_reference_v1
gtbi-v{n}-framework-gate-campaign-state-verified-{n}-{n},8,63536,2026-08-01T15:13:26Z,2026-08-02T15:00:45Z,"[""gtbi-v7-framework-gate-campaign-state-verified-30705120871-1"",""gtbi-v7-framework-gate-campaign-state-verified-30705928654-1"",""gtbi-v7-framework-gate-campaign-state-verified-30706684930-1""]",archive,historical_reference,gtbi_v7_new_reference_v1
gtbi-v{n}-framework-gate-contract-{n}-{n},8,54139,2026-08-01T15:06:55Z,2026-08-02T14:54:08Z,"[""gtbi-v7-framework-gate-contract-30705120871-1"",""gtbi-v7-framework-gate-contract-30705928654-1"",""gtbi-v7-framework-gate-contract-30706684930-1""]",archive,historical_reference,gtbi_v7_new_reference_v1
gtbi-v{n}-framework-gate-environment-{n}-{n},8,10259,2026-08-01T15:05:49Z,2026-08-02T14:53:02Z,"[""gtbi-v7-framework-gate-environment-30705120871-1"",""gtbi-v7-framework-gate-environment-30705928654-1"",""gtbi-v7-framework-gate-environment-30706684930-1""]",archive,historical_reference,gtbi_v7_new_reference_v1
gtbi-v{n}-framework-gate-pilot-{n}-{n},8,6211,2026-08-01T15:08:03Z,2026-08-02T14:55:13Z,"[""gtbi-v7-framework-gate-pilot-30705120871-1"",""gtbi-v7-framework-gate-pilot-30705928654-1"",""gtbi-v7-framework-gate-pilot-30706684930-1""]",archive,historical_reference,gtbi_v7_new_reference_v1
gtbi-v{n}-framework-gate-plan-{n}-{n},8,3308604,2026-08-01T15:08:40Z,2026-08-02T14:56:11Z,"[""gtbi-v7-framework-gate-plan-30705120871-1"",""gtbi-v7-framework-gate-plan-30705928654-1"",""gtbi-v7-framework-gate-plan-30706684930-1""]",archive,historical_reference,gtbi_v7_new_reference_v1
gtbi-v{n}-framework-gate-preflight-{n}-{n},8,2128,2026-08-01T15:05:48Z,2026-08-02T14:53:02Z,"[""gtbi-v7-framework-gate-preflight-30705120871-1"",""gtbi-v7-framework-gate-preflight-30705928654-1"",""gtbi-v7-framework-gate-preflight-30706684930-1""]",archive,historical_reference,gtbi_v7_new_reference_v1
gtbi-v{n}-framework-gate-prepared-{n}-{n},8,910831,2026-08-01T15:06:23Z,2026-08-02T14:53:31Z,"[""gtbi-v7-framework-gate-prepared-30705120871-1"",""gtbi-v7-framework-gate-prepared-30705928654-1"",""gtbi-v7-framework-gate-prepared-30706684930-1""]",archive,historical_reference,gtbi_v7_new_reference_v1
gtbi-v{n}-framework-gate-recovery-wave-{n}-{n}-{n},8,31680,2026-08-01T15:09:53Z,2026-08-02T14:57:32Z,"[""gtbi-v7-framework-gate-recovery-wave-0-30705120871-1"",""gtbi-v7-framework-gate-recovery-wave-0-30705928654-1"",""gtbi-v7-framework-gate-recovery-wave-0-30706684930-1""]",archive,historical_reference,gtbi_v7_new_reference_v1
gtbi-v{n}-framework-gate-results,8,13873095,2026-08-01T15:13:38Z,2026-08-02T15:00:56Z,"[""gtbi-v7-framework-gate-results"",""gtbi-v7-framework-gate-results"",""gtbi-v7-framework-gate-results""]",archive,historical_reference,gtbi_v7_new_reference_v1
gtbi-v{n}-framework-gate-sealed-final-stage-{n}-{n},8,13771991,2026-08-01T15:12:49Z,2026-08-02T15:00:07Z,"[""gtbi-v7-framework-gate-sealed-final-stage-30705120871-1"",""gtbi-v7-framework-gate-sealed-final-stage-30705928654-1"",""gtbi-v7-framework-gate-sealed-final-stage-30706684930-1""]",archive,historical_reference,gtbi_v7_new_reference_v1
gtbi-v{n}-framework-gate-shard-g{n}-s{n}-a-{uuid},32,15582009,2026-08-01T15:09:10Z,2026-08-02T14:56:58Z,"[""gtbi-v7-framework-gate-shard-g000-s002-a-86a15f74-5a32-4fb6-bee4-84b1dbf7dffa"",""gtbi-v7-framework-gate-shard-g000-s000-a-b81c4577-a288-47fd-abcb-a4ca92973967"",""gtbi-v7-framework-gate-shard-g000-s003-a-0a0064fd-a790-429c-b1f8-aa0eb84a7691""]",archive,historical_reference,gtbi_v7_new_reference_v1
gtbi-v{n}-framework-gate-smoke-{n}-{n},8,2080,2026-08-01T15:07:29Z,2026-08-02T14:54:44Z,"[""gtbi-v7-framework-gate-smoke-30705120871-1"",""gtbi-v7-framework-gate-smoke-30705928654-1"",""gtbi-v7-framework-gate-smoke-30706684930-1""]",archive,historical_reference,gtbi_v7_new_reference_v1
gtbi-v{n}-framework-gate-timeline-{n}-{n},8,125384,2026-08-01T15:12:12Z,2026-08-02T14:59:35Z,"[""gtbi-v7-framework-gate-timeline-30705120871-1"",""gtbi-v7-framework-gate-timeline-30705928654-1"",""gtbi-v7-framework-gate-timeline-30706684930-1""]",archive,historical_reference,gtbi_v7_new_reference_v1
gtbi-v{n}-framework-gate-unsealed-final-stage-{n}-{n},8,13504110,2026-08-01T15:11:34Z,2026-08-02T14:59:04Z,"[""gtbi-v7-framework-gate-unsealed-final-stage-30705120871-1"",""gtbi-v7-framework-gate-unsealed-final-stage-30705928654-1"",""gtbi-v7-framework-gate-unsealed-final-stage-30706684930-1""]",archive,historical_reference,gtbi_v7_new_reference_v1
gtbi-v{n}-framework-gate-verified-stage-{n}-{n},8,13873095,2026-08-01T15:13:27Z,2026-08-02T15:00:46Z,"[""gtbi-v7-framework-gate-verified-stage-30705120871-1"",""gtbi-v7-framework-gate-verified-stage-30705928654-1"",""gtbi-v7-framework-gate-verified-stage-30706684930-1""]",archive,historical_reference,gtbi_v7_new_reference_v1
gtbi-v{n}-framework-gate-wheelhouse-{n}-{n},8,1803302810,2026-08-01T15:05:06Z,2026-08-02T14:52:25Z,"[""gtbi-v7-framework-gate-wheelhouse-30705120871-1"",""gtbi-v7-framework-gate-wheelhouse-30705928654-1"",""gtbi-v7-framework-gate-wheelhouse-30706684930-1""]",archive,historical_reference,gtbi_v7_new_reference_v1
gtbi-v{n}-merge-recovery-framework-gate-campaign-state-after-recovery-{n}-{n}-{n},2,8478,2026-08-02T16:12:59Z,2026-08-02T16:53:42Z,"[""gtbi-v7-merge-recovery-framework-gate-campaign-state-after-recovery-0-30755918301-1"",""gtbi-v7-merge-recovery-framework-gate-campaign-state-after-recovery-0-30757436940-1""]",archive,historical_reference,gtbi_v7_new_reference_v1
gtbi-v{n}-merge-recovery-framework-gate-campaign-state-initial-{n}-{n},2,5306,2026-08-02T16:12:25Z,2026-08-02T16:52:51Z,"[""gtbi-v7-merge-recovery-framework-gate-campaign-state-initial-30755918301-1"",""gtbi-v7-merge-recovery-framework-gate-campaign-state-initial-30757436940-1""]",archive,historical_reference,gtbi_v7_new_reference_v1
gtbi-v{n}-merge-recovery-framework-gate-campaign-state-merged-{n}-{n},2,10984,2026-08-02T16:14:27Z,2026-08-02T16:55:22Z,"[""gtbi-v7-merge-recovery-framework-gate-campaign-state-merged-30755918301-1"",""gtbi-v7-merge-recovery-framework-gate-campaign-state-merged-30757436940-1""]",archive,historical_reference,gtbi_v7_new_reference_v1
gtbi-v{n}-merge-recovery-framework-gate-campaign-state-verified-{n}-{n},2,16004,2026-08-02T16:16:33Z,2026-08-02T16:57:36Z,"[""gtbi-v7-merge-recovery-framework-gate-campaign-state-verified-30755918301-1"",""gtbi-v7-merge-recovery-framework-gate-campaign-state-verified-30757436940-1""]",archive,historical_reference,gtbi_v7_new_reference_v1
gtbi-v{n}-merge-recovery-framework-gate-contract-{n}-{n},2,13538,2026-08-02T16:09:54Z,2026-08-02T16:50:19Z,"[""gtbi-v7-merge-recovery-framework-gate-contract-30755918301-1"",""gtbi-v7-merge-recovery-framework-gate-contract-30757436940-1""]",archive,historical_reference,gtbi_v7_new_reference_v1
gtbi-v{n}-merge-recovery-framework-gate-environment-{n}-{n},2,2565,2026-08-02T16:08:41Z,2026-08-02T16:49:11Z,"[""gtbi-v7-merge-recovery-framework-gate-environment-30755918301-1"",""gtbi-v7-merge-recovery-framework-gate-environment-30757436940-1""]",archive,historical_reference,gtbi_v7_new_reference_v1
gtbi-v{n}-merge-recovery-framework-gate-pilot-{n}-{n},2,1561,2026-08-02T16:11:00Z,2026-08-02T16:51:28Z,"[""gtbi-v7-merge-recovery-framework-gate-pilot-30755918301-1"",""gtbi-v7-merge-recovery-framework-gate-pilot-30757436940-1""]",archive,historical_reference,gtbi_v7_new_reference_v1
gtbi-v{n}-merge-recovery-framework-gate-plan-{n}-{n},2,827212,2026-08-02T16:11:35Z,2026-08-02T16:52:12Z,"[""gtbi-v7-merge-recovery-framework-gate-plan-30755918301-1"",""gtbi-v7-merge-recovery-framework-gate-plan-30757436940-1""]",archive,historical_reference,gtbi_v7_new_reference_v1
gtbi-v{n}-merge-recovery-framework-gate-preflight-{n}-{n},2,532,2026-08-02T16:08:41Z,2026-08-02T16:49:10Z,"[""gtbi-v7-merge-recovery-framework-gate-preflight-30755918301-1"",""gtbi-v7-merge-recovery-framework-gate-preflight-30757436940-1""]",archive,historical_reference,gtbi_v7_new_reference_v1
gtbi-v{n}-merge-recovery-framework-gate-prepared-{n}-{n},2,227713,2026-08-02T16:09:17Z,2026-08-02T16:49:39Z,"[""gtbi-v7-merge-recovery-framework-gate-prepared-30755918301-1"",""gtbi-v7-merge-recovery-framework-gate-prepared-30757436940-1""]",archive,historical_reference,gtbi_v7_new_reference_v1
gtbi-v{n}-merge-recovery-framework-gate-recovery-wave-{n}-{n}-{n},2,8040,2026-08-02T16:12:58Z,2026-08-02T16:53:41Z,"[""gtbi-v7-merge-recovery-framework-gate-recovery-wave-0-30755918301-1"",""gtbi-v7-merge-recovery-framework-gate-recovery-wave-0-30757436940-1""]",archive,historical_reference,gtbi_v7_new_reference_v1
gtbi-v{n}-merge-recovery-framework-gate-results,2,3468822,2026-08-02T16:16:42Z,2026-08-02T16:57:47Z,"[""gtbi-v7-merge-recovery-framework-gate-results"",""gtbi-v7-merge-recovery-framework-gate-results""]",archive,historical_reference,gtbi_v7_new_reference_v1
gtbi-v{n}-merge-recovery-framework-gate-sealed-final-stage-{n}-{n},2,3443546,2026-08-02T16:15:49Z,2026-08-02T16:56:54Z,"[""gtbi-v7-merge-recovery-framework-gate-sealed-final-stage-30755918301-1"",""gtbi-v7-merge-recovery-framework-gate-sealed-final-stage-30757436940-1""]",archive,historical_reference,gtbi_v7_new_reference_v1
gtbi-v{n}-merge-recovery-framework-gate-shard-g{n}-s{n}-a-{uuid},8,3896292,2026-08-02T16:12:07Z,2026-08-02T16:53:03Z,"[""gtbi-v7-merge-recovery-framework-gate-shard-g000-s000-a-e183efaf-d843-497e-bb85-f7ce8d23387e"",""gtbi-v7-merge-recovery-framework-gate-shard-g000-s002-a-fe0be4d8-955a-4b34-b086-2af9ad0b67f6"",""gtbi-v7-merge-recovery-framework-gate-shard-g000-s001-a-d0195256-6f22-456c-ad20-daf644711504""]",archive,historical_reference,gtbi_v7_new_reference_v1
gtbi-v{n}-merge-recovery-framework-gate-smoke-{n}-{n},2,520,2026-08-02T16:10:31Z,2026-08-02T16:51:01Z,"[""gtbi-v7-merge-recovery-framework-gate-smoke-30755918301-1"",""gtbi-v7-merge-recovery-framework-gate-smoke-30757436940-1""]",archive,historical_reference,gtbi_v7_new_reference_v1
gtbi-v{n}-merge-recovery-framework-gate-timeline-{n}-{n},2,31224,2026-08-02T16:15:02Z,2026-08-02T16:56:06Z,"[""gtbi-v7-merge-recovery-framework-gate-timeline-30755918301-1"",""gtbi-v7-merge-recovery-framework-gate-timeline-30757436940-1""]",archive,historical_reference,gtbi_v7_new_reference_v1
gtbi-v{n}-merge-recovery-framework-gate-unsealed-final-stage-{n}-{n},2,3376699,2026-08-02T16:14:28Z,2026-08-02T16:55:23Z,"[""gtbi-v7-merge-recovery-framework-gate-unsealed-final-stage-30755918301-1"",""gtbi-v7-merge-recovery-framework-gate-unsealed-final-stage-30757436940-1""]",archive,historical_reference,gtbi_v7_new_reference_v1
gtbi-v{n}-merge-recovery-framework-gate-verified-stage-{n}-{n},2,3468822,2026-08-02T16:16:34Z,2026-08-02T16:57:37Z,"[""gtbi-v7-merge-recovery-framework-gate-verified-stage-30755918301-1"",""gtbi-v7-merge-recovery-framework-gate-verified-stage-30757436940-1""]",archive,historical_reference,gtbi_v7_new_reference_v1
gtbi-v{n}-merge-recovery-framework-gate-wheelhouse-{n}-{n},2,450847856,2026-08-02T16:08:04Z,2026-08-02T16:48:27Z,"[""gtbi-v7-merge-recovery-framework-gate-wheelhouse-30755918301-1"",""gtbi-v7-merge-recovery-framework-gate-wheelhouse-30757436940-1""]",archive,historical_reference,gtbi_v7_new_reference_v1
gtbi-v{n}-new-reference-benchmark-{n},2,2097,2026-08-01T18:21:07Z,2026-08-02T15:15:58Z,"[""gtbi-v7-new-reference-benchmark-30711888288"",""gtbi-v7-new-reference-benchmark-30753537622""]",keep,canonical_scientific,gtbi-v{n}-new-reference-benchmark-{n}
gtbi-v{n}-new-reference-historical-data-{n},7,1143771356,2026-08-01T15:38:44Z,2026-08-02T15:03:18Z,"[""gtbi-v7-new-reference-historical-data-30705928654"",""gtbi-v7-new-reference-historical-data-30706684930"",""gtbi-v7-new-reference-historical-data-30707832824""]",keep,canonical_scientific,gtbi-v{n}-new-reference-historical-data-{n}
gtbi-v{n}-new-reference-historical-results,1,882513733,2026-08-02T17:01:58Z,2026-08-02T17:01:58Z,"[""gtbi-v7-new-reference-historical-results""]",keep,canonical_scientific,gtbi-v{n}-new-reference-historical-results
gtbi-v{n}-new-reference-plan-{n},7,30087309,2026-08-01T15:38:46Z,2026-08-02T15:03:21Z,"[""gtbi-v7-new-reference-plan-30705928654"",""gtbi-v7-new-reference-plan-30706684930"",""gtbi-v7-new-reference-plan-30707832824""]",keep,canonical_scientific,gtbi-v{n}-new-reference-plan-{n}
gtbi-v{n}-new-reference-preservation-{n},1,770,2026-08-02T17:04:29Z,2026-08-02T17:04:29Z,"[""gtbi-v7-new-reference-preservation-30757436940""]",keep,canonical_scientific,gtbi-v{n}-new-reference-preservation-{n}
gtbi-v{n}-new-reference-smoke-{n},1,695,2026-08-02T15:25:09Z,2026-08-02T15:25:09Z,"[""gtbi-v7-new-reference-smoke-30753988100""]",keep,canonical_scientific,gtbi-v{n}-new-reference-smoke-{n}
gtbi-v{n}-plan-{n},2,9230460,2026-07-11T17:05:12Z,2026-07-11T17:33:19Z,"[""gtbi-v6-plan-29160915719"",""gtbi-v6-plan-29161769368""]",archive,historical_reference,gtbi_v7_new_reference_v1
gtbi-v{n}-preservation-lease-{n},1,1962214355,2026-07-29T14:58:48Z,2026-07-29T14:58:48Z,"[""gtbi-v6-preservation-lease-30463490346""]",archive,historical_reference,gtbi_v7_new_reference_v1
gtbi-v{n}-runner-{n}-{n},90,846267896,2026-08-02T15:29:56Z,2026-08-02T15:32:35Z,"[""gtbi-v7-runner-052-30754340279"",""gtbi-v7-runner-087-30754340279"",""gtbi-v7-runner-018-30754340279""]",archive,historical_reference,gtbi_v7_new_reference_v1
gtbi-v{n}-smoke-worker-{n}-{n},200,464732747,2026-08-01T18:24:05Z,2026-08-02T15:20:46Z,"[""gtbi-v7-smoke-worker-069-30712357499"",""gtbi-v7-smoke-worker-052-30712357499"",""gtbi-v7-smoke-worker-023-30712357499""]",archive,historical_reference,gtbi_v7_new_reference_v1
gtbi-v{n}-state-controller-g{n}-github-actions-envelope-v{n}-{n},1,1063,2026-08-01T10:26:30Z,2026-08-01T10:26:30Z,"[""gtbi-v7-state-controller-g2-github-actions-envelope-v1-30695705582""]",archive,historical_reference,gtbi_v7_new_reference_v1
gtbi-v{n}-state-controller-g{n}-owner-close-v{n}-{n},1,1175,2026-07-30T15:55:21Z,2026-07-30T15:55:21Z,"[""gtbi-v7-state-controller-g0-owner-close-v1-30559028377""]",archive,historical_reference,gtbi_v7_new_reference_v1
gtbi-v{n}-state-controller-g{n}-provider-terms-acceptance-v{n}-{n},2,2078,2026-08-01T06:41:27Z,2026-08-01T06:41:52Z,"[""gtbi-v7-state-controller-g2-provider-terms-acceptance-v1-30688217956"",""gtbi-v7-state-controller-g2-provider-terms-acceptance-v1-30688229265""]",archive,historical_reference,gtbi_v7_new_reference_v1
gtbi-v{n}-state-controller-g{n}-reproducibility-classification-v{n}-{n},2,2090,2026-07-31T18:14:17Z,2026-07-31T18:14:46Z,"[""gtbi-v7-state-controller-g2-reproducibility-classification-v1-30654344478"",""gtbi-v7-state-controller-g2-reproducibility-classification-v1-30654371157""]",archive,historical_reference,gtbi_v7_new_reference_v1
gtbi-v{n}-state-controller-g{n}-retention-policy-v{n}-{n},2,2072,2026-07-31T19:00:14Z,2026-07-31T19:00:48Z,"[""gtbi-v7-state-controller-g2-retention-policy-v1-30657389197"",""gtbi-v7-state-controller-g2-retention-policy-v1-30657437294""]",archive,historical_reference,gtbi_v7_new_reference_v1
gtbi-v{n}-state-controller-g{n}-scientific-asset-contract-v{n}-{n},1,1041,2026-08-01T09:26:37Z,2026-08-01T09:26:37Z,"[""gtbi-v7-state-controller-g2-scientific-asset-contract-v1-30693745720""]",archive,historical_reference,gtbi_v7_new_reference_v1
gtbi-v{n}-state-controller-g{n}-v{n}-input-identity-no-baseline-v{n}-{n},1,1075,2026-08-01T11:11:27Z,2026-08-01T11:11:27Z,"[""gtbi-v7-state-controller-g2-v6-input-identity-no-baseline-v1-30697197635""]",archive,historical_reference,gtbi_v7_new_reference_v1
gtbi-v{n}-state-controller-g{n}-v{n}-production-promotion-restore-v{n}-{n},1,1053,2026-08-01T10:13:42Z,2026-08-01T10:13:42Z,"[""gtbi-v7-state-controller-g2-v6-production-promotion-restore-v1-30695288489""]",archive,historical_reference,gtbi_v7_new_reference_v1
gtbi-v{n}-state-controller-g{n}a-identity-close-v{n}-{n},1,1067,2026-07-30T17:49:13Z,2026-07-30T17:49:13Z,"[""gtbi-v7-state-controller-g1a-identity-close-v1-30567649344""]",archive,historical_reference,gtbi_v7_new_reference_v1
gtbi-v{n}-state-controller-g{n}a-minimum-governance-close-v{n}-{n},4,4222,2026-07-31T12:17:18Z,2026-07-31T12:44:50Z,"[""gtbi-v7-state-controller-g3a-minimum-governance-close-v1-30630043634"",""gtbi-v7-state-controller-g3a-minimum-governance-close-v1-30630073918"",""gtbi-v7-state-controller-g3a-minimum-governance-close-v1-30631697514""]",archive,historical_reference,gtbi_v7_new_reference_v1
gtbi-v{n}-state-controller-g{n}a-owner-auth-close-v{n}-{n},2,2180,2026-07-31T13:58:02Z,2026-07-31T13:59:02Z,"[""gtbi-v7-state-controller-g3a-owner-auth-close-v1-30636580504"",""gtbi-v7-state-controller-g3a-owner-auth-close-v1-30636646934""]",archive,historical_reference,gtbi_v7_new_reference_v1
gtbi-v{n}-state-controller-g{n}b-codeowners-owner-v{n}-{n},2,2082,2026-07-31T15:08:35Z,2026-07-31T15:09:25Z,"[""gtbi-v7-state-controller-g3b-codeowners-owner-v1-30641587455"",""gtbi-v7-state-controller-g3b-codeowners-owner-v1-30641650036""]",archive,historical_reference,gtbi_v7_new_reference_v1
gtbi-v{n}-state-controller-g{n}b-preservation-owner-v{n}-{n},2,2084,2026-07-31T17:21:51Z,2026-07-31T17:22:30Z,"[""gtbi-v7-state-controller-g3b-preservation-owner-v1-30650853348"",""gtbi-v7-state-controller-g3b-preservation-owner-v1-30650893319""]",archive,historical_reference,gtbi_v7_new_reference_v1
gtbi-v{n}-state-controller-g{n}b-role-registry-close-v{n}-{n},2,2106,2026-07-30T18:52:32Z,2026-07-30T19:37:49Z,"[""gtbi-v7-state-controller-g1b-role-registry-close-v1-30572324480"",""gtbi-v7-state-controller-g1b-role-registry-close-v1-30575638419""]",archive,historical_reference,gtbi_v7_new_reference_v1
gtbi-v{n}-state-controller-g{n}b-stage-two-owner-v{n}-{n},2,2080,2026-07-31T16:38:04Z,2026-07-31T16:39:00Z,"[""gtbi-v7-state-controller-g3b-stage-two-owner-v1-30647891499"",""gtbi-v7-state-controller-g3b-stage-two-owner-v1-30647948043""]",archive,historical_reference,gtbi_v7_new_reference_v1
gtbi-v{n}-state-controller-state-controller-smoke-v{n}-{n},1,1034,2026-07-30T15:22:03Z,2026-07-30T15:22:03Z,"[""gtbi-v7-state-controller-state-controller-smoke-v1-30556296057""]",archive,historical_reference,gtbi_v7_new_reference_v1
gtbi-v{n}-worker-{n}-attempt-{n}-run-{n},460,2460762411,2026-07-11T17:10:13Z,2026-07-11T17:43:22Z,"[""gtbi-v6-worker-52-attempt-0-run-29160915719"",""gtbi-v6-worker-69-attempt-0-run-29160915719"",""gtbi-v6-worker-19-attempt-0-run-29160915719""]",archive,historical_reference,gtbi_v7_new_reference_v1
literature-campaign-data-sp{n}_down_alpha_{n}_real_{n}_v{n},1,12657409,2026-06-02T18:07:28Z,2026-06-02T18:07:28Z,"[""literature-campaign-data-sp500_down_alpha_20_real_1995_v1""]",archive,historical_reference,none
literature-campaign-data-sp{n}_down_papers_curated_precision_v{n},1,12657127,2026-06-05T19:36:40Z,2026-06-05T19:36:40Z,"[""literature-campaign-data-sp500_down_papers_curated_precision_v2""]",archive,historical_reference,none
literature-campaign-data-sp{n}_down_papers_curated_precision_v{n}_{n}x,1,12656239,2026-06-05T19:47:49Z,2026-06-05T19:47:49Z,"[""literature-campaign-data-sp500_down_papers_curated_precision_v3_1x""]",archive,historical_reference,none
literature-campaign-data-sp{n}_down_papers_curated_v{n},3,37970812,2026-06-05T18:38:50Z,2026-06-05T19:24:10Z,"[""literature-campaign-data-sp500_down_papers_curated_v1"",""literature-campaign-data-sp500_down_papers_curated_v1"",""literature-campaign-data-sp500_down_papers_curated_v1""]",archive,historical_reference,none
literature-campaign-prepare-sp{n}_down_alpha_{n}_real_{n}_v{n},1,20303801,2026-06-02T18:03:55Z,2026-06-02T18:03:55Z,"[""literature-campaign-prepare-sp500_down_alpha_20_real_1995_v1""]",archive,historical_reference,none
literature-campaign-prepare-sp{n}_down_papers_curated_precision_v{n},1,44613,2026-06-05T19:33:17Z,2026-06-05T19:33:17Z,"[""literature-campaign-prepare-sp500_down_papers_curated_precision_v2""]",archive,historical_reference,none
literature-campaign-prepare-sp{n}_down_papers_curated_precision_v{n}_{n}x,1,44624,2026-06-05T19:44:34Z,2026-06-05T19:44:34Z,"[""literature-campaign-prepare-sp500_down_papers_curated_precision_v3_1x""]",archive,historical_reference,none
literature-campaign-prepare-sp{n}_down_papers_curated_v{n},3,133830,2026-06-05T18:35:25Z,2026-06-05T19:20:36Z,"[""literature-campaign-prepare-sp500_down_papers_curated_v1"",""literature-campaign-prepare-sp500_down_papers_curated_v1"",""literature-campaign-prepare-sp500_down_papers_curated_v1""]",archive,historical_reference,none
literature-campaign-sp{n}_down_alpha_{n}_real_{n}_v{n}-chunk-{n},180,12933337,2026-06-02T18:08:24Z,2026-06-02T18:08:59Z,"[""literature-campaign-sp500_down_alpha_20_real_1995_v1-chunk-32"",""literature-campaign-sp500_down_alpha_20_real_1995_v1-chunk-157"",""literature-campaign-sp500_down_alpha_20_real_1995_v1-chunk-43""]",archive,historical_reference,none
literature-campaign-sp{n}_down_papers_curated_precision_v{n}-chunk-{n},355,1013146,2026-06-05T19:37:34Z,2026-06-05T19:37:59Z,"[""literature-campaign-sp500_down_papers_curated_precision_v2-chunk-237"",""literature-campaign-sp500_down_papers_curated_precision_v2-chunk-61"",""literature-campaign-sp500_down_papers_curated_precision_v2-chunk-278""]",archive,historical_reference,none
literature-campaign-sp{n}_down_papers_curated_precision_v{n}-results,1,447403,2026-06-05T19:39:06Z,2026-06-05T19:39:06Z,"[""literature-campaign-sp500_down_papers_curated_precision_v2-results""]",archive,historical_reference,none
literature-campaign-sp{n}_down_papers_curated_precision_v{n}_{n}x-chunk-{n},355,1012733,2026-06-05T19:48:41Z,2026-06-05T19:49:11Z,"[""literature-campaign-sp500_down_papers_curated_precision_v3_1x-chunk-195"",""literature-campaign-sp500_down_papers_curated_precision_v3_1x-chunk-304"",""literature-campaign-sp500_down_papers_curated_precision_v3_1x-chunk-77""]",archive,historical_reference,none
literature-campaign-sp{n}_down_papers_curated_precision_v{n}_{n}x-results,1,441924,2026-06-05T19:50:16Z,2026-06-05T19:50:16Z,"[""literature-campaign-sp500_down_papers_curated_precision_v3_1x-results""]",archive,historical_reference,none
literature-campaign-sp{n}_down_papers_curated_v{n}-chunk-{n},1065,3249747,2026-06-05T18:39:43Z,2026-06-05T19:25:30Z,"[""literature-campaign-sp500_down_papers_curated_v1-chunk-234"",""literature-campaign-sp500_down_papers_curated_v1-chunk-12"",""literature-campaign-sp500_down_papers_curated_v1-chunk-193""]",archive,historical_reference,none
literature-campaign-sp{n}_down_papers_curated_v{n}-results,2,1064228,2026-06-05T19:13:48Z,2026-06-05T19:26:36Z,"[""literature-campaign-sp500_down_papers_curated_v1-results"",""literature-campaign-sp500_down_papers_curated_v1-results""]",archive,historical_reference,none
literature-pdf-manifest-{n},5,16834350,2026-06-01T15:43:51Z,2026-06-01T17:18:16Z,"[""literature-pdf-manifest-29855"",""literature-pdf-manifest-29855"",""literature-pdf-manifest-29855""]",archive,historical_reference,none
literature-pdf-text-chunk-{n},842,1400377867,2026-06-01T15:52:24Z,2026-06-01T18:00:42Z,"[""literature-pdf-text-chunk-151"",""literature-pdf-text-chunk-124"",""literature-pdf-text-chunk-20""]",archive,historical_reference,none
literature-pdf-text-extract-{n}-results,3,1315361209,2026-06-01T18:02:48Z,2026-06-01T18:54:23Z,"[""literature-pdf-text-extract-29855-results"",""literature-pdf-text-extract-29855-results"",""literature-pdf-text-extract-29855-results""]",archive,historical_reference,none
literature-sharpe{n}-paper-variants-chunk-{n},720,30971776,2026-06-07T14:43:28Z,2026-06-07T14:57:00Z,"[""literature-sharpe2-paper-variants-chunk-252"",""literature-sharpe2-paper-variants-chunk-307"",""literature-sharpe2-paper-variants-chunk-235""]",archive,historical_reference,none
literature-sharpe{n}-paper-variants-data,2,25315037,2026-06-07T14:42:32Z,2026-06-07T14:55:29Z,"[""literature-sharpe2-paper-variants-data"",""literature-sharpe2-paper-variants-data""]",archive,historical_reference,none
literature-sharpe{n}-paper-variants-prepare,2,5425736,2026-06-07T14:38:29Z,2026-06-07T14:52:31Z,"[""literature-sharpe2-paper-variants-prepare"",""literature-sharpe2-paper-variants-prepare""]",archive,historical_reference,none
literature-sharpe{n}-paper-variants-results,2,87113322,2026-06-07T14:46:08Z,2026-06-07T14:58:26Z,"[""literature-sharpe2-paper-variants-results"",""literature-sharpe2-paper-variants-results""]",archive,historical_reference,none
literature-strategy-backtest-{n}-chunk-{n},180,2398990,2026-06-02T05:14:25Z,2026-06-02T05:14:55Z,"[""literature-strategy-backtest-9419-chunk-7"",""literature-strategy-backtest-9419-chunk-35"",""literature-strategy-backtest-9419-chunk-112""]",archive,historical_reference,none
literature-strategy-backtest-{n}-data,2,25313848,2026-06-01T20:22:42Z,2026-06-02T05:13:35Z,"[""literature-strategy-backtest-9419-data"",""literature-strategy-backtest-9419-data""]",archive,historical_reference,none
literature-strategy-backtest-{n}-{n}h-results,1,4552251,2026-06-02T05:15:48Z,2026-06-02T05:15:48Z,"[""literature-strategy-backtest-9419-9h-results""]",archive,historical_reference,none
literature-strategy-idea-discovery,3,4645393752,2026-05-29T13:55:12Z,2026-05-29T18:00:19Z,"[""literature-strategy-idea-discovery"",""literature-strategy-idea-discovery"",""literature-strategy-idea-discovery""]",archive,historical_reference,none
minervini-sepa-marketcap{n}b-daily-screener-results,1,142892,2026-06-20T17:47:02Z,2026-06-20T17:47:02Z,"[""minervini-sepa-marketcap2b-daily-screener-results""]",archive,historical_reference,none
minervini-sepa-usa-europe-{n}m-daily-screener-results,1,1538365,2026-06-30T18:06:28Z,2026-06-30T18:06:28Z,"[""minervini-sepa-usa-europe-50m-daily-screener-results""]",archive,historical_reference,none
minervini-sepa-{n}m-at,2,109352,2026-06-20T18:30:18Z,2026-06-30T17:50:59Z,"[""minervini-sepa-50m-at"",""minervini-sepa-50m-at""]",archive,historical_reference,none
minervini-sepa-{n}m-be,2,14831,2026-06-20T18:28:52Z,2026-06-30T17:49:53Z,"[""minervini-sepa-50m-be"",""minervini-sepa-50m-be""]",archive,historical_reference,none
minervini-sepa-{n}m-ch,2,30053,2026-06-20T18:29:01Z,2026-06-30T17:50:07Z,"[""minervini-sepa-50m-ch"",""minervini-sepa-50m-ch""]",archive,historical_reference,none
minervini-sepa-{n}m-de,2,1044662,2026-06-20T18:43:13Z,2026-06-30T18:03:34Z,"[""minervini-sepa-50m-de"",""minervini-sepa-50m-de""]",archive,historical_reference,none
minervini-sepa-{n}m-dk,2,19056,2026-06-20T18:28:57Z,2026-06-30T17:49:53Z,"[""minervini-sepa-50m-dk"",""minervini-sepa-50m-dk""]",archive,historical_reference,none
minervini-sepa-{n}m-es,2,25317,2026-06-20T18:29:02Z,2026-06-30T17:49:54Z,"[""minervini-sepa-50m-es"",""minervini-sepa-50m-es""]",archive,historical_reference,none
minervini-sepa-{n}m-fi,2,19144,2026-06-20T18:28:59Z,2026-06-30T17:49:50Z,"[""minervini-sepa-50m-fi"",""minervini-sepa-50m-fi""]",archive,historical_reference,none
minervini-sepa-{n}m-fr,2,47068,2026-06-20T18:29:16Z,2026-06-30T17:50:17Z,"[""minervini-sepa-50m-fr"",""minervini-sepa-50m-fr""]",archive,historical_reference,none
minervini-sepa-{n}m-gb,2,347054,2026-06-20T18:33:03Z,2026-06-30T17:54:56Z,"[""minervini-sepa-50m-gb"",""minervini-sepa-50m-gb""]",archive,historical_reference,none
minervini-sepa-{n}m-ie,2,5984,2026-06-20T18:28:46Z,2026-06-30T17:49:42Z,"[""minervini-sepa-50m-ie"",""minervini-sepa-50m-ie""]",archive,historical_reference,none
minervini-sepa-{n}m-it,2,89213,2026-06-20T18:29:48Z,2026-06-30T17:51:06Z,"[""minervini-sepa-50m-it"",""minervini-sepa-50m-it""]",archive,historical_reference,none
minervini-sepa-{n}m-nl,2,14540,2026-06-20T18:28:54Z,2026-06-30T17:49:48Z,"[""minervini-sepa-50m-nl"",""minervini-sepa-50m-nl""]",archive,historical_reference,none
minervini-sepa-{n}m-no,2,36014,2026-06-20T18:29:06Z,2026-06-30T17:50:07Z,"[""minervini-sepa-50m-no"",""minervini-sepa-50m-no""]",archive,historical_reference,none
minervini-sepa-{n}m-pl,2,41919,2026-06-20T18:29:16Z,2026-06-30T17:50:04Z,"[""minervini-sepa-50m-pl"",""minervini-sepa-50m-pl""]",archive,historical_reference,none
minervini-sepa-{n}m-pt,2,7689,2026-06-20T18:28:46Z,2026-06-30T17:49:45Z,"[""minervini-sepa-50m-pt"",""minervini-sepa-50m-pt""]",archive,historical_reference,none
minervini-sepa-{n}m-se,2,86537,2026-06-20T18:29:44Z,2026-06-30T17:50:56Z,"[""minervini-sepa-50m-se"",""minervini-sepa-50m-se""]",archive,historical_reference,none
minervini-sepa-{n}m-us,2,1120660,2026-06-20T18:48:03Z,2026-06-30T18:05:29Z,"[""minervini-sepa-50m-us"",""minervini-sepa-50m-us""]",archive,historical_reference,none
mypy-debt-report,224,1226418,2026-07-30T05:36:29Z,2026-08-02T19:30:23Z,"[""mypy-debt-report"",""mypy-debt-report"",""mypy-debt-report""]",archive,historical_reference,none
nightly-guard-{n},33,9519,2026-06-08T20:12:21Z,2026-06-10T01:32:03Z,"[""nightly-guard-0"",""nightly-guard-0"",""nightly-guard-0""]",archive,historical_reference,none
nightly-prepared-data,1,5383623,2026-06-09T19:41:57Z,2026-06-09T19:41:57Z,"[""nightly-prepared-data""]",archive,historical_reference,none
nightly-round-final-{n},22,151994824,2026-06-08T20:10:59Z,2026-06-10T01:40:20Z,"[""nightly-round-final-0"",""nightly-round-final-0"",""nightly-round-final-0""]",archive,historical_reference,none
nightly-r{n}-stage-{n},5400,560600115,2026-06-09T20:06:44Z,2026-06-10T01:33:48Z,"[""nightly-r0-stage-240"",""nightly-r0-stage-215"",""nightly-r0-stage-184""]",archive,historical_reference,none
openap-current-framework-contract-campaign-state-after-recovery-{n}-{n}-{n},6,23610,2026-08-01T17:46:55Z,2026-08-02T14:48:09Z,"[""openap-current-framework-contract-campaign-state-after-recovery-0-30710851407-1"",""openap-current-framework-contract-campaign-state-after-recovery-0-30711514246-1"",""openap-current-framework-contract-campaign-state-after-recovery-0-30713198479-1""]",archive,historical_reference,none
openap-current-framework-contract-campaign-state-initial-{n}-{n},6,15918,2026-08-01T17:45:57Z,2026-08-02T14:47:29Z,"[""openap-current-framework-contract-campaign-state-initial-30710851407-1"",""openap-current-framework-contract-campaign-state-initial-30711514246-1"",""openap-current-framework-contract-campaign-state-initial-30713198479-1""]",archive,historical_reference,none
openap-current-framework-contract-campaign-state-merged-{n}-{n},6,31128,2026-08-01T17:48:19Z,2026-08-02T14:49:37Z,"[""openap-current-framework-contract-campaign-state-merged-30710851407-1"",""openap-current-framework-contract-campaign-state-merged-30711514246-1"",""openap-current-framework-contract-campaign-state-merged-30713198479-1""]",archive,historical_reference,none
openap-current-framework-contract-campaign-state-verified-{n}-{n},6,46188,2026-08-01T17:50:14Z,2026-08-02T14:51:41Z,"[""openap-current-framework-contract-campaign-state-verified-30710851407-1"",""openap-current-framework-contract-campaign-state-verified-30711514246-1"",""openap-current-framework-contract-campaign-state-verified-30713198479-1""]",archive,historical_reference,none
openap-current-framework-contract-contract-{n}-{n},6,40600,2026-08-01T17:43:35Z,2026-08-02T14:44:55Z,"[""openap-current-framework-contract-contract-30710851407-1"",""openap-current-framework-contract-contract-30711514246-1"",""openap-current-framework-contract-contract-30713198479-1""]",archive,historical_reference,none
openap-current-framework-contract-environment-{n}-{n},6,7689,2026-08-01T17:42:00Z,2026-08-02T14:43:47Z,"[""openap-current-framework-contract-environment-30710851407-1"",""openap-current-framework-contract-environment-30711514246-1"",""openap-current-framework-contract-environment-30713198479-1""]",archive,historical_reference,none
openap-current-framework-contract-pilot-{n}-{n},6,4657,2026-08-01T17:44:50Z,2026-08-02T14:46:03Z,"[""openap-current-framework-contract-pilot-30710851407-1"",""openap-current-framework-contract-pilot-30711514246-1"",""openap-current-framework-contract-pilot-30713198479-1""]",archive,historical_reference,none
openap-current-framework-contract-plan-{n}-{n},6,2403634,2026-08-01T17:45:25Z,2026-08-02T14:46:49Z,"[""openap-current-framework-contract-plan-30710851407-1"",""openap-current-framework-contract-plan-30711514246-1"",""openap-current-framework-contract-plan-30713198479-1""]",archive,historical_reference,none
openap-current-framework-contract-preflight-{n}-{n},6,1596,2026-08-01T17:41:59Z,2026-08-02T14:43:46Z,"[""openap-current-framework-contract-preflight-30710851407-1"",""openap-current-framework-contract-preflight-30711514246-1"",""openap-current-framework-contract-preflight-30713198479-1""]",archive,historical_reference,none
openap-current-framework-contract-prepared-{n}-{n},6,683125,2026-08-01T17:42:50Z,2026-08-02T14:44:18Z,"[""openap-current-framework-contract-prepared-30710851407-1"",""openap-current-framework-contract-prepared-30711514246-1"",""openap-current-framework-contract-prepared-30713198479-1""]",archive,historical_reference,none
openap-current-framework-contract-recovery-wave-{n}-{n}-{n},6,22296,2026-08-01T17:46:54Z,2026-08-02T14:48:09Z,"[""openap-current-framework-contract-recovery-wave-0-30710851407-1"",""openap-current-framework-contract-recovery-wave-0-30711514246-1"",""openap-current-framework-contract-recovery-wave-0-30713198479-1""]",archive,historical_reference,none
openap-current-framework-contract-results,6,10368645,2026-08-01T17:50:28Z,2026-08-02T14:52:02Z,"[""openap-current-framework-contract-results"",""openap-current-framework-contract-results"",""openap-current-framework-contract-results""]",archive,historical_reference,none
openap-current-framework-contract-sealed-final-stage-{n}-{n},6,10292817,2026-08-01T17:49:29Z,2026-08-02T14:50:51Z,"[""openap-current-framework-contract-sealed-final-stage-30710851407-1"",""openap-current-framework-contract-sealed-final-stage-30711514246-1"",""openap-current-framework-contract-sealed-final-stage-30713198479-1""]",archive,historical_reference,none
openap-current-framework-contract-shard-g{n}-s{n}-a-{uuid},6,8671993,2026-08-01T17:46:19Z,2026-08-02T14:47:38Z,"[""openap-current-framework-contract-shard-g000-s000-a-2b0d766f-37d6-4a32-894e-54bb78760336"",""openap-current-framework-contract-shard-g000-s000-a-88247384-a70e-46c9-a6f2-da3b12fcc5ed"",""openap-current-framework-contract-shard-g000-s000-a-d78d13c9-b0e2-4360-812d-ff8b71ec611c""]",archive,historical_reference,none
openap-current-framework-contract-smoke-{n}-{n},6,1560,2026-08-01T17:44:14Z,2026-08-02T14:45:29Z,"[""openap-current-framework-contract-smoke-30710851407-1"",""openap-current-framework-contract-smoke-30711514246-1"",""openap-current-framework-contract-smoke-30713198479-1""]",archive,historical_reference,none
openap-current-framework-contract-timeline-{n}-{n},6,87392,2026-08-01T17:48:55Z,2026-08-02T14:50:07Z,"[""openap-current-framework-contract-timeline-30710851407-1"",""openap-current-framework-contract-timeline-30711514246-1"",""openap-current-framework-contract-timeline-30713198479-1""]",archive,historical_reference,none
openap-current-framework-contract-unsealed-final-stage-{n}-{n},6,10098562,2026-08-01T17:48:20Z,2026-08-02T14:49:38Z,"[""openap-current-framework-contract-unsealed-final-stage-30710851407-1"",""openap-current-framework-contract-unsealed-final-stage-30711514246-1"",""openap-current-framework-contract-unsealed-final-stage-30713198479-1""]",archive,historical_reference,none
openap-current-framework-contract-verified-stage-{n}-{n},6,10368645,2026-08-01T17:50:15Z,2026-08-02T14:51:43Z,"[""openap-current-framework-contract-verified-stage-30710851407-1"",""openap-current-framework-contract-verified-stage-30711514246-1"",""openap-current-framework-contract-verified-stage-30713198479-1""]",archive,historical_reference,none
openap-current-framework-contract-wheelhouse-{n}-{n},6,1352522144,2026-08-01T17:41:22Z,2026-08-02T14:43:08Z,"[""openap-current-framework-contract-wheelhouse-30710851407-1"",""openap-current-framework-contract-wheelhouse-30711514246-1"",""openap-current-framework-contract-wheelhouse-30713198479-1""]",archive,historical_reference,none
openap-prepare,5,3044264,2026-08-01T18:10:42Z,2026-08-02T14:53:56Z,"[""openap-prepare"",""openap-prepare"",""openap-prepare""]",archive,historical_reference,none
openap-sec-lake-{n},152,412130991,2026-08-01T19:25:41Z,2026-08-02T17:24:26Z,"[""openap-sec-lake-0"",""openap-sec-lake-1"",""openap-sec-lake-5""]",archive,historical_reference,none
openap-sec-raw-{n},152,3408063825,2026-08-01T19:25:44Z,2026-08-02T17:24:27Z,"[""openap-sec-raw-0"",""openap-sec-raw-1"",""openap-sec-raw-5""]",archive,historical_reference,none
openap-sec-repair-lake-{n},4,12793586,2026-08-02T11:05:42Z,2026-08-02T12:50:28Z,"[""openap-sec-repair-lake-7"",""openap-sec-repair-lake-23"",""openap-sec-repair-lake-23""]",archive,historical_reference,none
openap-sec-repair-raw-{n},4,102089974,2026-08-02T11:05:43Z,2026-08-02T12:50:30Z,"[""openap-sec-repair-raw-7"",""openap-sec-repair-raw-23"",""openap-sec-repair-raw-23""]",archive,historical_reference,none
openap-sec-shard-repair-framework-contract-campaign-state-after-recovery-{n}-{n}-{n},3,11832,2026-08-02T10:34:56Z,2026-08-02T18:08:10Z,"[""openap-sec-shard-repair-framework-contract-campaign-state-after-recovery-0-30743830116-1"",""openap-sec-shard-repair-framework-contract-campaign-state-after-recovery-0-30747362913-1"",""openap-sec-shard-repair-framework-contract-campaign-state-after-recovery-0-30760228865-1""]",archive,historical_reference,none
openap-sec-shard-repair-framework-contract-campaign-state-initial-{n}-{n},3,7959,2026-08-02T10:34:18Z,2026-08-02T18:07:34Z,"[""openap-sec-shard-repair-framework-contract-campaign-state-initial-30743830116-1"",""openap-sec-shard-repair-framework-contract-campaign-state-initial-30747362913-1"",""openap-sec-shard-repair-framework-contract-campaign-state-initial-30760228865-1""]",archive,historical_reference,none
openap-sec-shard-repair-framework-contract-campaign-state-merged-{n}-{n},3,15591,2026-08-02T10:36:30Z,2026-08-02T18:09:49Z,"[""openap-sec-shard-repair-framework-contract-campaign-state-merged-30743830116-1"",""openap-sec-shard-repair-framework-contract-campaign-state-merged-30747362913-1"",""openap-sec-shard-repair-framework-contract-campaign-state-merged-30760228865-1""]",archive,historical_reference,none
openap-sec-shard-repair-framework-contract-campaign-state-verified-{n}-{n},3,23121,2026-08-02T10:38:39Z,2026-08-02T18:11:52Z,"[""openap-sec-shard-repair-framework-contract-campaign-state-verified-30743830116-1"",""openap-sec-shard-repair-framework-contract-campaign-state-verified-30747362913-1"",""openap-sec-shard-repair-framework-contract-campaign-state-verified-30760228865-1""]",archive,historical_reference,none
openap-sec-shard-repair-framework-contract-contract-{n}-{n},3,20300,2026-08-02T10:31:29Z,2026-08-02T18:05:14Z,"[""openap-sec-shard-repair-framework-contract-contract-30743830116-1"",""openap-sec-shard-repair-framework-contract-contract-30747362913-1"",""openap-sec-shard-repair-framework-contract-contract-30760228865-1""]",archive,historical_reference,none
openap-sec-shard-repair-framework-contract-environment-{n}-{n},3,3848,2026-08-02T10:30:16Z,2026-08-02T18:03:49Z,"[""openap-sec-shard-repair-framework-contract-environment-30743830116-1"",""openap-sec-shard-repair-framework-contract-environment-30747362913-1"",""openap-sec-shard-repair-framework-contract-environment-30760228865-1""]",archive,historical_reference,none
openap-sec-shard-repair-framework-contract-pilot-{n}-{n},3,2341,2026-08-02T10:32:55Z,2026-08-02T18:06:30Z,"[""openap-sec-shard-repair-framework-contract-pilot-30743830116-1"",""openap-sec-shard-repair-framework-contract-pilot-30747362913-1"",""openap-sec-shard-repair-framework-contract-pilot-30760228865-1""]",archive,historical_reference,none
openap-sec-shard-repair-framework-contract-plan-{n}-{n},3,1201872,2026-08-02T10:33:34Z,2026-08-02T18:07:06Z,"[""openap-sec-shard-repair-framework-contract-plan-30743830116-1"",""openap-sec-shard-repair-framework-contract-plan-30747362913-1"",""openap-sec-shard-repair-framework-contract-plan-30760228865-1""]",archive,historical_reference,none
openap-sec-shard-repair-framework-contract-preflight-{n}-{n},3,798,2026-08-02T10:30:16Z,2026-08-02T18:03:49Z,"[""openap-sec-shard-repair-framework-contract-preflight-30743830116-1"",""openap-sec-shard-repair-framework-contract-preflight-30747362913-1"",""openap-sec-shard-repair-framework-contract-preflight-30760228865-1""]",archive,historical_reference,none
openap-sec-shard-repair-framework-contract-prepared-{n}-{n},3,341559,2026-08-02T10:30:45Z,2026-08-02T18:04:33Z,"[""openap-sec-shard-repair-framework-contract-prepared-30743830116-1"",""openap-sec-shard-repair-framework-contract-prepared-30747362913-1"",""openap-sec-shard-repair-framework-contract-prepared-30760228865-1""]",archive,historical_reference,none
openap-sec-shard-repair-framework-contract-recovery-wave-{n}-{n}-{n},3,11175,2026-08-02T10:34:55Z,2026-08-02T18:08:10Z,"[""openap-sec-shard-repair-framework-contract-recovery-wave-0-30743830116-1"",""openap-sec-shard-repair-framework-contract-recovery-wave-0-30747362913-1"",""openap-sec-shard-repair-framework-contract-recovery-wave-0-30760228865-1""]",archive,historical_reference,none
openap-sec-shard-repair-framework-contract-results,3,5184108,2026-08-02T10:38:54Z,2026-08-02T18:12:08Z,"[""openap-sec-shard-repair-framework-contract-results"",""openap-sec-shard-repair-framework-contract-results"",""openap-sec-shard-repair-framework-contract-results""]",archive,historical_reference,none
openap-sec-shard-repair-framework-contract-sealed-final-stage-{n}-{n},3,5146194,2026-08-02T10:37:45Z,2026-08-02T18:11:04Z,"[""openap-sec-shard-repair-framework-contract-sealed-final-stage-30743830116-1"",""openap-sec-shard-repair-framework-contract-sealed-final-stage-30747362913-1"",""openap-sec-shard-repair-framework-contract-sealed-final-stage-30760228865-1""]",archive,historical_reference,none
openap-sec-shard-repair-framework-contract-shard-g{n}-s{n}-a-{uuid},3,4335850,2026-08-02T10:34:18Z,2026-08-02T18:07:39Z,"[""openap-sec-shard-repair-framework-contract-shard-g000-s000-a-edc1b8d0-1c7d-4ad4-9d68-90cd858a63d3"",""openap-sec-shard-repair-framework-contract-shard-g000-s000-a-2236c70d-d0aa-48db-9be7-f19ea629abdb"",""openap-sec-shard-repair-framework-contract-shard-g000-s000-a-a99216a0-d6f2-4d61-8b9b-3904c1b90175""]",archive,historical_reference,none
openap-sec-shard-repair-framework-contract-smoke-{n}-{n},3,780,2026-08-02T10:32:12Z,2026-08-02T18:05:51Z,"[""openap-sec-shard-repair-framework-contract-smoke-30743830116-1"",""openap-sec-shard-repair-framework-contract-smoke-30747362913-1"",""openap-sec-shard-repair-framework-contract-smoke-30760228865-1""]",archive,historical_reference,none
openap-sec-shard-repair-framework-contract-timeline-{n}-{n},3,43627,2026-08-02T10:37:02Z,2026-08-02T18:10:22Z,"[""openap-sec-shard-repair-framework-contract-timeline-30743830116-1"",""openap-sec-shard-repair-framework-contract-timeline-30747362913-1"",""openap-sec-shard-repair-framework-contract-timeline-30760228865-1""]",archive,historical_reference,none
openap-sec-shard-repair-framework-contract-unsealed-final-stage-{n}-{n},3,5049136,2026-08-02T10:36:31Z,2026-08-02T18:09:50Z,"[""openap-sec-shard-repair-framework-contract-unsealed-final-stage-30743830116-1"",""openap-sec-shard-repair-framework-contract-unsealed-final-stage-30747362913-1"",""openap-sec-shard-repair-framework-contract-unsealed-final-stage-30760228865-1""]",archive,historical_reference,none
openap-sec-shard-repair-framework-contract-verified-stage-{n}-{n},3,5184108,2026-08-02T10:38:41Z,2026-08-02T18:11:53Z,"[""openap-sec-shard-repair-framework-contract-verified-stage-30743830116-1"",""openap-sec-shard-repair-framework-contract-verified-stage-30747362913-1"",""openap-sec-shard-repair-framework-contract-verified-stage-30760228865-1""]",archive,historical_reference,none
openap-sec-shard-repair-framework-contract-wheelhouse-{n}-{n},3,676273644,2026-08-02T10:29:41Z,2026-08-02T18:03:21Z,"[""openap-sec-shard-repair-framework-contract-wheelhouse-30743830116-1"",""openap-sec-shard-repair-framework-contract-wheelhouse-30747362913-1"",""openap-sec-shard-repair-framework-contract-wheelhouse-30760228865-1""]",archive,historical_reference,none
openap-yfinance-sec-current-score-results,5,8466972161,2026-08-01T23:16:09Z,2026-08-02T18:37:22Z,"[""openap-yfinance-sec-current-score-results"",""openap-yfinance-sec-current-score-results"",""openap-yfinance-sec-current-score-results""]",archive,historical_reference,none
openap-yfinance-{n},192,2607450069,2026-08-01T18:57:38Z,2026-08-02T15:05:47Z,"[""openap-yfinance-9"",""openap-yfinance-1"",""openap-yfinance-8""]",archive,historical_reference,none
openassetpricing-correlation-audit,1,578799,2026-07-31T20:01:45Z,2026-07-31T20:01:45Z,"[""openassetpricing-correlation-audit""]",archive,historical_reference,none
overnight-bundle-stage-{n},1080,3182393634,2026-06-08T07:39:35Z,2026-06-08T08:29:49Z,"[""overnight-bundle-stage-4"",""overnight-bundle-stage-182"",""overnight-bundle-stage-13""]",archive,historical_reference,none
overnight-cboe-data,4,5260969,2026-06-07T19:49:37Z,2026-06-08T08:19:44Z,"[""overnight-cboe-data"",""overnight-cboe-data"",""overnight-cboe-data""]",archive,historical_reference,none
overnight-cboe-results,1,42780290,2026-06-07T21:03:04Z,2026-06-07T21:03:04Z,"[""overnight-cboe-results""]",archive,historical_reference,none
overnight-cboe-stage-{n},720,32421907,2026-06-07T20:01:44Z,2026-06-07T21:01:56Z,"[""overnight-cboe-stage-155"",""overnight-cboe-stage-226"",""overnight-cboe-stage-264""]",archive,historical_reference,none
overnight-ensemble-data,4,192886,2026-06-07T19:50:46Z,2026-06-08T08:22:36Z,"[""overnight-ensemble-data"",""overnight-ensemble-data"",""overnight-ensemble-data""]",archive,historical_reference,none
overnight-ensemble-results,1,821278188,2026-06-07T21:15:36Z,2026-06-07T21:15:36Z,"[""overnight-ensemble-results""]",archive,historical_reference,none
overnight-ensemble-stage-{n},1080,2530031172,2026-06-07T21:04:47Z,2026-06-07T21:11:27Z,"[""overnight-ensemble-stage-53"",""overnight-ensemble-stage-234"",""overnight-ensemble-stage-64""]",archive,historical_reference,none
overnight-spy-data,4,6206283,2026-06-07T19:47:12Z,2026-06-08T08:17:45Z,"[""overnight-spy-data"",""overnight-spy-data"",""overnight-spy-data""]",archive,historical_reference,none
overnight-spy-results,1,1576940,2026-06-07T23:48:49Z,2026-06-07T23:48:49Z,"[""overnight-spy-results""]",archive,historical_reference,none
overnight-spy-stage-{n},719,209200879,2026-06-07T22:31:18Z,2026-06-07T23:48:07Z,"[""overnight-spy-stage-194"",""overnight-spy-stage-45"",""overnight-spy-stage-224""]",archive,historical_reference,none
paper-aqr-factor-sharpe{n}-data,2,2346474,2026-06-07T17:14:03Z,2026-06-07T17:22:01Z,"[""paper-aqr-factor-sharpe2-data"",""paper-aqr-factor-sharpe2-data""]",archive,historical_reference,none
paper-aqr-factor-sharpe{n}-stage-pair-{n}-{n},360,874666,2026-06-07T17:14:41Z,2026-06-07T17:23:00Z,"[""paper-aqr-factor-sharpe2-stage-pair-76-256"",""paper-aqr-factor-sharpe2-stage-pair-39-219"",""paper-aqr-factor-sharpe2-stage-pair-23-203""]",archive,historical_reference,none
paper-aqr-factor-sharpe{n}-{n}stages-results,2,3418520,2026-06-07T17:15:47Z,2026-06-07T17:23:52Z,"[""paper-aqr-factor-sharpe2-360stages-results"",""paper-aqr-factor-sharpe2-360stages-results""]",archive,historical_reference,none
paper-cboe-sentiment-sharpe{n}-data,4,5261898,2026-06-07T18:54:57Z,2026-06-08T15:37:57Z,"[""paper-cboe-sentiment-sharpe2-data"",""paper-cboe-sentiment-sharpe2-data"",""paper-cboe-sentiment-sharpe2-data""]",archive,historical_reference,none
paper-cboe-sentiment-sharpe{n}-stage-{n},1140,36196855,2026-06-07T18:55:39Z,2026-06-08T15:39:10Z,"[""paper-cboe-sentiment-sharpe2-stage-205"",""paper-cboe-sentiment-sharpe2-stage-325"",""paper-cboe-sentiment-sharpe2-stage-297""]",archive,historical_reference,none
paper-cboe-sentiment-sharpe{n}-{n}jobs-results,1,18256611,2026-06-08T15:40:09Z,2026-06-08T15:40:09Z,"[""paper-cboe-sentiment-sharpe2-360jobs-results""]",archive,historical_reference,none
paper-operable-ensemble-sharpe{n}-data,4,192390,2026-06-07T18:26:13Z,2026-06-08T19:36:30Z,"[""paper-operable-ensemble-sharpe2-data"",""paper-operable-ensemble-sharpe2-data"",""paper-operable-ensemble-sharpe2-data""]",archive,historical_reference,none
paper-operable-ensemble-sharpe{n}-stage-pair-{n}-{n},720,474853868,2026-06-07T18:27:23Z,2026-06-08T19:37:49Z,"[""paper-operable-ensemble-sharpe2-stage-pair-48-228"",""paper-operable-ensemble-sharpe2-stage-pair-171-351"",""paper-operable-ensemble-sharpe2-stage-pair-113-293""]",archive,historical_reference,none
paper-operable-ensemble-sharpe{n}-{n}stages-results,4,690330023,2026-06-07T18:31:02Z,2026-06-08T19:39:02Z,"[""paper-operable-ensemble-sharpe2-360stages-results"",""paper-operable-ensemble-sharpe2-360stages-results"",""paper-operable-ensemble-sharpe2-360stages-results""]",archive,historical_reference,none
paper-sharpe{n}-nightly-novel-{n}min-until-{n}-results,15,248867257,2026-06-09T20:08:49Z,2026-06-10T01:40:29Z,"[""paper-sharpe2-nightly-novel-30min-until-0630-results"",""paper-sharpe2-nightly-novel-30min-until-0630-results"",""paper-sharpe2-nightly-novel-30min-until-0630-results""]",archive,historical_reference,none
paper-sharpe{n}-nightly-{n}min-until-{n}-results,6,18097,2026-06-08T20:11:00Z,2026-06-08T21:12:41Z,"[""paper-sharpe2-nightly-30min-until-0630-results"",""paper-sharpe2-nightly-30min-until-0630-results"",""paper-sharpe2-nightly-30min-until-0630-results""]",archive,historical_reference,none
paper-sharpe{n}-overnight-{n}jobs-results,3,2532421442,2026-06-07T23:51:48Z,2026-06-08T08:33:22Z,"[""paper-sharpe2-overnight-360jobs-results"",""paper-sharpe2-overnight-360jobs-results"",""paper-sharpe2-overnight-360jobs-results""]",archive,historical_reference,none
paper-spy-daily-event-sharpe{n}-data,4,5031352,2026-06-07T16:12:31Z,2026-06-08T09:14:12Z,"[""paper-spy-daily-event-sharpe2-data"",""paper-spy-daily-event-sharpe2-data"",""paper-spy-daily-event-sharpe2-data""]",archive,historical_reference,none
paper-spy-daily-event-sharpe{n}-stage-pair-{n}-{n},720,21919838,2026-06-07T16:13:18Z,2026-06-08T09:15:19Z,"[""paper-spy-daily-event-sharpe2-stage-pair-151-331"",""paper-spy-daily-event-sharpe2-stage-pair-85-265"",""paper-spy-daily-event-sharpe2-stage-pair-61-241""]",archive,historical_reference,none
paper-spy-daily-event-sharpe{n}-{n}jobs-results,4,33258692,2026-06-07T16:14:41Z,2026-06-08T09:16:08Z,"[""paper-spy-daily-event-sharpe2-360jobs-results"",""paper-spy-daily-event-sharpe2-360jobs-results"",""paper-spy-daily-event-sharpe2-360jobs-results""]",archive,historical_reference,none
paper-spy-monthly-sharpe{n}-quick-{n}jobs-results,1,17862327,2026-06-08T17:43:58Z,2026-06-08T17:43:58Z,"[""paper-spy-monthly-sharpe2-quick-360jobs-results""]",archive,historical_reference,none
paper-spy-weekly-regime-sharpe{n}-quick-{n}jobs-results,3,202513546,2026-06-08T16:13:02Z,2026-06-08T16:58:43Z,"[""paper-spy-weekly-regime-sharpe2-quick-360jobs-results"",""paper-spy-weekly-regime-sharpe2-quick-360jobs-results"",""paper-spy-weekly-regime-sharpe2-quick-360jobs-results""]",archive,historical_reference,none
paper-spy-weekly-sharpe{n}-data,2,3151189,2026-06-07T15:37:20Z,2026-06-07T15:47:38Z,"[""paper-spy-weekly-sharpe2-data"",""paper-spy-weekly-sharpe2-data""]",archive,historical_reference,none
paper-spy-weekly-sharpe{n}-quick-{n}jobs-results,9,499214393,2026-06-08T08:54:44Z,2026-06-08T17:27:28Z,"[""paper-spy-weekly-sharpe2-quick-360jobs-results"",""paper-spy-weekly-sharpe2-quick-360jobs-results"",""paper-spy-weekly-sharpe2-quick-360jobs-results""]",archive,historical_reference,none
paper-spy-weekly-sharpe{n}-stage-{n},260,62509545,2026-06-07T15:50:53Z,2026-06-07T15:59:50Z,"[""paper-spy-weekly-sharpe2-stage-334"",""paper-spy-weekly-sharpe2-stage-234"",""paper-spy-weekly-sharpe2-stage-164""]",archive,historical_reference,none
paper-spy-weekly-sharpe{n}-{n}jobs-results,1,1577043,2026-06-07T15:41:01Z,2026-06-07T15:41:01Z,"[""paper-spy-weekly-sharpe2-360jobs-results""]",archive,historical_reference,none
run-checkpoint-s{n}-a-{uuid},91,4836753,2026-07-26T15:46:03Z,2026-07-26T19:06:01Z,"[""run-checkpoint-s001-a-ee9fc8a2-0ebd-470c-9197-f832c64ed345"",""run-checkpoint-s002-a-aff75b24-8467-4736-8bab-ce9d9b1d3cd2"",""run-checkpoint-s003-a-ecbdb8bd-a418-4681-b22b-ff4d21eefb54""]",archive,historical_reference,none
sarif-artifact-actions,2,97270,2026-07-13T09:12:49Z,2026-07-21T13:41:29Z,"[""sarif-artifact-actions"",""sarif-artifact-actions""]",archive,historical_reference,none
sarif-artifact-python,2,178714,2026-07-13T09:14:28Z,2026-07-21T13:43:20Z,"[""sarif-artifact-python"",""sarif-artifact-python""]",archive,historical_reference,none
spy-daily-direction-accuracy-data,19,334738569,2026-06-06T09:21:29Z,2026-06-07T13:59:42Z,"[""spy-daily-direction-accuracy-data"",""spy-daily-direction-accuracy-data"",""spy-daily-direction-accuracy-data""]",archive,historical_reference,none
spy-daily-direction-accuracy-stage-{n},6387,608628922,2026-06-06T09:23:37Z,2026-06-07T14:10:56Z,"[""spy-daily-direction-accuracy-stage-75"",""spy-daily-direction-accuracy-stage-3"",""spy-daily-direction-accuracy-stage-43""]",archive,historical_reference,none
spy-daily-direction-accuracy-{n}jobs-results,19,1511435736,2026-06-06T09:27:45Z,2026-06-07T14:12:06Z,"[""spy-daily-direction-accuracy-355jobs-results"",""spy-daily-direction-accuracy-355jobs-results"",""spy-daily-direction-accuracy-355jobs-results""]",archive,historical_reference,none
spy-daily-direction-funnel-top-all-features-{n}waves-{n}h-results,1,129644295,2026-06-09T06:32:53Z,2026-06-09T06:32:53Z,"[""spy-daily-direction-funnel-top-all-features-4waves-1h-results""]",archive,historical_reference,none
spy-daily-direction-funnel-top-wave-{n}-stage-{n},1420,85767844,2026-06-09T05:59:21Z,2026-06-09T06:31:07Z,"[""spy-daily-direction-funnel-top-wave-0-stage-268"",""spy-daily-direction-funnel-top-wave-0-stage-25"",""spy-daily-direction-funnel-top-wave-0-stage-77""]",archive,historical_reference,none
spy-daily-direction-funnel-top-{n}waves-data,1,20341145,2026-06-09T05:54:50Z,2026-06-09T05:54:50Z,"[""spy-daily-direction-funnel-top-4waves-data""]",archive,historical_reference,none
spy-monthly-quick-data,1,362623,2026-06-08T17:39:02Z,2026-06-08T17:39:02Z,"[""spy-monthly-quick-data""]",archive,historical_reference,none
spy-monthly-quick-stage-{n},360,19374379,2026-06-08T17:41:42Z,2026-06-08T17:43:02Z,"[""spy-monthly-quick-stage-199"",""spy-monthly-quick-stage-213"",""spy-monthly-quick-stage-237""]",archive,historical_reference,none
spy-monthly-scan-data,2,683802,2026-06-12T18:45:07Z,2026-06-13T14:30:13Z,"[""spy-monthly-scan-data"",""spy-monthly-scan-data""]",archive,historical_reference,none
spy-monthly-tf{n}-ma{n}-locked-table,3,7717,2026-06-21T10:53:30Z,2026-06-21T10:56:47Z,"[""spy-monthly-tf21-ma10-locked-table"",""spy-monthly-tf21-ma10-locked-table"",""spy-monthly-tf21-ma10-locked-table""]",archive,historical_reference,none
spy-monthly-trend-following-paper{n}-data,3,289646,2026-06-21T10:11:11Z,2026-06-21T10:28:54Z,"[""spy-monthly-trend-following-paper21-data"",""spy-monthly-trend-following-paper21-data"",""spy-monthly-trend-following-paper21-data""]",archive,historical_reference,none
spy-monthly-trend-following-paper{n}-stage-{n},710,5732922,2026-06-21T10:19:05Z,2026-06-21T10:30:12Z,"[""spy-monthly-trend-following-paper21-stage-219"",""spy-monthly-trend-following-paper21-stage-151"",""spy-monthly-trend-following-paper21-stage-86""]",archive,historical_reference,none
spy-monthly-trend-following-paper{n}-{n}jobs-results,2,136876,2026-06-21T10:13:03Z,2026-06-21T10:31:04Z,"[""spy-monthly-trend-following-paper21-355jobs-results"",""spy-monthly-trend-following-paper21-355jobs-results""]",archive,historical_reference,none
spy-quick-data,9,14180330,2026-06-08T08:48:10Z,2026-06-08T17:23:09Z,"[""spy-quick-data"",""spy-quick-data"",""spy-quick-data""]",archive,historical_reference,none
spy-quick-stage-{n},3240,482611101,2026-06-08T08:52:51Z,2026-06-08T17:26:15Z,"[""spy-quick-stage-45"",""spy-quick-stage-186"",""spy-quick-stage-44""]",archive,historical_reference,none
spy-regime-quick-data,3,4726709,2026-06-08T16:07:24Z,2026-06-08T16:52:44Z,"[""spy-regime-quick-data"",""spy-regime-quick-data"",""spy-regime-quick-data""]",archive,historical_reference,none
spy-regime-quick-stage-{n},1080,199727073,2026-06-08T16:10:03Z,2026-06-08T16:57:28Z,"[""spy-regime-quick-stage-253"",""spy-regime-quick-stage-241"",""spy-regime-quick-stage-16""]",archive,historical_reference,none
spy-weekly-global-random-train-yearly-calmar-beat-counts,1,6809425,2026-06-20T14:39:48Z,2026-06-20T14:39:48Z,"[""spy-weekly-global-random-train-yearly-calmar-beat-counts""]",archive,historical_reference,none
spy-weekly-global-random-train-yearly-calmar-results,1,6490037,2026-06-20T14:05:21Z,2026-06-20T14:05:21Z,"[""spy-weekly-global-random-train-yearly-calmar-results""]",archive,historical_reference,none
spy-weekly-global-random-train-yearly-calmar-stage-{n},360,7608560,2026-06-20T13:56:44Z,2026-06-20T14:04:31Z,"[""spy-weekly-global-random-train-yearly-calmar-stage-87"",""spy-weekly-global-random-train-yearly-calmar-stage-152"",""spy-weekly-global-random-train-yearly-calmar-stage-213""]",archive,historical_reference,none
spy-weekly-global-random-yearly-outperformance-results,1,5484,2026-06-20T13:02:01Z,2026-06-20T13:02:01Z,"[""spy-weekly-global-random-yearly-outperformance-results""]",archive,historical_reference,none
spy-weekly-global-random-yearly-outperformance-stage-{n},360,265926,2026-06-20T12:53:15Z,2026-06-20T13:01:14Z,"[""spy-weekly-global-random-yearly-outperformance-stage-105"",""spy-weekly-global-random-yearly-outperformance-stage-207"",""spy-weekly-global-random-yearly-outperformance-stage-64""]",archive,historical_reference,none
spy-weekly-longshort-locked-strategy-report-spy_weekly_longshort_sharpe{n}_s{n}_{hex},1,16710,2026-06-16T13:42:18Z,2026-06-16T13:42:18Z,"[""spy-weekly-longshort-locked-strategy-report-spy_weekly_longshort_sharpe2_s090_a5615dfb8ffc7479""]",archive,historical_reference,none
spy-weekly-longshort-sharpe{n}-data,26,10194136,2026-06-05T05:14:24Z,2026-06-09T16:56:43Z,"[""spy-weekly-longshort-sharpe2-data"",""spy-weekly-longshort-sharpe2-data"",""spy-weekly-longshort-sharpe2-data""]",archive,historical_reference,none
spy-weekly-longshort-sharpe{n}-stage-{n},9230,1598832492,2026-06-05T05:15:09Z,2026-06-09T17:13:16Z,"[""spy-weekly-longshort-sharpe2-stage-212"",""spy-weekly-longshort-sharpe2-stage-200"",""spy-weekly-longshort-sharpe2-stage-44""]",archive,historical_reference,none
spy-weekly-longshort-sharpe{n}-{n}jobs-results,26,3790458137,2026-06-05T05:16:27Z,2026-06-09T17:15:46Z,"[""spy-weekly-longshort-sharpe2-355jobs-results"",""spy-weekly-longshort-sharpe2-355jobs-results"",""spy-weekly-longshort-sharpe2-355jobs-results""]",archive,historical_reference,none
spy-weekly-noleverage-global-random-data,2,14261626,2026-06-18T19:45:58Z,2026-06-19T06:21:59Z,"[""spy-weekly-noleverage-global-random-data"",""spy-weekly-noleverage-global-random-data""]",archive,historical_reference,none
spy-weekly-noleverage-global-random-nightly-until-{n}-results,47,29756096674,2026-06-18T20:03:29Z,2026-06-19T11:07:20Z,"[""spy-weekly-noleverage-global-random-nightly-until-0700-results"",""spy-weekly-noleverage-global-random-nightly-until-0700-results"",""spy-weekly-noleverage-global-random-nightly-until-0700-results""]",archive,historical_reference,none
spy-weekly-noleverage-global-random-round-{n}-final,47,29756096674,2026-06-18T20:02:31Z,2026-06-19T11:06:22Z,"[""spy-weekly-noleverage-global-random-round-0-final"",""spy-weekly-noleverage-global-random-round-1-final"",""spy-weekly-noleverage-global-random-round-2-final""]",archive,historical_reference,none
spy-weekly-noleverage-global-random-r{n}-stage-{n},16922,34282903929,2026-06-18T19:51:16Z,2026-06-19T11:01:47Z,"[""spy-weekly-noleverage-global-random-r0-stage-217"",""spy-weekly-noleverage-global-random-r0-stage-278"",""spy-weekly-noleverage-global-random-r0-stage-282""]",archive,historical_reference,none
spy-weekly-noleverage-{n}ideas-data,1,3471943,2026-06-16T19:18:45Z,2026-06-16T19:18:45Z,"[""spy-weekly-noleverage-50ideas-data""]",archive,historical_reference,none
spy-weekly-noleverage-{n}ideas-nightly-until-{n}-results,31,12226619421,2026-06-16T19:34:06Z,2026-06-17T05:17:49Z,"[""spy-weekly-noleverage-50ideas-nightly-until-0700-results"",""spy-weekly-noleverage-50ideas-nightly-until-0700-results"",""spy-weekly-noleverage-50ideas-nightly-until-0700-results""]",archive,historical_reference,none
spy-weekly-noleverage-{n}ideas-round-{n}-final,31,12226619421,2026-06-16T19:33:31Z,2026-06-17T05:17:13Z,"[""spy-weekly-noleverage-50ideas-round-0-final"",""spy-weekly-noleverage-50ideas-round-1-final"",""spy-weekly-noleverage-50ideas-round-2-final""]",archive,historical_reference,none
spy-weekly-noleverage-{n}ideas-r{n}-stage-{n},11157,13857106018,2026-06-16T19:23:50Z,2026-06-17T05:13:40Z,"[""spy-weekly-noleverage-50ideas-r0-stage-105"",""spy-weekly-noleverage-50ideas-r0-stage-328"",""spy-weekly-noleverage-50ideas-r0-stage-12""]",archive,historical_reference,none
spy-weekly-noleverage-{n}ideas-v{n}-data,2,14256842,2026-06-16T19:56:38Z,2026-06-17T11:26:32Z,"[""spy-weekly-noleverage-50ideas-v2-data"",""spy-weekly-noleverage-50ideas-v2-data""]",archive,historical_reference,none
spy-weekly-noleverage-{n}ideas-v{n}-nightly-until-{n}-results,99,44846088272,2026-06-16T20:16:11Z,2026-06-18T05:01:08Z,"[""spy-weekly-noleverage-50ideas-v2-nightly-until-0700-results"",""spy-weekly-noleverage-50ideas-v2-nightly-until-0700-results"",""spy-weekly-noleverage-50ideas-v2-nightly-until-0700-results""]",archive,historical_reference,none
spy-weekly-noleverage-{n}ideas-v{n}-round-{n}-final,99,44846088272,2026-06-16T20:15:30Z,2026-06-18T05:00:26Z,"[""spy-weekly-noleverage-50ideas-v2-round-0-final"",""spy-weekly-noleverage-50ideas-v2-round-1-final"",""spy-weekly-noleverage-50ideas-v2-round-2-final""]",archive,historical_reference,none
spy-weekly-noleverage-{n}ideas-v{n}-r{n}-stage-{n},35644,51636996265,2026-06-16T20:02:35Z,2026-06-18T04:56:47Z,"[""spy-weekly-noleverage-50ideas-v2-r0-stage-195"",""spy-weekly-noleverage-50ideas-v2-r0-stage-48"",""spy-weekly-noleverage-50ideas-v2-r0-stage-56""]",archive,historical_reference,none
spy-{n}m-support-resistance-data,1,2611283,2026-06-14T09:27:49Z,2026-06-14T09:27:49Z,"[""spy-15m-support-resistance-data""]",archive,historical_reference,none
spy-{n}m-support-resistance-free-max-data,2,1148918672,2026-06-14T11:12:17Z,2026-06-14T11:35:01Z,"[""spy-15m-support-resistance-free-max-data"",""spy-15m-support-resistance-free-max-data""]",archive,historical_reference,none
spy-{n}m-support-resistance-free-max-retest-results,2,1233341687,2026-06-14T11:18:35Z,2026-06-14T11:40:20Z,"[""spy-15m-support-resistance-free-max-retest-results"",""spy-15m-support-resistance-free-max-retest-results""]",archive,historical_reference,none
spy-{n}m-support-resistance-free-max-retest-stage-{n},710,34728318,2026-06-14T11:13:46Z,2026-06-14T11:38:09Z,"[""spy-15m-support-resistance-free-max-retest-stage-183"",""spy-15m-support-resistance-free-max-retest-stage-198"",""spy-15m-support-resistance-free-max-retest-stage-239""]",archive,historical_reference,none
spy-{n}m-support-resistance-source-candidates,3,22755477,2026-06-14T10:18:14Z,2026-06-14T11:24:33Z,"[""spy-15m-support-resistance-source-candidates"",""spy-15m-support-resistance-source-candidates"",""spy-15m-support-resistance-source-candidates""]",archive,historical_reference,none
spy-{n}m-support-resistance-stage-{n},355,8567762,2026-06-14T09:29:36Z,2026-06-14T09:31:39Z,"[""spy-15m-support-resistance-stage-209"",""spy-15m-support-resistance-stage-2"",""spy-15m-support-resistance-stage-96""]",archive,historical_reference,none
spy-{n}m-support-resistance-{n}jobs-results,1,26404400,2026-06-14T09:32:30Z,2026-06-14T09:32:30Z,"[""spy-15m-support-resistance-355jobs-results""]",archive,historical_reference,none
sp{n}-only-outperforming-study-finder-results,33,444799175,2026-06-14T13:58:45Z,2026-06-15T08:14:24Z,"[""sp500-only-outperforming-study-finder-results"",""sp500-only-outperforming-study-finder-results"",""sp500-only-outperforming-study-finder-results""]",archive,historical_reference,none
sp{n}-weekly-hedge-dehb-no-crypto-no-stocks-{n}waves-{n}jobs-{n}h-results,1,2866,2026-06-01T08:40:16Z,2026-06-01T08:40:16Z,"[""sp500-weekly-hedge-dehb-no-crypto-no-stocks-6waves-80jobs-3h-results""]",archive,historical_reference,none
sp{n}-weekly-hedge-dehb-policy{n}-downside-{n}wave-{n}jobs-{n}h-results,2,9752,2026-05-31T18:40:08Z,2026-05-31T18:46:39Z,"[""sp500-weekly-hedge-dehb-policy1995-downside-1wave-80jobs-1h-results"",""sp500-weekly-hedge-dehb-policy1995-downside-1wave-80jobs-1h-results""]",archive,historical_reference,none
sp{n}-weekly-hedge-dehb-policy{n}-downside-{n}waves-{n}jobs-{n}h-results,3,14752,2026-05-31T18:40:13Z,2026-06-01T05:05:02Z,"[""sp500-weekly-hedge-dehb-policy1995-downside-6waves-80jobs-1h-results"",""sp500-weekly-hedge-dehb-policy1995-downside-6waves-80jobs-1h-results"",""sp500-weekly-hedge-dehb-policy1995-downside-6waves-80jobs-9h-results""]",archive,historical_reference,none
sp{n}-weekly-hedge-dehb-{n}wave-{n}jobs-{n}h-results,4,49617961,2026-05-31T15:56:48Z,2026-06-01T08:27:35Z,"[""sp500-weekly-hedge-dehb-1wave-80jobs-1h-results"",""sp500-weekly-hedge-dehb-1wave-80jobs-1h-results"",""sp500-weekly-hedge-dehb-1wave-80jobs-1h-results""]",archive,historical_reference,none
sp{n}-weekly-hedge-dehb-{n}waves-{n}jobs-{n}h-results,4,49910969,2026-05-31T15:56:46Z,2026-06-01T08:27:34Z,"[""sp500-weekly-hedge-dehb-6waves-80jobs-1h-results"",""sp500-weekly-hedge-dehb-6waves-80jobs-1h-results"",""sp500-weekly-hedge-dehb-6waves-80jobs-1h-results""]",archive,historical_reference,none
sp{n}-weekly-hedge-no-crypto-no-stocks-{n}waves-data,3,21626098,2026-06-01T08:32:25Z,2026-06-02T14:17:28Z,"[""sp500-weekly-hedge-no-crypto-no-stocks-6waves-data"",""sp500-weekly-hedge-no-crypto-no-stocks-6waves-data"",""sp500-weekly-hedge-no-crypto-no-stocks-6waves-data""]",archive,historical_reference,none
sp{n}-weekly-hedge-no-crypto-no-stocks-{n}waves-wave-{n}-a-stage-{n},1000,2073786544,2026-06-01T09:43:16Z,2026-06-02T16:35:20Z,"[""sp500-weekly-hedge-no-crypto-no-stocks-2waves-wave-0-a-stage-72"",""sp500-weekly-hedge-no-crypto-no-stocks-2waves-wave-0-a-stage-48"",""sp500-weekly-hedge-no-crypto-no-stocks-2waves-wave-0-a-stage-29""]",archive,historical_reference,none
sp{n}-weekly-hedge-no-crypto-no-stocks-{n}waves-wave-{n}-b-stage-{n},1000,2168597003,2026-06-01T09:43:17Z,2026-06-02T16:35:15Z,"[""sp500-weekly-hedge-no-crypto-no-stocks-2waves-wave-0-b-stage-283"",""sp500-weekly-hedge-no-crypto-no-stocks-2waves-wave-0-b-stage-274"",""sp500-weekly-hedge-no-crypto-no-stocks-2waves-wave-0-b-stage-265""]",archive,historical_reference,none
sp{n}-weekly-hedge-no-crypto-no-stocks-{n}waves-{n}jobs-data,3,37972318,2026-06-01T09:32:24Z,2026-06-02T14:13:40Z,"[""sp500-weekly-hedge-no-crypto-no-stocks-2waves-500jobs-data"",""sp500-weekly-hedge-no-crypto-no-stocks-2waves-500jobs-data"",""sp500-weekly-hedge-no-crypto-no-stocks-2waves-500jobs-data""]",archive,historical_reference,none
sp{n}-weekly-hedge-policy{n}-downside-{n}wave-data,2,16836981,2026-05-31T18:44:44Z,2026-05-31T18:55:01Z,"[""sp500-weekly-hedge-policy1995-downside-1wave-data"",""sp500-weekly-hedge-policy1995-downside-1wave-data""]",archive,historical_reference,none
sp{n}-weekly-hedge-policy{n}-downside-{n}wave-wave-{n}-stage-{n},80,783460640,2026-05-31T19:45:55Z,2026-05-31T19:46:14Z,"[""sp500-weekly-hedge-policy1995-downside-1wave-wave-0-stage-25"",""sp500-weekly-hedge-policy1995-downside-1wave-wave-0-stage-79"",""sp500-weekly-hedge-policy1995-downside-1wave-wave-0-stage-11""]",archive,historical_reference,none
sp{n}-weekly-hedge-policy{n}-downside-{n}waves-data,2,16837541,2026-05-31T18:44:34Z,2026-05-31T18:55:14Z,"[""sp500-weekly-hedge-policy1995-downside-6waves-data"",""sp500-weekly-hedge-policy1995-downside-6waves-data""]",archive,historical_reference,none
sp{n}-weekly-hedge-policy{n}-downside-{n}waves-wave-{n}-stage-{n},480,795032032,2026-05-31T19:04:25Z,2026-05-31T19:52:40Z,"[""sp500-weekly-hedge-policy1995-downside-6waves-wave-0-stage-51"",""sp500-weekly-hedge-policy1995-downside-6waves-wave-0-stage-18"",""sp500-weekly-hedge-policy1995-downside-6waves-wave-0-stage-9""]",archive,historical_reference,none
sp{n}-weekly-hedge-{n}wave-data,4,30635344,2026-05-31T15:21:44Z,2026-06-02T14:19:28Z,"[""sp500-weekly-hedge-1wave-data"",""sp500-weekly-hedge-1wave-data"",""sp500-weekly-hedge-1wave-data""]",archive,historical_reference,none
sp{n}-weekly-hedge-{n}wave-wave-{n}-stage-{n},80,21801086,2026-05-31T17:03:40Z,2026-05-31T17:04:01Z,"[""sp500-weekly-hedge-1wave-wave-0-stage-60"",""sp500-weekly-hedge-1wave-wave-0-stage-2"",""sp500-weekly-hedge-1wave-wave-0-stage-66""]",archive,historical_reference,none
sp{n}-weekly-hedge-{n}waves-data,5,38734523,2026-05-31T15:19:41Z,2026-06-02T14:18:21Z,"[""sp500-weekly-hedge-6waves-data"",""sp500-weekly-hedge-6waves-data"",""sp500-weekly-hedge-6waves-data""]",archive,historical_reference,none
sp{n}-weekly-hedge-{n}waves-wave-{n}-stage-{n},480,24801570,2026-05-31T16:23:23Z,2026-05-31T17:11:29Z,"[""sp500-weekly-hedge-6waves-wave-0-stage-40"",""sp500-weekly-hedge-6waves-wave-0-stage-8"",""sp500-weekly-hedge-6waves-wave-0-stage-19""]",archive,historical_reference,none
sp{n}-{n}-paper-chunk-{n},26,279538,2026-06-16T05:50:08Z,2026-06-16T05:50:26Z,"[""sp500-26-paper-chunk-4"",""sp500-26-paper-chunk-8"",""sp500-26-paper-chunk-21""]",archive,historical_reference,none
sp{n}-{n}-paper-data,1,12058608,2026-06-16T05:49:11Z,2026-06-16T05:49:11Z,"[""sp500-26-paper-data""]",archive,historical_reference,none
sp{n}-{n}-paper-locked-strategy-report-avoid_equity_bear_markets_trendycmacro,1,3412,2026-06-21T11:46:50Z,2026-06-21T11:46:50Z,"[""sp500-26-paper-locked-strategy-report-avoid_equity_bear_markets_trendycmacro""]",archive,historical_reference,none
sp{n}-{n}-paper-locked-strategy-report-ep_short_rate_spread,1,3766,2026-06-21T12:30:18Z,2026-06-21T12:30:18Z,"[""sp500-26-paper-locked-strategy-report-ep_short_rate_spread""]",archive,historical_reference,none
sp{n}-{n}-paper-locked-strategy-report-rl_evt_tail_risk,1,3200,2026-06-16T11:52:44Z,2026-06-16T11:52:44Z,"[""sp500-26-paper-locked-strategy-report-rl_evt_tail_risk""]",archive,historical_reference,none
sp{n}-{n}-paper-replication-backtest-results,1,223705,2026-06-16T05:56:12Z,2026-06-16T05:56:12Z,"[""sp500-26-paper-replication-backtest-results""]",archive,historical_reference,none
sr-{n}m-equity-universe-family-search-{n},780,82266566,2026-06-14T12:26:56Z,2026-06-14T13:22:49Z,"[""sr-15m-equity-universe-family-search-49"",""sr-15m-equity-universe-family-search-38"",""sr-15m-equity-universe-family-search-5""]",archive,historical_reference,none
sr-{n}m-equity-universe-feature-search-results,2,336750128,2026-06-14T13:03:47Z,2026-06-14T13:39:02Z,"[""sr-15m-equity-universe-feature-search-results"",""sr-15m-equity-universe-feature-search-results""]",archive,historical_reference,none
sr-{n}m-equity-universe-features,3,159520740,2026-06-14T12:22:39Z,2026-06-14T13:08:20Z,"[""sr-15m-equity-universe-features"",""sr-15m-equity-universe-features"",""sr-15m-equity-universe-features""]",archive,historical_reference,none
sr-{n}m-equity-universe-mixed-search-{n},360,33775608,2026-06-14T12:27:28Z,2026-06-14T13:15:55Z,"[""sr-15m-equity-universe-mixed-search-113"",""sr-15m-equity-universe-mixed-search-41"",""sr-15m-equity-universe-mixed-search-12""]",archive,historical_reference,none
sr-{n}m-equity-universe-prelocked-candidates,3,484320221,2026-06-14T12:38:19Z,2026-06-14T13:24:25Z,"[""sr-15m-equity-universe-prelocked-candidates"",""sr-15m-equity-universe-prelocked-candidates"",""sr-15m-equity-universe-prelocked-candidates""]",archive,historical_reference,none
sr-{n}m-equity-universe-screen-{n},240,2830136,2026-06-14T12:23:24Z,2026-06-14T13:09:38Z,"[""sr-15m-equity-universe-screen-46"",""sr-15m-equity-universe-screen-51"",""sr-15m-equity-universe-screen-40""]",archive,historical_reference,none
sr-{n}m-equity-universe-source-data,3,5950857,2026-06-14T12:21:18Z,2026-06-14T13:06:57Z,"[""sr-15m-equity-universe-source-data"",""sr-15m-equity-universe-source-data"",""sr-15m-equity-universe-source-data""]",archive,historical_reference,none
stock-protocol-all-opportunities-and-realistic-portfolio-audit,11,120059112,2026-07-19T15:18:10Z,2026-07-21T05:32:17Z,"[""stock-protocol-all-opportunities-and-realistic-portfolio-audit"",""stock-protocol-all-opportunities-and-realistic-portfolio-audit"",""stock-protocol-all-opportunities-and-realistic-portfolio-audit""]",archive,historical_reference,none
stock-protocol-costs-merged,11,244934,2026-07-16T14:55:08Z,2026-07-18T13:10:05Z,"[""stock-protocol-costs-merged"",""stock-protocol-costs-merged"",""stock-protocol-costs-merged""]",archive,historical_reference,none
stock-protocol-costs-plan,2,14601,2026-07-16T14:51:47Z,2026-07-17T15:15:13Z,"[""stock-protocol-costs-plan"",""stock-protocol-costs-plan""]",archive,historical_reference,none
stock-protocol-costs-shard-{n},1080,331677,2026-07-13T00:35:19Z,2026-07-15T01:25:07Z,"[""stock-protocol-costs-shard-198"",""stock-protocol-costs-shard-221"",""stock-protocol-costs-shard-275""]",archive,historical_reference,none
stock-protocol-costs-task-{n},100,29590791,2026-07-16T14:53:31Z,2026-07-17T16:36:18Z,"[""stock-protocol-costs-task-3"",""stock-protocol-costs-task-31"",""stock-protocol-costs-task-12""]",archive,historical_reference,none
stock-protocol-entries-all,1,159439,2026-07-13T11:04:08Z,2026-07-13T11:04:08Z,"[""stock-protocol-entries-all""]",archive,historical_reference,none
stock-protocol-entries-merged,12,283779,2026-07-16T14:38:40Z,2026-07-18T13:10:03Z,"[""stock-protocol-entries-merged"",""stock-protocol-entries-merged"",""stock-protocol-entries-merged""]",archive,historical_reference,none
stock-protocol-entries-plan,2,10363,2026-07-16T14:33:13Z,2026-07-17T08:43:17Z,"[""stock-protocol-entries-plan"",""stock-protocol-entries-plan""]",archive,historical_reference,none
stock-protocol-entries-shard-{n},2880,1732216,2026-07-12T20:54:52Z,2026-07-14T21:03:18Z,"[""stock-protocol-entries-shard-121"",""stock-protocol-entries-shard-22"",""stock-protocol-entries-shard-200""]",archive,historical_reference,none
stock-protocol-entries-task-{n},72,79209705,2026-07-16T14:34:44Z,2026-07-17T10:07:51Z,"[""stock-protocol-entries-task-13"",""stock-protocol-entries-task-30"",""stock-protocol-entries-task-31""]",archive,historical_reference,none
stock-protocol-exact-irrevocable-oos-results,1,814995,2026-07-19T13:07:41Z,2026-07-19T13:07:41Z,"[""stock-protocol-exact-irrevocable-oos-results""]",archive,historical_reference,none
stock-protocol-exact-irrevocable-oos-results-final,1,815665,2026-07-19T13:21:34Z,2026-07-19T13:21:34Z,"[""stock-protocol-exact-irrevocable-oos-results-final""]",archive,historical_reference,none
stock-protocol-exact-is-reproduction,1,494158,2026-07-19T11:04:46Z,2026-07-19T11:04:46Z,"[""stock-protocol-exact-is-reproduction""]",archive,historical_reference,none
stock-protocol-exact-locked-data-{n},32,159476048,2026-07-19T11:14:47Z,2026-07-19T11:16:28Z,"[""stock-protocol-exact-locked-data-11"",""stock-protocol-exact-locked-data-13"",""stock-protocol-exact-locked-data-5""]",archive,historical_reference,none
stock-protocol-exact-locked-symbols,1,25940,2026-07-19T11:13:51Z,2026-07-19T11:13:51Z,"[""stock-protocol-exact-locked-symbols""]",archive,historical_reference,none
stock-protocol-exact-prelocked-pack,1,351748622,2026-07-19T11:13:50Z,2026-07-19T11:13:50Z,"[""stock-protocol-exact-prelocked-pack""]",archive,historical_reference,none
stock-protocol-exits-merged,12,1351486,2026-07-16T14:44:54Z,2026-07-18T13:10:03Z,"[""stock-protocol-exits-merged"",""stock-protocol-exits-merged"",""stock-protocol-exits-merged""]",archive,historical_reference,none
stock-protocol-exits-plan,2,68987,2026-07-16T14:39:24Z,2026-07-17T10:09:42Z,"[""stock-protocol-exits-plan"",""stock-protocol-exits-plan""]",archive,historical_reference,none
stock-protocol-exits-shard-{n},1799,1157538,2026-07-12T21:32:37Z,2026-07-14T23:40:48Z,"[""stock-protocol-exits-shard-281"",""stock-protocol-exits-shard-285"",""stock-protocol-exits-shard-302""]",archive,historical_reference,none
stock-protocol-exits-task-{n},580,882655710,2026-07-16T14:40:49Z,2026-07-17T12:45:42Z,"[""stock-protocol-exits-task-225"",""stock-protocol-exits-task-129"",""stock-protocol-exits-task-42""]",archive,historical_reference,none
stock-protocol-holdout-candidate-{n},10,5980723,2026-07-18T19:27:59Z,2026-07-18T19:29:26Z,"[""stock-protocol-holdout-candidate-5"",""stock-protocol-holdout-candidate-2"",""stock-protocol-holdout-candidate-6""]",archive,historical_reference,none
stock-protocol-holdout-feature-{n},32,1250506106,2026-07-18T18:23:12Z,2026-07-18T19:10:04Z,"[""stock-protocol-holdout-feature-4"",""stock-protocol-holdout-feature-10"",""stock-protocol-holdout-feature-15""]",archive,historical_reference,none
stock-protocol-opportunity-audit-shard-diagnostic_reused_holdout,1,7724949,2026-07-20T19:59:42Z,2026-07-20T19:59:42Z,"[""stock-protocol-opportunity-audit-shard-diagnostic_reused_holdout""]",archive,historical_reference,none
stock-protocol-opportunity-audit-shard-opened_locked_diagnostic,1,8537476,2026-07-20T20:19:11Z,2026-07-20T20:19:11Z,"[""stock-protocol-opportunity-audit-shard-opened_locked_diagnostic""]",archive,historical_reference,none
stock-protocol-opportunity-audit-shard-walk_forward_is,1,11100983,2026-07-20T21:22:11Z,2026-07-20T21:22:11Z,"[""stock-protocol-opportunity-audit-shard-walk_forward_is""]",archive,historical_reference,none
stock-protocol-original-{n}-contract,3,677211,2026-07-21T13:51:39Z,2026-07-21T14:13:52Z,"[""stock-protocol-original-290-contract"",""stock-protocol-original-290-contract"",""stock-protocol-original-290-contract""]",archive,historical_reference,none
stock-protocol-original-{n}-opportunity-event-study,1,14804856946,2026-07-25T07:36:39Z,2026-07-25T07:36:39Z,"[""stock-protocol-original-290-opportunity-event-study""]",archive,historical_reference,none
stock-protocol-original-{n}-opportunity-event-study-review,1,46829090,2026-07-25T07:36:44Z,2026-07-25T07:36:44Z,"[""stock-protocol-original-290-opportunity-event-study-review""]",archive,historical_reference,none
stock-protocol-original-{n}-unverified-merge-recovery,1,14798845522,2026-07-24T23:36:18Z,2026-07-24T23:36:18Z,"[""stock-protocol-original-290-unverified-merge-recovery""]",archive,historical_reference,none
stock-protocol-pack,15,2497461900,2026-07-12T19:01:54Z,2026-07-14T19:00:08Z,"[""stock-protocol-pack"",""stock-protocol-pack"",""stock-protocol-pack""]",archive,historical_reference,none
stock-protocol-phase-results-costs,2,12982,2026-07-14T11:52:17Z,2026-07-15T01:41:46Z,"[""stock-protocol-phase-results-costs"",""stock-protocol-phase-results-costs""]",archive,historical_reference,none
stock-protocol-phase-results-entries,4,46040,2026-07-13T15:55:46Z,2026-07-14T21:18:24Z,"[""stock-protocol-phase-results-entries"",""stock-protocol-phase-results-entries"",""stock-protocol-phase-results-entries""]",archive,historical_reference,none
stock-protocol-phase-results-exits,3,50790,2026-07-13T18:39:50Z,2026-07-14T23:53:02Z,"[""stock-protocol-phase-results-exits"",""stock-protocol-phase-results-exits"",""stock-protocol-phase-results-exits""]",archive,historical_reference,none
stock-protocol-phase-results-portfolio,2,10946,2026-07-14T10:59:59Z,2026-07-15T00:50:08Z,"[""stock-protocol-phase-results-portfolio"",""stock-protocol-phase-results-portfolio""]",archive,historical_reference,none
stock-protocol-phase-results-signal,8,63778,2026-07-13T07:49:01Z,2026-07-14T19:45:16Z,"[""stock-protocol-phase-results-signal"",""stock-protocol-phase-results-signal"",""stock-protocol-phase-results-signal""]",archive,historical_reference,none
stock-protocol-phase-results-walk-forward,2,6144,2026-07-14T12:48:54Z,2026-07-15T02:32:30Z,"[""stock-protocol-phase-results-walk-forward"",""stock-protocol-phase-results-walk-forward""]",archive,historical_reference,none
stock-protocol-phase-results-weights,7,22623,2026-07-13T08:24:05Z,2026-07-14T20:27:14Z,"[""stock-protocol-phase-results-weights"",""stock-protocol-phase-results-weights"",""stock-protocol-phase-results-weights""]",archive,historical_reference,none
stock-protocol-portfolio-merged,11,534647,2026-07-16T14:50:48Z,2026-07-18T13:10:04Z,"[""stock-protocol-portfolio-merged"",""stock-protocol-portfolio-merged"",""stock-protocol-portfolio-merged""]",archive,historical_reference,none
stock-protocol-portfolio-plan,3,53521,2026-07-16T14:45:44Z,2026-07-17T13:46:48Z,"[""stock-protocol-portfolio-plan"",""stock-protocol-portfolio-plan"",""stock-protocol-portfolio-plan""]",archive,historical_reference,none
stock-protocol-portfolio-shard-{n},1400,724182,2026-07-12T23:59:58Z,2026-07-15T00:27:45Z,"[""stock-protocol-portfolio-shard-307"",""stock-protocol-portfolio-shard-285"",""stock-protocol-portfolio-shard-301""]",archive,historical_reference,none
stock-protocol-portfolio-task-{n},323,87982679,2026-07-16T14:46:51Z,2026-07-17T15:13:21Z,"[""stock-protocol-portfolio-task-7"",""stock-protocol-portfolio-task-132"",""stock-protocol-portfolio-task-6""]",archive,historical_reference,none
stock-protocol-postselection-candidate-{n},10,6893592,2026-07-18T13:59:16Z,2026-07-18T14:32:49Z,"[""stock-protocol-postselection-candidate-9"",""stock-protocol-postselection-candidate-2"",""stock-protocol-postselection-candidate-6""]",archive,historical_reference,none
stock-protocol-price-shard-{n},128,1634505722,2026-07-12T18:36:10Z,2026-07-12T18:58:33Z,"[""stock-protocol-price-shard-1"",""stock-protocol-price-shard-6"",""stock-protocol-price-shard-7""]",archive,historical_reference,none
stock-protocol-robustness-repaired-task-{n},360,293717,2026-07-18T19:54:05Z,2026-07-18T19:54:40Z,"[""stock-protocol-robustness-repaired-task-91"",""stock-protocol-robustness-repaired-task-189"",""stock-protocol-robustness-repaired-task-95""]",archive,historical_reference,none
stock-protocol-robustness-shard-{n},1080,321990,2026-07-13T01:39:56Z,2026-07-15T03:06:43Z,"[""stock-protocol-robustness-shard-224"",""stock-protocol-robustness-shard-186"",""stock-protocol-robustness-shard-136""]",archive,historical_reference,none
stock-protocol-robustness-task-{n},1070,4500638,2026-07-16T16:56:06Z,2026-07-18T14:34:47Z,"[""stock-protocol-robustness-task-55"",""stock-protocol-robustness-task-100"",""stock-protocol-robustness-task-37""]",archive,historical_reference,none
stock-protocol-scientific-full-universe-{n}jobs-corrected-results,1,12518988,2026-07-18T19:56:44Z,2026-07-18T19:56:44Z,"[""stock-protocol-scientific-full-universe-360jobs-corrected-results""]",archive,historical_reference,none
stock-protocol-scientific-full-universe-{n}jobs-results,1,12518232,2026-07-18T19:31:38Z,2026-07-18T19:31:38Z,"[""stock-protocol-scientific-full-universe-360jobs-results""]",archive,historical_reference,none
stock-protocol-scientific-holdout,2,6365612,2026-07-16T17:48:23Z,2026-07-18T19:30:25Z,"[""stock-protocol-scientific-holdout"",""stock-protocol-scientific-holdout""]",archive,historical_reference,none
stock-protocol-scientific-holdout-features,2,1244410358,2026-07-18T18:25:04Z,2026-07-18T19:11:42Z,"[""stock-protocol-scientific-holdout-features"",""stock-protocol-scientific-holdout-features""]",archive,historical_reference,none
stock-protocol-scientific-pack,10,1061121904,2026-07-16T14:20:59Z,2026-07-18T13:10:00Z,"[""stock-protocol-scientific-pack"",""stock-protocol-scientific-pack"",""stock-protocol-scientific-pack""]",archive,historical_reference,none
stock-protocol-scientific-postselection-inputs,4,10531901,2026-07-16T16:21:43Z,2026-07-18T14:33:44Z,"[""stock-protocol-scientific-postselection-inputs"",""stock-protocol-scientific-postselection-inputs"",""stock-protocol-scientific-postselection-inputs""]",archive,historical_reference,none
stock-protocol-scientific-postselection-inputs-repaired,1,6782074,2026-07-18T19:53:30Z,2026-07-18T19:53:30Z,"[""stock-protocol-scientific-postselection-inputs-repaired""]",archive,historical_reference,none
stock-protocol-scientific-price-shard-{n},32,325458841,2026-07-16T14:19:14Z,2026-07-16T14:19:48Z,"[""stock-protocol-scientific-price-shard-4"",""stock-protocol-scientific-price-shard-26"",""stock-protocol-scientific-price-shard-30""]",archive,historical_reference,none
stock-protocol-scientific-rebuild-{n}jobs-results,2,3436202,2026-07-16T17:49:13Z,2026-07-16T18:01:07Z,"[""stock-protocol-scientific-rebuild-360jobs-results"",""stock-protocol-scientific-rebuild-360jobs-results""]",archive,historical_reference,none
stock-protocol-scientific-robustness-merged,2,59732,2026-07-16T17:37:55Z,2026-07-18T14:35:38Z,"[""stock-protocol-scientific-robustness-merged"",""stock-protocol-scientific-robustness-merged""]",archive,historical_reference,none
stock-protocol-scientific-robustness-repaired,1,24136,2026-07-18T19:55:43Z,2026-07-18T19:55:43Z,"[""stock-protocol-scientific-robustness-repaired""]",archive,historical_reference,none
stock-protocol-scientific-universe,1,1049300,2026-07-16T14:18:07Z,2026-07-16T14:18:07Z,"[""stock-protocol-scientific-universe""]",archive,historical_reference,none
stock-protocol-signal-all,1,138135,2026-07-13T09:51:38Z,2026-07-13T09:51:38Z,"[""stock-protocol-signal-all""]",archive,historical_reference,none
stock-protocol-signal-merged,12,143219,2026-07-16T14:26:46Z,2026-07-18T13:10:01Z,"[""stock-protocol-signal-merged"",""stock-protocol-signal-merged"",""stock-protocol-signal-merged""]",archive,historical_reference,none
stock-protocol-signal-plan,4,7320,2026-07-16T14:21:43Z,2026-07-17T05:49:38Z,"[""stock-protocol-signal-plan"",""stock-protocol-signal-plan"",""stock-protocol-signal-plan""]",archive,historical_reference,none
stock-protocol-signal-shard-{n},4140,1642363,2026-07-12T19:17:19Z,2026-07-14T19:39:03Z,"[""stock-protocol-signal-shard-230"",""stock-protocol-signal-shard-180"",""stock-protocol-signal-shard-226""]",archive,historical_reference,none
stock-protocol-signal-task-{n},98,634065061,2026-07-16T14:23:46Z,2026-07-17T07:34:47Z,"[""stock-protocol-signal-task-40"",""stock-protocol-signal-task-29"",""stock-protocol-signal-task-30""]",archive,historical_reference,none
stock-protocol-universe,4,1035294,2026-07-12T18:34:59Z,2026-07-12T18:56:42Z,"[""stock-protocol-universe"",""stock-protocol-universe"",""stock-protocol-universe""]",archive,historical_reference,none
stock-protocol-walk-forward-shard-{n},1080,253878,2026-07-13T01:11:09Z,2026-07-15T02:13:13Z,"[""stock-protocol-walk-forward-shard-186"",""stock-protocol-walk-forward-shard-26"",""stock-protocol-walk-forward-shard-39""]",archive,historical_reference,none
stock-protocol-weights-all,1,80944,2026-07-13T10:26:34Z,2026-07-13T10:26:34Z,"[""stock-protocol-weights-all""]",archive,historical_reference,none
stock-protocol-weights-merged,12,61824,2026-07-16T14:32:28Z,2026-07-18T13:10:02Z,"[""stock-protocol-weights-merged"",""stock-protocol-weights-merged"",""stock-protocol-weights-merged""]",archive,historical_reference,none
stock-protocol-weights-plan,2,2320,2026-07-16T14:27:34Z,2026-07-17T07:37:18Z,"[""stock-protocol-weights-plan"",""stock-protocol-weights-plan""]",archive,historical_reference,none
stock-protocol-weights-shard-{n},3239,799376,2026-07-12T20:16:17Z,2026-07-14T20:19:54Z,"[""stock-protocol-weights-shard-55"",""stock-protocol-weights-shard-52"",""stock-protocol-weights-shard-125""]",archive,historical_reference,none
stock-protocol-weights-task-{n},4,11038876,2026-07-16T14:31:31Z,2026-07-17T08:41:35Z,"[""stock-protocol-weights-task-1"",""stock-protocol-weights-task-0"",""stock-protocol-weights-task-1""]",archive,historical_reference,none
stock-protocol-{n}-corrected-{n}-A,10,2704130839,2026-07-21T15:08:53Z,2026-07-21T22:10:39Z,"[""stock-protocol-290-corrected-0-A"",""stock-protocol-290-corrected-1-A"",""stock-protocol-290-corrected-3-A""]",archive,historical_reference,none
stock-protocol-{n}-corrected-{n}-A-slice-{n},6,622624920,2026-07-21T21:30:26Z,2026-07-21T22:06:43Z,"[""stock-protocol-290-corrected-7-A-slice-3"",""stock-protocol-290-corrected-7-A-slice-2"",""stock-protocol-290-corrected-7-A-slice-0""]",archive,historical_reference,none
stock-protocol-{n}-corrected-{n}-B,10,2020821919,2026-07-21T15:02:27Z,2026-07-21T18:46:30Z,"[""stock-protocol-290-corrected-2-B"",""stock-protocol-290-corrected-1-B"",""stock-protocol-290-corrected-3-B""]",archive,historical_reference,none
stock-protocol-{n}-corrected-{n}-C,10,2221980639,2026-07-21T14:41:12Z,2026-07-21T17:41:48Z,"[""stock-protocol-290-corrected-1-C"",""stock-protocol-290-corrected-0-C"",""stock-protocol-290-corrected-4-C""]",archive,historical_reference,none
stock-protocol-{n}-frozen-fx,3,4351032,2026-07-21T13:51:39Z,2026-07-21T14:13:53Z,"[""stock-protocol-290-frozen-fx"",""stock-protocol-290-frozen-fx"",""stock-protocol-290-frozen-fx""]",archive,historical_reference,none
stock-protocol-{n}-historical-{n},10,33209,2026-07-21T16:44:07Z,2026-07-21T19:03:29Z,"[""stock-protocol-290-historical-8"",""stock-protocol-290-historical-5"",""stock-protocol-290-historical-1""]",archive,historical_reference,none
stock-protocol-{n}-prepared-entry-{n},20,12020439376,2026-07-22T11:58:19Z,2026-07-24T11:36:57Z,"[""stock-protocol-290-prepared-entry-1"",""stock-protocol-290-prepared-entry-0"",""stock-protocol-290-prepared-entry-5""]",archive,historical_reference,none
stock-protocol-{n}-tests-{n}jobs-results,1,130053,2026-07-15T05:58:11Z,2026-07-15T05:58:11Z,"[""stock-protocol-36-tests-360jobs-results""]",archive,historical_reference,none
swr-cashfloor-controller-mdd{n}-corr{n}-data,1,27455,2026-06-04T12:05:54Z,2026-06-04T12:05:54Z,"[""swr-cashfloor-controller-mdd15-corr95-data""]",archive,historical_reference,none
swr-cashfloor-controller-mdd{n}-corr{n}-family-{n}-shard-{n},360,2196853,2026-06-04T12:51:34Z,2026-06-04T12:52:47Z,"[""swr-cashfloor-controller-mdd15-corr95-family-13-shard-17"",""swr-cashfloor-controller-mdd15-corr95-family-2-shard-15"",""swr-cashfloor-controller-mdd15-corr95-family-15-shard-2""]",archive,historical_reference,none
swr-cashfloor-controller-mdd{n}-corr{n}-{n}jobs-results,1,3851647,2026-06-04T12:53:37Z,2026-06-04T12:53:37Z,"[""swr-cashfloor-controller-mdd15-corr95-360jobs-results""]",archive,historical_reference,none
swr-corr{n}-drawdown-guard-mdd{n}-data,2,26469,2026-06-03T17:50:51Z,2026-06-03T18:01:02Z,"[""swr-corr95-drawdown-guard-mdd25-data"",""swr-corr95-drawdown-guard-mdd25-data""]",archive,historical_reference,none
swr-corr{n}-drawdown-guard-mdd{n}-family-{n}-shard-{n},375,3732818,2026-06-03T18:46:42Z,2026-06-03T18:48:36Z,"[""swr-corr95-drawdown-guard-mdd25-family-10-shard-1"",""swr-corr95-drawdown-guard-mdd25-family-0-shard-1"",""swr-corr95-drawdown-guard-mdd25-family-11-shard-4""]",archive,historical_reference,none
swr-corr{n}-drawdown-guard-mdd{n}-{n}jobs-results,2,6661167,2026-06-03T17:53:13Z,2026-06-03T18:49:28Z,"[""swr-corr95-drawdown-guard-mdd25-360jobs-results"",""swr-corr95-drawdown-guard-mdd25-360jobs-results""]",archive,historical_reference,none
swr-corr{n}-feature-sweep-mdd{n}-data,1,25078,2026-06-03T16:47:53Z,2026-06-03T16:47:53Z,"[""swr-corr95-feature-sweep-mdd25-data""]",archive,historical_reference,none
swr-corr{n}-feature-sweep-mdd{n}-family-{n}-shard-{n},360,3259369,2026-06-03T17:33:30Z,2026-06-03T17:34:40Z,"[""swr-corr95-feature-sweep-mdd25-family-10-shard-6"",""swr-corr95-feature-sweep-mdd25-family-11-shard-4"",""swr-corr95-feature-sweep-mdd25-family-10-shard-9""]",archive,historical_reference,none
swr-corr{n}-feature-sweep-mdd{n}-{n}jobs-results,1,6014564,2026-06-03T17:35:38Z,2026-06-03T17:35:38Z,"[""swr-corr95-feature-sweep-mdd25-360jobs-results""]",archive,historical_reference,none
swr-cppi-corr{n}-data,1,10161,2026-06-03T10:40:06Z,2026-06-03T10:40:06Z,"[""swr-cppi-corr95-data""]",archive,historical_reference,none
swr-cppi-corr{n}-family-{n}-shard-{n},360,3507065,2026-06-03T10:41:27Z,2026-06-03T10:49:29Z,"[""swr-cppi-corr95-family-10-shard-9"",""swr-cppi-corr95-family-13-shard-5"",""swr-cppi-corr95-family-10-shard-17""]",archive,historical_reference,none
swr-cppi-corr{n}-{n}jobs-results,1,6671683,2026-06-03T10:50:28Z,2026-06-03T10:50:28Z,"[""swr-cppi-corr95-360jobs-results""]",archive,historical_reference,none
swr-daily-tactical-mdd{n}-corr{n}-data,1,733873,2026-06-04T18:52:57Z,2026-06-04T18:52:57Z,"[""swr-daily-tactical-mdd15-corr95-data""]",archive,historical_reference,none
swr-daily-tactical-mdd{n}-corr{n}-{n}jobs-results,1,735810,2026-06-04T19:34:05Z,2026-06-04T19:34:05Z,"[""swr-daily-tactical-mdd15-corr95-360jobs-results""]",archive,historical_reference,none
swr-floor-controller-mdd{n}-corr{n}-data,1,27480,2026-06-04T11:07:59Z,2026-06-04T11:07:59Z,"[""swr-floor-controller-mdd15-corr95-data""]",archive,historical_reference,none
swr-floor-controller-mdd{n}-corr{n}-family-{n}-shard-{n},360,13091332,2026-06-04T11:53:35Z,2026-06-04T11:54:55Z,"[""swr-floor-controller-mdd15-corr95-family-1-shard-13"",""swr-floor-controller-mdd15-corr95-family-11-shard-3"",""swr-floor-controller-mdd15-corr95-family-1-shard-16""]",archive,historical_reference,none
swr-floor-controller-mdd{n}-corr{n}-{n}jobs-results,1,25546652,2026-06-04T11:55:50Z,2026-06-04T11:55:50Z,"[""swr-floor-controller-mdd15-corr95-360jobs-results""]",archive,historical_reference,none
swr-invvol-guard-mdd{n}-corr{n}-data,1,38478,2026-06-04T15:39:13Z,2026-06-04T15:39:13Z,"[""swr-invvol-guard-mdd15-corr95-data""]",archive,historical_reference,none
swr-invvol-guard-mdd{n}-corr{n}-family-{n}-shard-{n},359,13808948,2026-06-04T16:24:54Z,2026-06-04T16:26:19Z,"[""swr-invvol-guard-mdd15-corr95-family-0-shard-1"",""swr-invvol-guard-mdd15-corr95-family-2-shard-12"",""swr-invvol-guard-mdd15-corr95-family-1-shard-9""]",archive,historical_reference,none
swr-invvol-guard-mdd{n}-corr{n}-{n}jobs-results,1,27065557,2026-06-04T16:27:17Z,2026-06-04T16:27:17Z,"[""swr-invvol-guard-mdd15-corr95-360jobs-results""]",archive,historical_reference,none
swr-mdd{n}-trainonly-corr{n}-data,1,24547,2026-06-04T05:29:14Z,2026-06-04T05:29:14Z,"[""swr-mdd15-trainonly-corr95-data""]",archive,historical_reference,none
swr-mdd{n}-trainonly-corr{n}-family-{n}-shard-{n},360,4549521,2026-06-04T06:14:53Z,2026-06-04T06:16:39Z,"[""swr-mdd15-trainonly-corr95-family-13-shard-1"",""swr-mdd15-trainonly-corr95-family-1-shard-8"",""swr-mdd15-trainonly-corr95-family-10-shard-3""]",archive,historical_reference,none
swr-mdd{n}-trainonly-corr{n}-{n}jobs-results,1,8521013,2026-06-04T06:17:29Z,2026-06-04T06:17:29Z,"[""swr-mdd15-trainonly-corr95-360jobs-results""]",archive,historical_reference,none
swr-multiasset-corr{n}-mdd{n}-data,3,73735,2026-06-03T14:40:36Z,2026-06-03T15:24:50Z,"[""swr-multiasset-corr95-mdd25-data"",""swr-multiasset-corr95-mdd25-data"",""swr-multiasset-corr95-mdd25-data""]",archive,historical_reference,none
swr-multiasset-corr{n}-mdd{n}-family-{n}-shard-{n},360,2872806,2026-06-03T16:10:29Z,2026-06-03T16:13:46Z,"[""swr-multiasset-corr95-mdd25-family-15-shard-17"",""swr-multiasset-corr95-mdd25-family-11-shard-16"",""swr-multiasset-corr95-mdd25-family-11-shard-0""]",archive,historical_reference,none
swr-multiasset-corr{n}-mdd{n}-{n}jobs-results,3,5335479,2026-06-03T15:16:51Z,2026-06-03T16:14:38Z,"[""swr-multiasset-corr95-mdd25-360jobs-results"",""swr-multiasset-corr95-mdd25-360jobs-results"",""swr-multiasset-corr95-mdd25-360jobs-results""]",archive,historical_reference,none
swr-path-cppi-expanded-universe-mdd{n}-corr{n}-data,1,38530,2026-06-04T14:21:06Z,2026-06-04T14:21:06Z,"[""swr-path-cppi-expanded-universe-mdd15-corr95-data""]",archive,historical_reference,none
swr-path-cppi-expanded-universe-mdd{n}-corr{n}-family-{n}-shard-{n},360,12674000,2026-06-04T14:45:49Z,2026-06-04T15:08:11Z,"[""swr-path-cppi-expanded-universe-mdd15-corr95-family-17-shard-1"",""swr-path-cppi-expanded-universe-mdd15-corr95-family-4-shard-5"",""swr-path-cppi-expanded-universe-mdd15-corr95-family-9-shard-5""]",archive,historical_reference,none
swr-path-cppi-expanded-universe-mdd{n}-corr{n}-{n}jobs-results,1,35801824,2026-06-04T15:09:09Z,2026-06-04T15:09:09Z,"[""swr-path-cppi-expanded-universe-mdd15-corr95-360jobs-results""]",archive,historical_reference,none
swr-path-cppi-focused-cv-mdd{n}-corr{n}-data,1,27415,2026-06-04T17:46:34Z,2026-06-04T17:46:34Z,"[""swr-path-cppi-focused-cv-mdd15-corr95-data""]",archive,historical_reference,none
swr-path-cppi-focused-cv-mdd{n}-corr{n}-family-{n}-shard-{n},360,10902515,2026-06-04T18:24:11Z,2026-06-04T18:33:39Z,"[""swr-path-cppi-focused-cv-mdd15-corr95-family-15-shard-0"",""swr-path-cppi-focused-cv-mdd15-corr95-family-12-shard-9"",""swr-path-cppi-focused-cv-mdd15-corr95-family-2-shard-3""]",archive,historical_reference,none
swr-path-cppi-focused-cv-mdd{n}-corr{n}-{n}jobs-results,1,21291183,2026-06-04T18:34:41Z,2026-06-04T18:34:41Z,"[""swr-path-cppi-focused-cv-mdd15-corr95-360jobs-results""]",archive,historical_reference,none
swr-path-cppi-focused-mdd{n}-corr{n}-data,1,27456,2026-06-04T16:42:02Z,2026-06-04T16:42:02Z,"[""swr-path-cppi-focused-mdd15-corr95-data""]",archive,historical_reference,none
swr-path-cppi-focused-mdd{n}-corr{n}-family-{n}-shard-{n},360,10913931,2026-06-04T17:21:22Z,2026-06-04T17:29:07Z,"[""swr-path-cppi-focused-mdd15-corr95-family-15-shard-0"",""swr-path-cppi-focused-mdd15-corr95-family-14-shard-12"",""swr-path-cppi-focused-mdd15-corr95-family-0-shard-12""]",archive,historical_reference,none
swr-path-cppi-focused-mdd{n}-corr{n}-{n}jobs-results,1,22281701,2026-06-04T17:30:09Z,2026-06-04T17:30:09Z,"[""swr-path-cppi-focused-mdd15-corr95-360jobs-results""]",archive,historical_reference,none
swr-path-cppi-mdd{n}-trainonly-corr{n}-data,7,163624,2026-06-04T06:26:23Z,2026-06-04T08:26:33Z,"[""swr-path-cppi-mdd15-trainonly-corr95-data"",""swr-path-cppi-mdd15-trainonly-corr95-data"",""swr-path-cppi-mdd15-trainonly-corr95-data""]",archive,historical_reference,none
swr-path-cppi-mdd{n}-trainonly-corr{n}-family-{n}-shard-{n},2520,67787065,2026-06-04T06:27:33Z,2026-06-04T09:22:27Z,"[""swr-path-cppi-mdd15-trainonly-corr95-family-11-shard-7"",""swr-path-cppi-mdd15-trainonly-corr95-family-15-shard-14"",""swr-path-cppi-mdd15-trainonly-corr95-family-10-shard-5""]",archive,historical_reference,none
swr-path-cppi-mdd{n}-trainonly-corr{n}-{n}jobs-results,7,140909809,2026-06-04T06:30:01Z,2026-06-04T09:23:22Z,"[""swr-path-cppi-mdd15-trainonly-corr95-360jobs-results"",""swr-path-cppi-mdd15-trainonly-corr95-360jobs-results"",""swr-path-cppi-mdd15-trainonly-corr95-360jobs-results""]",archive,historical_reference,none
swr-path-cppi-refined-mdd{n}-corr{n}-data,1,27456,2026-06-04T13:03:18Z,2026-06-04T13:03:18Z,"[""swr-path-cppi-refined-mdd15-corr95-data""]",archive,historical_reference,none
swr-path-cppi-refined-mdd{n}-corr{n}-family-{n}-shard-{n},360,10848862,2026-06-04T13:39:05Z,2026-06-04T13:51:08Z,"[""swr-path-cppi-refined-mdd15-corr95-family-18-shard-9"",""swr-path-cppi-refined-mdd15-corr95-family-10-shard-15"",""swr-path-cppi-refined-mdd15-corr95-family-4-shard-15""]",archive,historical_reference,none
swr-path-cppi-refined-mdd{n}-corr{n}-{n}jobs-results,1,26442899,2026-06-04T13:52:00Z,2026-06-04T13:52:00Z,"[""swr-path-cppi-refined-mdd15-corr95-360jobs-results""]",archive,historical_reference,none
swr-regime-timing-mdd{n}-corr{n}-data,1,27361,2026-06-04T10:11:05Z,2026-06-04T10:11:05Z,"[""swr-regime-timing-mdd15-corr95-data""]",archive,historical_reference,none
swr-regime-timing-mdd{n}-corr{n}-family-{n}-shard-{n},360,11184750,2026-06-04T10:56:45Z,2026-06-04T10:58:09Z,"[""swr-regime-timing-mdd15-corr95-family-1-shard-5"",""swr-regime-timing-mdd15-corr95-family-11-shard-10"",""swr-regime-timing-mdd15-corr95-family-10-shard-12""]",archive,historical_reference,none
swr-regime-timing-mdd{n}-corr{n}-{n}jobs-results,1,21807076,2026-06-04T10:59:09Z,2026-06-04T10:59:09Z,"[""swr-regime-timing-mdd15-corr95-360jobs-results""]",archive,historical_reference,none
swr-static-smooth-hardstress-mdd{n}-corr{n}-data,1,27428,2026-06-04T09:55:55Z,2026-06-04T09:55:55Z,"[""swr-static-smooth-hardstress-mdd15-corr95-data""]",archive,historical_reference,none
swr-static-smooth-hardstress-mdd{n}-corr{n}-family-{n}-shard-{n},360,9444672,2026-06-04T09:58:36Z,2026-06-04T10:01:59Z,"[""swr-static-smooth-hardstress-mdd15-corr95-family-12-shard-11"",""swr-static-smooth-hardstress-mdd15-corr95-family-14-shard-2"",""swr-static-smooth-hardstress-mdd15-corr95-family-18-shard-14""]",archive,historical_reference,none
swr-static-smooth-hardstress-mdd{n}-corr{n}-{n}jobs-results,1,18381975,2026-06-04T10:02:56Z,2026-06-04T10:02:56Z,"[""swr-static-smooth-hardstress-mdd15-corr95-360jobs-results""]",archive,historical_reference,none
swr-static-smooth-mdd{n}-corr{n}-data,1,27406,2026-06-04T09:37:14Z,2026-06-04T09:37:14Z,"[""swr-static-smooth-mdd15-corr95-data""]",archive,historical_reference,none
swr-static-smooth-mdd{n}-corr{n}-family-{n}-shard-{n},360,8727945,2026-06-04T09:39:05Z,2026-06-04T09:41:11Z,"[""swr-static-smooth-mdd15-corr95-family-12-shard-6"",""swr-static-smooth-mdd15-corr95-family-11-shard-6"",""swr-static-smooth-mdd15-corr95-family-4-shard-9""]",archive,historical_reference,none
swr-static-smooth-mdd{n}-corr{n}-{n}jobs-results,1,17058901,2026-06-04T09:42:12Z,2026-06-04T09:42:12Z,"[""swr-static-smooth-mdd15-corr95-360jobs-results""]",archive,historical_reference,none
swr-strict-final-gt-initial-data,2,45957,2026-06-03T09:44:31Z,2026-06-03T10:19:33Z,"[""swr-strict-final-gt-initial-data"",""swr-strict-final-gt-initial-data""]",archive,historical_reference,none
swr-strict-final-gt-initial-family-{n}-shard-{n},147,1554590,2026-06-03T09:45:27Z,2026-06-03T11:04:57Z,"[""swr-strict-final-gt-initial-family-3-shard-6"",""swr-strict-final-gt-initial-family-3-shard-8"",""swr-strict-final-gt-initial-family-3-shard-4""]",archive,historical_reference,none
swr-strict-final-gt-initial-{n}jobs-results,2,2993089,2026-06-03T09:58:56Z,2026-06-03T11:10:36Z,"[""swr-strict-final-gt-initial-360jobs-results"",""swr-strict-final-gt-initial-360jobs-results""]",archive,historical_reference,none
swr-tsmom-corr{n}-data,3,30535,2026-06-03T11:08:49Z,2026-06-03T11:45:40Z,"[""swr-tsmom-corr95-data"",""swr-tsmom-corr95-data"",""swr-tsmom-corr95-data""]",archive,historical_reference,none
swr-tsmom-corr{n}-family-{n}-shard-{n},721,8868132,2026-06-03T11:12:01Z,2026-06-03T12:40:10Z,"[""swr-tsmom-corr95-family-2-shard-5"",""swr-tsmom-corr95-family-11-shard-12"",""swr-tsmom-corr95-family-10-shard-14""]",archive,historical_reference,none
swr-tsmom-corr{n}-{n}jobs-results,3,16954648,2026-06-03T11:16:35Z,2026-06-03T12:41:13Z,"[""swr-tsmom-corr95-360jobs-results"",""swr-tsmom-corr95-360jobs-results"",""swr-tsmom-corr95-360jobs-results""]",archive,historical_reference,none
swr-{n}-etf-proxy-{n}-family-{n}-shard-{n},360,254752692,2026-06-03T06:02:26Z,2026-06-03T06:04:56Z,"[""swr-20-etf-proxy-2000-family-0-shard-6"",""swr-20-etf-proxy-2000-family-14-shard-7"",""swr-20-etf-proxy-2000-family-0-shard-16""]",archive,historical_reference,none
swr-{n}-etf-proxy-{n}-no-locked-{n}jobs-results,1,478282417,2026-06-03T06:06:17Z,2026-06-03T06:06:17Z,"[""swr-20-etf-proxy-2000-no-locked-360jobs-results""]",archive,historical_reference,none
tradingview-minervini-indicator-pack-group-{n},16,1248750267,2026-06-22T13:57:59Z,2026-06-22T16:19:14Z,"[""tradingview-minervini-indicator-pack-group-000"",""tradingview-minervini-indicator-pack-group-001"",""tradingview-minervini-indicator-pack-group-002""]",archive,historical_reference,none
tradingview-minervini-indicator-small-results,2,2123118,2026-06-22T14:06:38Z,2026-06-22T16:28:55Z,"[""tradingview-minervini-indicator-small-results"",""tradingview-minervini-indicator-small-results""]",archive,historical_reference,none
tradingview-minervini-indicator-stage-{n},128,23218604,2026-06-22T14:04:44Z,2026-06-22T16:28:01Z,"[""tradingview-minervini-indicator-stage-014"",""tradingview-minervini-indicator-stage-038"",""tradingview-minervini-indicator-stage-020""]",archive,historical_reference,none
weekly-spy-dehb-real-{n}-parallel-{n}h-momentum-trend-data,3,34711303,2026-06-02T08:18:34Z,2026-06-02T12:07:53Z,"[""weekly-spy-dehb-real-500-parallel-1h-momentum-trend-data"",""weekly-spy-dehb-real-500-parallel-1h-momentum-trend-data"",""weekly-spy-dehb-real-500-parallel-1h-momentum-trend-data""]",archive,historical_reference,none
weekly-spy-dehb-real-{n}-parallel-{n}h-momentum-trend-leaderboard,3,102373796,2026-06-02T10:38:07Z,2026-06-02T13:43:07Z,"[""weekly-spy-dehb-real-500-parallel-1h-momentum-trend-leaderboard"",""weekly-spy-dehb-real-500-parallel-1h-momentum-trend-leaderboard"",""weekly-spy-dehb-real-500-parallel-1h-momentum-trend-leaderboard""]",archive,historical_reference,none
weekly-spy-dehb-real-{n}-parallel-{n}h-momentum-trend-no-long-spy-quality-data,1,13296739,2026-06-02T14:31:30Z,2026-06-02T14:31:30Z,"[""weekly-spy-dehb-real-500-parallel-1h-momentum-trend-no-long-spy-quality-data""]",archive,historical_reference,none
weekly-spy-dehb-real-{n}-parallel-{n}h-momentum-trend-no-long-spy-quality-leaderboard,1,93880528,2026-06-02T17:13:53Z,2026-06-02T17:13:53Z,"[""weekly-spy-dehb-real-500-parallel-1h-momentum-trend-no-long-spy-quality-leaderboard""]",archive,historical_reference,none
weekly-spy-dehb-real-{n}-parallel-{n}h-momentum-trend-no-long-spy-quality-stage-{n},179,58334861,2026-06-02T15:27:29Z,2026-06-02T15:38:26Z,"[""weekly-spy-dehb-real-500-parallel-1h-momentum-trend-no-long-spy-quality-stage-269"",""weekly-spy-dehb-real-500-parallel-1h-momentum-trend-no-long-spy-quality-stage-251"",""weekly-spy-dehb-real-500-parallel-1h-momentum-trend-no-long-spy-quality-stage-255""]",archive,historical_reference,none
weekly-spy-dehb-real-{n}-parallel-{n}h-momentum-trend-stage-{n},358,3856374113,2026-06-02T09:31:48Z,2026-06-02T12:59:12Z,"[""weekly-spy-dehb-real-500-parallel-1h-momentum-trend-stage-323"",""weekly-spy-dehb-real-500-parallel-1h-momentum-trend-stage-7"",""weekly-spy-dehb-real-500-parallel-1h-momentum-trend-stage-371""]",archive,historical_reference,none
wheel,525,906390398,2026-05-08T06:17:42Z,2026-08-02T19:43:08Z,"[""wheel"",""wheel"",""wheel""]",archive,historical_reference,none
