asset_type,identity,owner,purpose,product,status,canonical_replacement,retention_class,last_verified_at,decision,sha_or_id
branch,codex/body-wick-sr-launch,github-user:271768688,source branch,AURORA_RESEARCH,inactive_preserved,none,historical_source,2026-08-03T05:47:25.644301Z,archive,6d3810fcf1f568fc06a22ec22ad1a9249d163615
branch,codex/github-performance-benchmark-matrix,github-user:271768688,source branch,AURORA_PERFORMANCE_FRAMEWORK,inactive_preserved,none,historical_source,2026-08-03T05:47:25.644301Z,archive,443e16410337fbcfea05e82acdd878b73426bb5f
branch,codex/github-performance-merge-only-de53-proof,github-user:271768688,source branch,AURORA_PERFORMANCE_FRAMEWORK,inactive_preserved,none,historical_source,2026-08-03T05:47:25.644301Z,archive,de53d6b4613b5b9741f325bacc18b51be6220c39
branch,codex/github-performance-native-fallback,github-user:271768688,source branch,AURORA_PERFORMANCE_FRAMEWORK,inactive_preserved,none,historical_source,2026-08-03T05:47:25.644301Z,archive,5787f4b73690abfdf6deffe7803f4ebd4ac416be
branch,codex/github-performance-phases2-3,github-user:271768688,source branch,AURORA_PERFORMANCE_FRAMEWORK,inactive_preserved,none,historical_source,2026-08-03T05:47:25.644301Z,archive,2bfe9ce1295816cfd8103e1c99759024548160ea
branch,codex/github-performance-profile-proof-403c,github-user:271768688,source branch,AURORA_PERFORMANCE_FRAMEWORK,inactive_preserved,none,historical_source,2026-08-03T05:47:25.644301Z,archive,403c165efabc69c0c8c98a88790572b1d3b0bac1
branch,codex/github-performance-profile-reuse,github-user:271768688,source branch,AURORA_PERFORMANCE_FRAMEWORK,inactive_preserved,none,historical_source,2026-08-03T05:47:25.644301Z,archive,5284e01b0913077e267bd0147e1e84880449caf4
branch,codex/github-performance-reference-fault,github-user:271768688,source branch,AURORA_PERFORMANCE_FRAMEWORK,inactive_preserved,none,historical_source,2026-08-03T05:47:25.644301Z,archive,3139bd1843274748a05c25a8c3f88fa65ea5cec4
branch,codex/github-performance-validation-closure,github-user:271768688,source branch,AURORA_PERFORMANCE_FRAMEWORK,inactive_preserved,none,historical_source,2026-08-03T05:47:25.644301Z,archive,6d7ea6fe60c709d0b3f81721f20206282c5a53f1
branch,codex/gtbi-clean-portfolio-sizing-v7,github-user:271768688,source branch,GTBI_HISTORICAL_RESEARCH,inactive_preserved,gtbi_v7_new_reference_v1,historical_source,2026-08-03T05:47:25.644301Z,archive,c4df224a2ff4f04e83963ab357c01e2d79048936
branch,codex/gtbi-github-only-external-pack-72000,github-user:271768688,source branch,GTBI_HISTORICAL_RESEARCH,inactive_preserved,gtbi_v7_new_reference_v1,historical_source,2026-08-03T05:47:25.644301Z,archive,cb80c5065c127322a303d58aea0f6c05337a6c9e
branch,codex/gtbi-v7-campaign-27cf8448,github-user:271768688,source branch,GTBI_HISTORICAL_RESEARCH,inactive_preserved,gtbi_v7_new_reference_v1,historical_source,2026-08-03T05:47:25.644301Z,archive,27cf8448dd0e50ec1869e305aae8eaf016252258
branch,codex/gtbi-v7-campaign-final-20260802,github-user:271768688,source branch,GTBI_HISTORICAL_RESEARCH,inactive_preserved,gtbi_v7_new_reference_v1,historical_source,2026-08-03T05:47:25.644301Z,archive,05b00b04ebeca2315c3538ee5382c893c30f22ff
branch,codex/gtbi-v7-campaign-final-hashseed-20260802,github-user:271768688,source branch,GTBI_HISTORICAL_RESEARCH,inactive_preserved,gtbi_v7_new_reference_v1,historical_source,2026-08-03T05:47:25.644301Z,archive,e262264031ce70ee8e50d3f28d4771fb9072670b
branch,codex/gtbi-v7-canonical-successor,github-user:271768688,source branch,GTBI_HISTORICAL_RESEARCH,inactive_preserved,gtbi_v7_new_reference_v1,historical_source,2026-08-03T05:47:25.644301Z,archive,c80543123e94e6fb670cfdb6fa73549775cfaf30
branch,codex/gtbi-v7-ci-subprocess-timeout,github-user:271768688,source branch,GTBI_HISTORICAL_RESEARCH,inactive_preserved,gtbi_v7_new_reference_v1,historical_source,2026-08-03T05:47:25.644301Z,archive,1b19c7ee8b8f7fd01d62c2725e26abfd8f8153eb
branch,codex/gtbi-v7-completed-clean,github-user:271768688,source branch,GTBI_HISTORICAL_RESEARCH,active,gtbi_v7_new_reference_v1,active_source,2026-08-03T05:47:25.644301Z,keep,a3d0211c333be84cd78464131357cdb623aa938d
branch,codex/gtbi-v7-finalizer-recovery,github-user:271768688,source branch,GTBI_HISTORICAL_RESEARCH,inactive_preserved,gtbi_v7_new_reference_v1,historical_source,2026-08-03T05:47:25.644301Z,archive,5af95f6f2a1faaf484675c9b22eba31663a48874
branch,codex/gtbi-v7-finalizer-recovery-final-20260802,github-user:271768688,source branch,GTBI_HISTORICAL_RESEARCH,inactive_preserved,gtbi_v7_new_reference_v1,historical_source,2026-08-03T05:47:25.644301Z,archive,23dbe2ff82541d3fee1828f320c20903c403f571
branch,codex/gtbi-v7-fingerprint-fix,github-user:271768688,source branch,GTBI_HISTORICAL_RESEARCH,inactive_preserved,gtbi_v7_new_reference_v1,historical_source,2026-08-03T05:47:25.644301Z,archive,198b41e9600b4950736558deea5a470f6d06bd69
branch,codex/gtbi-v7-g3a-baseline,github-user:271768688,source branch,GTBI_HISTORICAL_RESEARCH,inactive_preserved,gtbi_v7_new_reference_v1,historical_source,2026-08-03T05:47:25.644301Z,archive,34ea5e5d30f985e6dd39c6a1520d9715f91124a8
branch,codex/gtbi-v7-master-plan-bootstrap,github-user:271768688,source branch,GTBI_HISTORICAL_RESEARCH,inactive_preserved,gtbi_v7_new_reference_v1,historical_source,2026-08-03T05:47:25.644301Z,archive,a559dbb1fa5de30b3250083d38be2672c702fb48
branch,codex/gtbi-v7-master-plan-completion,github-user:271768688,source branch,GTBI_HISTORICAL_RESEARCH,inactive_preserved,gtbi_v7_new_reference_v1,historical_source,2026-08-03T05:47:25.644301Z,archive,0cc8506dee833cac59e5f4cd58a32183a1c3cb4c
branch,codex/gtbi-v7-merge-recovery-final-20260802,github-user:271768688,source branch,GTBI_HISTORICAL_RESEARCH,inactive_preserved,gtbi_v7_new_reference_v1,historical_source,2026-08-03T05:47:25.644301Z,archive,7f4441c3270d46981323fe4e489850c6afc39a6d
branch,codex/gtbi-v7-new-reference,github-user:271768688,source branch,GTBI_V7_CANONICAL_SUCCESSOR_1,inactive_preserved,none,historical_source,2026-08-03T05:47:25.644301Z,archive,4c2a411fb3b48b18deeb52196047ab78e6feeec9
branch,codex/gtbi-v7-provider-transition-reconciliation,github-user:271768688,source branch,GTBI_HISTORICAL_RESEARCH,inactive_preserved,gtbi_v7_new_reference_v1,historical_source,2026-08-03T05:47:25.644301Z,archive,d00e7c82f004d546ae49e97ca38bca5425da1299
branch,codex/gtbi-v7-readiness-execution,github-user:271768688,source branch,GTBI_HISTORICAL_RESEARCH,inactive_preserved,gtbi_v7_new_reference_v1,historical_source,2026-08-03T05:47:25.644301Z,archive,0585535666749ee83e7d65edfb9c99b854756b55
branch,codex/gtbi-v7-reproducibility-classification,github-user:271768688,source branch,GTBI_HISTORICAL_RESEARCH,inactive_preserved,gtbi_v7_new_reference_v1,historical_source,2026-08-03T05:47:25.644301Z,archive,bd92bb83533595081b582320f65c4e83c688d67d
branch,codex/gtbi-v7-retention-policy,github-user:271768688,source branch,GTBI_HISTORICAL_RESEARCH,inactive_preserved,gtbi_v7_new_reference_v1,historical_source,2026-08-03T05:47:25.644301Z,archive,19417eb9fa412e1a1ebf069a9b1d5074a2c46eb3
branch,codex/gtbi-v7-scope-gates,github-user:271768688,source branch,GTBI_HISTORICAL_RESEARCH,inactive_preserved,gtbi_v7_new_reference_v1,historical_source,2026-08-03T05:47:25.644301Z,archive,6c46f2669e8dd1e514a042ea4b8cc1a0b1f776b1
branch,codex/gtbi-v7-state-aware-history-tests,github-user:271768688,source branch,GTBI_HISTORICAL_RESEARCH,inactive_preserved,gtbi_v7_new_reference_v1,historical_source,2026-08-03T05:47:25.644301Z,archive,b3087f3606033e125345382b4ff2849275b741bc
branch,codex/gtbi-v7-successor-reconciliation,github-user:271768688,source branch,GTBI_HISTORICAL_RESEARCH,inactive_preserved,gtbi_v7_new_reference_v1,historical_source,2026-08-03T05:47:25.644301Z,archive,8dd2d035ff1b663fc069cd8b21d455743c39c358
branch,codex/gtbi-v7-terminal-audit,github-user:271768688,source branch,GTBI_HISTORICAL_RESEARCH,inactive_preserved,gtbi_v7_new_reference_v1,historical_source,2026-08-03T05:47:25.644301Z,archive,fa9fae3d1fb1ba9b94644a28dec4cbb558a4bb1f
branch,codex/openap-current-main,github-user:271768688,source branch,OPEN_ASSET_PRICING,inactive_preserved,none,historical_source,2026-08-03T05:47:25.644301Z,archive,e9ef78321e4728d07e5293f19ddd6fa44eaa33d7
branch,codex/openap-final-execution-record,github-user:271768688,source branch,OPEN_ASSET_PRICING,inactive_preserved,none,historical_source,2026-08-03T05:47:25.644301Z,archive,f27981e41bee6a38096dba70128ea4b09358285a
branch,codex/openap-full-data-quality-fix,github-user:271768688,source branch,OPEN_ASSET_PRICING,inactive_preserved,none,historical_source,2026-08-03T05:47:25.644301Z,archive,c0d426041d05b3a5ffc7b66a09fc9bd056e451d7
branch,codex/openap-sec-fallback,github-user:271768688,source branch,OPEN_ASSET_PRICING,inactive_preserved,none,historical_source,2026-08-03T05:47:25.644301Z,archive,43f816ae6555455d05c9350a3f43dbce28b2ab85
branch,codex/openap-startup-fix,github-user:271768688,source branch,OPEN_ASSET_PRICING,inactive_preserved,none,historical_source,2026-08-03T05:47:25.644301Z,archive,aeb44245285224965111ba9cd70cacf1a9a76f98
branch,codex/openap-yfinance-sec-current-score,github-user:271768688,source branch,OPEN_ASSET_PRICING,inactive_preserved,none,historical_source,2026-08-03T05:47:25.644301Z,archive,4274ce1b5f2e259006ddaf0e630a4d1c2fabe899
branch,codex/pit-limited-36tests-360jobs,github-user:271768688,source branch,AURORA_RESEARCH,inactive_preserved,none,historical_source,2026-08-03T05:47:25.644301Z,archive,42a6cd389bc9b67a46be2ca38a950bd869f8f401
branch,codex/register-calmar-gt1-pvalue-workflow,github-user:271768688,source branch,AURORA_RESEARCH,inactive_preserved,none,historical_source,2026-08-03T05:47:25.644301Z,archive,557d5cb775b9aaf5162d68c63993636a0c6f2bee
branch,codex/spy-15m-sr-main,github-user:271768688,source branch,AURORA_RESEARCH,inactive_preserved,none,historical_source,2026-08-03T05:47:25.644301Z,archive,70a183629667f5ff56830379f1b82ee994d76252
branch,codex/spy-annual-dominance-360,github-user:271768688,source branch,AURORA_RESEARCH,inactive_preserved,none,historical_source,2026-08-03T05:47:25.644301Z,archive,03326e1e748da70c89a4a74a133d7d66a7547989
branch,codex/stock-protocol-290-event-study,github-user:271768688,source branch,AURORA_RESEARCH,inactive_preserved,none,historical_source,2026-08-03T05:47:25.644301Z,archive,8b312b3310b9e295994d2282d4556524d960d802
branch,codex/stock-protocol-full-universe,github-user:271768688,source branch,AURORA_RESEARCH,inactive_preserved,none,historical_source,2026-08-03T05:47:25.644301Z,archive,c35d78a6ee3e4626dde81f4a6625143043cd8dcf
branch,codex/stock-protocol-opportunity-audit,github-user:271768688,source branch,AURORA_RESEARCH,inactive_preserved,none,historical_source,2026-08-03T05:47:25.644301Z,archive,d40b6a85545cc38ec0062064ee8a6ea0ad0467a5
branch,codex/stock-protocol-scientific-validity,github-user:271768688,source branch,AURORA_RESEARCH,active,codex/stock-protocol-scientific-validity,active_source,2026-08-03T05:47:25.644301Z,keep,c125be464b78c3e109b27e942d4ee75681f93c43
branch,codex/universal-robustness,github-user:271768688,source branch,AURORA_RESEARCH,inactive_preserved,none,historical_source,2026-08-03T05:47:25.644301Z,archive,8f833f303abf7563b61f8452470e36bf2eaf41c6
branch,gtbi-readiness-state/g3a-minimum-governance-close-v1-30630073918,github-user:271768688,source branch,GTBI_HISTORICAL_RESEARCH,inactive_preserved,gtbi_v7_new_reference_v1,historical_source,2026-08-03T05:47:25.644301Z,archive,07650195a3ef6a89e03642a5ebb7d991476f78a2
branch,gtbi-readiness-state/g3a-minimum-governance-close-v1-30631724300,github-user:271768688,source branch,GTBI_HISTORICAL_RESEARCH,inactive_preserved,gtbi_v7_new_reference_v1,historical_source,2026-08-03T05:47:25.644301Z,archive,ff6630c0f6b7159963830cac32a277209ded3c60
branch,gtbi-readiness-state/g3b-preservation-owner-v1-30650893319,github-user:271768688,source branch,GTBI_HISTORICAL_RESEARCH,inactive_preserved,gtbi_v7_new_reference_v1,historical_source,2026-08-03T05:47:25.644301Z,archive,cb9d5704181560fe6d68ea52b9d3040ec6fe9fb3
branch,main,github-user:271768688,source branch,AURORA_RESEARCH,active,main,active_source,2026-08-03T05:47:25.644301Z,keep,92dc42e5a96e4dcff93a6b4dffe900330b5e9acf
workflow,.github/workflows/_aurora-future-run-v3.yml,github-user:271768688,workflow definition,AURORA_RESEARCH,active,none,historical_reference,2026-08-03T05:47:25.644301Z,archive,320290657
run_family,.github/workflows/_aurora-future-run-v3.yml,github-user:271768688,workflow run family,AURORA_RESEARCH,active,none,historical_reference,2026-08-03T05:47:25.644301Z,archive,320290657
workflow,.github/workflows/_aurora-merge-level-v3.yml,github-user:271768688,workflow definition,AURORA_RESEARCH,active,none,historical_reference,2026-08-03T05:47:25.644301Z,archive,320727704
run_family,.github/workflows/_aurora-merge-level-v3.yml,github-user:271768688,workflow run family,AURORA_RESEARCH,active,none,historical_reference,2026-08-03T05:47:25.644301Z,archive,320727704
workflow,.github/workflows/_aurora-recovery-plan-v3.yml,github-user:271768688,workflow definition,AURORA_RESEARCH,active,none,historical_reference,2026-08-03T05:47:25.644301Z,archive,320727705
run_family,.github/workflows/_aurora-recovery-plan-v3.yml,github-user:271768688,workflow run family,AURORA_RESEARCH,active,none,historical_reference,2026-08-03T05:47:25.644301Z,archive,320727705
workflow,.github/workflows/_aurora-retry-shard-v3.yml,github-user:271768688,workflow definition,AURORA_RESEARCH,active,none,historical_reference,2026-08-03T05:47:25.644301Z,archive,320727707
run_family,.github/workflows/_aurora-retry-shard-v3.yml,github-user:271768688,workflow run family,AURORA_RESEARCH,active,none,historical_reference,2026-08-03T05:47:25.644301Z,archive,320727707
workflow,.github/workflows/_stock-protocol-original-290-event-study.yml,github-user:271768688,workflow definition,AURORA_RESEARCH,active,none,historical_reference,2026-08-03T05:47:25.644301Z,archive,317461210
run_family,.github/workflows/_stock-protocol-original-290-event-study.yml,github-user:271768688,workflow run family,AURORA_RESEARCH,active,none,historical_reference,2026-08-03T05:47:25.644301Z,archive,317461210
workflow,.github/workflows/aurora-maintenance-inventory.yml,github-user:271768688,workflow definition,AURORA_RESEARCH,active,.github/workflows/aurora-maintenance-inventory.yml,operational,2026-08-03T05:47:25.644301Z,keep,325753973
run_family,.github/workflows/aurora-maintenance-inventory.yml,github-user:271768688,workflow run family,AURORA_RESEARCH,active,.github/workflows/aurora-maintenance-inventory.yml,operational,2026-08-03T05:47:25.644301Z,keep,325753973
workflow,.github/workflows/aurora-maintenance-retention.yml,github-user:271768688,workflow definition,AURORA_RESEARCH,active,.github/workflows/aurora-maintenance-retention.yml,operational,2026-08-03T05:47:25.644301Z,keep,324700260
run_family,.github/workflows/aurora-maintenance-retention.yml,github-user:271768688,workflow run family,AURORA_RESEARCH,active,.github/workflows/aurora-maintenance-retention.yml,operational,2026-08-03T05:47:25.644301Z,keep,324700260
workflow,.github/workflows/body-wick-selected-prior-period.yml,github-user:271768688,workflow definition,AURORA_RESEARCH,active,none,historical_reference,2026-08-03T05:47:25.644301Z,archive,296724240
run_family,.github/workflows/body-wick-selected-prior-period.yml,github-user:271768688,workflow run family,AURORA_RESEARCH,active,none,historical_reference,2026-08-03T05:47:25.644301Z,archive,296724240
workflow,.github/workflows/body-wick-sr-15m-21symbols-backtest.yml,github-user:271768688,workflow definition,AURORA_RESEARCH,active,none,historical_reference,2026-08-03T05:47:25.644301Z,archive,295803532
run_family,.github/workflows/body-wick-sr-15m-21symbols-backtest.yml,github-user:271768688,workflow run family,AURORA_RESEARCH,active,none,historical_reference,2026-08-03T05:47:25.644301Z,archive,295803532
workflow,.github/workflows/body-wick-sr-15m-overnight-age-sweep.yml,github-user:271768688,workflow definition,AURORA_RESEARCH,active,none,historical_reference,2026-08-03T05:47:25.644301Z,archive,296525584
run_family,.github/workflows/body-wick-sr-15m-overnight-age-sweep.yml,github-user:271768688,workflow run family,AURORA_RESEARCH,active,none,historical_reference,2026-08-03T05:47:25.644301Z,archive,296525584
workflow,.github/workflows/btc-5m-all-features-5methods-trainonly-1h-180jobs.yml,github-user:271768688,workflow definition,AURORA_RESEARCH,active,none,historical_reference,2026-08-03T05:47:25.644301Z,archive,286086870
run_family,.github/workflows/btc-5m-all-features-5methods-trainonly-1h-180jobs.yml,github-user:271768688,workflow run family,AURORA_RESEARCH,active,none,historical_reference,2026-08-03T05:47:25.644301Z,archive,286086870
workflow,.github/workflows/btc-5m-all-features-5methods-trainonly-9h-max500-real180.yml,github-user:271768688,workflow definition,AURORA_RESEARCH,active,none,historical_reference,2026-08-03T05:47:25.644301Z,archive,286139756
run_family,.github/workflows/btc-5m-all-features-5methods-trainonly-9h-max500-real180.yml,github-user:271768688,workflow run family,AURORA_RESEARCH,active,none,historical_reference,2026-08-03T05:47:25.644301Z,archive,286139756
workflow,.github/workflows/btc-5m-all-features-5methods-trainonly-9h-wave.yml,github-user:271768688,workflow definition,AURORA_RESEARCH,active,none,historical_reference,2026-08-03T05:47:25.644301Z,archive,286379387
run_family,.github/workflows/btc-5m-all-features-5methods-trainonly-9h-wave.yml,github-user:271768688,workflow run family,AURORA_RESEARCH,active,none,historical_reference,2026-08-03T05:47:25.644301Z,archive,286379387
workflow,.github/workflows/btc-5m-pf105-statistical-robustness.yml,github-user:271768688,workflow definition,AURORA_RESEARCH,active,none,historical_reference,2026-08-03T05:47:25.644301Z,archive,286298143
run_family,.github/workflows/btc-5m-pf105-statistical-robustness.yml,github-user:271768688,workflow run family,AURORA_RESEARCH,active,none,historical_reference,2026-08-03T05:47:25.644301Z,archive,286298143
workflow,.github/workflows/calmar-gt1-pvalue-bootstrap-173495.yml,github-user:271768688,workflow definition,AURORA_RESEARCH,active,none,historical_reference,2026-08-03T05:47:25.644301Z,archive,292950796
run_family,.github/workflows/calmar-gt1-pvalue-bootstrap-173495.yml,github-user:271768688,workflow run family,AURORA_RESEARCH,active,none,historical_reference,2026-08-03T05:47:25.644301Z,archive,292950796
workflow,.github/workflows/concurrency-smoke-500.yml,github-user:271768688,workflow definition,AURORA_RESEARCH,active,none,historical_reference,2026-08-03T05:47:25.644301Z,archive,288260871
run_family,.github/workflows/concurrency-smoke-500.yml,github-user:271768688,workflow run family,AURORA_RESEARCH,active,none,historical_reference,2026-08-03T05:47:25.644301Z,archive,288260871
workflow,.github/workflows/docs.yml,github-user:271768688,workflow definition,AURORA_RESEARCH,active,.github/workflows/docs.yml,operational,2026-08-03T05:47:25.644301Z,keep,285545152
run_family,.github/workflows/docs.yml,github-user:271768688,workflow run family,AURORA_RESEARCH,active,.github/workflows/docs.yml,operational,2026-08-03T05:47:25.644301Z,keep,285545152
workflow,.github/workflows/free-15m-equity-universe-download.yml,github-user:271768688,workflow definition,AURORA_RESEARCH,active,none,historical_reference,2026-08-03T05:47:25.644301Z,archive,295743329
run_family,.github/workflows/free-15m-equity-universe-download.yml,github-user:271768688,workflow run family,AURORA_RESEARCH,active,none,historical_reference,2026-08-03T05:47:25.644301Z,archive,295743329
workflow,.github/workflows/free-global-yahoo-daily-data-lake.yml,github-user:271768688,workflow definition,AURORA_RESEARCH,active,none,historical_reference,2026-08-03T05:47:25.644301Z,archive,299820555
run_family,.github/workflows/free-global-yahoo-daily-data-lake.yml,github-user:271768688,workflow run family,AURORA_RESEARCH,active,none,historical_reference,2026-08-03T05:47:25.644301Z,archive,299820555
workflow,.github/workflows/github-parallel-smoke-500.yml,github-user:271768688,workflow definition,AURORA_RESEARCH,active,none,historical_reference,2026-08-03T05:47:25.644301Z,archive,286851214
run_family,.github/workflows/github-parallel-smoke-500.yml,github-user:271768688,workflow run family,AURORA_RESEARCH,active,none,historical_reference,2026-08-03T05:47:25.644301Z,archive,286851214
workflow,.github/workflows/github-performance-benchmark.yml,github-user:271768688,workflow definition,AURORA_PERFORMANCE_FRAMEWORK,active,none,historical_reference,2026-08-03T05:47:25.644301Z,archive,320290659
run_family,.github/workflows/github-performance-benchmark.yml,github-user:271768688,workflow run family,AURORA_PERFORMANCE_FRAMEWORK,active,none,historical_reference,2026-08-03T05:47:25.644301Z,archive,320290659
workflow,.github/workflows/github-performance-ci.yml,github-user:271768688,workflow definition,AURORA_PERFORMANCE_FRAMEWORK,active,.github/workflows/github-performance-ci.yml,operational,2026-08-03T05:47:25.644301Z,keep,320205203
run_family,.github/workflows/github-performance-ci.yml,github-user:271768688,workflow run family,AURORA_PERFORMANCE_FRAMEWORK,active,.github/workflows/github-performance-ci.yml,operational,2026-08-03T05:47:25.644301Z,keep,320205203
workflow,.github/workflows/github-performance-merge-only.yml,github-user:271768688,workflow definition,AURORA_PERFORMANCE_FRAMEWORK,active,none,historical_reference,2026-08-03T05:47:25.644301Z,archive,320727709
run_family,.github/workflows/github-performance-merge-only.yml,github-user:271768688,workflow run family,AURORA_PERFORMANCE_FRAMEWORK,active,none,historical_reference,2026-08-03T05:47:25.644301Z,archive,320727709
workflow,.github/workflows/github-performance-policy.yml,github-user:271768688,workflow definition,AURORA_PERFORMANCE_FRAMEWORK,active,none,historical_reference,2026-08-03T05:47:25.644301Z,archive,320254506
run_family,.github/workflows/github-performance-policy.yml,github-user:271768688,workflow run family,AURORA_PERFORMANCE_FRAMEWORK,active,none,historical_reference,2026-08-03T05:47:25.644301Z,archive,320254506
workflow,.github/workflows/github-performance-reference.yml,github-user:271768688,workflow definition,AURORA_PERFORMANCE_FRAMEWORK,active,none,historical_reference,2026-08-03T05:47:25.644301Z,archive,320290661
run_family,.github/workflows/github-performance-reference.yml,github-user:271768688,workflow run family,AURORA_PERFORMANCE_FRAMEWORK,active,none,historical_reference,2026-08-03T05:47:25.644301Z,archive,320290661
workflow,.github/workflows/github-performance-replan.yml,github-user:271768688,workflow definition,AURORA_PERFORMANCE_FRAMEWORK,active,none,historical_reference,2026-08-03T05:47:25.644301Z,archive,320727710
run_family,.github/workflows/github-performance-replan.yml,github-user:271768688,workflow run family,AURORA_PERFORMANCE_FRAMEWORK,active,none,historical_reference,2026-08-03T05:47:25.644301Z,archive,320727710
workflow,.github/workflows/github-performance-validation.yml,github-user:271768688,workflow definition,AURORA_PERFORMANCE_FRAMEWORK,active,none,historical_reference,2026-08-03T05:47:25.644301Z,archive,320727711
run_family,.github/workflows/github-performance-validation.yml,github-user:271768688,workflow run family,AURORA_PERFORMANCE_FRAMEWORK,active,none,historical_reference,2026-08-03T05:47:25.644301Z,archive,320727711
workflow,.github/workflows/global-technical-buy-indicator-355jobs.yml,github-user:271768688,workflow definition,GTBI_HISTORICAL_RESEARCH,active,gtbi_v7_new_reference_v1,historical_reference,2026-08-03T05:47:25.644301Z,archive,300066557
run_family,.github/workflows/global-technical-buy-indicator-355jobs.yml,github-user:271768688,workflow run family,GTBI_HISTORICAL_RESEARCH,active,gtbi_v7_new_reference_v1,historical_reference,2026-08-03T05:47:25.644301Z,archive,300066557
workflow,.github/workflows/global-technical-buy-indicator-external-pack-1800jobs.yml,github-user:271768688,workflow definition,GTBI_HISTORICAL_RESEARCH,active,gtbi_v7_new_reference_v1,historical_reference,2026-08-03T05:47:25.644301Z,archive,302572659
run_family,.github/workflows/global-technical-buy-indicator-external-pack-1800jobs.yml,github-user:271768688,workflow run family,GTBI_HISTORICAL_RESEARCH,active,gtbi_v7_new_reference_v1,historical_reference,2026-08-03T05:47:25.644301Z,archive,302572659
workflow,.github/workflows/global-technical-buy-indicator-external-pack-360jobs.yml,github-user:271768688,workflow definition,GTBI_HISTORICAL_RESEARCH,active,gtbi_v7_new_reference_v1,historical_reference,2026-08-03T05:47:25.644301Z,archive,301040582
run_family,.github/workflows/global-technical-buy-indicator-external-pack-360jobs.yml,github-user:271768688,workflow run family,GTBI_HISTORICAL_RESEARCH,active,gtbi_v7_new_reference_v1,historical_reference,2026-08-03T05:47:25.644301Z,archive,301040582
workflow,.github/workflows/global-technical-buy-indicator-final-recheck-parallel.yml,github-user:271768688,workflow definition,GTBI_HISTORICAL_RESEARCH,active,gtbi_v7_new_reference_v1,historical_reference,2026-08-03T05:47:25.644301Z,archive,300460001
run_family,.github/workflows/global-technical-buy-indicator-final-recheck-parallel.yml,github-user:271768688,workflow run family,GTBI_HISTORICAL_RESEARCH,active,gtbi_v7_new_reference_v1,historical_reference,2026-08-03T05:47:25.644301Z,archive,300460001
workflow,.github/workflows/global-technical-buy-indicator-final-recheck.yml,github-user:271768688,workflow definition,GTBI_HISTORICAL_RESEARCH,active,gtbi_v7_new_reference_v1,historical_reference,2026-08-03T05:47:25.644301Z,archive,300433905
run_family,.github/workflows/global-technical-buy-indicator-final-recheck.yml,github-user:271768688,workflow run family,GTBI_HISTORICAL_RESEARCH,active,gtbi_v7_new_reference_v1,historical_reference,2026-08-03T05:47:25.644301Z,archive,300433905
workflow,.github/workflows/global-technical-buy-indicator-v5-smoke.yml,github-user:271768688,workflow definition,GTBI_HISTORICAL_RESEARCH,active,gtbi_v7_new_reference_v1,historical_reference,2026-08-03T05:47:25.644301Z,archive,303595841
run_family,.github/workflows/global-technical-buy-indicator-v5-smoke.yml,github-user:271768688,workflow run family,GTBI_HISTORICAL_RESEARCH,active,gtbi_v7_new_reference_v1,historical_reference,2026-08-03T05:47:25.644301Z,archive,303595841
workflow,.github/workflows/gtbi-v7-inventory.yml,github-user:271768688,workflow definition,GTBI_HISTORICAL_RESEARCH,active,gtbi_v7_new_reference_v1,historical_reference,2026-08-03T05:47:25.644301Z,archive,323546210
run_family,.github/workflows/gtbi-v7-inventory.yml,github-user:271768688,workflow run family,GTBI_HISTORICAL_RESEARCH,active,gtbi_v7_new_reference_v1,historical_reference,2026-08-03T05:47:25.644301Z,archive,323546210
workflow,.github/workflows/gtbi-v7-master-plan-quality.yml,github-user:271768688,workflow definition,GTBI_HISTORICAL_RESEARCH,active,gtbi_v7_new_reference_v1,historical_reference,2026-08-03T05:47:25.644301Z,archive,323189363
run_family,.github/workflows/gtbi-v7-master-plan-quality.yml,github-user:271768688,workflow run family,GTBI_HISTORICAL_RESEARCH,active,gtbi_v7_new_reference_v1,historical_reference,2026-08-03T05:47:25.644301Z,archive,323189363
workflow,.github/workflows/gtbi-v7-new-reference-merge-recovery.yml,github-user:271768688,workflow definition,GTBI_V7_CANONICAL_SUCCESSOR_1,active,.github/workflows/gtbi-v7-new-reference-merge-recovery.yml,canonical_scientific,2026-08-03T05:47:25.644301Z,keep,325665259
run_family,.github/workflows/gtbi-v7-new-reference-merge-recovery.yml,github-user:271768688,workflow run family,GTBI_V7_CANONICAL_SUCCESSOR_1,active,.github/workflows/gtbi-v7-new-reference-merge-recovery.yml,canonical_scientific,2026-08-03T05:47:25.644301Z,keep,325665259
workflow,.github/workflows/gtbi-v7-new-reference-worker.yml,github-user:271768688,workflow definition,GTBI_V7_CANONICAL_SUCCESSOR_1,active,.github/workflows/gtbi-v7-new-reference-worker.yml,canonical_scientific,2026-08-03T05:47:25.644301Z,keep,325119525
run_family,.github/workflows/gtbi-v7-new-reference-worker.yml,github-user:271768688,workflow run family,GTBI_V7_CANONICAL_SUCCESSOR_1,active,.github/workflows/gtbi-v7-new-reference-worker.yml,canonical_scientific,2026-08-03T05:47:25.644301Z,keep,325119525
workflow,.github/workflows/gtbi-v7-new-reference.yml,github-user:271768688,workflow definition,GTBI_V7_CANONICAL_SUCCESSOR_1,active,.github/workflows/gtbi-v7-new-reference.yml,canonical_scientific,2026-08-03T05:47:25.644301Z,keep,325119526
run_family,.github/workflows/gtbi-v7-new-reference.yml,github-user:271768688,workflow run family,GTBI_V7_CANONICAL_SUCCESSOR_1,active,.github/workflows/gtbi-v7-new-reference.yml,canonical_scientific,2026-08-03T05:47:25.644301Z,keep,325119526
workflow,.github/workflows/gtbi-v7-no-go-close.yml,github-user:271768688,workflow definition,GTBI_HISTORICAL_RESEARCH,active,gtbi_v7_new_reference_v1,historical_reference,2026-08-03T05:47:25.644301Z,archive,325047592
run_family,.github/workflows/gtbi-v7-no-go-close.yml,github-user:271768688,workflow run family,GTBI_HISTORICAL_RESEARCH,active,gtbi_v7_new_reference_v1,historical_reference,2026-08-03T05:47:25.644301Z,archive,325047592
workflow,.github/workflows/gtbi-v7-readiness-state-controller.yml,github-user:271768688,workflow definition,GTBI_HISTORICAL_RESEARCH,active,gtbi_v7_new_reference_v1,historical_reference,2026-08-03T05:47:25.644301Z,archive,323838960
run_family,.github/workflows/gtbi-v7-readiness-state-controller.yml,github-user:271768688,workflow run family,GTBI_HISTORICAL_RESEARCH,active,gtbi_v7_new_reference_v1,historical_reference,2026-08-03T05:47:25.644301Z,archive,323838960
workflow,.github/workflows/gtbi-v7-stage-two-required.yml,github-user:271768688,workflow definition,GTBI_HISTORICAL_RESEARCH,active,gtbi_v7_new_reference_v1,historical_reference,2026-08-03T05:47:25.644301Z,archive,324588562
run_family,.github/workflows/gtbi-v7-stage-two-required.yml,github-user:271768688,workflow run family,GTBI_HISTORICAL_RESEARCH,active,gtbi_v7_new_reference_v1,historical_reference,2026-08-03T05:47:25.644301Z,archive,324588562
workflow,.github/workflows/lint.yml,github-user:271768688,workflow definition,AURORA_RESEARCH,active,.github/workflows/lint.yml,operational,2026-08-03T05:47:25.644301Z,keep,273081041
run_family,.github/workflows/lint.yml,github-user:271768688,workflow run family,AURORA_RESEARCH,active,.github/workflows/lint.yml,operational,2026-08-03T05:47:25.644301Z,keep,273081041
workflow,.github/workflows/literature-campaign-to-backtest.yml,github-user:271768688,workflow definition,AURORA_RESEARCH,active,none,historical_reference,2026-08-03T05:47:25.644301Z,archive,287942995
run_family,.github/workflows/literature-campaign-to-backtest.yml,github-user:271768688,workflow run family,AURORA_RESEARCH,active,none,historical_reference,2026-08-03T05:47:25.644301Z,archive,287942995
workflow,.github/workflows/literature-pdf-text-extract-29855.yml,github-user:271768688,workflow definition,AURORA_RESEARCH,active,none,historical_reference,2026-08-03T05:47:25.644301Z,archive,287002691
run_family,.github/workflows/literature-pdf-text-extract-29855.yml,github-user:271768688,workflow run family,AURORA_RESEARCH,active,none,historical_reference,2026-08-03T05:47:25.644301Z,archive,287002691
workflow,.github/workflows/literature-sharpe2-paper-variants-360jobs.yml,github-user:271768688,workflow definition,AURORA_RESEARCH,active,none,historical_reference,2026-08-03T05:47:25.644301Z,archive,290810523
run_family,.github/workflows/literature-sharpe2-paper-variants-360jobs.yml,github-user:271768688,workflow run family,AURORA_RESEARCH,active,none,historical_reference,2026-08-03T05:47:25.644301Z,archive,290810523
workflow,.github/workflows/literature-strategy-backtest-9419-9h.yml,github-user:271768688,workflow definition,AURORA_RESEARCH,active,none,historical_reference,2026-08-03T05:47:25.644301Z,archive,287174176
run_family,.github/workflows/literature-strategy-backtest-9419-9h.yml,github-user:271768688,workflow run family,AURORA_RESEARCH,active,none,historical_reference,2026-08-03T05:47:25.644301Z,archive,287174176
workflow,.github/workflows/literature-strategy-idea-discovery-9h.yml,github-user:271768688,workflow definition,AURORA_RESEARCH,active,none,historical_reference,2026-08-03T05:47:25.644301Z,archive,285544613
run_family,.github/workflows/literature-strategy-idea-discovery-9h.yml,github-user:271768688,workflow run family,AURORA_RESEARCH,active,none,historical_reference,2026-08-03T05:47:25.644301Z,archive,285544613
workflow,.github/workflows/minervini-sepa-marketcap2b-daily-screener.yml,github-user:271768688,workflow definition,AURORA_RESEARCH,active,none,historical_reference,2026-08-03T05:47:25.644301Z,archive,299423069
run_family,.github/workflows/minervini-sepa-marketcap2b-daily-screener.yml,github-user:271768688,workflow run family,AURORA_RESEARCH,active,none,historical_reference,2026-08-03T05:47:25.644301Z,archive,299423069
workflow,.github/workflows/minervini-sepa-usa-europe-50m-daily-screener.yml,github-user:271768688,workflow definition,AURORA_RESEARCH,active,none,historical_reference,2026-08-03T05:47:25.644301Z,archive,299435895
run_family,.github/workflows/minervini-sepa-usa-europe-50m-daily-screener.yml,github-user:271768688,workflow run family,AURORA_RESEARCH,active,none,historical_reference,2026-08-03T05:47:25.644301Z,archive,299435895
workflow,.github/workflows/openap-yfinance-sec-current-score.yml,github-user:271768688,workflow definition,OPEN_ASSET_PRICING,active,none,historical_reference,2026-08-03T05:47:25.644301Z,archive,325182497
run_family,.github/workflows/openap-yfinance-sec-current-score.yml,github-user:271768688,workflow run family,OPEN_ASSET_PRICING,active,none,historical_reference,2026-08-03T05:47:25.644301Z,archive,325182497
workflow,.github/workflows/openap-yfinance-sec-repair-merge.yml,github-user:271768688,workflow definition,OPEN_ASSET_PRICING,active,none,historical_reference,2026-08-03T05:47:25.644301Z,archive,325502440
run_family,.github/workflows/openap-yfinance-sec-repair-merge.yml,github-user:271768688,workflow run family,OPEN_ASSET_PRICING,active,none,historical_reference,2026-08-03T05:47:25.644301Z,archive,325502440
workflow,.github/workflows/openassetpricing-correlation-audit.yml,github-user:271768688,workflow definition,OPEN_ASSET_PRICING,active,.github/workflows/openassetpricing-correlation-audit.yml,operational,2026-08-03T05:47:25.644301Z,keep,324740912
run_family,.github/workflows/openassetpricing-correlation-audit.yml,github-user:271768688,workflow run family,OPEN_ASSET_PRICING,active,.github/workflows/openassetpricing-correlation-audit.yml,operational,2026-08-03T05:47:25.644301Z,keep,324740912
workflow,.github/workflows/paper-aqr-factor-sharpe2-360stages.yml,github-user:271768688,workflow definition,AURORA_RESEARCH,active,none,historical_reference,2026-08-03T05:47:25.644301Z,archive,290866132
run_family,.github/workflows/paper-aqr-factor-sharpe2-360stages.yml,github-user:271768688,workflow run family,AURORA_RESEARCH,active,none,historical_reference,2026-08-03T05:47:25.644301Z,archive,290866132
workflow,.github/workflows/paper-cboe-sentiment-sharpe2-360jobs.yml,github-user:271768688,workflow definition,AURORA_RESEARCH,active,none,historical_reference,2026-08-03T05:47:25.644301Z,archive,290896235
run_family,.github/workflows/paper-cboe-sentiment-sharpe2-360jobs.yml,github-user:271768688,workflow run family,AURORA_RESEARCH,active,none,historical_reference,2026-08-03T05:47:25.644301Z,archive,290896235
workflow,.github/workflows/paper-operable-ensemble-sharpe2-360stages.yml,github-user:271768688,workflow definition,AURORA_RESEARCH,active,none,historical_reference,2026-08-03T05:47:25.644301Z,archive,290883386
run_family,.github/workflows/paper-operable-ensemble-sharpe2-360stages.yml,github-user:271768688,workflow run family,AURORA_RESEARCH,active,none,historical_reference,2026-08-03T05:47:25.644301Z,archive,290883386
workflow,.github/workflows/paper-sharpe2-nightly-30min-until-0630.yml,github-user:271768688,workflow definition,AURORA_RESEARCH,active,none,historical_reference,2026-08-03T05:47:25.644301Z,archive,291592222
run_family,.github/workflows/paper-sharpe2-nightly-30min-until-0630.yml,github-user:271768688,workflow run family,AURORA_RESEARCH,active,none,historical_reference,2026-08-03T05:47:25.644301Z,archive,291592222
workflow,.github/workflows/paper-sharpe2-nightly-novel-30min-until-0630.yml,github-user:271768688,workflow definition,AURORA_RESEARCH,active,none,historical_reference,2026-08-03T05:47:25.644301Z,archive,292336646
run_family,.github/workflows/paper-sharpe2-nightly-novel-30min-until-0630.yml,github-user:271768688,workflow run family,AURORA_RESEARCH,active,none,historical_reference,2026-08-03T05:47:25.644301Z,archive,292336646
workflow,.github/workflows/paper-sharpe2-overnight-360jobs.yml,github-user:271768688,workflow definition,AURORA_RESEARCH,active,none,historical_reference,2026-08-03T05:47:25.644301Z,archive,290910798
run_family,.github/workflows/paper-sharpe2-overnight-360jobs.yml,github-user:271768688,workflow run family,AURORA_RESEARCH,active,none,historical_reference,2026-08-03T05:47:25.644301Z,archive,290910798
workflow,.github/workflows/paper-spy-daily-event-sharpe2-360jobs.yml,github-user:271768688,workflow definition,AURORA_RESEARCH,active,none,historical_reference,2026-08-03T05:47:25.644301Z,archive,290847693
run_family,.github/workflows/paper-spy-daily-event-sharpe2-360jobs.yml,github-user:271768688,workflow run family,AURORA_RESEARCH,active,none,historical_reference,2026-08-03T05:47:25.644301Z,archive,290847693
workflow,.github/workflows/paper-spy-monthly-sharpe2-quick-360jobs.yml,github-user:271768688,workflow definition,AURORA_RESEARCH,active,none,historical_reference,2026-08-03T05:47:25.644301Z,archive,291507685
run_family,.github/workflows/paper-spy-monthly-sharpe2-quick-360jobs.yml,github-user:271768688,workflow run family,AURORA_RESEARCH,active,none,historical_reference,2026-08-03T05:47:25.644301Z,archive,291507685
workflow,.github/workflows/paper-spy-weekly-regime-sharpe2-quick-360jobs.yml,github-user:271768688,workflow definition,AURORA_RESEARCH,active,none,historical_reference,2026-08-03T05:47:25.644301Z,archive,291456200
run_family,.github/workflows/paper-spy-weekly-regime-sharpe2-quick-360jobs.yml,github-user:271768688,workflow run family,AURORA_RESEARCH,active,none,historical_reference,2026-08-03T05:47:25.644301Z,archive,291456200
workflow,.github/workflows/paper-spy-weekly-sharpe2-360jobs.yml,github-user:271768688,workflow definition,AURORA_RESEARCH,active,none,historical_reference,2026-08-03T05:47:25.644301Z,archive,290830496
run_family,.github/workflows/paper-spy-weekly-sharpe2-360jobs.yml,github-user:271768688,workflow run family,AURORA_RESEARCH,active,none,historical_reference,2026-08-03T05:47:25.644301Z,archive,290830496
workflow,.github/workflows/paper-spy-weekly-sharpe2-quick-360jobs.yml,github-user:271768688,workflow definition,AURORA_RESEARCH,active,none,historical_reference,2026-08-03T05:47:25.644301Z,archive,291182451
run_family,.github/workflows/paper-spy-weekly-sharpe2-quick-360jobs.yml,github-user:271768688,workflow run family,AURORA_RESEARCH,active,none,historical_reference,2026-08-03T05:47:25.644301Z,archive,291182451
workflow,.github/workflows/property-thorough.yml,github-user:271768688,workflow definition,AURORA_RESEARCH,active,.github/workflows/property-thorough.yml,operational,2026-08-03T05:47:25.644301Z,keep,285545153
run_family,.github/workflows/property-thorough.yml,github-user:271768688,workflow run family,AURORA_RESEARCH,active,.github/workflows/property-thorough.yml,operational,2026-08-03T05:47:25.644301Z,keep,285545153
workflow,.github/workflows/security.yml,github-user:271768688,workflow definition,AURORA_RESEARCH,active,.github/workflows/security.yml,operational,2026-08-03T05:47:25.644301Z,keep,285545154
run_family,.github/workflows/security.yml,github-user:271768688,workflow run family,AURORA_RESEARCH,active,.github/workflows/security.yml,operational,2026-08-03T05:47:25.644301Z,keep,285545154
workflow,.github/workflows/sp500-26-paper-locked-strategy-report.yml,github-user:271768688,workflow definition,AURORA_RESEARCH,active,none,historical_reference,2026-08-03T05:47:25.644301Z,archive,296913129
run_family,.github/workflows/sp500-26-paper-locked-strategy-report.yml,github-user:271768688,workflow run family,AURORA_RESEARCH,active,none,historical_reference,2026-08-03T05:47:25.644301Z,archive,296913129
workflow,.github/workflows/sp500-26-paper-replication-backtest.yml,github-user:271768688,workflow definition,AURORA_RESEARCH,active,none,historical_reference,2026-08-03T05:47:25.644301Z,archive,296732659
run_family,.github/workflows/sp500-26-paper-replication-backtest.yml,github-user:271768688,workflow run family,AURORA_RESEARCH,active,none,historical_reference,2026-08-03T05:47:25.644301Z,archive,296732659
workflow,.github/workflows/sp500-event-study-factory-core1950.yml,github-user:271768688,workflow definition,AURORA_RESEARCH,active,none,historical_reference,2026-08-03T05:47:25.644301Z,archive,297159103
run_family,.github/workflows/sp500-event-study-factory-core1950.yml,github-user:271768688,workflow run family,AURORA_RESEARCH,active,none,historical_reference,2026-08-03T05:47:25.644301Z,archive,297159103
workflow,.github/workflows/sp500-only-outperforming-study-finder.yml,github-user:271768688,workflow definition,AURORA_RESEARCH,active,none,historical_reference,2026-08-03T05:47:25.644301Z,archive,295784440
run_family,.github/workflows/sp500-only-outperforming-study-finder.yml,github-user:271768688,workflow run family,AURORA_RESEARCH,active,none,historical_reference,2026-08-03T05:47:25.644301Z,archive,295784440
workflow,.github/workflows/sp500-weekly-hedge-dehb-1wave-80jobs-1h.yml,github-user:271768688,workflow definition,AURORA_RESEARCH,active,none,historical_reference,2026-08-03T05:47:25.644301Z,archive,286418958
run_family,.github/workflows/sp500-weekly-hedge-dehb-1wave-80jobs-1h.yml,github-user:271768688,workflow run family,AURORA_RESEARCH,active,none,historical_reference,2026-08-03T05:47:25.644301Z,archive,286418958
workflow,.github/workflows/sp500-weekly-hedge-dehb-6waves-80jobs-1h.yml,github-user:271768688,workflow definition,AURORA_RESEARCH,active,none,historical_reference,2026-08-03T05:47:25.644301Z,archive,286418959
run_family,.github/workflows/sp500-weekly-hedge-dehb-6waves-80jobs-1h.yml,github-user:271768688,workflow run family,AURORA_RESEARCH,active,none,historical_reference,2026-08-03T05:47:25.644301Z,archive,286418959
workflow,.github/workflows/sp500-weekly-hedge-dehb-no-crypto-no-stocks-2waves-500jobs-180parallel-1h.yml,github-user:271768688,workflow definition,AURORA_RESEARCH,active,none,historical_reference,2026-08-03T05:47:25.644301Z,archive,286784126
run_family,.github/workflows/sp500-weekly-hedge-dehb-no-crypto-no-stocks-2waves-500jobs-180parallel-1h.yml,github-user:271768688,workflow run family,AURORA_RESEARCH,active,none,historical_reference,2026-08-03T05:47:25.644301Z,archive,286784126
workflow,.github/workflows/sp500-weekly-hedge-dehb-no-crypto-no-stocks-6waves-80jobs-3h.yml,github-user:271768688,workflow definition,AURORA_RESEARCH,active,none,historical_reference,2026-08-03T05:47:25.644301Z,archive,286749547
run_family,.github/workflows/sp500-weekly-hedge-dehb-no-crypto-no-stocks-6waves-80jobs-3h.yml,github-user:271768688,workflow run family,AURORA_RESEARCH,active,none,historical_reference,2026-08-03T05:47:25.644301Z,archive,286749547
workflow,.github/workflows/sp500-weekly-hedge-dehb-policy1995-downside-1wave-80jobs-1h.yml,github-user:271768688,workflow definition,AURORA_RESEARCH,active,none,historical_reference,2026-08-03T05:47:25.644301Z,archive,286485726
run_family,.github/workflows/sp500-weekly-hedge-dehb-policy1995-downside-1wave-80jobs-1h.yml,github-user:271768688,workflow run family,AURORA_RESEARCH,active,none,historical_reference,2026-08-03T05:47:25.644301Z,archive,286485726
workflow,.github/workflows/sp500-weekly-hedge-dehb-policy1995-downside-6waves-80jobs-1h.yml,github-user:271768688,workflow definition,AURORA_RESEARCH,active,none,historical_reference,2026-08-03T05:47:25.644301Z,archive,286485728
run_family,.github/workflows/sp500-weekly-hedge-dehb-policy1995-downside-6waves-80jobs-1h.yml,github-user:271768688,workflow run family,AURORA_RESEARCH,active,none,historical_reference,2026-08-03T05:47:25.644301Z,archive,286485728
workflow,.github/workflows/sp500-weekly-hedge-dehb-policy1995-downside-6waves-80jobs-9h.yml,github-user:271768688,workflow definition,AURORA_RESEARCH,active,none,historical_reference,2026-08-03T05:47:25.644301Z,archive,286496341
run_family,.github/workflows/sp500-weekly-hedge-dehb-policy1995-downside-6waves-80jobs-9h.yml,github-user:271768688,workflow run family,AURORA_RESEARCH,active,none,historical_reference,2026-08-03T05:47:25.644301Z,archive,286496341
workflow,.github/workflows/sp500-weekly-hedge-policy1995-autostart-9h.yml,github-user:271768688,workflow definition,AURORA_RESEARCH,active,none,historical_reference,2026-08-03T05:47:25.644301Z,archive,286496342
run_family,.github/workflows/sp500-weekly-hedge-policy1995-autostart-9h.yml,github-user:271768688,workflow run family,AURORA_RESEARCH,active,none,historical_reference,2026-08-03T05:47:25.644301Z,archive,286496342
workflow,.github/workflows/spy-15m-support-resistance-2015-retest.yml,github-user:271768688,workflow definition,AURORA_RESEARCH,active,none,historical_reference,2026-08-03T05:47:25.644301Z,archive,295705671
run_family,.github/workflows/spy-15m-support-resistance-2015-retest.yml,github-user:271768688,workflow run family,AURORA_RESEARCH,active,none,historical_reference,2026-08-03T05:47:25.644301Z,archive,295705671
workflow,.github/workflows/spy-15m-support-resistance-355jobs.yml,github-user:271768688,workflow definition,AURORA_RESEARCH,active,none,historical_reference,2026-08-03T05:47:25.644301Z,archive,295685692
run_family,.github/workflows/spy-15m-support-resistance-355jobs.yml,github-user:271768688,workflow run family,AURORA_RESEARCH,active,none,historical_reference,2026-08-03T05:47:25.644301Z,archive,295685692
workflow,.github/workflows/spy-daily-direction-accuracy-355jobs.yml,github-user:271768688,workflow definition,AURORA_RESEARCH,active,none,historical_reference,2026-08-03T05:47:25.644301Z,archive,290276574
run_family,.github/workflows/spy-daily-direction-accuracy-355jobs.yml,github-user:271768688,workflow run family,AURORA_RESEARCH,active,none,historical_reference,2026-08-03T05:47:25.644301Z,archive,290276574
workflow,.github/workflows/spy-daily-direction-funnel-top-all-features-4waves-1h.yml,github-user:271768688,workflow definition,AURORA_RESEARCH,active,none,historical_reference,2026-08-03T05:47:25.644301Z,archive,291815617
run_family,.github/workflows/spy-daily-direction-funnel-top-all-features-4waves-1h.yml,github-user:271768688,workflow run family,AURORA_RESEARCH,active,none,historical_reference,2026-08-03T05:47:25.644301Z,archive,291815617
workflow,.github/workflows/spy-monthly-annual-dominance-360jobs.yml,github-user:271768688,workflow definition,AURORA_RESEARCH,active,none,historical_reference,2026-08-03T05:47:25.644301Z,archive,294915235
run_family,.github/workflows/spy-monthly-annual-dominance-360jobs.yml,github-user:271768688,workflow run family,AURORA_RESEARCH,active,none,historical_reference,2026-08-03T05:47:25.644301Z,archive,294915235
workflow,.github/workflows/spy-monthly-tf21-ma10-locked-table.yml,github-user:271768688,workflow definition,AURORA_RESEARCH,active,none,historical_reference,2026-08-03T05:47:25.644301Z,archive,299665383
run_family,.github/workflows/spy-monthly-tf21-ma10-locked-table.yml,github-user:271768688,workflow run family,AURORA_RESEARCH,active,none,historical_reference,2026-08-03T05:47:25.644301Z,archive,299665383
workflow,.github/workflows/spy-monthly-trend-following-paper21-355jobs.yml,github-user:271768688,workflow definition,AURORA_RESEARCH,active,none,historical_reference,2026-08-03T05:47:25.644301Z,archive,299653875
run_family,.github/workflows/spy-monthly-trend-following-paper21-355jobs.yml,github-user:271768688,workflow run family,AURORA_RESEARCH,active,none,historical_reference,2026-08-03T05:47:25.644301Z,archive,299653875
workflow,.github/workflows/spy-weekly-global-random-train-yearly-calmar-beat-counts.yml,github-user:271768688,workflow definition,AURORA_RESEARCH,active,none,historical_reference,2026-08-03T05:47:25.644301Z,archive,299361462
run_family,.github/workflows/spy-weekly-global-random-train-yearly-calmar-beat-counts.yml,github-user:271768688,workflow run family,AURORA_RESEARCH,active,none,historical_reference,2026-08-03T05:47:25.644301Z,archive,299361462
workflow,.github/workflows/spy-weekly-global-random-train-yearly-calmar.yml,github-user:271768688,workflow definition,AURORA_RESEARCH,active,none,historical_reference,2026-08-03T05:47:25.644301Z,archive,299350108
run_family,.github/workflows/spy-weekly-global-random-train-yearly-calmar.yml,github-user:271768688,workflow run family,AURORA_RESEARCH,active,none,historical_reference,2026-08-03T05:47:25.644301Z,archive,299350108
workflow,.github/workflows/spy-weekly-global-random-yearly-outperformance.yml,github-user:271768688,workflow definition,AURORA_RESEARCH,active,none,historical_reference,2026-08-03T05:47:25.644301Z,archive,299331767
run_family,.github/workflows/spy-weekly-global-random-yearly-outperformance.yml,github-user:271768688,workflow run family,AURORA_RESEARCH,active,none,historical_reference,2026-08-03T05:47:25.644301Z,archive,299331767
workflow,.github/workflows/spy-weekly-longshort-locked-strategy-report.yml,github-user:271768688,workflow definition,AURORA_RESEARCH,active,none,historical_reference,2026-08-03T05:47:25.644301Z,archive,296976463
run_family,.github/workflows/spy-weekly-longshort-locked-strategy-report.yml,github-user:271768688,workflow run family,AURORA_RESEARCH,active,none,historical_reference,2026-08-03T05:47:25.644301Z,archive,296976463
workflow,.github/workflows/spy-weekly-longshort-sharpe2-355jobs.yml,github-user:271768688,workflow definition,AURORA_RESEARCH,active,none,historical_reference,2026-08-03T05:47:25.644301Z,archive,289622756
run_family,.github/workflows/spy-weekly-longshort-sharpe2-355jobs.yml,github-user:271768688,workflow run family,AURORA_RESEARCH,active,none,historical_reference,2026-08-03T05:47:25.644301Z,archive,289622756
workflow,.github/workflows/spy-weekly-noleverage-50ideas-nightly-until-0700.yml,github-user:271768688,workflow definition,AURORA_RESEARCH,active,none,historical_reference,2026-08-03T05:47:25.644301Z,archive,297163543
run_family,.github/workflows/spy-weekly-noleverage-50ideas-nightly-until-0700.yml,github-user:271768688,workflow run family,AURORA_RESEARCH,active,none,historical_reference,2026-08-03T05:47:25.644301Z,archive,297163543
workflow,.github/workflows/spy-weekly-noleverage-50ideas-v2-nightly-until-0700.yml,github-user:271768688,workflow definition,AURORA_RESEARCH,active,none,historical_reference,2026-08-03T05:47:25.644301Z,archive,297179884
run_family,.github/workflows/spy-weekly-noleverage-50ideas-v2-nightly-until-0700.yml,github-user:271768688,workflow run family,AURORA_RESEARCH,active,none,historical_reference,2026-08-03T05:47:25.644301Z,archive,297179884
workflow,.github/workflows/spy-weekly-noleverage-global-random-nightly-until-0700.yml,github-user:271768688,workflow definition,AURORA_RESEARCH,active,none,historical_reference,2026-08-03T05:47:25.644301Z,archive,298484021
run_family,.github/workflows/spy-weekly-noleverage-global-random-nightly-until-0700.yml,github-user:271768688,workflow run family,AURORA_RESEARCH,active,none,historical_reference,2026-08-03T05:47:25.644301Z,archive,298484021
workflow,.github/workflows/sr-15m-equity-universe-feature-search.yml,github-user:271768688,workflow definition,AURORA_RESEARCH,active,none,historical_reference,2026-08-03T05:47:25.644301Z,archive,295751454
run_family,.github/workflows/sr-15m-equity-universe-feature-search.yml,github-user:271768688,workflow run family,AURORA_RESEARCH,active,none,historical_reference,2026-08-03T05:47:25.644301Z,archive,295751454
workflow,.github/workflows/stock-protocol-36-tests-360jobs.yml,github-user:271768688,workflow definition,AURORA_RESEARCH,active,none,historical_reference,2026-08-03T05:47:25.644301Z,archive,311819876
run_family,.github/workflows/stock-protocol-36-tests-360jobs.yml,github-user:271768688,workflow run family,AURORA_RESEARCH,active,none,historical_reference,2026-08-03T05:47:25.644301Z,archive,311819876
workflow,.github/workflows/stock-protocol-36-tests-finalize-recovery.yml,github-user:271768688,workflow definition,AURORA_RESEARCH,active,none,historical_reference,2026-08-03T05:47:25.644301Z,archive,313475704
run_family,.github/workflows/stock-protocol-36-tests-finalize-recovery.yml,github-user:271768688,workflow run family,AURORA_RESEARCH,active,none,historical_reference,2026-08-03T05:47:25.644301Z,archive,313475704
workflow,.github/workflows/stock-protocol-original-290-event-study-checkpointed.yml,github-user:271768688,workflow definition,AURORA_RESEARCH,active,none,historical_reference,2026-08-03T05:47:25.644301Z,archive,318127431
run_family,.github/workflows/stock-protocol-original-290-event-study-checkpointed.yml,github-user:271768688,workflow run family,AURORA_RESEARCH,active,none,historical_reference,2026-08-03T05:47:25.644301Z,archive,318127431
workflow,.github/workflows/stock-protocol-original-290-event-study-finalize-recovery.yml,github-user:271768688,workflow definition,AURORA_RESEARCH,active,none,historical_reference,2026-08-03T05:47:25.644301Z,archive,320098103
run_family,.github/workflows/stock-protocol-original-290-event-study-finalize-recovery.yml,github-user:271768688,workflow run family,AURORA_RESEARCH,active,none,historical_reference,2026-08-03T05:47:25.644301Z,archive,320098103
workflow,.github/workflows/stock-protocol-original-290-event-study-merge-only.yml,github-user:271768688,workflow definition,AURORA_RESEARCH,active,none,historical_reference,2026-08-03T05:47:25.644301Z,archive,317985293
run_family,.github/workflows/stock-protocol-original-290-event-study-merge-only.yml,github-user:271768688,workflow run family,AURORA_RESEARCH,active,none,historical_reference,2026-08-03T05:47:25.644301Z,archive,317985293
workflow,.github/workflows/stock-protocol-original-290-event-study-recovery.yml,github-user:271768688,workflow definition,AURORA_RESEARCH,active,none,historical_reference,2026-08-03T05:47:25.644301Z,archive,317703182
run_family,.github/workflows/stock-protocol-original-290-event-study-recovery.yml,github-user:271768688,workflow run family,AURORA_RESEARCH,active,none,historical_reference,2026-08-03T05:47:25.644301Z,archive,317703182
workflow,.github/workflows/stock-protocol-original-290-event-study.yml,github-user:271768688,workflow definition,AURORA_RESEARCH,active,none,historical_reference,2026-08-03T05:47:25.644301Z,archive,317461417
run_family,.github/workflows/stock-protocol-original-290-event-study.yml,github-user:271768688,workflow run family,AURORA_RESEARCH,active,none,historical_reference,2026-08-03T05:47:25.644301Z,archive,317461417
workflow,.github/workflows/stock-protocol-scientific-finalize-existing-run.yml,github-user:271768688,workflow definition,AURORA_RESEARCH,active,.github/workflows/stock-protocol-scientific-finalize-existing-run.yml,operational,2026-08-03T05:47:25.644301Z,keep,314623230
run_family,.github/workflows/stock-protocol-scientific-finalize-existing-run.yml,github-user:271768688,workflow run family,AURORA_RESEARCH,active,.github/workflows/stock-protocol-scientific-finalize-existing-run.yml,operational,2026-08-03T05:47:25.644301Z,keep,314623230
workflow,.github/workflows/stock-protocol-scientific-full-suite.yml,github-user:271768688,workflow definition,AURORA_RESEARCH,active,.github/workflows/stock-protocol-scientific-full-suite.yml,operational,2026-08-03T05:47:25.644301Z,keep,314493491
run_family,.github/workflows/stock-protocol-scientific-full-suite.yml,github-user:271768688,workflow run family,AURORA_RESEARCH,active,.github/workflows/stock-protocol-scientific-full-suite.yml,operational,2026-08-03T05:47:25.644301Z,keep,314493491
workflow,.github/workflows/stock-protocol-scientific-full-universe-360jobs.yml,github-user:271768688,workflow definition,AURORA_RESEARCH,active,.github/workflows/stock-protocol-scientific-full-universe-360jobs.yml,operational,2026-08-03T05:47:25.644301Z,keep,314687217
run_family,.github/workflows/stock-protocol-scientific-full-universe-360jobs.yml,github-user:271768688,workflow run family,AURORA_RESEARCH,active,.github/workflows/stock-protocol-scientific-full-universe-360jobs.yml,operational,2026-08-03T05:47:25.644301Z,keep,314687217
workflow,.github/workflows/stock-protocol-scientific-rebuild-360jobs.yml,github-user:271768688,workflow definition,AURORA_RESEARCH,active,.github/workflows/stock-protocol-scientific-rebuild-360jobs.yml,operational,2026-08-03T05:47:25.644301Z,keep,314481404
run_family,.github/workflows/stock-protocol-scientific-rebuild-360jobs.yml,github-user:271768688,workflow run family,AURORA_RESEARCH,active,.github/workflows/stock-protocol-scientific-rebuild-360jobs.yml,operational,2026-08-03T05:47:25.644301Z,keep,314481404
workflow,.github/workflows/stock-protocol-scientific-recovery-360jobs.yml,github-user:271768688,workflow definition,AURORA_RESEARCH,active,.github/workflows/stock-protocol-scientific-recovery-360jobs.yml,operational,2026-08-03T05:47:25.644301Z,keep,314524305
run_family,.github/workflows/stock-protocol-scientific-recovery-360jobs.yml,github-user:271768688,workflow run family,AURORA_RESEARCH,active,.github/workflows/stock-protocol-scientific-recovery-360jobs.yml,operational,2026-08-03T05:47:25.644301Z,keep,314524305
workflow,.github/workflows/stock-protocol-scientific-tests.yml,github-user:271768688,workflow definition,AURORA_RESEARCH,active,.github/workflows/stock-protocol-scientific-tests.yml,operational,2026-08-03T05:47:25.644301Z,keep,314400049
run_family,.github/workflows/stock-protocol-scientific-tests.yml,github-user:271768688,workflow run family,AURORA_RESEARCH,active,.github/workflows/stock-protocol-scientific-tests.yml,operational,2026-08-03T05:47:25.644301Z,keep,314400049
workflow,.github/workflows/swr-20-etf-proxy-2000-no-locked-360jobs.yml,github-user:271768688,workflow definition,AURORA_RESEARCH,active,none,historical_reference,2026-08-03T05:47:25.644301Z,archive,288281132
run_family,.github/workflows/swr-20-etf-proxy-2000-no-locked-360jobs.yml,github-user:271768688,workflow run family,AURORA_RESEARCH,active,none,historical_reference,2026-08-03T05:47:25.644301Z,archive,288281132
workflow,.github/workflows/swr-cashfloor-controller-mdd15-corr95-360jobs.yml,github-user:271768688,workflow definition,AURORA_RESEARCH,active,none,historical_reference,2026-08-03T05:47:25.644301Z,archive,289201256
run_family,.github/workflows/swr-cashfloor-controller-mdd15-corr95-360jobs.yml,github-user:271768688,workflow run family,AURORA_RESEARCH,active,none,historical_reference,2026-08-03T05:47:25.644301Z,archive,289201256
workflow,.github/workflows/swr-corr95-drawdown-guard-mdd25-360jobs.yml,github-user:271768688,workflow definition,AURORA_RESEARCH,active,none,historical_reference,2026-08-03T05:47:25.644301Z,archive,288738553
run_family,.github/workflows/swr-corr95-drawdown-guard-mdd25-360jobs.yml,github-user:271768688,workflow run family,AURORA_RESEARCH,active,none,historical_reference,2026-08-03T05:47:25.644301Z,archive,288738553
workflow,.github/workflows/swr-corr95-feature-sweep-mdd25-360jobs.yml,github-user:271768688,workflow definition,AURORA_RESEARCH,active,none,historical_reference,2026-08-03T05:47:25.644301Z,archive,288692709
run_family,.github/workflows/swr-corr95-feature-sweep-mdd25-360jobs.yml,github-user:271768688,workflow run family,AURORA_RESEARCH,active,none,historical_reference,2026-08-03T05:47:25.644301Z,archive,288692709
workflow,.github/workflows/swr-cppi-corr95-360jobs.yml,github-user:271768688,workflow definition,AURORA_RESEARCH,active,none,historical_reference,2026-08-03T05:47:25.644301Z,archive,288468232
run_family,.github/workflows/swr-cppi-corr95-360jobs.yml,github-user:271768688,workflow run family,AURORA_RESEARCH,active,none,historical_reference,2026-08-03T05:47:25.644301Z,archive,288468232
workflow,.github/workflows/swr-daily-tactical-mdd15-corr95-360jobs.yml,github-user:271768688,workflow definition,AURORA_RESEARCH,active,none,historical_reference,2026-08-03T05:47:25.644301Z,archive,289416335
run_family,.github/workflows/swr-daily-tactical-mdd15-corr95-360jobs.yml,github-user:271768688,workflow run family,AURORA_RESEARCH,active,none,historical_reference,2026-08-03T05:47:25.644301Z,archive,289416335
workflow,.github/workflows/swr-floor-controller-mdd15-corr95-360jobs.yml,github-user:271768688,workflow definition,AURORA_RESEARCH,active,none,historical_reference,2026-08-03T05:47:25.644301Z,archive,289173394
run_family,.github/workflows/swr-floor-controller-mdd15-corr95-360jobs.yml,github-user:271768688,workflow run family,AURORA_RESEARCH,active,none,historical_reference,2026-08-03T05:47:25.644301Z,archive,289173394
workflow,.github/workflows/swr-invvol-guard-mdd15-corr95-360jobs.yml,github-user:271768688,workflow definition,AURORA_RESEARCH,active,none,historical_reference,2026-08-03T05:47:25.644301Z,archive,289320699
run_family,.github/workflows/swr-invvol-guard-mdd15-corr95-360jobs.yml,github-user:271768688,workflow run family,AURORA_RESEARCH,active,none,historical_reference,2026-08-03T05:47:25.644301Z,archive,289320699
workflow,.github/workflows/swr-mdd15-trainonly-corr95-360jobs.yml,github-user:271768688,workflow definition,AURORA_RESEARCH,active,none,historical_reference,2026-08-03T05:47:25.644301Z,archive,289013962
run_family,.github/workflows/swr-mdd15-trainonly-corr95-360jobs.yml,github-user:271768688,workflow run family,AURORA_RESEARCH,active,none,historical_reference,2026-08-03T05:47:25.644301Z,archive,289013962
workflow,.github/workflows/swr-multiasset-corr95-mdd25-360jobs.yml,github-user:271768688,workflow definition,AURORA_RESEARCH,active,none,historical_reference,2026-08-03T05:47:25.644301Z,archive,288617403
run_family,.github/workflows/swr-multiasset-corr95-mdd25-360jobs.yml,github-user:271768688,workflow run family,AURORA_RESEARCH,active,none,historical_reference,2026-08-03T05:47:25.644301Z,archive,288617403
workflow,.github/workflows/swr-path-cppi-expanded-universe-mdd15-corr95-360jobs.yml,github-user:271768688,workflow definition,AURORA_RESEARCH,active,none,historical_reference,2026-08-03T05:47:25.644301Z,archive,289275698
run_family,.github/workflows/swr-path-cppi-expanded-universe-mdd15-corr95-360jobs.yml,github-user:271768688,workflow run family,AURORA_RESEARCH,active,none,historical_reference,2026-08-03T05:47:25.644301Z,archive,289275698
workflow,.github/workflows/swr-path-cppi-focused-cv-mdd15-corr95-360jobs.yml,github-user:271768688,workflow definition,AURORA_RESEARCH,active,none,historical_reference,2026-08-03T05:47:25.644301Z,archive,289385323
run_family,.github/workflows/swr-path-cppi-focused-cv-mdd15-corr95-360jobs.yml,github-user:271768688,workflow run family,AURORA_RESEARCH,active,none,historical_reference,2026-08-03T05:47:25.644301Z,archive,289385323
workflow,.github/workflows/swr-path-cppi-focused-mdd15-corr95-360jobs.yml,github-user:271768688,workflow definition,AURORA_RESEARCH,active,none,historical_reference,2026-08-03T05:47:25.644301Z,archive,289354937
run_family,.github/workflows/swr-path-cppi-focused-mdd15-corr95-360jobs.yml,github-user:271768688,workflow run family,AURORA_RESEARCH,active,none,historical_reference,2026-08-03T05:47:25.644301Z,archive,289354937
workflow,.github/workflows/swr-path-cppi-mdd15-trainonly-corr95-360jobs.yml,github-user:271768688,workflow definition,AURORA_RESEARCH,active,none,historical_reference,2026-08-03T05:47:25.644301Z,archive,289037140
run_family,.github/workflows/swr-path-cppi-mdd15-trainonly-corr95-360jobs.yml,github-user:271768688,workflow run family,AURORA_RESEARCH,active,none,historical_reference,2026-08-03T05:47:25.644301Z,archive,289037140
workflow,.github/workflows/swr-path-cppi-refined-mdd15-corr95-360jobs.yml,github-user:271768688,workflow definition,AURORA_RESEARCH,active,none,historical_reference,2026-08-03T05:47:25.644301Z,archive,289232316
run_family,.github/workflows/swr-path-cppi-refined-mdd15-corr95-360jobs.yml,github-user:271768688,workflow run family,AURORA_RESEARCH,active,none,historical_reference,2026-08-03T05:47:25.644301Z,archive,289232316
workflow,.github/workflows/swr-regime-timing-mdd15-corr95-360jobs.yml,github-user:271768688,workflow definition,AURORA_RESEARCH,active,none,historical_reference,2026-08-03T05:47:25.644301Z,archive,289146742
run_family,.github/workflows/swr-regime-timing-mdd15-corr95-360jobs.yml,github-user:271768688,workflow run family,AURORA_RESEARCH,active,none,historical_reference,2026-08-03T05:47:25.644301Z,archive,289146742
workflow,.github/workflows/swr-static-smooth-hardstress-mdd15-corr95-360jobs.yml,github-user:271768688,workflow definition,AURORA_RESEARCH,active,none,historical_reference,2026-08-03T05:47:25.644301Z,archive,289139308
run_family,.github/workflows/swr-static-smooth-hardstress-mdd15-corr95-360jobs.yml,github-user:271768688,workflow run family,AURORA_RESEARCH,active,none,historical_reference,2026-08-03T05:47:25.644301Z,archive,289139308
workflow,.github/workflows/swr-static-smooth-mdd15-corr95-360jobs.yml,github-user:271768688,workflow definition,AURORA_RESEARCH,active,none,historical_reference,2026-08-03T05:47:25.644301Z,archive,289129639
run_family,.github/workflows/swr-static-smooth-mdd15-corr95-360jobs.yml,github-user:271768688,workflow run family,AURORA_RESEARCH,active,none,historical_reference,2026-08-03T05:47:25.644301Z,archive,289129639
workflow,.github/workflows/swr-strict-final-gt-initial-360jobs.yml,github-user:271768688,workflow definition,AURORA_RESEARCH,active,none,historical_reference,2026-08-03T05:47:25.644301Z,archive,288427157
run_family,.github/workflows/swr-strict-final-gt-initial-360jobs.yml,github-user:271768688,workflow run family,AURORA_RESEARCH,active,none,historical_reference,2026-08-03T05:47:25.644301Z,archive,288427157
workflow,.github/workflows/swr-tsmom-corr95-360jobs.yml,github-user:271768688,workflow definition,AURORA_RESEARCH,active,none,historical_reference,2026-08-03T05:47:25.644301Z,archive,288485964
run_family,.github/workflows/swr-tsmom-corr95-360jobs.yml,github-user:271768688,workflow run family,AURORA_RESEARCH,active,none,historical_reference,2026-08-03T05:47:25.644301Z,archive,288485964
workflow,.github/workflows/tests.yml,github-user:271768688,workflow definition,AURORA_RESEARCH,active,none,historical_reference,2026-08-03T05:47:25.644301Z,archive,273081042
run_family,.github/workflows/tests.yml,github-user:271768688,workflow run family,AURORA_RESEARCH,active,none,historical_reference,2026-08-03T05:47:25.644301Z,archive,273081042
workflow,.github/workflows/tradingview-minervini-indicator-small.yml,github-user:271768688,workflow definition,AURORA_RESEARCH,active,none,historical_reference,2026-08-03T05:47:25.644301Z,archive,300217510
run_family,.github/workflows/tradingview-minervini-indicator-small.yml,github-user:271768688,workflow run family,AURORA_RESEARCH,active,none,historical_reference,2026-08-03T05:47:25.644301Z,archive,300217510
workflow,.github/workflows/typecheck.yml,github-user:271768688,workflow definition,AURORA_RESEARCH,active,none,historical_reference,2026-08-03T05:47:25.644301Z,archive,285545155
run_family,.github/workflows/typecheck.yml,github-user:271768688,workflow run family,AURORA_RESEARCH,active,none,historical_reference,2026-08-03T05:47:25.644301Z,archive,285545155
workflow,.github/workflows/weekly-spy-dehb-real-500-parallel-1h-momentum-trend-merge-now.yml,github-user:271768688,workflow definition,AURORA_RESEARCH,active,none,historical_reference,2026-08-03T05:47:25.644301Z,archive,287567028
run_family,.github/workflows/weekly-spy-dehb-real-500-parallel-1h-momentum-trend-merge-now.yml,github-user:271768688,workflow run family,AURORA_RESEARCH,active,none,historical_reference,2026-08-03T05:47:25.644301Z,archive,287567028
workflow,.github/workflows/weekly-spy-dehb-real-500-parallel-1h-momentum-trend-no-long-spy-quality-merge-now.yml,github-user:271768688,workflow definition,AURORA_RESEARCH,active,none,historical_reference,2026-08-03T05:47:25.644301Z,archive,287784397
run_family,.github/workflows/weekly-spy-dehb-real-500-parallel-1h-momentum-trend-no-long-spy-quality-merge-now.yml,github-user:271768688,workflow run family,AURORA_RESEARCH,active,none,historical_reference,2026-08-03T05:47:25.644301Z,archive,287784397
workflow,.github/workflows/weekly-spy-dehb-real-500-parallel-1h-momentum-trend-no-long-spy-quality-stop.yml,github-user:271768688,workflow definition,AURORA_RESEARCH,active,none,historical_reference,2026-08-03T05:47:25.644301Z,archive,287784400
run_family,.github/workflows/weekly-spy-dehb-real-500-parallel-1h-momentum-trend-no-long-spy-quality-stop.yml,github-user:271768688,workflow run family,AURORA_RESEARCH,active,none,historical_reference,2026-08-03T05:47:25.644301Z,archive,287784400
workflow,.github/workflows/weekly-spy-dehb-real-500-parallel-1h-momentum-trend-no-long-spy-quality.yml,github-user:271768688,workflow definition,AURORA_RESEARCH,active,none,historical_reference,2026-08-03T05:47:25.644301Z,archive,287784402
run_family,.github/workflows/weekly-spy-dehb-real-500-parallel-1h-momentum-trend-no-long-spy-quality.yml,github-user:271768688,workflow run family,AURORA_RESEARCH,active,none,historical_reference,2026-08-03T05:47:25.644301Z,archive,287784402
workflow,.github/workflows/weekly-spy-dehb-real-500-parallel-1h-momentum-trend-stop.yml,github-user:271768688,workflow definition,AURORA_RESEARCH,active,none,historical_reference,2026-08-03T05:47:25.644301Z,archive,287567029
run_family,.github/workflows/weekly-spy-dehb-real-500-parallel-1h-momentum-trend-stop.yml,github-user:271768688,workflow run family,AURORA_RESEARCH,active,none,historical_reference,2026-08-03T05:47:25.644301Z,archive,287567029
workflow,.github/workflows/weekly-spy-dehb-real-500-parallel-1h-momentum-trend.yml,github-user:271768688,workflow definition,AURORA_RESEARCH,active,none,historical_reference,2026-08-03T05:47:25.644301Z,archive,287567030
run_family,.github/workflows/weekly-spy-dehb-real-500-parallel-1h-momentum-trend.yml,github-user:271768688,workflow run family,AURORA_RESEARCH,active,none,historical_reference,2026-08-03T05:47:25.644301Z,archive,287567030
workflow,.github/workflows/wheel.yml,github-user:271768688,workflow definition,AURORA_RESEARCH,active,none,historical_reference,2026-08-03T05:47:25.644301Z,archive,273081043
run_family,.github/workflows/wheel.yml,github-user:271768688,workflow run family,AURORA_RESEARCH,active,none,historical_reference,2026-08-03T05:47:25.644301Z,archive,273081043
workflow,dynamic/dependabot/update-graph,github-user:271768688,workflow definition,AURORA_RESEARCH,active,none,historical_reference,2026-08-03T05:47:25.644301Z,archive,286130268
run_family,dynamic/dependabot/update-graph,github-user:271768688,workflow run family,AURORA_RESEARCH,active,none,historical_reference,2026-08-03T05:47:25.644301Z,archive,286130268
workflow,dynamic/github-code-scanning/codeql,github-user:271768688,workflow definition,AURORA_RESEARCH,active,none,historical_reference,2026-08-03T05:47:25.644301Z,archive,286130260
run_family,dynamic/github-code-scanning/codeql,github-user:271768688,workflow run family,AURORA_RESEARCH,active,none,historical_reference,2026-08-03T05:47:25.644301Z,archive,286130260
artifact,global-technical-buy-indicator-long-hold-fast-strict-v6-results,github-user:271768688,canonical artifact from run 29162930823,GTBI_HISTORICAL_RESEARCH,retained,gtbi_v7_new_reference_v1,canonical_scientific,2026-08-03T05:47:25.644301Z,keep,8251391531
artifact,gtbi-v7-new-reference-historical-results,github-user:271768688,canonical artifact from run 30757436940,GTBI_V7_CANONICAL_SUCCESSOR_1,retained,gtbi-v7-new-reference-historical-results,canonical_scientific,2026-08-03T05:47:25.644301Z,keep,8836528159
artifact,gtbi-v7-new-reference-preservation-30757436940,github-user:271768688,canonical artifact from run 30757436940,GTBI_V7_CANONICAL_SUCCESSOR_1,retained,gtbi-v7-new-reference-preservation-30757436940,canonical_scientific,2026-08-03T05:47:25.644301Z,keep,8836556038
artifact_family,aurora-full-us-daily-pre{n},github-user:271768688,artifact naming family with 4 records,AURORA_RESEARCH,inventoried,none,historical_reference,2026-08-03T05:47:25.644301Z,archive,
artifact_family,body-wick-selected-prior-period-results,github-user:271768688,artifact naming family with 1 records,AURORA_RESEARCH,inventoried,none,historical_reference,2026-08-03T05:47:25.644301Z,archive,
artifact_family,body-wick-sr-{n}m-overnight-age-sweep-results,github-user:271768688,artifact naming family with 1 records,AURORA_RESEARCH,inventoried,none,historical_reference,2026-08-03T05:47:25.644301Z,archive,
artifact_family,body-wick-sr-{n}m-overnight-shard-{n},github-user:271768688,artifact naming family with 239 records,AURORA_RESEARCH,inventoried,none,historical_reference,2026-08-03T05:47:25.644301Z,archive,
artifact_family,body-wick-sr-{n}m-overnight-source-data,github-user:271768688,artifact naming family with 1 records,AURORA_RESEARCH,inventoried,none,historical_reference,2026-08-03T05:47:25.644301Z,archive,
artifact_family,body-wick-sr-{n}m-shard-{n},github-user:271768688,artifact naming family with 81 records,AURORA_RESEARCH,inventoried,none,historical_reference,2026-08-03T05:47:25.644301Z,archive,
artifact_family,body-wick-sr-{n}m-{n}symbols-backtest-results,github-user:271768688,artifact naming family with 2 records,AURORA_RESEARCH,inventoried,none,historical_reference,2026-08-03T05:47:25.644301Z,archive,
artifact_family,body-wick-sr-{n}m-{n}symbols-source-data,github-user:271768688,artifact naming family with 4 records,AURORA_RESEARCH,inventoried,none,historical_reference,2026-08-03T05:47:25.644301Z,archive,
artifact_family,btc-{n}m-all-features-trainonly-data,github-user:271768688,artifact naming family with 2 records,AURORA_RESEARCH,inventoried,none,historical_reference,2026-08-03T05:47:25.644301Z,archive,
artifact_family,btc-{n}m-all-features-trainonly-{n}h-data,github-user:271768688,artifact naming family with 1 records,AURORA_RESEARCH,inventoried,none,historical_reference,2026-08-03T05:47:25.644301Z,archive,
artifact_family,btc-{n}m-all-features-{n}methods-trainonly-{n}h-max{n}-real{n}-leaderboard,github-user:271768688,artifact naming family with 1 records,AURORA_RESEARCH,inventoried,none,historical_reference,2026-08-03T05:47:25.644301Z,archive,
artifact_family,btc-{n}m-all-features-{n}methods-trainonly-{n}h-{n}jobs-leaderboard,github-user:271768688,artifact naming family with 3 records,AURORA_RESEARCH,inventoried,none,historical_reference,2026-08-03T05:47:25.644301Z,archive,
artifact_family,btc-{n}m-pf{n}-candidates-with-rules,github-user:271768688,artifact naming family with 2 records,AURORA_RESEARCH,inventoried,none,historical_reference,2026-08-03T05:47:25.644301Z,archive,
artifact_family,btc-{n}m-pf{n}-data-store,github-user:271768688,artifact naming family with 2 records,AURORA_RESEARCH,inventoried,none,historical_reference,2026-08-03T05:47:25.644301Z,archive,
artifact_family,btc-{n}m-pf{n}-robustness-github-ml-a-{n}-{n},github-user:271768688,artifact naming family with 216 records,AURORA_RESEARCH,inventoried,none,historical_reference,2026-08-03T05:47:25.644301Z,archive,
artifact_family,btc-{n}m-pf{n}-robustness-github-ml-b-{n}-{n},github-user:271768688,artifact naming family with 180 records,AURORA_RESEARCH,inventoried,none,historical_reference,2026-08-03T05:47:25.644301Z,archive,
artifact_family,btc-{n}m-pf{n}-robustness-non-ml-{n},github-user:271768688,artifact naming family with 120 records,AURORA_RESEARCH,inventoried,none,historical_reference,2026-08-03T05:47:25.644301Z,archive,
artifact_family,btc-{n}m-pf{n}-statistical-robustness-results,github-user:271768688,artifact naming family with 2 records,AURORA_RESEARCH,inventoried,none,historical_reference,2026-08-03T05:47:25.644301Z,archive,
artifact_family,btc-{n}m-trainonly-bandit-stage-{n},github-user:271768688,artifact naming family with 24 records,AURORA_RESEARCH,inventoried,none,historical_reference,2026-08-03T05:47:25.644301Z,archive,
artifact_family,btc-{n}m-trainonly-beam-stage-{n},github-user:271768688,artifact naming family with 36 records,AURORA_RESEARCH,inventoried,none,historical_reference,2026-08-03T05:47:25.644301Z,archive,
artifact_family,btc-{n}m-trainonly-dehb_real-stage-{n},github-user:271768688,artifact naming family with 36 records,AURORA_RESEARCH,inventoried,none,historical_reference,2026-08-03T05:47:25.644301Z,archive,
artifact_family,btc-{n}m-trainonly-genetic-stage-{n},github-user:271768688,artifact naming family with 36 records,AURORA_RESEARCH,inventoried,none,historical_reference,2026-08-03T05:47:25.644301Z,archive,
artifact_family,btc-{n}m-trainonly-{n}h-wave-{n}-bandit-stage-{n},github-user:271768688,artifact naming family with 396 records,AURORA_RESEARCH,inventoried,none,historical_reference,2026-08-03T05:47:25.644301Z,archive,
artifact_family,btc-{n}m-trainonly-{n}h-wave-{n}-beam-stage-{n},github-user:271768688,artifact naming family with 396 records,AURORA_RESEARCH,inventoried,none,historical_reference,2026-08-03T05:47:25.644301Z,archive,
artifact_family,btc-{n}m-trainonly-{n}h-wave-{n}-dehb_real-stage-{n},github-user:271768688,artifact naming family with 396 records,AURORA_RESEARCH,inventoried,none,historical_reference,2026-08-03T05:47:25.644301Z,archive,
artifact_family,btc-{n}m-trainonly-{n}h-wave-{n}-genetic-stage-{n},github-user:271768688,artifact naming family with 396 records,AURORA_RESEARCH,inventoried,none,historical_reference,2026-08-03T05:47:25.644301Z,archive,
artifact_family,btc-{n}m-trainonly-{n}h-wave-{n}-github_ml-stage-{n},github-user:271768688,artifact naming family with 396 records,AURORA_RESEARCH,inventoried,none,historical_reference,2026-08-03T05:47:25.644301Z,archive,
artifact_family,calmar-gt{n}-pvalue-bootstrap-chunk-{n},github-user:271768688,artifact naming family with 390 records,AURORA_RESEARCH,inventoried,none,historical_reference,2026-08-03T05:47:25.644301Z,archive,
artifact_family,calmar-gt{n}-pvalue-bootstrap-manifest,github-user:271768688,artifact naming family with 2 records,AURORA_RESEARCH,inventoried,none,historical_reference,2026-08-03T05:47:25.644301Z,archive,
artifact_family,calmar-gt{n}-pvalue-bootstrap-shared-data,github-user:271768688,artifact naming family with 2 records,AURORA_RESEARCH,inventoried,none,historical_reference,2026-08-03T05:47:25.644301Z,archive,
artifact_family,free-global-yahoo-daily-data-lake,github-user:271768688,artifact naming family with 5 records,AURORA_RESEARCH,inventoried,none,historical_reference,2026-08-03T05:47:25.644301Z,archive,
artifact_family,free-global-yahoo-daily-data-lake-audit,github-user:271768688,artifact naming family with 4 records,AURORA_RESEARCH,inventoried,none,historical_reference,2026-08-03T05:47:25.644301Z,archive,
artifact_family,free-global-yahoo-price-shard-{n},github-user:271768688,artifact naming family with 192 records,AURORA_RESEARCH,inventoried,none,historical_reference,2026-08-03T05:47:25.644301Z,archive,
artifact_family,free-global-yahoo-universe,github-user:271768688,artifact naming family with 6 records,AURORA_RESEARCH,inventoried,none,historical_reference,2026-08-03T05:47:25.644301Z,archive,
artifact_family,free-{n}m-equity-universe-yfinance-data,github-user:271768688,artifact naming family with 1 records,AURORA_RESEARCH,inventoried,none,historical_reference,2026-08-03T05:47:25.644301Z,archive,
artifact_family,github-performance-benchmark-baseline-contract-{n}-{n},github-user:271768688,artifact naming family with 3 records,AURORA_PERFORMANCE_FRAMEWORK,inventoried,none,historical_reference,2026-08-03T05:47:25.644301Z,archive,
artifact_family,github-performance-benchmark-baseline-environment-{n}-{n},github-user:271768688,artifact naming family with 3 records,AURORA_PERFORMANCE_FRAMEWORK,inventoried,none,historical_reference,2026-08-03T05:47:25.644301Z,archive,
artifact_family,github-performance-benchmark-baseline-final-stage-{n}-{n},github-user:271768688,artifact naming family with 3 records,AURORA_PERFORMANCE_FRAMEWORK,inventoried,none,historical_reference,2026-08-03T05:47:25.644301Z,archive,
artifact_family,github-performance-benchmark-baseline-partial-g{n},github-user:271768688,artifact naming family with 3 records,AURORA_PERFORMANCE_FRAMEWORK,inventoried,none,historical_reference,2026-08-03T05:47:25.644301Z,archive,
artifact_family,github-performance-benchmark-baseline-pilot-{n}-{n},github-user:271768688,artifact naming family with 3 records,AURORA_PERFORMANCE_FRAMEWORK,inventoried,none,historical_reference,2026-08-03T05:47:25.644301Z,archive,
artifact_family,github-performance-benchmark-baseline-plan-{n}-{n},github-user:271768688,artifact naming family with 3 records,AURORA_PERFORMANCE_FRAMEWORK,inventoried,none,historical_reference,2026-08-03T05:47:25.644301Z,archive,
artifact_family,github-performance-benchmark-baseline-preflight-{n}-{n},github-user:271768688,artifact naming family with 3 records,AURORA_PERFORMANCE_FRAMEWORK,inventoried,none,historical_reference,2026-08-03T05:47:25.644301Z,archive,
artifact_family,github-performance-benchmark-baseline-prepared-{n}-{n},github-user:271768688,artifact naming family with 1 records,AURORA_PERFORMANCE_FRAMEWORK,inventoried,none,historical_reference,2026-08-03T05:47:25.644301Z,archive,
artifact_family,github-performance-benchmark-baseline-recovery-{n}-{n},github-user:271768688,artifact naming family with 3 records,AURORA_PERFORMANCE_FRAMEWORK,inventoried,none,historical_reference,2026-08-03T05:47:25.644301Z,archive,
artifact_family,github-performance-benchmark-baseline-results,github-user:271768688,artifact naming family with 3 records,AURORA_PERFORMANCE_FRAMEWORK,inventoried,none,historical_reference,2026-08-03T05:47:25.644301Z,archive,
artifact_family,github-performance-benchmark-baseline-shard-g{n}-s{n}-a-{uuid},github-user:271768688,artifact naming family with 3 records,AURORA_PERFORMANCE_FRAMEWORK,inventoried,none,historical_reference,2026-08-03T05:47:25.644301Z,archive,
artifact_family,github-performance-benchmark-baseline-smoke-{n}-{n},github-user:271768688,artifact naming family with 3 records,AURORA_PERFORMANCE_FRAMEWORK,inventoried,none,historical_reference,2026-08-03T05:47:25.644301Z,archive,
artifact_family,github-performance-benchmark-baseline-timeline-{n}-{n},github-user:271768688,artifact naming family with 3 records,AURORA_PERFORMANCE_FRAMEWORK,inventoried,none,historical_reference,2026-08-03T05:47:25.644301Z,archive,
artifact_family,github-performance-benchmark-baseline-verified-stage-{n}-{n},github-user:271768688,artifact naming family with 3 records,AURORA_PERFORMANCE_FRAMEWORK,inventoried,none,historical_reference,2026-08-03T05:47:25.644301Z,archive,
artifact_family,github-performance-benchmark-candidate_sweep-baseline-campaign-state-after-recovery-{n}-{n}-{n},github-user:271768688,artifact naming family with 7 records,AURORA_PERFORMANCE_FRAMEWORK,inventoried,none,historical_reference,2026-08-03T05:47:25.644301Z,archive,
artifact_family,github-performance-benchmark-candidate_sweep-baseline-campaign-state-initial-{n}-{n},github-user:271768688,artifact naming family with 7 records,AURORA_PERFORMANCE_FRAMEWORK,inventoried,none,historical_reference,2026-08-03T05:47:25.644301Z,archive,
artifact_family,github-performance-benchmark-candidate_sweep-baseline-campaign-state-merged-{n}-{n},github-user:271768688,artifact naming family with 7 records,AURORA_PERFORMANCE_FRAMEWORK,inventoried,none,historical_reference,2026-08-03T05:47:25.644301Z,archive,
artifact_family,github-performance-benchmark-candidate_sweep-baseline-campaign-state-verified-{n}-{n},github-user:271768688,artifact naming family with 7 records,AURORA_PERFORMANCE_FRAMEWORK,inventoried,none,historical_reference,2026-08-03T05:47:25.644301Z,archive,
artifact_family,github-performance-benchmark-candidate_sweep-baseline-contract-{n}-{n},github-user:271768688,artifact naming family with 7 records,AURORA_PERFORMANCE_FRAMEWORK,inventoried,none,historical_reference,2026-08-03T05:47:25.644301Z,archive,
artifact_family,github-performance-benchmark-candidate_sweep-baseline-environment-{n}-{n},github-user:271768688,artifact naming family with 7 records,AURORA_PERFORMANCE_FRAMEWORK,inventoried,none,historical_reference,2026-08-03T05:47:25.644301Z,archive,
artifact_family,github-performance-benchmark-candidate_sweep-baseline-pilot-{n}-{n},github-user:271768688,artifact naming family with 7 records,AURORA_PERFORMANCE_FRAMEWORK,inventoried,none,historical_reference,2026-08-03T05:47:25.644301Z,archive,
artifact_family,github-performance-benchmark-candidate_sweep-baseline-plan-{n}-{n},github-user:271768688,artifact naming family with 7 records,AURORA_PERFORMANCE_FRAMEWORK,inventoried,none,historical_reference,2026-08-03T05:47:25.644301Z,archive,
artifact_family,github-performance-benchmark-candidate_sweep-baseline-preflight-{n}-{n},github-user:271768688,artifact naming family with 7 records,AURORA_PERFORMANCE_FRAMEWORK,inventoried,none,historical_reference,2026-08-03T05:47:25.644301Z,archive,
artifact_family,github-performance-benchmark-candidate_sweep-baseline-recovery-wave-{n}-{n}-{n},github-user:271768688,artifact naming family with 7 records,AURORA_PERFORMANCE_FRAMEWORK,inventoried,none,historical_reference,2026-08-03T05:47:25.644301Z,archive,
artifact_family,github-performance-benchmark-candidate_sweep-baseline-results,github-user:271768688,artifact naming family with 7 records,AURORA_PERFORMANCE_FRAMEWORK,inventoried,none,historical_reference,2026-08-03T05:47:25.644301Z,archive,
artifact_family,github-performance-benchmark-candidate_sweep-baseline-sealed-final-stage-{n}-{n},github-user:271768688,artifact naming family with 7 records,AURORA_PERFORMANCE_FRAMEWORK,inventoried,none,historical_reference,2026-08-03T05:47:25.644301Z,archive,
artifact_family,github-performance-benchmark-candidate_sweep-baseline-shard-g{n}-s{n}-a-{uuid},github-user:271768688,artifact naming family with 321 records,AURORA_PERFORMANCE_FRAMEWORK,inventoried,none,historical_reference,2026-08-03T05:47:25.644301Z,archive,
artifact_family,github-performance-benchmark-candidate_sweep-baseline-smoke-{n}-{n},github-user:271768688,artifact naming family with 7 records,AURORA_PERFORMANCE_FRAMEWORK,inventoried,none,historical_reference,2026-08-03T05:47:25.644301Z,archive,
artifact_family,github-performance-benchmark-candidate_sweep-baseline-timeline-{n}-{n},github-user:271768688,artifact naming family with 7 records,AURORA_PERFORMANCE_FRAMEWORK,inventoried,none,historical_reference,2026-08-03T05:47:25.644301Z,archive,
artifact_family,github-performance-benchmark-candidate_sweep-baseline-unsealed-final-stage-{n}-{n},github-user:271768688,artifact naming family with 7 records,AURORA_PERFORMANCE_FRAMEWORK,inventoried,none,historical_reference,2026-08-03T05:47:25.644301Z,archive,
artifact_family,github-performance-benchmark-candidate_sweep-baseline-verified-stage-{n}-{n},github-user:271768688,artifact naming family with 7 records,AURORA_PERFORMANCE_FRAMEWORK,inventoried,none,historical_reference,2026-08-03T05:47:25.644301Z,archive,
artifact_family,github-performance-benchmark-candidate_sweep-optimized-campaign-state-after-recovery-{n}-{n}-{n},github-user:271768688,artifact naming family with 19 records,AURORA_PERFORMANCE_FRAMEWORK,inventoried,none,historical_reference,2026-08-03T05:47:25.644301Z,archive,
artifact_family,github-performance-benchmark-candidate_sweep-optimized-campaign-state-initial-{n}-{n},github-user:271768688,artifact naming family with 9 records,AURORA_PERFORMANCE_FRAMEWORK,inventoried,none,historical_reference,2026-08-03T05:47:25.644301Z,archive,
artifact_family,github-performance-benchmark-candidate_sweep-optimized-campaign-state-merged-{n}-{n},github-user:271768688,artifact naming family with 7 records,AURORA_PERFORMANCE_FRAMEWORK,inventoried,none,historical_reference,2026-08-03T05:47:25.644301Z,archive,
artifact_family,github-performance-benchmark-candidate_sweep-optimized-campaign-state-verified-{n}-{n},github-user:271768688,artifact naming family with 7 records,AURORA_PERFORMANCE_FRAMEWORK,inventoried,none,historical_reference,2026-08-03T05:47:25.644301Z,archive,
artifact_family,github-performance-benchmark-candidate_sweep-optimized-contract-{n}-{n},github-user:271768688,artifact naming family with 9 records,AURORA_PERFORMANCE_FRAMEWORK,inventoried,none,historical_reference,2026-08-03T05:47:25.644301Z,archive,
artifact_family,github-performance-benchmark-candidate_sweep-optimized-environment-{n}-{n},github-user:271768688,artifact naming family with 9 records,AURORA_PERFORMANCE_FRAMEWORK,inventoried,none,historical_reference,2026-08-03T05:47:25.644301Z,archive,
artifact_family,github-performance-benchmark-candidate_sweep-optimized-pilot-{n}-{n},github-user:271768688,artifact naming family with 9 records,AURORA_PERFORMANCE_FRAMEWORK,inventoried,none,historical_reference,2026-08-03T05:47:25.644301Z,archive,
artifact_family,github-performance-benchmark-candidate_sweep-optimized-plan-{n}-{n},github-user:271768688,artifact naming family with 9 records,AURORA_PERFORMANCE_FRAMEWORK,inventoried,none,historical_reference,2026-08-03T05:47:25.644301Z,archive,
artifact_family,github-performance-benchmark-candidate_sweep-optimized-preflight-{n}-{n},github-user:271768688,artifact naming family with 9 records,AURORA_PERFORMANCE_FRAMEWORK,inventoried,none,historical_reference,2026-08-03T05:47:25.644301Z,archive,
artifact_family,github-performance-benchmark-candidate_sweep-optimized-recovery-wave-{n}-{n}-{n},github-user:271768688,artifact naming family with 19 records,AURORA_PERFORMANCE_FRAMEWORK,inventoried,none,historical_reference,2026-08-03T05:47:25.644301Z,archive,
artifact_family,github-performance-benchmark-candidate_sweep-optimized-results,github-user:271768688,artifact naming family with 7 records,AURORA_PERFORMANCE_FRAMEWORK,inventoried,none,historical_reference,2026-08-03T05:47:25.644301Z,archive,
artifact_family,github-performance-benchmark-candidate_sweep-optimized-sealed-final-stage-{n}-{n},github-user:271768688,artifact naming family with 7 records,AURORA_PERFORMANCE_FRAMEWORK,inventoried,none,historical_reference,2026-08-03T05:47:25.644301Z,archive,
artifact_family,github-performance-benchmark-candidate_sweep-optimized-shard-g{n}-s{n}-a-{uuid},github-user:271768688,artifact naming family with 344 records,AURORA_PERFORMANCE_FRAMEWORK,inventoried,none,historical_reference,2026-08-03T05:47:25.644301Z,archive,
artifact_family,github-performance-benchmark-candidate_sweep-optimized-smoke-{n}-{n},github-user:271768688,artifact naming family with 9 records,AURORA_PERFORMANCE_FRAMEWORK,inventoried,none,historical_reference,2026-08-03T05:47:25.644301Z,archive,
artifact_family,github-performance-benchmark-candidate_sweep-optimized-timeline-{n}-{n},github-user:271768688,artifact naming family with 7 records,AURORA_PERFORMANCE_FRAMEWORK,inventoried,none,historical_reference,2026-08-03T05:47:25.644301Z,archive,
artifact_family,github-performance-benchmark-candidate_sweep-optimized-unsealed-final-stage-{n}-{n},github-user:271768688,artifact naming family with 7 records,AURORA_PERFORMANCE_FRAMEWORK,inventoried,none,historical_reference,2026-08-03T05:47:25.644301Z,archive,
artifact_family,github-performance-benchmark-candidate_sweep-optimized-verified-stage-{n}-{n},github-user:271768688,artifact naming family with 7 records,AURORA_PERFORMANCE_FRAMEWORK,inventoried,none,historical_reference,2026-08-03T05:47:25.644301Z,archive,
artifact_family,github-performance-benchmark-candidate_sweep-results,github-user:271768688,artifact naming family with 7 records,AURORA_PERFORMANCE_FRAMEWORK,inventoried,none,historical_reference,2026-08-03T05:47:25.644301Z,archive,
artifact_family,github-performance-benchmark-candidate_sweep-shared-prepared-{n}-{n},github-user:271768688,artifact naming family with 9 records,AURORA_PERFORMANCE_FRAMEWORK,inventoried,none,historical_reference,2026-08-03T05:47:25.644301Z,archive,
artifact_family,github-performance-benchmark-event_study-baseline-campaign-state-after-recovery-{n}-{n}-{n},github-user:271768688,artifact naming family with 2 records,AURORA_PERFORMANCE_FRAMEWORK,inventoried,none,historical_reference,2026-08-03T05:47:25.644301Z,archive,
artifact_family,github-performance-benchmark-event_study-baseline-campaign-state-initial-{n}-{n},github-user:271768688,artifact naming family with 2 records,AURORA_PERFORMANCE_FRAMEWORK,inventoried,none,historical_reference,2026-08-03T05:47:25.644301Z,archive,
artifact_family,github-performance-benchmark-event_study-baseline-campaign-state-merged-{n}-{n},github-user:271768688,artifact naming family with 2 records,AURORA_PERFORMANCE_FRAMEWORK,inventoried,none,historical_reference,2026-08-03T05:47:25.644301Z,archive,
artifact_family,github-performance-benchmark-event_study-baseline-campaign-state-verified-{n}-{n},github-user:271768688,artifact naming family with 2 records,AURORA_PERFORMANCE_FRAMEWORK,inventoried,none,historical_reference,2026-08-03T05:47:25.644301Z,archive,
artifact_family,github-performance-benchmark-event_study-baseline-contract-{n}-{n},github-user:271768688,artifact naming family with 2 records,AURORA_PERFORMANCE_FRAMEWORK,inventoried,none,historical_reference,2026-08-03T05:47:25.644301Z,archive,
artifact_family,github-performance-benchmark-event_study-baseline-environment-{n}-{n},github-user:271768688,artifact naming family with 2 records,AURORA_PERFORMANCE_FRAMEWORK,inventoried,none,historical_reference,2026-08-03T05:47:25.644301Z,archive,
artifact_family,github-performance-benchmark-event_study-baseline-pilot-{n}-{n},github-user:271768688,artifact naming family with 2 records,AURORA_PERFORMANCE_FRAMEWORK,inventoried,none,historical_reference,2026-08-03T05:47:25.644301Z,archive,
artifact_family,github-performance-benchmark-event_study-baseline-plan-{n}-{n},github-user:271768688,artifact naming family with 2 records,AURORA_PERFORMANCE_FRAMEWORK,inventoried,none,historical_reference,2026-08-03T05:47:25.644301Z,archive,
artifact_family,github-performance-benchmark-event_study-baseline-preflight-{n}-{n},github-user:271768688,artifact naming family with 2 records,AURORA_PERFORMANCE_FRAMEWORK,inventoried,none,historical_reference,2026-08-03T05:47:25.644301Z,archive,
artifact_family,github-performance-benchmark-event_study-baseline-recovery-wave-{n}-{n}-{n},github-user:271768688,artifact naming family with 2 records,AURORA_PERFORMANCE_FRAMEWORK,inventoried,none,historical_reference,2026-08-03T05:47:25.644301Z,archive,
artifact_family,github-performance-benchmark-event_study-baseline-results,github-user:271768688,artifact naming family with 2 records,AURORA_PERFORMANCE_FRAMEWORK,inventoried,none,historical_reference,2026-08-03T05:47:25.644301Z,archive,
artifact_family,github-performance-benchmark-event_study-baseline-sealed-final-stage-{n}-{n},github-user:271768688,artifact naming family with 2 records,AURORA_PERFORMANCE_FRAMEWORK,inventoried,none,historical_reference,2026-08-03T05:47:25.644301Z,archive,
artifact_family,github-performance-benchmark-event_study-baseline-shard-g{n}-s{n}-a-{uuid},github-user:271768688,artifact naming family with 304 records,AURORA_PERFORMANCE_FRAMEWORK,inventoried,none,historical_reference,2026-08-03T05:47:25.644301Z,archive,
artifact_family,github-performance-benchmark-event_study-baseline-smoke-{n}-{n},github-user:271768688,artifact naming family with 2 records,AURORA_PERFORMANCE_FRAMEWORK,inventoried,none,historical_reference,2026-08-03T05:47:25.644301Z,archive,
artifact_family,github-performance-benchmark-event_study-baseline-timeline-{n}-{n},github-user:271768688,artifact naming family with 2 records,AURORA_PERFORMANCE_FRAMEWORK,inventoried,none,historical_reference,2026-08-03T05:47:25.644301Z,archive,
artifact_family,github-performance-benchmark-event_study-baseline-unsealed-final-stage-{n}-{n},github-user:271768688,artifact naming family with 2 records,AURORA_PERFORMANCE_FRAMEWORK,inventoried,none,historical_reference,2026-08-03T05:47:25.644301Z,archive,
artifact_family,github-performance-benchmark-event_study-baseline-verified-stage-{n}-{n},github-user:271768688,artifact naming family with 2 records,AURORA_PERFORMANCE_FRAMEWORK,inventoried,none,historical_reference,2026-08-03T05:47:25.644301Z,archive,
artifact_family,github-performance-benchmark-event_study-optimized-campaign-state-after-recovery-{n}-{n}-{n},github-user:271768688,artifact naming family with 8 records,AURORA_PERFORMANCE_FRAMEWORK,inventoried,none,historical_reference,2026-08-03T05:47:25.644301Z,archive,
artifact_family,github-performance-benchmark-event_study-optimized-campaign-state-initial-{n}-{n},github-user:271768688,artifact naming family with 3 records,AURORA_PERFORMANCE_FRAMEWORK,inventoried,none,historical_reference,2026-08-03T05:47:25.644301Z,archive,
artifact_family,github-performance-benchmark-event_study-optimized-campaign-state-merged-{n}-{n},github-user:271768688,artifact naming family with 2 records,AURORA_PERFORMANCE_FRAMEWORK,inventoried,none,historical_reference,2026-08-03T05:47:25.644301Z,archive,
artifact_family,github-performance-benchmark-event_study-optimized-campaign-state-verified-{n}-{n},github-user:271768688,artifact naming family with 2 records,AURORA_PERFORMANCE_FRAMEWORK,inventoried,none,historical_reference,2026-08-03T05:47:25.644301Z,archive,
artifact_family,github-performance-benchmark-event_study-optimized-contract-{n}-{n},github-user:271768688,artifact naming family with 3 records,AURORA_PERFORMANCE_FRAMEWORK,inventoried,none,historical_reference,2026-08-03T05:47:25.644301Z,archive,
artifact_family,github-performance-benchmark-event_study-optimized-environment-{n}-{n},github-user:271768688,artifact naming family with 3 records,AURORA_PERFORMANCE_FRAMEWORK,inventoried,none,historical_reference,2026-08-03T05:47:25.644301Z,archive,
artifact_family,github-performance-benchmark-event_study-optimized-pilot-{n}-{n},github-user:271768688,artifact naming family with 3 records,AURORA_PERFORMANCE_FRAMEWORK,inventoried,none,historical_reference,2026-08-03T05:47:25.644301Z,archive,
artifact_family,github-performance-benchmark-event_study-optimized-plan-{n}-{n},github-user:271768688,artifact naming family with 3 records,AURORA_PERFORMANCE_FRAMEWORK,inventoried,none,historical_reference,2026-08-03T05:47:25.644301Z,archive,
artifact_family,github-performance-benchmark-event_study-optimized-preflight-{n}-{n},github-user:271768688,artifact naming family with 3 records,AURORA_PERFORMANCE_FRAMEWORK,inventoried,none,historical_reference,2026-08-03T05:47:25.644301Z,archive,
artifact_family,github-performance-benchmark-event_study-optimized-recovery-wave-{n}-{n}-{n},github-user:271768688,artifact naming family with 8 records,AURORA_PERFORMANCE_FRAMEWORK,inventoried,none,historical_reference,2026-08-03T05:47:25.644301Z,archive,
artifact_family,github-performance-benchmark-event_study-optimized-results,github-user:271768688,artifact naming family with 2 records,AURORA_PERFORMANCE_FRAMEWORK,inventoried,none,historical_reference,2026-08-03T05:47:25.644301Z,archive,
artifact_family,github-performance-benchmark-event_study-optimized-sealed-final-stage-{n}-{n},github-user:271768688,artifact naming family with 2 records,AURORA_PERFORMANCE_FRAMEWORK,inventoried,none,historical_reference,2026-08-03T05:47:25.644301Z,archive,
artifact_family,github-performance-benchmark-event_study-optimized-shard-g{n}-s{n}-a-{uuid},github-user:271768688,artifact naming family with 308 records,AURORA_PERFORMANCE_FRAMEWORK,inventoried,none,historical_reference,2026-08-03T05:47:25.644301Z,archive,
artifact_family,github-performance-benchmark-event_study-optimized-smoke-{n}-{n},github-user:271768688,artifact naming family with 3 records,AURORA_PERFORMANCE_FRAMEWORK,inventoried,none,historical_reference,2026-08-03T05:47:25.644301Z,archive,
artifact_family,github-performance-benchmark-event_study-optimized-timeline-{n}-{n},github-user:271768688,artifact naming family with 2 records,AURORA_PERFORMANCE_FRAMEWORK,inventoried,none,historical_reference,2026-08-03T05:47:25.644301Z,archive,
artifact_family,github-performance-benchmark-event_study-optimized-unsealed-final-stage-{n}-{n},github-user:271768688,artifact naming family with 2 records,AURORA_PERFORMANCE_FRAMEWORK,inventoried,none,historical_reference,2026-08-03T05:47:25.644301Z,archive,
artifact_family,github-performance-benchmark-event_study-optimized-verified-stage-{n}-{n},github-user:271768688,artifact naming family with 2 records,AURORA_PERFORMANCE_FRAMEWORK,inventoried,none,historical_reference,2026-08-03T05:47:25.644301Z,archive,
artifact_family,github-performance-benchmark-event_study-results,github-user:271768688,artifact naming family with 2 records,AURORA_PERFORMANCE_FRAMEWORK,inventoried,none,historical_reference,2026-08-03T05:47:25.644301Z,archive,
artifact_family,github-performance-benchmark-event_study-shared-prepared-{n}-{n},github-user:271768688,artifact naming family with 3 records,AURORA_PERFORMANCE_FRAMEWORK,inventoried,none,historical_reference,2026-08-03T05:47:25.644301Z,archive,
artifact_family,github-performance-benchmark-optimized-contract-{n}-{n},github-user:271768688,artifact naming family with 4 records,AURORA_PERFORMANCE_FRAMEWORK,inventoried,none,historical_reference,2026-08-03T05:47:25.644301Z,archive,
artifact_family,github-performance-benchmark-optimized-environment-{n}-{n},github-user:271768688,artifact naming family with 4 records,AURORA_PERFORMANCE_FRAMEWORK,inventoried,none,historical_reference,2026-08-03T05:47:25.644301Z,archive,
artifact_family,github-performance-benchmark-optimized-final-stage-{n}-{n},github-user:271768688,artifact naming family with 4 records,AURORA_PERFORMANCE_FRAMEWORK,inventoried,none,historical_reference,2026-08-03T05:47:25.644301Z,archive,
artifact_family,github-performance-benchmark-optimized-partial-g{n},github-user:271768688,artifact naming family with 4 records,AURORA_PERFORMANCE_FRAMEWORK,inventoried,none,historical_reference,2026-08-03T05:47:25.644301Z,archive,
artifact_family,github-performance-benchmark-optimized-pilot-{n}-{n},github-user:271768688,artifact naming family with 4 records,AURORA_PERFORMANCE_FRAMEWORK,inventoried,none,historical_reference,2026-08-03T05:47:25.644301Z,archive,
artifact_family,github-performance-benchmark-optimized-plan-{n}-{n},github-user:271768688,artifact naming family with 4 records,AURORA_PERFORMANCE_FRAMEWORK,inventoried,none,historical_reference,2026-08-03T05:47:25.644301Z,archive,
artifact_family,github-performance-benchmark-optimized-preflight-{n}-{n},github-user:271768688,artifact naming family with 4 records,AURORA_PERFORMANCE_FRAMEWORK,inventoried,none,historical_reference,2026-08-03T05:47:25.644301Z,archive,
artifact_family,github-performance-benchmark-optimized-prepared-{n}-{n},github-user:271768688,artifact naming family with 2 records,AURORA_PERFORMANCE_FRAMEWORK,inventoried,none,historical_reference,2026-08-03T05:47:25.644301Z,archive,
artifact_family,github-performance-benchmark-optimized-recovery-{n}-{n},github-user:271768688,artifact naming family with 4 records,AURORA_PERFORMANCE_FRAMEWORK,inventoried,none,historical_reference,2026-08-03T05:47:25.644301Z,archive,
artifact_family,github-performance-benchmark-optimized-results,github-user:271768688,artifact naming family with 3 records,AURORA_PERFORMANCE_FRAMEWORK,inventoried,none,historical_reference,2026-08-03T05:47:25.644301Z,archive,
artifact_family,github-performance-benchmark-optimized-shard-g{n}-s{n}-a-{uuid},github-user:271768688,artifact naming family with 4 records,AURORA_PERFORMANCE_FRAMEWORK,inventoried,none,historical_reference,2026-08-03T05:47:25.644301Z,archive,
artifact_family,github-performance-benchmark-optimized-smoke-{n}-{n},github-user:271768688,artifact naming family with 4 records,AURORA_PERFORMANCE_FRAMEWORK,inventoried,none,historical_reference,2026-08-03T05:47:25.644301Z,archive,
artifact_family,github-performance-benchmark-optimized-timeline-{n}-{n},github-user:271768688,artifact naming family with 4 records,AURORA_PERFORMANCE_FRAMEWORK,inventoried,none,historical_reference,2026-08-03T05:47:25.644301Z,archive,
artifact_family,github-performance-benchmark-optimized-verified-stage-{n}-{n},github-user:271768688,artifact naming family with 4 records,AURORA_PERFORMANCE_FRAMEWORK,inventoried,none,historical_reference,2026-08-03T05:47:25.644301Z,archive,
artifact_family,github-performance-benchmark-results,github-user:271768688,artifact naming family with 3 records,AURORA_PERFORMANCE_FRAMEWORK,inventoried,none,historical_reference,2026-08-03T05:47:25.644301Z,archive,
artifact_family,github-performance-benchmark-robustness-baseline-campaign-state-after-recovery-{n}-{n}-{n},github-user:271768688,artifact naming family with 8 records,AURORA_PERFORMANCE_FRAMEWORK,inventoried,none,historical_reference,2026-08-03T05:47:25.644301Z,archive,
artifact_family,github-performance-benchmark-robustness-baseline-campaign-state-initial-{n}-{n},github-user:271768688,artifact naming family with 3 records,AURORA_PERFORMANCE_FRAMEWORK,inventoried,none,historical_reference,2026-08-03T05:47:25.644301Z,archive,
artifact_family,github-performance-benchmark-robustness-baseline-campaign-state-merged-{n}-{n},github-user:271768688,artifact naming family with 2 records,AURORA_PERFORMANCE_FRAMEWORK,inventoried,none,historical_reference,2026-08-03T05:47:25.644301Z,archive,
artifact_family,github-performance-benchmark-robustness-baseline-campaign-state-verified-{n}-{n},github-user:271768688,artifact naming family with 2 records,AURORA_PERFORMANCE_FRAMEWORK,inventoried,none,historical_reference,2026-08-03T05:47:25.644301Z,archive,
artifact_family,github-performance-benchmark-robustness-baseline-contract-{n}-{n},github-user:271768688,artifact naming family with 3 records,AURORA_PERFORMANCE_FRAMEWORK,inventoried,none,historical_reference,2026-08-03T05:47:25.644301Z,archive,
artifact_family,github-performance-benchmark-robustness-baseline-environment-{n}-{n},github-user:271768688,artifact naming family with 3 records,AURORA_PERFORMANCE_FRAMEWORK,inventoried,none,historical_reference,2026-08-03T05:47:25.644301Z,archive,
artifact_family,github-performance-benchmark-robustness-baseline-pilot-{n}-{n},github-user:271768688,artifact naming family with 3 records,AURORA_PERFORMANCE_FRAMEWORK,inventoried,none,historical_reference,2026-08-03T05:47:25.644301Z,archive,
artifact_family,github-performance-benchmark-robustness-baseline-plan-{n}-{n},github-user:271768688,artifact naming family with 3 records,AURORA_PERFORMANCE_FRAMEWORK,inventoried,none,historical_reference,2026-08-03T05:47:25.644301Z,archive,
artifact_family,github-performance-benchmark-robustness-baseline-preflight-{n}-{n},github-user:271768688,artifact naming family with 3 records,AURORA_PERFORMANCE_FRAMEWORK,inventoried,none,historical_reference,2026-08-03T05:47:25.644301Z,archive,
artifact_family,github-performance-benchmark-robustness-baseline-recovery-wave-{n}-{n}-{n},github-user:271768688,artifact naming family with 8 records,AURORA_PERFORMANCE_FRAMEWORK,inventoried,none,historical_reference,2026-08-03T05:47:25.644301Z,archive,
artifact_family,github-performance-benchmark-robustness-baseline-results,github-user:271768688,artifact naming family with 2 records,AURORA_PERFORMANCE_FRAMEWORK,inventoried,none,historical_reference,2026-08-03T05:47:25.644301Z,archive,
artifact_family,github-performance-benchmark-robustness-baseline-sealed-final-stage-{n}-{n},github-user:271768688,artifact naming family with 2 records,AURORA_PERFORMANCE_FRAMEWORK,inventoried,none,historical_reference,2026-08-03T05:47:25.644301Z,archive,
artifact_family,github-performance-benchmark-robustness-baseline-shard-g{n}-s{n}-a-{uuid},github-user:271768688,artifact naming family with 662 records,AURORA_PERFORMANCE_FRAMEWORK,inventoried,none,historical_reference,2026-08-03T05:47:25.644301Z,archive,
artifact_family,github-performance-benchmark-robustness-baseline-smoke-{n}-{n},github-user:271768688,artifact naming family with 3 records,AURORA_PERFORMANCE_FRAMEWORK,inventoried,none,historical_reference,2026-08-03T05:47:25.644301Z,archive,
artifact_family,github-performance-benchmark-robustness-baseline-timeline-{n}-{n},github-user:271768688,artifact naming family with 2 records,AURORA_PERFORMANCE_FRAMEWORK,inventoried,none,historical_reference,2026-08-03T05:47:25.644301Z,archive,
artifact_family,github-performance-benchmark-robustness-baseline-unsealed-final-stage-{n}-{n},github-user:271768688,artifact naming family with 2 records,AURORA_PERFORMANCE_FRAMEWORK,inventoried,none,historical_reference,2026-08-03T05:47:25.644301Z,archive,
artifact_family,github-performance-benchmark-robustness-baseline-verified-stage-{n}-{n},github-user:271768688,artifact naming family with 2 records,AURORA_PERFORMANCE_FRAMEWORK,inventoried,none,historical_reference,2026-08-03T05:47:25.644301Z,archive,
artifact_family,github-performance-benchmark-robustness-optimized-campaign-state-after-recovery-{n}-{n}-{n},github-user:271768688,artifact naming family with 9 records,AURORA_PERFORMANCE_FRAMEWORK,inventoried,none,historical_reference,2026-08-03T05:47:25.644301Z,archive,
artifact_family,github-performance-benchmark-robustness-optimized-campaign-state-initial-{n}-{n},github-user:271768688,artifact naming family with 4 records,AURORA_PERFORMANCE_FRAMEWORK,inventoried,none,historical_reference,2026-08-03T05:47:25.644301Z,archive,
artifact_family,github-performance-benchmark-robustness-optimized-campaign-state-merged-{n}-{n},github-user:271768688,artifact naming family with 3 records,AURORA_PERFORMANCE_FRAMEWORK,inventoried,none,historical_reference,2026-08-03T05:47:25.644301Z,archive,
artifact_family,github-performance-benchmark-robustness-optimized-campaign-state-verified-{n}-{n},github-user:271768688,artifact naming family with 3 records,AURORA_PERFORMANCE_FRAMEWORK,inventoried,none,historical_reference,2026-08-03T05:47:25.644301Z,archive,
artifact_family,github-performance-benchmark-robustness-optimized-contract-{n}-{n},github-user:271768688,artifact naming family with 4 records,AURORA_PERFORMANCE_FRAMEWORK,inventoried,none,historical_reference,2026-08-03T05:47:25.644301Z,archive,
artifact_family,github-performance-benchmark-robustness-optimized-environment-{n}-{n},github-user:271768688,artifact naming family with 4 records,AURORA_PERFORMANCE_FRAMEWORK,inventoried,none,historical_reference,2026-08-03T05:47:25.644301Z,archive,
artifact_family,github-performance-benchmark-robustness-optimized-pilot-{n}-{n},github-user:271768688,artifact naming family with 4 records,AURORA_PERFORMANCE_FRAMEWORK,inventoried,none,historical_reference,2026-08-03T05:47:25.644301Z,archive,
artifact_family,github-performance-benchmark-robustness-optimized-plan-{n}-{n},github-user:271768688,artifact naming family with 4 records,AURORA_PERFORMANCE_FRAMEWORK,inventoried,none,historical_reference,2026-08-03T05:47:25.644301Z,archive,
artifact_family,github-performance-benchmark-robustness-optimized-preflight-{n}-{n},github-user:271768688,artifact naming family with 4 records,AURORA_PERFORMANCE_FRAMEWORK,inventoried,none,historical_reference,2026-08-03T05:47:25.644301Z,archive,
artifact_family,github-performance-benchmark-robustness-optimized-recovery-wave-{n}-{n}-{n},github-user:271768688,artifact naming family with 9 records,AURORA_PERFORMANCE_FRAMEWORK,inventoried,none,historical_reference,2026-08-03T05:47:25.644301Z,archive,
artifact_family,github-performance-benchmark-robustness-optimized-results,github-user:271768688,artifact naming family with 3 records,AURORA_PERFORMANCE_FRAMEWORK,inventoried,none,historical_reference,2026-08-03T05:47:25.644301Z,archive,
artifact_family,github-performance-benchmark-robustness-optimized-sealed-final-stage-{n}-{n},github-user:271768688,artifact naming family with 3 records,AURORA_PERFORMANCE_FRAMEWORK,inventoried,none,historical_reference,2026-08-03T05:47:25.644301Z,archive,
artifact_family,github-performance-benchmark-robustness-optimized-shard-g{n}-s{n}-a-{uuid},github-user:271768688,artifact naming family with 668 records,AURORA_PERFORMANCE_FRAMEWORK,inventoried,none,historical_reference,2026-08-03T05:47:25.644301Z,archive,
artifact_family,github-performance-benchmark-robustness-optimized-smoke-{n}-{n},github-user:271768688,artifact naming family with 4 records,AURORA_PERFORMANCE_FRAMEWORK,inventoried,none,historical_reference,2026-08-03T05:47:25.644301Z,archive,
artifact_family,github-performance-benchmark-robustness-optimized-timeline-{n}-{n},github-user:271768688,artifact naming family with 3 records,AURORA_PERFORMANCE_FRAMEWORK,inventoried,none,historical_reference,2026-08-03T05:47:25.644301Z,archive,
artifact_family,github-performance-benchmark-robustness-optimized-unsealed-final-stage-{n}-{n},github-user:271768688,artifact naming family with 3 records,AURORA_PERFORMANCE_FRAMEWORK,inventoried,none,historical_reference,2026-08-03T05:47:25.644301Z,archive,
artifact_family,github-performance-benchmark-robustness-optimized-verified-stage-{n}-{n},github-user:271768688,artifact naming family with 3 records,AURORA_PERFORMANCE_FRAMEWORK,inventoried,none,historical_reference,2026-08-03T05:47:25.644301Z,archive,
artifact_family,github-performance-benchmark-robustness-results,github-user:271768688,artifact naming family with 2 records,AURORA_PERFORMANCE_FRAMEWORK,inventoried,none,historical_reference,2026-08-03T05:47:25.644301Z,archive,
artifact_family,github-performance-benchmark-robustness-shared-prepared-{n}-{n},github-user:271768688,artifact naming family with 4 records,AURORA_PERFORMANCE_FRAMEWORK,inventoried,none,historical_reference,2026-08-03T05:47:25.644301Z,archive,
artifact_family,github-performance-benchmark-shared-prepared-{n}-{n},github-user:271768688,artifact naming family with 2 records,AURORA_PERFORMANCE_FRAMEWORK,inventoried,none,historical_reference,2026-08-03T05:47:25.644301Z,archive,
artifact_family,github-performance-benchmark-shared-wheelhouse-{n}-{n},github-user:271768688,artifact naming family with 17 records,AURORA_PERFORMANCE_FRAMEWORK,inventoried,none,historical_reference,2026-08-03T05:47:25.644301Z,archive,
artifact_family,github-performance-candidate-sweep-optimized-campaign-state-after-recovery-{n}-{n}-{n},github-user:271768688,artifact naming family with 2 records,AURORA_PERFORMANCE_FRAMEWORK,inventoried,none,historical_reference,2026-08-03T05:47:25.644301Z,archive,
artifact_family,github-performance-candidate-sweep-optimized-campaign-state-initial-{n}-{n},github-user:271768688,artifact naming family with 2 records,AURORA_PERFORMANCE_FRAMEWORK,inventoried,none,historical_reference,2026-08-03T05:47:25.644301Z,archive,
artifact_family,github-performance-candidate-sweep-optimized-campaign-state-merged-{n}-{n},github-user:271768688,artifact naming family with 2 records,AURORA_PERFORMANCE_FRAMEWORK,inventoried,none,historical_reference,2026-08-03T05:47:25.644301Z,archive,
artifact_family,github-performance-candidate-sweep-optimized-campaign-state-verified-{n}-{n},github-user:271768688,artifact naming family with 2 records,AURORA_PERFORMANCE_FRAMEWORK,inventoried,none,historical_reference,2026-08-03T05:47:25.644301Z,archive,
artifact_family,github-performance-candidate-sweep-optimized-contract-{n}-{n},github-user:271768688,artifact naming family with 2 records,AURORA_PERFORMANCE_FRAMEWORK,inventoried,none,historical_reference,2026-08-03T05:47:25.644301Z,archive,
artifact_family,github-performance-candidate-sweep-optimized-environment-{n}-{n},github-user:271768688,artifact naming family with 2 records,AURORA_PERFORMANCE_FRAMEWORK,inventoried,none,historical_reference,2026-08-03T05:47:25.644301Z,archive,
artifact_family,github-performance-candidate-sweep-optimized-pilot-{n}-{n},github-user:271768688,artifact naming family with 2 records,AURORA_PERFORMANCE_FRAMEWORK,inventoried,none,historical_reference,2026-08-03T05:47:25.644301Z,archive,
artifact_family,github-performance-candidate-sweep-optimized-plan-{n}-{n},github-user:271768688,artifact naming family with 2 records,AURORA_PERFORMANCE_FRAMEWORK,inventoried,none,historical_reference,2026-08-03T05:47:25.644301Z,archive,
artifact_family,github-performance-candidate-sweep-optimized-preflight-{n}-{n},github-user:271768688,artifact naming family with 2 records,AURORA_PERFORMANCE_FRAMEWORK,inventoried,none,historical_reference,2026-08-03T05:47:25.644301Z,archive,
artifact_family,github-performance-candidate-sweep-optimized-prepared-{n}-{n},github-user:271768688,artifact naming family with 2 records,AURORA_PERFORMANCE_FRAMEWORK,inventoried,none,historical_reference,2026-08-03T05:47:25.644301Z,archive,
artifact_family,github-performance-candidate-sweep-optimized-recovery-wave-{n}-{n}-{n},github-user:271768688,artifact naming family with 2 records,AURORA_PERFORMANCE_FRAMEWORK,inventoried,none,historical_reference,2026-08-03T05:47:25.644301Z,archive,
artifact_family,github-performance-candidate-sweep-optimized-results,github-user:271768688,artifact naming family with 2 records,AURORA_PERFORMANCE_FRAMEWORK,inventoried,none,historical_reference,2026-08-03T05:47:25.644301Z,archive,
artifact_family,github-performance-candidate-sweep-optimized-sealed-final-stage-{n}-{n},github-user:271768688,artifact naming family with 2 records,AURORA_PERFORMANCE_FRAMEWORK,inventoried,none,historical_reference,2026-08-03T05:47:25.644301Z,archive,
artifact_family,github-performance-candidate-sweep-optimized-shard-g{n}-s{n}-a-{uuid},github-user:271768688,artifact naming family with 8 records,AURORA_PERFORMANCE_FRAMEWORK,inventoried,none,historical_reference,2026-08-03T05:47:25.644301Z,archive,
artifact_family,github-performance-candidate-sweep-optimized-smoke-{n}-{n},github-user:271768688,artifact naming family with 2 records,AURORA_PERFORMANCE_FRAMEWORK,inventoried,none,historical_reference,2026-08-03T05:47:25.644301Z,archive,
artifact_family,github-performance-candidate-sweep-optimized-timeline-{n}-{n},github-user:271768688,artifact naming family with 2 records,AURORA_PERFORMANCE_FRAMEWORK,inventoried,none,historical_reference,2026-08-03T05:47:25.644301Z,archive,
artifact_family,github-performance-candidate-sweep-optimized-unsealed-final-stage-{n}-{n},github-user:271768688,artifact naming family with 2 records,AURORA_PERFORMANCE_FRAMEWORK,inventoried,none,historical_reference,2026-08-03T05:47:25.644301Z,archive,
artifact_family,github-performance-candidate-sweep-optimized-verified-stage-{n}-{n},github-user:271768688,artifact naming family with 2 records,AURORA_PERFORMANCE_FRAMEWORK,inventoried,none,historical_reference,2026-08-03T05:47:25.644301Z,archive,
artifact_family,github-performance-candidate-sweep-optimized-wheelhouse-{n}-{n},github-user:271768688,artifact naming family with 2 records,AURORA_PERFORMANCE_FRAMEWORK,inventoried,none,historical_reference,2026-08-03T05:47:25.644301Z,archive,
artifact_family,github-performance-candidate-sweep-{n}-merge-l{n}-p{n}-g{n}-{hex},github-user:271768688,artifact naming family with 26 records,AURORA_PERFORMANCE_FRAMEWORK,inventoried,none,historical_reference,2026-08-03T05:47:25.644301Z,archive,
artifact_family,github-performance-direct-clean-campaign-state-after-recovery-{n}-{n}-{n},github-user:271768688,artifact naming family with 1 records,AURORA_PERFORMANCE_FRAMEWORK,inventoried,none,historical_reference,2026-08-03T05:47:25.644301Z,archive,
artifact_family,github-performance-direct-clean-campaign-state-initial-{n}-{n},github-user:271768688,artifact naming family with 1 records,AURORA_PERFORMANCE_FRAMEWORK,inventoried,none,historical_reference,2026-08-03T05:47:25.644301Z,archive,
artifact_family,github-performance-direct-clean-campaign-state-merged-{n}-{n},github-user:271768688,artifact naming family with 1 records,AURORA_PERFORMANCE_FRAMEWORK,inventoried,none,historical_reference,2026-08-03T05:47:25.644301Z,archive,
artifact_family,github-performance-direct-clean-campaign-state-verified-{n}-{n},github-user:271768688,artifact naming family with 1 records,AURORA_PERFORMANCE_FRAMEWORK,inventoried,none,historical_reference,2026-08-03T05:47:25.644301Z,archive,
artifact_family,github-performance-direct-clean-contract-{n}-{n},github-user:271768688,artifact naming family with 1 records,AURORA_PERFORMANCE_FRAMEWORK,inventoried,none,historical_reference,2026-08-03T05:47:25.644301Z,archive,
artifact_family,github-performance-direct-clean-environment-{n}-{n},github-user:271768688,artifact naming family with 1 records,AURORA_PERFORMANCE_FRAMEWORK,inventoried,none,historical_reference,2026-08-03T05:47:25.644301Z,archive,
artifact_family,github-performance-direct-clean-pilot-{n}-{n},github-user:271768688,artifact naming family with 1 records,AURORA_PERFORMANCE_FRAMEWORK,inventoried,none,historical_reference,2026-08-03T05:47:25.644301Z,archive,
artifact_family,github-performance-direct-clean-plan-{n}-{n},github-user:271768688,artifact naming family with 1 records,AURORA_PERFORMANCE_FRAMEWORK,inventoried,none,historical_reference,2026-08-03T05:47:25.644301Z,archive,
artifact_family,github-performance-direct-clean-preflight-{n}-{n},github-user:271768688,artifact naming family with 1 records,AURORA_PERFORMANCE_FRAMEWORK,inventoried,none,historical_reference,2026-08-03T05:47:25.644301Z,archive,
artifact_family,github-performance-direct-clean-prepared-{n}-{n},github-user:271768688,artifact naming family with 1 records,AURORA_PERFORMANCE_FRAMEWORK,inventoried,none,historical_reference,2026-08-03T05:47:25.644301Z,archive,
artifact_family,github-performance-direct-clean-recovery-wave-{n}-{n}-{n},github-user:271768688,artifact naming family with 1 records,AURORA_PERFORMANCE_FRAMEWORK,inventoried,none,historical_reference,2026-08-03T05:47:25.644301Z,archive,
artifact_family,github-performance-direct-clean-results,github-user:271768688,artifact naming family with 1 records,AURORA_PERFORMANCE_FRAMEWORK,inventoried,none,historical_reference,2026-08-03T05:47:25.644301Z,archive,
artifact_family,github-performance-direct-clean-sealed-final-stage-{n}-{n},github-user:271768688,artifact naming family with 1 records,AURORA_PERFORMANCE_FRAMEWORK,inventoried,none,historical_reference,2026-08-03T05:47:25.644301Z,archive,
artifact_family,github-performance-direct-clean-shard-g{n}-s{n}-a-{uuid},github-user:271768688,artifact naming family with 4 records,AURORA_PERFORMANCE_FRAMEWORK,inventoried,none,historical_reference,2026-08-03T05:47:25.644301Z,archive,
artifact_family,github-performance-direct-clean-smoke-{n}-{n},github-user:271768688,artifact naming family with 1 records,AURORA_PERFORMANCE_FRAMEWORK,inventoried,none,historical_reference,2026-08-03T05:47:25.644301Z,archive,
artifact_family,github-performance-direct-clean-timeline-{n}-{n},github-user:271768688,artifact naming family with 1 records,AURORA_PERFORMANCE_FRAMEWORK,inventoried,none,historical_reference,2026-08-03T05:47:25.644301Z,archive,
artifact_family,github-performance-direct-clean-unsealed-final-stage-{n}-{n},github-user:271768688,artifact naming family with 1 records,AURORA_PERFORMANCE_FRAMEWORK,inventoried,none,historical_reference,2026-08-03T05:47:25.644301Z,archive,
artifact_family,github-performance-direct-clean-verified-stage-{n}-{n},github-user:271768688,artifact naming family with 1 records,AURORA_PERFORMANCE_FRAMEWORK,inventoried,none,historical_reference,2026-08-03T05:47:25.644301Z,archive,
artifact_family,github-performance-direct-clean-wheelhouse-{n}-{n},github-user:271768688,artifact naming family with 1 records,AURORA_PERFORMANCE_FRAMEWORK,inventoried,none,historical_reference,2026-08-03T05:47:25.644301Z,archive,
artifact_family,github-performance-direct-recovery-campaign-state-after-recovery-{n}-{n}-{n},github-user:271768688,artifact naming family with 4 records,AURORA_PERFORMANCE_FRAMEWORK,inventoried,none,historical_reference,2026-08-03T05:47:25.644301Z,archive,
artifact_family,github-performance-direct-recovery-campaign-state-initial-{n}-{n},github-user:271768688,artifact naming family with 2 records,AURORA_PERFORMANCE_FRAMEWORK,inventoried,none,historical_reference,2026-08-03T05:47:25.644301Z,archive,
artifact_family,github-performance-direct-recovery-campaign-state-merged-{n}-{n},github-user:271768688,artifact naming family with 1 records,AURORA_PERFORMANCE_FRAMEWORK,inventoried,none,historical_reference,2026-08-03T05:47:25.644301Z,archive,
artifact_family,github-performance-direct-recovery-campaign-state-verified-{n}-{n},github-user:271768688,artifact naming family with 1 records,AURORA_PERFORMANCE_FRAMEWORK,inventoried,none,historical_reference,2026-08-03T05:47:25.644301Z,archive,
artifact_family,github-performance-direct-recovery-contract-{n}-{n},github-user:271768688,artifact naming family with 2 records,AURORA_PERFORMANCE_FRAMEWORK,inventoried,none,historical_reference,2026-08-03T05:47:25.644301Z,archive,
artifact_family,github-performance-direct-recovery-environment-{n}-{n},github-user:271768688,artifact naming family with 2 records,AURORA_PERFORMANCE_FRAMEWORK,inventoried,none,historical_reference,2026-08-03T05:47:25.644301Z,archive,
artifact_family,github-performance-direct-recovery-pilot-{n}-{n},github-user:271768688,artifact naming family with 2 records,AURORA_PERFORMANCE_FRAMEWORK,inventoried,none,historical_reference,2026-08-03T05:47:25.644301Z,archive,
artifact_family,github-performance-direct-recovery-plan-{n}-{n},github-user:271768688,artifact naming family with 2 records,AURORA_PERFORMANCE_FRAMEWORK,inventoried,none,historical_reference,2026-08-03T05:47:25.644301Z,archive,
artifact_family,github-performance-direct-recovery-preflight-{n}-{n},github-user:271768688,artifact naming family with 2 records,AURORA_PERFORMANCE_FRAMEWORK,inventoried,none,historical_reference,2026-08-03T05:47:25.644301Z,archive,
artifact_family,github-performance-direct-recovery-prepared-{n}-{n},github-user:271768688,artifact naming family with 2 records,AURORA_PERFORMANCE_FRAMEWORK,inventoried,none,historical_reference,2026-08-03T05:47:25.644301Z,archive,
artifact_family,github-performance-direct-recovery-recovery-wave-{n}-{n}-{n},github-user:271768688,artifact naming family with 4 records,AURORA_PERFORMANCE_FRAMEWORK,inventoried,none,historical_reference,2026-08-03T05:47:25.644301Z,archive,
artifact_family,github-performance-direct-recovery-results,github-user:271768688,artifact naming family with 1 records,AURORA_PERFORMANCE_FRAMEWORK,inventoried,none,historical_reference,2026-08-03T05:47:25.644301Z,archive,
artifact_family,github-performance-direct-recovery-sealed-final-stage-{n}-{n},github-user:271768688,artifact naming family with 1 records,AURORA_PERFORMANCE_FRAMEWORK,inventoried,none,historical_reference,2026-08-03T05:47:25.644301Z,archive,
artifact_family,github-performance-direct-recovery-shard-g{n}-s{n}-a-{uuid},github-user:271768688,artifact naming family with 10 records,AURORA_PERFORMANCE_FRAMEWORK,inventoried,none,historical_reference,2026-08-03T05:47:25.644301Z,archive,
artifact_family,github-performance-direct-recovery-smoke-{n}-{n},github-user:271768688,artifact naming family with 2 records,AURORA_PERFORMANCE_FRAMEWORK,inventoried,none,historical_reference,2026-08-03T05:47:25.644301Z,archive,
artifact_family,github-performance-direct-recovery-timeline-{n}-{n},github-user:271768688,artifact naming family with 1 records,AURORA_PERFORMANCE_FRAMEWORK,inventoried,none,historical_reference,2026-08-03T05:47:25.644301Z,archive,
artifact_family,github-performance-direct-recovery-unsealed-final-stage-{n}-{n},github-user:271768688,artifact naming family with 1 records,AURORA_PERFORMANCE_FRAMEWORK,inventoried,none,historical_reference,2026-08-03T05:47:25.644301Z,archive,
artifact_family,github-performance-direct-recovery-verified-stage-{n}-{n},github-user:271768688,artifact naming family with 1 records,AURORA_PERFORMANCE_FRAMEWORK,inventoried,none,historical_reference,2026-08-03T05:47:25.644301Z,archive,
artifact_family,github-performance-direct-recovery-v{n}-campaign-state-after-recovery-{n}-{n}-{n},github-user:271768688,artifact naming family with 2 records,AURORA_PERFORMANCE_FRAMEWORK,inventoried,none,historical_reference,2026-08-03T05:47:25.644301Z,archive,
artifact_family,github-performance-direct-recovery-v{n}-campaign-state-initial-{n}-{n},github-user:271768688,artifact naming family with 1 records,AURORA_PERFORMANCE_FRAMEWORK,inventoried,none,historical_reference,2026-08-03T05:47:25.644301Z,archive,
artifact_family,github-performance-direct-recovery-v{n}-campaign-state-merged-{n}-{n},github-user:271768688,artifact naming family with 1 records,AURORA_PERFORMANCE_FRAMEWORK,inventoried,none,historical_reference,2026-08-03T05:47:25.644301Z,archive,
artifact_family,github-performance-direct-recovery-v{n}-campaign-state-verified-{n}-{n},github-user:271768688,artifact naming family with 1 records,AURORA_PERFORMANCE_FRAMEWORK,inventoried,none,historical_reference,2026-08-03T05:47:25.644301Z,archive,
artifact_family,github-performance-direct-recovery-v{n}-contract-{n}-{n},github-user:271768688,artifact naming family with 1 records,AURORA_PERFORMANCE_FRAMEWORK,inventoried,none,historical_reference,2026-08-03T05:47:25.644301Z,archive,
artifact_family,github-performance-direct-recovery-v{n}-environment-{n}-{n},github-user:271768688,artifact naming family with 1 records,AURORA_PERFORMANCE_FRAMEWORK,inventoried,none,historical_reference,2026-08-03T05:47:25.644301Z,archive,
artifact_family,github-performance-direct-recovery-v{n}-pilot-{n}-{n},github-user:271768688,artifact naming family with 1 records,AURORA_PERFORMANCE_FRAMEWORK,inventoried,none,historical_reference,2026-08-03T05:47:25.644301Z,archive,
artifact_family,github-performance-direct-recovery-v{n}-plan-{n}-{n},github-user:271768688,artifact naming family with 1 records,AURORA_PERFORMANCE_FRAMEWORK,inventoried,none,historical_reference,2026-08-03T05:47:25.644301Z,archive,
artifact_family,github-performance-direct-recovery-v{n}-preflight-{n}-{n},github-user:271768688,artifact naming family with 1 records,AURORA_PERFORMANCE_FRAMEWORK,inventoried,none,historical_reference,2026-08-03T05:47:25.644301Z,archive,
artifact_family,github-performance-direct-recovery-v{n}-prepared-{n}-{n},github-user:271768688,artifact naming family with 1 records,AURORA_PERFORMANCE_FRAMEWORK,inventoried,none,historical_reference,2026-08-03T05:47:25.644301Z,archive,
artifact_family,github-performance-direct-recovery-v{n}-recovery-wave-{n}-{n}-{n},github-user:271768688,artifact naming family with 2 records,AURORA_PERFORMANCE_FRAMEWORK,inventoried,none,historical_reference,2026-08-03T05:47:25.644301Z,archive,
artifact_family,github-performance-direct-recovery-v{n}-results,github-user:271768688,artifact naming family with 1 records,AURORA_PERFORMANCE_FRAMEWORK,inventoried,none,historical_reference,2026-08-03T05:47:25.644301Z,archive,
artifact_family,github-performance-direct-recovery-v{n}-sealed-final-stage-{n}-{n},github-user:271768688,artifact naming family with 1 records,AURORA_PERFORMANCE_FRAMEWORK,inventoried,none,historical_reference,2026-08-03T05:47:25.644301Z,archive,
artifact_family,github-performance-direct-recovery-v{n}-shard-g{n}-s{n}-a-{uuid},github-user:271768688,artifact naming family with 5 records,AURORA_PERFORMANCE_FRAMEWORK,inventoried,none,historical_reference,2026-08-03T05:47:25.644301Z,archive,
artifact_family,github-performance-direct-recovery-v{n}-smoke-{n}-{n},github-user:271768688,artifact naming family with 1 records,AURORA_PERFORMANCE_FRAMEWORK,inventoried,none,historical_reference,2026-08-03T05:47:25.644301Z,archive,
artifact_family,github-performance-direct-recovery-v{n}-timeline-{n}-{n},github-user:271768688,artifact naming family with 1 records,AURORA_PERFORMANCE_FRAMEWORK,inventoried,none,historical_reference,2026-08-03T05:47:25.644301Z,archive,
artifact_family,github-performance-direct-recovery-v{n}-unsealed-final-stage-{n}-{n},github-user:271768688,artifact naming family with 1 records,AURORA_PERFORMANCE_FRAMEWORK,inventoried,none,historical_reference,2026-08-03T05:47:25.644301Z,archive,
artifact_family,github-performance-direct-recovery-v{n}-verified-stage-{n}-{n},github-user:271768688,artifact naming family with 1 records,AURORA_PERFORMANCE_FRAMEWORK,inventoried,none,historical_reference,2026-08-03T05:47:25.644301Z,archive,
artifact_family,github-performance-direct-recovery-v{n}-wheelhouse-{n}-{n},github-user:271768688,artifact naming family with 1 records,AURORA_PERFORMANCE_FRAMEWORK,inventoried,none,historical_reference,2026-08-03T05:47:25.644301Z,archive,
artifact_family,github-performance-direct-recovery-wheelhouse-{n}-{n},github-user:271768688,artifact naming family with 2 records,AURORA_PERFORMANCE_FRAMEWORK,inventoried,none,historical_reference,2026-08-03T05:47:25.644301Z,archive,
artifact_family,github-performance-environment-setup-{n}-{n},github-user:271768688,artifact naming family with 17 records,AURORA_PERFORMANCE_FRAMEWORK,inventoried,none,historical_reference,2026-08-03T05:47:25.644301Z,archive,
artifact_family,github-performance-event-study-optimized-campaign-state-after-recovery-{n}-{n}-{n},github-user:271768688,artifact naming family with 1 records,AURORA_PERFORMANCE_FRAMEWORK,inventoried,none,historical_reference,2026-08-03T05:47:25.644301Z,archive,
artifact_family,github-performance-event-study-optimized-campaign-state-initial-{n}-{n},github-user:271768688,artifact naming family with 1 records,AURORA_PERFORMANCE_FRAMEWORK,inventoried,none,historical_reference,2026-08-03T05:47:25.644301Z,archive,
artifact_family,github-performance-event-study-optimized-campaign-state-merged-{n}-{n},github-user:271768688,artifact naming family with 1 records,AURORA_PERFORMANCE_FRAMEWORK,inventoried,none,historical_reference,2026-08-03T05:47:25.644301Z,archive,
artifact_family,github-performance-event-study-optimized-campaign-state-verified-{n}-{n},github-user:271768688,artifact naming family with 1 records,AURORA_PERFORMANCE_FRAMEWORK,inventoried,none,historical_reference,2026-08-03T05:47:25.644301Z,archive,
artifact_family,github-performance-event-study-optimized-contract-{n}-{n},github-user:271768688,artifact naming family with 1 records,AURORA_PERFORMANCE_FRAMEWORK,inventoried,none,historical_reference,2026-08-03T05:47:25.644301Z,archive,
artifact_family,github-performance-event-study-optimized-environment-{n}-{n},github-user:271768688,artifact naming family with 1 records,AURORA_PERFORMANCE_FRAMEWORK,inventoried,none,historical_reference,2026-08-03T05:47:25.644301Z,archive,
artifact_family,github-performance-event-study-optimized-pilot-{n}-{n},github-user:271768688,artifact naming family with 1 records,AURORA_PERFORMANCE_FRAMEWORK,inventoried,none,historical_reference,2026-08-03T05:47:25.644301Z,archive,
artifact_family,github-performance-event-study-optimized-plan-{n}-{n},github-user:271768688,artifact naming family with 1 records,AURORA_PERFORMANCE_FRAMEWORK,inventoried,none,historical_reference,2026-08-03T05:47:25.644301Z,archive,
artifact_family,github-performance-event-study-optimized-preflight-{n}-{n},github-user:271768688,artifact naming family with 1 records,AURORA_PERFORMANCE_FRAMEWORK,inventoried,none,historical_reference,2026-08-03T05:47:25.644301Z,archive,
artifact_family,github-performance-event-study-optimized-prepared-{n}-{n},github-user:271768688,artifact naming family with 1 records,AURORA_PERFORMANCE_FRAMEWORK,inventoried,none,historical_reference,2026-08-03T05:47:25.644301Z,archive,
artifact_family,github-performance-event-study-optimized-recovery-wave-{n}-{n}-{n},github-user:271768688,artifact naming family with 1 records,AURORA_PERFORMANCE_FRAMEWORK,inventoried,none,historical_reference,2026-08-03T05:47:25.644301Z,archive,
artifact_family,github-performance-event-study-optimized-results,github-user:271768688,artifact naming family with 1 records,AURORA_PERFORMANCE_FRAMEWORK,inventoried,none,historical_reference,2026-08-03T05:47:25.644301Z,archive,
artifact_family,github-performance-event-study-optimized-sealed-final-stage-{n}-{n},github-user:271768688,artifact naming family with 1 records,AURORA_PERFORMANCE_FRAMEWORK,inventoried,none,historical_reference,2026-08-03T05:47:25.644301Z,archive,
artifact_family,github-performance-event-study-optimized-shard-g{n}-s{n}-a-{uuid},github-user:271768688,artifact naming family with 4 records,AURORA_PERFORMANCE_FRAMEWORK,inventoried,none,historical_reference,2026-08-03T05:47:25.644301Z,archive,
artifact_family,github-performance-event-study-optimized-smoke-{n}-{n},github-user:271768688,artifact naming family with 1 records,AURORA_PERFORMANCE_FRAMEWORK,inventoried,none,historical_reference,2026-08-03T05:47:25.644301Z,archive,
artifact_family,github-performance-event-study-optimized-timeline-{n}-{n},github-user:271768688,artifact naming family with 1 records,AURORA_PERFORMANCE_FRAMEWORK,inventoried,none,historical_reference,2026-08-03T05:47:25.644301Z,archive,
artifact_family,github-performance-event-study-optimized-unsealed-final-stage-{n}-{n},github-user:271768688,artifact naming family with 1 records,AURORA_PERFORMANCE_FRAMEWORK,inventoried,none,historical_reference,2026-08-03T05:47:25.644301Z,archive,
artifact_family,github-performance-event-study-optimized-verified-stage-{n}-{n},github-user:271768688,artifact naming family with 1 records,AURORA_PERFORMANCE_FRAMEWORK,inventoried,none,historical_reference,2026-08-03T05:47:25.644301Z,archive,
artifact_family,github-performance-event-study-optimized-wheelhouse-{n}-{n},github-user:271768688,artifact naming family with 1 records,AURORA_PERFORMANCE_FRAMEWORK,inventoried,none,historical_reference,2026-08-03T05:47:25.644301Z,archive,
artifact_family,github-performance-event-study-{n}-merge-l{n}-p{n}-g{n}-{hex},github-user:271768688,artifact naming family with 15 records,AURORA_PERFORMANCE_FRAMEWORK,inventoried,none,historical_reference,2026-08-03T05:47:25.644301Z,archive,
artifact_family,github-performance-lock-{n},github-user:271768688,artifact naming family with 73 records,AURORA_PERFORMANCE_FRAMEWORK,inventoried,none,historical_reference,2026-08-03T05:47:25.644301Z,archive,
artifact_family,github-performance-reference-campaign-state-after-recovery-{n}-{n}-{n},github-user:271768688,artifact naming family with 44 records,AURORA_PERFORMANCE_FRAMEWORK,inventoried,none,historical_reference,2026-08-03T05:47:25.644301Z,archive,
artifact_family,github-performance-reference-campaign-state-initial-{n}-{n},github-user:271768688,artifact naming family with 22 records,AURORA_PERFORMANCE_FRAMEWORK,inventoried,none,historical_reference,2026-08-03T05:47:25.644301Z,archive,
artifact_family,github-performance-reference-campaign-state-merged-{n}-{n},github-user:271768688,artifact naming family with 17 records,AURORA_PERFORMANCE_FRAMEWORK,inventoried,none,historical_reference,2026-08-03T05:47:25.644301Z,archive,
artifact_family,github-performance-reference-campaign-state-verified-{n}-{n},github-user:271768688,artifact naming family with 17 records,AURORA_PERFORMANCE_FRAMEWORK,inventoried,none,historical_reference,2026-08-03T05:47:25.644301Z,archive,
artifact_family,github-performance-reference-contract-{n}-{n},github-user:271768688,artifact naming family with 24 records,AURORA_PERFORMANCE_FRAMEWORK,inventoried,none,historical_reference,2026-08-03T05:47:25.644301Z,archive,
artifact_family,github-performance-reference-direct-campaign-state-initial-{n}-{n},github-user:271768688,artifact naming family with 1 records,AURORA_PERFORMANCE_FRAMEWORK,inventoried,none,historical_reference,2026-08-03T05:47:25.644301Z,archive,
artifact_family,github-performance-reference-direct-contract-{n}-{n},github-user:271768688,artifact naming family with 1 records,AURORA_PERFORMANCE_FRAMEWORK,inventoried,none,historical_reference,2026-08-03T05:47:25.644301Z,archive,
artifact_family,github-performance-reference-direct-environment-{n}-{n},github-user:271768688,artifact naming family with 1 records,AURORA_PERFORMANCE_FRAMEWORK,inventoried,none,historical_reference,2026-08-03T05:47:25.644301Z,archive,
artifact_family,github-performance-reference-direct-pilot-{n}-{n},github-user:271768688,artifact naming family with 1 records,AURORA_PERFORMANCE_FRAMEWORK,inventoried,none,historical_reference,2026-08-03T05:47:25.644301Z,archive,
artifact_family,github-performance-reference-direct-plan-{n}-{n},github-user:271768688,artifact naming family with 1 records,AURORA_PERFORMANCE_FRAMEWORK,inventoried,none,historical_reference,2026-08-03T05:47:25.644301Z,archive,
artifact_family,github-performance-reference-direct-preflight-{n}-{n},github-user:271768688,artifact naming family with 1 records,AURORA_PERFORMANCE_FRAMEWORK,inventoried,none,historical_reference,2026-08-03T05:47:25.644301Z,archive,
artifact_family,github-performance-reference-direct-prepared-{n}-{n},github-user:271768688,artifact naming family with 1 records,AURORA_PERFORMANCE_FRAMEWORK,inventoried,none,historical_reference,2026-08-03T05:47:25.644301Z,archive,
artifact_family,github-performance-reference-direct-shard-g{n}-s{n}-a-{uuid},github-user:271768688,artifact naming family with 4 records,AURORA_PERFORMANCE_FRAMEWORK,inventoried,none,historical_reference,2026-08-03T05:47:25.644301Z,archive,
artifact_family,github-performance-reference-direct-smoke-{n}-{n},github-user:271768688,artifact naming family with 1 records,AURORA_PERFORMANCE_FRAMEWORK,inventoried,none,historical_reference,2026-08-03T05:47:25.644301Z,archive,
artifact_family,github-performance-reference-direct-wheelhouse-{n}-{n},github-user:271768688,artifact naming family with 1 records,AURORA_PERFORMANCE_FRAMEWORK,inventoried,none,historical_reference,2026-08-03T05:47:25.644301Z,archive,
artifact_family,github-performance-reference-environment-{n}-{n},github-user:271768688,artifact naming family with 26 records,AURORA_PERFORMANCE_FRAMEWORK,inventoried,none,historical_reference,2026-08-03T05:47:25.644301Z,archive,
artifact_family,github-performance-reference-final-stage-{n}-{n},github-user:271768688,artifact naming family with 6 records,AURORA_PERFORMANCE_FRAMEWORK,inventoried,none,historical_reference,2026-08-03T05:47:25.644301Z,archive,
artifact_family,github-performance-reference-merge-only-evidence-{n}-{n},github-user:271768688,artifact naming family with 3 records,AURORA_PERFORMANCE_FRAMEWORK,inventoried,none,historical_reference,2026-08-03T05:47:25.644301Z,archive,
artifact_family,github-performance-reference-merge-only-results-{n}-{n},github-user:271768688,artifact naming family with 2 records,AURORA_PERFORMANCE_FRAMEWORK,inventoried,none,historical_reference,2026-08-03T05:47:25.644301Z,archive,
artifact_family,github-performance-reference-merge-only-state-{n}-{n},github-user:271768688,artifact naming family with 4 records,AURORA_PERFORMANCE_FRAMEWORK,inventoried,none,historical_reference,2026-08-03T05:47:25.644301Z,archive,
artifact_family,github-performance-reference-partial-g{n},github-user:271768688,artifact naming family with 5 records,AURORA_PERFORMANCE_FRAMEWORK,inventoried,none,historical_reference,2026-08-03T05:47:25.644301Z,archive,
artifact_family,github-performance-reference-pilot-{n}-{n},github-user:271768688,artifact naming family with 24 records,AURORA_PERFORMANCE_FRAMEWORK,inventoried,none,historical_reference,2026-08-03T05:47:25.644301Z,archive,
artifact_family,github-performance-reference-plan-{n}-{n},github-user:271768688,artifact naming family with 24 records,AURORA_PERFORMANCE_FRAMEWORK,inventoried,none,historical_reference,2026-08-03T05:47:25.644301Z,archive,
artifact_family,github-performance-reference-preflight-{n}-{n},github-user:271768688,artifact naming family with 26 records,AURORA_PERFORMANCE_FRAMEWORK,inventoried,none,historical_reference,2026-08-03T05:47:25.644301Z,archive,
artifact_family,github-performance-reference-prepared-{n}-{n},github-user:271768688,artifact naming family with 26 records,AURORA_PERFORMANCE_FRAMEWORK,inventoried,none,historical_reference,2026-08-03T05:47:25.644301Z,archive,
artifact_family,github-performance-reference-recovery-wave-{n}-{n}-{n},github-user:271768688,artifact naming family with 42 records,AURORA_PERFORMANCE_FRAMEWORK,inventoried,none,historical_reference,2026-08-03T05:47:25.644301Z,archive,
artifact_family,github-performance-reference-recovery-{n}-{n},github-user:271768688,artifact naming family with 2 records,AURORA_PERFORMANCE_FRAMEWORK,inventoried,none,historical_reference,2026-08-03T05:47:25.644301Z,archive,
artifact_family,github-performance-reference-results,github-user:271768688,artifact naming family with 19 records,AURORA_PERFORMANCE_FRAMEWORK,inventoried,none,historical_reference,2026-08-03T05:47:25.644301Z,archive,
artifact_family,github-performance-reference-sealed-final-stage-{n}-{n},github-user:271768688,artifact naming family with 13 records,AURORA_PERFORMANCE_FRAMEWORK,inventoried,none,historical_reference,2026-08-03T05:47:25.644301Z,archive,
artifact_family,github-performance-reference-shard-g{n}-s{n}-a-{uuid},github-user:271768688,artifact naming family with 143 records,AURORA_PERFORMANCE_FRAMEWORK,inventoried,none,historical_reference,2026-08-03T05:47:25.644301Z,archive,
artifact_family,github-performance-reference-smoke-{n}-{n},github-user:271768688,artifact naming family with 24 records,AURORA_PERFORMANCE_FRAMEWORK,inventoried,none,historical_reference,2026-08-03T05:47:25.644301Z,archive,
artifact_family,github-performance-reference-timeline-{n}-{n},github-user:271768688,artifact naming family with 21 records,AURORA_PERFORMANCE_FRAMEWORK,inventoried,none,historical_reference,2026-08-03T05:47:25.644301Z,archive,
artifact_family,github-performance-reference-unsealed-final-stage-{n}-{n},github-user:271768688,artifact naming family with 13 records,AURORA_PERFORMANCE_FRAMEWORK,inventoried,none,historical_reference,2026-08-03T05:47:25.644301Z,archive,
artifact_family,github-performance-reference-verified-stage-{n}-{n},github-user:271768688,artifact naming family with 19 records,AURORA_PERFORMANCE_FRAMEWORK,inventoried,none,historical_reference,2026-08-03T05:47:25.644301Z,archive,
artifact_family,github-performance-reference-wheelhouse-{n}-{n},github-user:271768688,artifact naming family with 25 records,AURORA_PERFORMANCE_FRAMEWORK,inventoried,none,historical_reference,2026-08-03T05:47:25.644301Z,archive,
artifact_family,github-performance-reference-{n}-merge-l{n}-p{n}-g{n}-{hex},github-user:271768688,artifact naming family with 38 records,AURORA_PERFORMANCE_FRAMEWORK,inventoried,none,historical_reference,2026-08-03T05:47:25.644301Z,archive,
artifact_family,github-performance-replan-fixture-campaign-state-replanning-{n}-{n},github-user:271768688,artifact naming family with 2 records,AURORA_PERFORMANCE_FRAMEWORK,inventoried,none,historical_reference,2026-08-03T05:47:25.644301Z,archive,
artifact_family,github-performance-replan-fixture-evidence-{n}-{n},github-user:271768688,artifact naming family with 2 records,AURORA_PERFORMANCE_FRAMEWORK,inventoried,none,historical_reference,2026-08-03T05:47:25.644301Z,archive,
artifact_family,github-performance-replan-fixture-replan-evidence-{n}-{n},github-user:271768688,artifact naming family with 2 records,AURORA_PERFORMANCE_FRAMEWORK,inventoried,none,historical_reference,2026-08-03T05:47:25.644301Z,archive,
artifact_family,github-performance-replan-fixture-replan-plan-{n}-{n},github-user:271768688,artifact naming family with 2 records,AURORA_PERFORMANCE_FRAMEWORK,inventoried,none,historical_reference,2026-08-03T05:47:25.644301Z,archive,
artifact_family,github-performance-replan-fixture-replan-state-{n}-{n},github-user:271768688,artifact naming family with 2 records,AURORA_PERFORMANCE_FRAMEWORK,inventoried,none,historical_reference,2026-08-03T05:47:25.644301Z,archive,
artifact_family,github-performance-replan-fixture-shard-s{n}-a-fixture-{n},github-user:271768688,artifact naming family with 4 records,AURORA_PERFORMANCE_FRAMEWORK,inventoried,none,historical_reference,2026-08-03T05:47:25.644301Z,archive,
artifact_family,github-performance-robustness-optimized-campaign-state-after-recovery-{n}-{n}-{n},github-user:271768688,artifact naming family with 1 records,AURORA_PERFORMANCE_FRAMEWORK,inventoried,none,historical_reference,2026-08-03T05:47:25.644301Z,archive,
artifact_family,github-performance-robustness-optimized-campaign-state-initial-{n}-{n},github-user:271768688,artifact naming family with 1 records,AURORA_PERFORMANCE_FRAMEWORK,inventoried,none,historical_reference,2026-08-03T05:47:25.644301Z,archive,
artifact_family,github-performance-robustness-optimized-campaign-state-merged-{n}-{n},github-user:271768688,artifact naming family with 1 records,AURORA_PERFORMANCE_FRAMEWORK,inventoried,none,historical_reference,2026-08-03T05:47:25.644301Z,archive,
artifact_family,github-performance-robustness-optimized-campaign-state-verified-{n}-{n},github-user:271768688,artifact naming family with 1 records,AURORA_PERFORMANCE_FRAMEWORK,inventoried,none,historical_reference,2026-08-03T05:47:25.644301Z,archive,
artifact_family,github-performance-robustness-optimized-contract-{n}-{n},github-user:271768688,artifact naming family with 1 records,AURORA_PERFORMANCE_FRAMEWORK,inventoried,none,historical_reference,2026-08-03T05:47:25.644301Z,archive,
artifact_family,github-performance-robustness-optimized-environment-{n}-{n},github-user:271768688,artifact naming family with 1 records,AURORA_PERFORMANCE_FRAMEWORK,inventoried,none,historical_reference,2026-08-03T05:47:25.644301Z,archive,
artifact_family,github-performance-robustness-optimized-pilot-{n}-{n},github-user:271768688,artifact naming family with 1 records,AURORA_PERFORMANCE_FRAMEWORK,inventoried,none,historical_reference,2026-08-03T05:47:25.644301Z,archive,
artifact_family,github-performance-robustness-optimized-plan-{n}-{n},github-user:271768688,artifact naming family with 1 records,AURORA_PERFORMANCE_FRAMEWORK,inventoried,none,historical_reference,2026-08-03T05:47:25.644301Z,archive,
artifact_family,github-performance-robustness-optimized-preflight-{n}-{n},github-user:271768688,artifact naming family with 1 records,AURORA_PERFORMANCE_FRAMEWORK,inventoried,none,historical_reference,2026-08-03T05:47:25.644301Z,archive,
artifact_family,github-performance-robustness-optimized-prepared-{n}-{n},github-user:271768688,artifact naming family with 1 records,AURORA_PERFORMANCE_FRAMEWORK,inventoried,none,historical_reference,2026-08-03T05:47:25.644301Z,archive,
artifact_family,github-performance-robustness-optimized-recovery-wave-{n}-{n}-{n},github-user:271768688,artifact naming family with 1 records,AURORA_PERFORMANCE_FRAMEWORK,inventoried,none,historical_reference,2026-08-03T05:47:25.644301Z,archive,
artifact_family,github-performance-robustness-optimized-results,github-user:271768688,artifact naming family with 1 records,AURORA_PERFORMANCE_FRAMEWORK,inventoried,none,historical_reference,2026-08-03T05:47:25.644301Z,archive,
artifact_family,github-performance-robustness-optimized-sealed-final-stage-{n}-{n},github-user:271768688,artifact naming family with 1 records,AURORA_PERFORMANCE_FRAMEWORK,inventoried,none,historical_reference,2026-08-03T05:47:25.644301Z,archive,
artifact_family,github-performance-robustness-optimized-shard-g{n}-s{n}-a-{uuid},github-user:271768688,artifact naming family with 4 records,AURORA_PERFORMANCE_FRAMEWORK,inventoried,none,historical_reference,2026-08-03T05:47:25.644301Z,archive,
artifact_family,github-performance-robustness-optimized-smoke-{n}-{n},github-user:271768688,artifact naming family with 1 records,AURORA_PERFORMANCE_FRAMEWORK,inventoried,none,historical_reference,2026-08-03T05:47:25.644301Z,archive,
artifact_family,github-performance-robustness-optimized-timeline-{n}-{n},github-user:271768688,artifact naming family with 1 records,AURORA_PERFORMANCE_FRAMEWORK,inventoried,none,historical_reference,2026-08-03T05:47:25.644301Z,archive,
artifact_family,github-performance-robustness-optimized-unsealed-final-stage-{n}-{n},github-user:271768688,artifact naming family with 1 records,AURORA_PERFORMANCE_FRAMEWORK,inventoried,none,historical_reference,2026-08-03T05:47:25.644301Z,archive,
artifact_family,github-performance-robustness-optimized-verified-stage-{n}-{n},github-user:271768688,artifact naming family with 1 records,AURORA_PERFORMANCE_FRAMEWORK,inventoried,none,historical_reference,2026-08-03T05:47:25.644301Z,archive,
artifact_family,github-performance-robustness-optimized-wheelhouse-{n}-{n},github-user:271768688,artifact naming family with 1 records,AURORA_PERFORMANCE_FRAMEWORK,inventoried,none,historical_reference,2026-08-03T05:47:25.644301Z,archive,
artifact_family,github-performance-robustness-{n}-merge-l{n}-p{n}-g{n}-{hex},github-user:271768688,artifact naming family with 28 records,AURORA_PERFORMANCE_FRAMEWORK,inventoried,none,historical_reference,2026-08-03T05:47:25.644301Z,archive,
artifact_family,github{n}-annual-dominance-final,github-user:271768688,artifact naming family with 1 records,AURORA_RESEARCH,inventoried,none,historical_reference,2026-08-03T05:47:25.644301Z,archive,
artifact_family,github{n}-worker-{n}-{n},github-user:271768688,artifact naming family with 360 records,AURORA_RESEARCH,inventoried,none,historical_reference,2026-08-03T05:47:25.644301Z,archive,
artifact_family,global-technical-buy-indicator-external-pack-{n}-results,github-user:271768688,artifact naming family with 5449 records,GTBI_HISTORICAL_RESEARCH,inventoried,gtbi_v7_new_reference_v1,historical_reference,2026-08-03T05:47:25.644301Z,archive,
artifact_family,global-technical-buy-indicator-final-recheck-parallel-results,github-user:271768688,artifact naming family with 10 records,GTBI_HISTORICAL_RESEARCH,inventoried,gtbi_v7_new_reference_v1,historical_reference,2026-08-03T05:47:25.644301Z,archive,
artifact_family,global-technical-buy-indicator-final-recheck-results,github-user:271768688,artifact naming family with 1 records,GTBI_HISTORICAL_RESEARCH,inventoried,gtbi_v7_new_reference_v1,historical_reference,2026-08-03T05:47:25.644301Z,archive,
artifact_family,global-technical-buy-indicator-long-hold-fast-strict-v{n}-results,github-user:271768688,artifact naming family with 1 records,GTBI_HISTORICAL_RESEARCH,inventoried,gtbi_v7_new_reference_v1,historical_reference,2026-08-03T05:47:25.644301Z,archive,
artifact_family,global-technical-buy-indicator-merged-candidates,github-user:271768688,artifact naming family with 10 records,GTBI_HISTORICAL_RESEARCH,inventoried,gtbi_v7_new_reference_v1,historical_reference,2026-08-03T05:47:25.644301Z,archive,
artifact_family,global-technical-buy-indicator-pack-group-{n},github-user:271768688,artifact naming family with 450 records,GTBI_HISTORICAL_RESEARCH,inventoried,gtbi_v7_new_reference_v1,historical_reference,2026-08-03T05:47:25.644301Z,archive,
artifact_family,global-technical-buy-indicator-recheck-batch-{n},github-user:271768688,artifact naming family with 11 records,GTBI_HISTORICAL_RESEARCH,inventoried,gtbi_v7_new_reference_v1,historical_reference,2026-08-03T05:47:25.644301Z,archive,
artifact_family,global-technical-buy-indicator-recheck-candidate-{n},github-user:271768688,artifact naming family with 408 records,GTBI_HISTORICAL_RESEARCH,inventoried,gtbi_v7_new_reference_v1,historical_reference,2026-08-03T05:47:25.644301Z,archive,
artifact_family,global-technical-buy-indicator-seed-rules,github-user:271768688,artifact naming family with 5 records,GTBI_HISTORICAL_RESEARCH,inventoried,gtbi_v7_new_reference_v1,historical_reference,2026-08-03T05:47:25.644301Z,archive,
artifact_family,global-technical-buy-indicator-stage-{n},github-user:271768688,artifact naming family with 4970 records,GTBI_HISTORICAL_RESEARCH,inventoried,gtbi_v7_new_reference_v1,historical_reference,2026-08-03T05:47:25.644301Z,archive,
artifact_family,global-technical-buy-indicator-{n}jobs-results,github-user:271768688,artifact naming family with 14 records,GTBI_HISTORICAL_RESEARCH,inventoried,gtbi_v7_new_reference_v1,historical_reference,2026-08-03T05:47:25.644301Z,archive,
artifact_family,gtbi-clean-portfolio-v{n}-results,github-user:271768688,artifact naming family with 3 records,GTBI_HISTORICAL_RESEARCH,inventoried,gtbi_v7_new_reference_v1,historical_reference,2026-08-03T05:47:25.644301Z,archive,
artifact_family,gtbi-external-pack-block-{n},github-user:271768688,artifact naming family with 151527 records,GTBI_HISTORICAL_RESEARCH,inventoried,gtbi_v7_new_reference_v1,historical_reference,2026-08-03T05:47:25.644301Z,archive,
artifact_family,gtbi-external-pack-block-{n}-results,github-user:271768688,artifact naming family with 18 records,GTBI_HISTORICAL_RESEARCH,inventoried,gtbi_v7_new_reference_v1,historical_reference,2026-08-03T05:47:25.644301Z,archive,
artifact_family,gtbi-external-pack-data,github-user:271768688,artifact naming family with 5537 records,GTBI_HISTORICAL_RESEARCH,inventoried,gtbi_v7_new_reference_v1,historical_reference,2026-08-03T05:47:25.644301Z,archive,
artifact_family,gtbi-external-pack-job-{n},github-user:271768688,artifact naming family with 10075 records,GTBI_HISTORICAL_RESEARCH,inventoried,gtbi_v7_new_reference_v1,historical_reference,2026-08-03T05:47:25.644301Z,archive,
artifact_family,gtbi-external-pack-shard-{n},github-user:271768688,artifact naming family with 51 records,GTBI_HISTORICAL_RESEARCH,inventoried,gtbi_v7_new_reference_v1,historical_reference,2026-08-03T05:47:25.644301Z,archive,
artifact_family,gtbi-external-pack-smoke-results,github-user:271768688,artifact naming family with 15 records,GTBI_HISTORICAL_RESEARCH,inventoried,gtbi_v7_new_reference_v1,historical_reference,2026-08-03T05:47:25.644301Z,archive,
artifact_family,gtbi-longhold-orchestrator-recovery-manifests,github-user:271768688,artifact naming family with 26 records,GTBI_HISTORICAL_RESEARCH,inventoried,gtbi_v7_new_reference_v1,historical_reference,2026-08-03T05:47:25.644301Z,archive,
artifact_family,gtbi-v{n}-NO_GO_CLOSE-{n}-{n},github-user:271768688,artifact naming family with 1 records,GTBI_HISTORICAL_RESEARCH,inventoried,gtbi_v7_new_reference_v1,historical_reference,2026-08-03T05:47:25.644301Z,archive,
artifact_family,gtbi-v{n}-benchmark-mode-{n}-{n},github-user:271768688,artifact naming family with 15 records,GTBI_HISTORICAL_RESEARCH,inventoried,gtbi_v7_new_reference_v1,historical_reference,2026-08-03T05:47:25.644301Z,archive,
artifact_family,gtbi-v{n}-block-{n}-{n},github-user:271768688,artifact naming family with 18 records,GTBI_HISTORICAL_RESEARCH,inventoried,gtbi_v7_new_reference_v1,historical_reference,2026-08-03T05:47:25.644301Z,archive,
artifact_family,gtbi-v{n}-data-manifest-{n},github-user:271768688,artifact naming family with 3 records,GTBI_HISTORICAL_RESEARCH,inventoried,gtbi_v7_new_reference_v1,historical_reference,2026-08-03T05:47:25.644301Z,archive,
artifact_family,gtbi-v{n}-emergency-preservation-inventory-{n},github-user:271768688,artifact naming family with 4 records,GTBI_HISTORICAL_RESEARCH,inventoried,gtbi_v7_new_reference_v1,historical_reference,2026-08-03T05:47:25.644301Z,archive,
artifact_family,gtbi-v{n}-fast-strict-smoke-results,github-user:271768688,artifact naming family with 1 records,GTBI_HISTORICAL_RESEARCH,inventoried,gtbi_v7_new_reference_v1,historical_reference,2026-08-03T05:47:25.644301Z,archive,
artifact_family,gtbi-v{n}-framework-gate-campaign-state-after-recovery-{n}-{n}-{n},github-user:271768688,artifact naming family with 8 records,GTBI_HISTORICAL_RESEARCH,inventoried,gtbi_v7_new_reference_v1,historical_reference,2026-08-03T05:47:25.644301Z,archive,
artifact_family,gtbi-v{n}-framework-gate-campaign-state-initial-{n}-{n},github-user:271768688,artifact naming family with 8 records,GTBI_HISTORICAL_RESEARCH,inventoried,gtbi_v7_new_reference_v1,historical_reference,2026-08-03T05:47:25.644301Z,archive,
artifact_family,gtbi-v{n}-framework-gate-campaign-state-merged-{n}-{n},github-user:271768688,artifact naming family with 8 records,GTBI_HISTORICAL_RESEARCH,inventoried,gtbi_v7_new_reference_v1,historical_reference,2026-08-03T05:47:25.644301Z,archive,
artifact_family,gtbi-v{n}-framework-gate-campaign-state-verified-{n}-{n},github-user:271768688,artifact naming family with 8 records,GTBI_HISTORICAL_RESEARCH,inventoried,gtbi_v7_new_reference_v1,historical_reference,2026-08-03T05:47:25.644301Z,archive,
artifact_family,gtbi-v{n}-framework-gate-contract-{n}-{n},github-user:271768688,artifact naming family with 8 records,GTBI_HISTORICAL_RESEARCH,inventoried,gtbi_v7_new_reference_v1,historical_reference,2026-08-03T05:47:25.644301Z,archive,
artifact_family,gtbi-v{n}-framework-gate-environment-{n}-{n},github-user:271768688,artifact naming family with 8 records,GTBI_HISTORICAL_RESEARCH,inventoried,gtbi_v7_new_reference_v1,historical_reference,2026-08-03T05:47:25.644301Z,archive,
artifact_family,gtbi-v{n}-framework-gate-pilot-{n}-{n},github-user:271768688,artifact naming family with 8 records,GTBI_HISTORICAL_RESEARCH,inventoried,gtbi_v7_new_reference_v1,historical_reference,2026-08-03T05:47:25.644301Z,archive,
artifact_family,gtbi-v{n}-framework-gate-plan-{n}-{n},github-user:271768688,artifact naming family with 8 records,GTBI_HISTORICAL_RESEARCH,inventoried,gtbi_v7_new_reference_v1,historical_reference,2026-08-03T05:47:25.644301Z,archive,
artifact_family,gtbi-v{n}-framework-gate-preflight-{n}-{n},github-user:271768688,artifact naming family with 8 records,GTBI_HISTORICAL_RESEARCH,inventoried,gtbi_v7_new_reference_v1,historical_reference,2026-08-03T05:47:25.644301Z,archive,
artifact_family,gtbi-v{n}-framework-gate-prepared-{n}-{n},github-user:271768688,artifact naming family with 8 records,GTBI_HISTORICAL_RESEARCH,inventoried,gtbi_v7_new_reference_v1,historical_reference,2026-08-03T05:47:25.644301Z,archive,
artifact_family,gtbi-v{n}-framework-gate-recovery-wave-{n}-{n}-{n},github-user:271768688,artifact naming family with 8 records,GTBI_HISTORICAL_RESEARCH,inventoried,gtbi_v7_new_reference_v1,historical_reference,2026-08-03T05:47:25.644301Z,archive,
artifact_family,gtbi-v{n}-framework-gate-results,github-user:271768688,artifact naming family with 8 records,GTBI_HISTORICAL_RESEARCH,inventoried,gtbi_v7_new_reference_v1,historical_reference,2026-08-03T05:47:25.644301Z,archive,
artifact_family,gtbi-v{n}-framework-gate-sealed-final-stage-{n}-{n},github-user:271768688,artifact naming family with 8 records,GTBI_HISTORICAL_RESEARCH,inventoried,gtbi_v7_new_reference_v1,historical_reference,2026-08-03T05:47:25.644301Z,archive,
artifact_family,gtbi-v{n}-framework-gate-shard-g{n}-s{n}-a-{uuid},github-user:271768688,artifact naming family with 32 records,GTBI_HISTORICAL_RESEARCH,inventoried,gtbi_v7_new_reference_v1,historical_reference,2026-08-03T05:47:25.644301Z,archive,
artifact_family,gtbi-v{n}-framework-gate-smoke-{n}-{n},github-user:271768688,artifact naming family with 8 records,GTBI_HISTORICAL_RESEARCH,inventoried,gtbi_v7_new_reference_v1,historical_reference,2026-08-03T05:47:25.644301Z,archive,
artifact_family,gtbi-v{n}-framework-gate-timeline-{n}-{n},github-user:271768688,artifact naming family with 8 records,GTBI_HISTORICAL_RESEARCH,inventoried,gtbi_v7_new_reference_v1,historical_reference,2026-08-03T05:47:25.644301Z,archive,
artifact_family,gtbi-v{n}-framework-gate-unsealed-final-stage-{n}-{n},github-user:271768688,artifact naming family with 8 records,GTBI_HISTORICAL_RESEARCH,inventoried,gtbi_v7_new_reference_v1,historical_reference,2026-08-03T05:47:25.644301Z,archive,
artifact_family,gtbi-v{n}-framework-gate-verified-stage-{n}-{n},github-user:271768688,artifact naming family with 8 records,GTBI_HISTORICAL_RESEARCH,inventoried,gtbi_v7_new_reference_v1,historical_reference,2026-08-03T05:47:25.644301Z,archive,
artifact_family,gtbi-v{n}-framework-gate-wheelhouse-{n}-{n},github-user:271768688,artifact naming family with 8 records,GTBI_HISTORICAL_RESEARCH,inventoried,gtbi_v7_new_reference_v1,historical_reference,2026-08-03T05:47:25.644301Z,archive,
artifact_family,gtbi-v{n}-merge-recovery-framework-gate-campaign-state-after-recovery-{n}-{n}-{n},github-user:271768688,artifact naming family with 2 records,GTBI_HISTORICAL_RESEARCH,inventoried,gtbi_v7_new_reference_v1,historical_reference,2026-08-03T05:47:25.644301Z,archive,
artifact_family,gtbi-v{n}-merge-recovery-framework-gate-campaign-state-initial-{n}-{n},github-user:271768688,artifact naming family with 2 records,GTBI_HISTORICAL_RESEARCH,inventoried,gtbi_v7_new_reference_v1,historical_reference,2026-08-03T05:47:25.644301Z,archive,
artifact_family,gtbi-v{n}-merge-recovery-framework-gate-campaign-state-merged-{n}-{n},github-user:271768688,artifact naming family with 2 records,GTBI_HISTORICAL_RESEARCH,inventoried,gtbi_v7_new_reference_v1,historical_reference,2026-08-03T05:47:25.644301Z,archive,
artifact_family,gtbi-v{n}-merge-recovery-framework-gate-campaign-state-verified-{n}-{n},github-user:271768688,artifact naming family with 2 records,GTBI_HISTORICAL_RESEARCH,inventoried,gtbi_v7_new_reference_v1,historical_reference,2026-08-03T05:47:25.644301Z,archive,
artifact_family,gtbi-v{n}-merge-recovery-framework-gate-contract-{n}-{n},github-user:271768688,artifact naming family with 2 records,GTBI_HISTORICAL_RESEARCH,inventoried,gtbi_v7_new_reference_v1,historical_reference,2026-08-03T05:47:25.644301Z,archive,
artifact_family,gtbi-v{n}-merge-recovery-framework-gate-environment-{n}-{n},github-user:271768688,artifact naming family with 2 records,GTBI_HISTORICAL_RESEARCH,inventoried,gtbi_v7_new_reference_v1,historical_reference,2026-08-03T05:47:25.644301Z,archive,
artifact_family,gtbi-v{n}-merge-recovery-framework-gate-pilot-{n}-{n},github-user:271768688,artifact naming family with 2 records,GTBI_HISTORICAL_RESEARCH,inventoried,gtbi_v7_new_reference_v1,historical_reference,2026-08-03T05:47:25.644301Z,archive,
artifact_family,gtbi-v{n}-merge-recovery-framework-gate-plan-{n}-{n},github-user:271768688,artifact naming family with 2 records,GTBI_HISTORICAL_RESEARCH,inventoried,gtbi_v7_new_reference_v1,historical_reference,2026-08-03T05:47:25.644301Z,archive,
artifact_family,gtbi-v{n}-merge-recovery-framework-gate-preflight-{n}-{n},github-user:271768688,artifact naming family with 2 records,GTBI_HISTORICAL_RESEARCH,inventoried,gtbi_v7_new_reference_v1,historical_reference,2026-08-03T05:47:25.644301Z,archive,
artifact_family,gtbi-v{n}-merge-recovery-framework-gate-prepared-{n}-{n},github-user:271768688,artifact naming family with 2 records,GTBI_HISTORICAL_RESEARCH,inventoried,gtbi_v7_new_reference_v1,historical_reference,2026-08-03T05:47:25.644301Z,archive,
artifact_family,gtbi-v{n}-merge-recovery-framework-gate-recovery-wave-{n}-{n}-{n},github-user:271768688,artifact naming family with 2 records,GTBI_HISTORICAL_RESEARCH,inventoried,gtbi_v7_new_reference_v1,historical_reference,2026-08-03T05:47:25.644301Z,archive,
artifact_family,gtbi-v{n}-merge-recovery-framework-gate-results,github-user:271768688,artifact naming family with 2 records,GTBI_HISTORICAL_RESEARCH,inventoried,gtbi_v7_new_reference_v1,historical_reference,2026-08-03T05:47:25.644301Z,archive,
artifact_family,gtbi-v{n}-merge-recovery-framework-gate-sealed-final-stage-{n}-{n},github-user:271768688,artifact naming family with 2 records,GTBI_HISTORICAL_RESEARCH,inventoried,gtbi_v7_new_reference_v1,historical_reference,2026-08-03T05:47:25.644301Z,archive,
artifact_family,gtbi-v{n}-merge-recovery-framework-gate-shard-g{n}-s{n}-a-{uuid},github-user:271768688,artifact naming family with 8 records,GTBI_HISTORICAL_RESEARCH,inventoried,gtbi_v7_new_reference_v1,historical_reference,2026-08-03T05:47:25.644301Z,archive,
artifact_family,gtbi-v{n}-merge-recovery-framework-gate-smoke-{n}-{n},github-user:271768688,artifact naming family with 2 records,GTBI_HISTORICAL_RESEARCH,inventoried,gtbi_v7_new_reference_v1,historical_reference,2026-08-03T05:47:25.644301Z,archive,
artifact_family,gtbi-v{n}-merge-recovery-framework-gate-timeline-{n}-{n},github-user:271768688,artifact naming family with 2 records,GTBI_HISTORICAL_RESEARCH,inventoried,gtbi_v7_new_reference_v1,historical_reference,2026-08-03T05:47:25.644301Z,archive,
artifact_family,gtbi-v{n}-merge-recovery-framework-gate-unsealed-final-stage-{n}-{n},github-user:271768688,artifact naming family with 2 records,GTBI_HISTORICAL_RESEARCH,inventoried,gtbi_v7_new_reference_v1,historical_reference,2026-08-03T05:47:25.644301Z,archive,
artifact_family,gtbi-v{n}-merge-recovery-framework-gate-verified-stage-{n}-{n},github-user:271768688,artifact naming family with 2 records,GTBI_HISTORICAL_RESEARCH,inventoried,gtbi_v7_new_reference_v1,historical_reference,2026-08-03T05:47:25.644301Z,archive,
artifact_family,gtbi-v{n}-merge-recovery-framework-gate-wheelhouse-{n}-{n},github-user:271768688,artifact naming family with 2 records,GTBI_HISTORICAL_RESEARCH,inventoried,gtbi_v7_new_reference_v1,historical_reference,2026-08-03T05:47:25.644301Z,archive,
artifact_family,gtbi-v{n}-new-reference-benchmark-{n},github-user:271768688,artifact naming family with 2 records,GTBI_V7_CANONICAL_SUCCESSOR_1,inventoried,gtbi-v{n}-new-reference-benchmark-{n},canonical_scientific,2026-08-03T05:47:25.644301Z,keep,
artifact_family,gtbi-v{n}-new-reference-historical-data-{n},github-user:271768688,artifact naming family with 7 records,GTBI_V7_CANONICAL_SUCCESSOR_1,inventoried,gtbi-v{n}-new-reference-historical-data-{n},canonical_scientific,2026-08-03T05:47:25.644301Z,keep,
artifact_family,gtbi-v{n}-new-reference-historical-results,github-user:271768688,artifact naming family with 1 records,GTBI_V7_CANONICAL_SUCCESSOR_1,inventoried,gtbi-v{n}-new-reference-historical-results,canonical_scientific,2026-08-03T05:47:25.644301Z,keep,
artifact_family,gtbi-v{n}-new-reference-plan-{n},github-user:271768688,artifact naming family with 7 records,GTBI_V7_CANONICAL_SUCCESSOR_1,inventoried,gtbi-v{n}-new-reference-plan-{n},canonical_scientific,2026-08-03T05:47:25.644301Z,keep,
artifact_family,gtbi-v{n}-new-reference-preservation-{n},github-user:271768688,artifact naming family with 1 records,GTBI_V7_CANONICAL_SUCCESSOR_1,inventoried,gtbi-v{n}-new-reference-preservation-{n},canonical_scientific,2026-08-03T05:47:25.644301Z,keep,
artifact_family,gtbi-v{n}-new-reference-smoke-{n},github-user:271768688,artifact naming family with 1 records,GTBI_V7_CANONICAL_SUCCESSOR_1,inventoried,gtbi-v{n}-new-reference-smoke-{n},canonical_scientific,2026-08-03T05:47:25.644301Z,keep,
artifact_family,gtbi-v{n}-plan-{n},github-user:271768688,artifact naming family with 2 records,GTBI_HISTORICAL_RESEARCH,inventoried,gtbi_v7_new_reference_v1,historical_reference,2026-08-03T05:47:25.644301Z,archive,
artifact_family,gtbi-v{n}-preservation-lease-{n},github-user:271768688,artifact naming family with 1 records,GTBI_HISTORICAL_RESEARCH,inventoried,gtbi_v7_new_reference_v1,historical_reference,2026-08-03T05:47:25.644301Z,archive,
artifact_family,gtbi-v{n}-runner-{n}-{n},github-user:271768688,artifact naming family with 90 records,GTBI_HISTORICAL_RESEARCH,inventoried,gtbi_v7_new_reference_v1,historical_reference,2026-08-03T05:47:25.644301Z,archive,
artifact_family,gtbi-v{n}-smoke-worker-{n}-{n},github-user:271768688,artifact naming family with 200 records,GTBI_HISTORICAL_RESEARCH,inventoried,gtbi_v7_new_reference_v1,historical_reference,2026-08-03T05:47:25.644301Z,archive,
artifact_family,gtbi-v{n}-state-controller-g{n}-github-actions-envelope-v{n}-{n},github-user:271768688,artifact naming family with 1 records,GTBI_HISTORICAL_RESEARCH,inventoried,gtbi_v7_new_reference_v1,historical_reference,2026-08-03T05:47:25.644301Z,archive,
artifact_family,gtbi-v{n}-state-controller-g{n}-owner-close-v{n}-{n},github-user:271768688,artifact naming family with 1 records,GTBI_HISTORICAL_RESEARCH,inventoried,gtbi_v7_new_reference_v1,historical_reference,2026-08-03T05:47:25.644301Z,archive,
artifact_family,gtbi-v{n}-state-controller-g{n}-provider-terms-acceptance-v{n}-{n},github-user:271768688,artifact naming family with 2 records,GTBI_HISTORICAL_RESEARCH,inventoried,gtbi_v7_new_reference_v1,historical_reference,2026-08-03T05:47:25.644301Z,archive,
artifact_family,gtbi-v{n}-state-controller-g{n}-reproducibility-classification-v{n}-{n},github-user:271768688,artifact naming family with 2 records,GTBI_HISTORICAL_RESEARCH,inventoried,gtbi_v7_new_reference_v1,historical_reference,2026-08-03T05:47:25.644301Z,archive,
artifact_family,gtbi-v{n}-state-controller-g{n}-retention-policy-v{n}-{n},github-user:271768688,artifact naming family with 2 records,GTBI_HISTORICAL_RESEARCH,inventoried,gtbi_v7_new_reference_v1,historical_reference,2026-08-03T05:47:25.644301Z,archive,
artifact_family,gtbi-v{n}-state-controller-g{n}-scientific-asset-contract-v{n}-{n},github-user:271768688,artifact naming family with 1 records,GTBI_HISTORICAL_RESEARCH,inventoried,gtbi_v7_new_reference_v1,historical_reference,2026-08-03T05:47:25.644301Z,archive,
artifact_family,gtbi-v{n}-state-controller-g{n}-v{n}-input-identity-no-baseline-v{n}-{n},github-user:271768688,artifact naming family with 1 records,GTBI_HISTORICAL_RESEARCH,inventoried,gtbi_v7_new_reference_v1,historical_reference,2026-08-03T05:47:25.644301Z,archive,
artifact_family,gtbi-v{n}-state-controller-g{n}-v{n}-production-promotion-restore-v{n}-{n},github-user:271768688,artifact naming family with 1 records,GTBI_HISTORICAL_RESEARCH,inventoried,gtbi_v7_new_reference_v1,historical_reference,2026-08-03T05:47:25.644301Z,archive,
artifact_family,gtbi-v{n}-state-controller-g{n}a-identity-close-v{n}-{n},github-user:271768688,artifact naming family with 1 records,GTBI_HISTORICAL_RESEARCH,inventoried,gtbi_v7_new_reference_v1,historical_reference,2026-08-03T05:47:25.644301Z,archive,
artifact_family,gtbi-v{n}-state-controller-g{n}a-minimum-governance-close-v{n}-{n},github-user:271768688,artifact naming family with 4 records,GTBI_HISTORICAL_RESEARCH,inventoried,gtbi_v7_new_reference_v1,historical_reference,2026-08-03T05:47:25.644301Z,archive,
artifact_family,gtbi-v{n}-state-controller-g{n}a-owner-auth-close-v{n}-{n},github-user:271768688,artifact naming family with 2 records,GTBI_HISTORICAL_RESEARCH,inventoried,gtbi_v7_new_reference_v1,historical_reference,2026-08-03T05:47:25.644301Z,archive,
artifact_family,gtbi-v{n}-state-controller-g{n}b-codeowners-owner-v{n}-{n},github-user:271768688,artifact naming family with 2 records,GTBI_HISTORICAL_RESEARCH,inventoried,gtbi_v7_new_reference_v1,historical_reference,2026-08-03T05:47:25.644301Z,archive,
artifact_family,gtbi-v{n}-state-controller-g{n}b-preservation-owner-v{n}-{n},github-user:271768688,artifact naming family with 2 records,GTBI_HISTORICAL_RESEARCH,inventoried,gtbi_v7_new_reference_v1,historical_reference,2026-08-03T05:47:25.644301Z,archive,
artifact_family,gtbi-v{n}-state-controller-g{n}b-role-registry-close-v{n}-{n},github-user:271768688,artifact naming family with 2 records,GTBI_HISTORICAL_RESEARCH,inventoried,gtbi_v7_new_reference_v1,historical_reference,2026-08-03T05:47:25.644301Z,archive,
artifact_family,gtbi-v{n}-state-controller-g{n}b-stage-two-owner-v{n}-{n},github-user:271768688,artifact naming family with 2 records,GTBI_HISTORICAL_RESEARCH,inventoried,gtbi_v7_new_reference_v1,historical_reference,2026-08-03T05:47:25.644301Z,archive,
artifact_family,gtbi-v{n}-state-controller-state-controller-smoke-v{n}-{n},github-user:271768688,artifact naming family with 1 records,GTBI_HISTORICAL_RESEARCH,inventoried,gtbi_v7_new_reference_v1,historical_reference,2026-08-03T05:47:25.644301Z,archive,
artifact_family,gtbi-v{n}-worker-{n}-attempt-{n}-run-{n},github-user:271768688,artifact naming family with 460 records,GTBI_HISTORICAL_RESEARCH,inventoried,gtbi_v7_new_reference_v1,historical_reference,2026-08-03T05:47:25.644301Z,archive,
artifact_family,literature-campaign-data-sp{n}_down_alpha_{n}_real_{n}_v{n},github-user:271768688,artifact naming family with 1 records,AURORA_RESEARCH,inventoried,none,historical_reference,2026-08-03T05:47:25.644301Z,archive,
artifact_family,literature-campaign-data-sp{n}_down_papers_curated_precision_v{n},github-user:271768688,artifact naming family with 1 records,AURORA_RESEARCH,inventoried,none,historical_reference,2026-08-03T05:47:25.644301Z,archive,
artifact_family,literature-campaign-data-sp{n}_down_papers_curated_precision_v{n}_{n}x,github-user:271768688,artifact naming family with 1 records,AURORA_RESEARCH,inventoried,none,historical_reference,2026-08-03T05:47:25.644301Z,archive,
artifact_family,literature-campaign-data-sp{n}_down_papers_curated_v{n},github-user:271768688,artifact naming family with 3 records,AURORA_RESEARCH,inventoried,none,historical_reference,2026-08-03T05:47:25.644301Z,archive,
artifact_family,literature-campaign-prepare-sp{n}_down_alpha_{n}_real_{n}_v{n},github-user:271768688,artifact naming family with 1 records,AURORA_RESEARCH,inventoried,none,historical_reference,2026-08-03T05:47:25.644301Z,archive,
artifact_family,literature-campaign-prepare-sp{n}_down_papers_curated_precision_v{n},github-user:271768688,artifact naming family with 1 records,AURORA_RESEARCH,inventoried,none,historical_reference,2026-08-03T05:47:25.644301Z,archive,
artifact_family,literature-campaign-prepare-sp{n}_down_papers_curated_precision_v{n}_{n}x,github-user:271768688,artifact naming family with 1 records,AURORA_RESEARCH,inventoried,none,historical_reference,2026-08-03T05:47:25.644301Z,archive,
artifact_family,literature-campaign-prepare-sp{n}_down_papers_curated_v{n},github-user:271768688,artifact naming family with 3 records,AURORA_RESEARCH,inventoried,none,historical_reference,2026-08-03T05:47:25.644301Z,archive,
artifact_family,literature-campaign-sp{n}_down_alpha_{n}_real_{n}_v{n}-chunk-{n},github-user:271768688,artifact naming family with 180 records,AURORA_RESEARCH,inventoried,none,historical_reference,2026-08-03T05:47:25.644301Z,archive,
artifact_family,literature-campaign-sp{n}_down_papers_curated_precision_v{n}-chunk-{n},github-user:271768688,artifact naming family with 355 records,AURORA_RESEARCH,inventoried,none,historical_reference,2026-08-03T05:47:25.644301Z,archive,
artifact_family,literature-campaign-sp{n}_down_papers_curated_precision_v{n}-results,github-user:271768688,artifact naming family with 1 records,AURORA_RESEARCH,inventoried,none,historical_reference,2026-08-03T05:47:25.644301Z,archive,
artifact_family,literature-campaign-sp{n}_down_papers_curated_precision_v{n}_{n}x-chunk-{n},github-user:271768688,artifact naming family with 355 records,AURORA_RESEARCH,inventoried,none,historical_reference,2026-08-03T05:47:25.644301Z,archive,
artifact_family,literature-campaign-sp{n}_down_papers_curated_precision_v{n}_{n}x-results,github-user:271768688,artifact naming family with 1 records,AURORA_RESEARCH,inventoried,none,historical_reference,2026-08-03T05:47:25.644301Z,archive,
artifact_family,literature-campaign-sp{n}_down_papers_curated_v{n}-chunk-{n},github-user:271768688,artifact naming family with 1065 records,AURORA_RESEARCH,inventoried,none,historical_reference,2026-08-03T05:47:25.644301Z,archive,
artifact_family,literature-campaign-sp{n}_down_papers_curated_v{n}-results,github-user:271768688,artifact naming family with 2 records,AURORA_RESEARCH,inventoried,none,historical_reference,2026-08-03T05:47:25.644301Z,archive,
artifact_family,literature-pdf-manifest-{n},github-user:271768688,artifact naming family with 5 records,AURORA_RESEARCH,inventoried,none,historical_reference,2026-08-03T05:47:25.644301Z,archive,
artifact_family,literature-pdf-text-chunk-{n},github-user:271768688,artifact naming family with 842 records,AURORA_RESEARCH,inventoried,none,historical_reference,2026-08-03T05:47:25.644301Z,archive,
artifact_family,literature-pdf-text-extract-{n}-results,github-user:271768688,artifact naming family with 3 records,AURORA_RESEARCH,inventoried,none,historical_reference,2026-08-03T05:47:25.644301Z,archive,
artifact_family,literature-sharpe{n}-paper-variants-chunk-{n},github-user:271768688,artifact naming family with 720 records,AURORA_RESEARCH,inventoried,none,historical_reference,2026-08-03T05:47:25.644301Z,archive,
artifact_family,literature-sharpe{n}-paper-variants-data,github-user:271768688,artifact naming family with 2 records,AURORA_RESEARCH,inventoried,none,historical_reference,2026-08-03T05:47:25.644301Z,archive,
artifact_family,literature-sharpe{n}-paper-variants-prepare,github-user:271768688,artifact naming family with 2 records,AURORA_RESEARCH,inventoried,none,historical_reference,2026-08-03T05:47:25.644301Z,archive,
artifact_family,literature-sharpe{n}-paper-variants-results,github-user:271768688,artifact naming family with 2 records,AURORA_RESEARCH,inventoried,none,historical_reference,2026-08-03T05:47:25.644301Z,archive,
artifact_family,literature-strategy-backtest-{n}-chunk-{n},github-user:271768688,artifact naming family with 180 records,AURORA_RESEARCH,inventoried,none,historical_reference,2026-08-03T05:47:25.644301Z,archive,
artifact_family,literature-strategy-backtest-{n}-data,github-user:271768688,artifact naming family with 2 records,AURORA_RESEARCH,inventoried,none,historical_reference,2026-08-03T05:47:25.644301Z,archive,
artifact_family,literature-strategy-backtest-{n}-{n}h-results,github-user:271768688,artifact naming family with 1 records,AURORA_RESEARCH,inventoried,none,historical_reference,2026-08-03T05:47:25.644301Z,archive,
artifact_family,literature-strategy-idea-discovery,github-user:271768688,artifact naming family with 3 records,AURORA_RESEARCH,inventoried,none,historical_reference,2026-08-03T05:47:25.644301Z,archive,
artifact_family,minervini-sepa-marketcap{n}b-daily-screener-results,github-user:271768688,artifact naming family with 1 records,AURORA_RESEARCH,inventoried,none,historical_reference,2026-08-03T05:47:25.644301Z,archive,
artifact_family,minervini-sepa-usa-europe-{n}m-daily-screener-results,github-user:271768688,artifact naming family with 1 records,AURORA_RESEARCH,inventoried,none,historical_reference,2026-08-03T05:47:25.644301Z,archive,
artifact_family,minervini-sepa-{n}m-at,github-user:271768688,artifact naming family with 2 records,AURORA_RESEARCH,inventoried,none,historical_reference,2026-08-03T05:47:25.644301Z,archive,
artifact_family,minervini-sepa-{n}m-be,github-user:271768688,artifact naming family with 2 records,AURORA_RESEARCH,inventoried,none,historical_reference,2026-08-03T05:47:25.644301Z,archive,
artifact_family,minervini-sepa-{n}m-ch,github-user:271768688,artifact naming family with 2 records,AURORA_RESEARCH,inventoried,none,historical_reference,2026-08-03T05:47:25.644301Z,archive,
artifact_family,minervini-sepa-{n}m-de,github-user:271768688,artifact naming family with 2 records,AURORA_RESEARCH,inventoried,none,historical_reference,2026-08-03T05:47:25.644301Z,archive,
artifact_family,minervini-sepa-{n}m-dk,github-user:271768688,artifact naming family with 2 records,AURORA_RESEARCH,inventoried,none,historical_reference,2026-08-03T05:47:25.644301Z,archive,
artifact_family,minervini-sepa-{n}m-es,github-user:271768688,artifact naming family with 2 records,AURORA_RESEARCH,inventoried,none,historical_reference,2026-08-03T05:47:25.644301Z,archive,
artifact_family,minervini-sepa-{n}m-fi,github-user:271768688,artifact naming family with 2 records,AURORA_RESEARCH,inventoried,none,historical_reference,2026-08-03T05:47:25.644301Z,archive,
artifact_family,minervini-sepa-{n}m-fr,github-user:271768688,artifact naming family with 2 records,AURORA_RESEARCH,inventoried,none,historical_reference,2026-08-03T05:47:25.644301Z,archive,
artifact_family,minervini-sepa-{n}m-gb,github-user:271768688,artifact naming family with 2 records,AURORA_RESEARCH,inventoried,none,historical_reference,2026-08-03T05:47:25.644301Z,archive,
artifact_family,minervini-sepa-{n}m-ie,github-user:271768688,artifact naming family with 2 records,AURORA_RESEARCH,inventoried,none,historical_reference,2026-08-03T05:47:25.644301Z,archive,
artifact_family,minervini-sepa-{n}m-it,github-user:271768688,artifact naming family with 2 records,AURORA_RESEARCH,inventoried,none,historical_reference,2026-08-03T05:47:25.644301Z,archive,
artifact_family,minervini-sepa-{n}m-nl,github-user:271768688,artifact naming family with 2 records,AURORA_RESEARCH,inventoried,none,historical_reference,2026-08-03T05:47:25.644301Z,archive,
artifact_family,minervini-sepa-{n}m-no,github-user:271768688,artifact naming family with 2 records,AURORA_RESEARCH,inventoried,none,historical_reference,2026-08-03T05:47:25.644301Z,archive,
artifact_family,minervini-sepa-{n}m-pl,github-user:271768688,artifact naming family with 2 records,AURORA_RESEARCH,inventoried,none,historical_reference,2026-08-03T05:47:25.644301Z,archive,
artifact_family,minervini-sepa-{n}m-pt,github-user:271768688,artifact naming family with 2 records,AURORA_RESEARCH,inventoried,none,historical_reference,2026-08-03T05:47:25.644301Z,archive,
artifact_family,minervini-sepa-{n}m-se,github-user:271768688,artifact naming family with 2 records,AURORA_RESEARCH,inventoried,none,historical_reference,2026-08-03T05:47:25.644301Z,archive,
artifact_family,minervini-sepa-{n}m-us,github-user:271768688,artifact naming family with 2 records,AURORA_RESEARCH,inventoried,none,historical_reference,2026-08-03T05:47:25.644301Z,archive,
artifact_family,mypy-debt-report,github-user:271768688,artifact naming family with 224 records,AURORA_RESEARCH,inventoried,none,historical_reference,2026-08-03T05:47:25.644301Z,archive,
artifact_family,nightly-guard-{n},github-user:271768688,artifact naming family with 33 records,AURORA_RESEARCH,inventoried,none,historical_reference,2026-08-03T05:47:25.644301Z,archive,
artifact_family,nightly-prepared-data,github-user:271768688,artifact naming family with 1 records,AURORA_RESEARCH,inventoried,none,historical_reference,2026-08-03T05:47:25.644301Z,archive,
artifact_family,nightly-round-final-{n},github-user:271768688,artifact naming family with 22 records,AURORA_RESEARCH,inventoried,none,historical_reference,2026-08-03T05:47:25.644301Z,archive,
artifact_family,nightly-r{n}-stage-{n},github-user:271768688,artifact naming family with 5400 records,AURORA_RESEARCH,inventoried,none,historical_reference,2026-08-03T05:47:25.644301Z,archive,
artifact_family,openap-current-framework-contract-campaign-state-after-recovery-{n}-{n}-{n},github-user:271768688,artifact naming family with 6 records,OPEN_ASSET_PRICING,inventoried,none,historical_reference,2026-08-03T05:47:25.644301Z,archive,
artifact_family,openap-current-framework-contract-campaign-state-initial-{n}-{n},github-user:271768688,artifact naming family with 6 records,OPEN_ASSET_PRICING,inventoried,none,historical_reference,2026-08-03T05:47:25.644301Z,archive,
artifact_family,openap-current-framework-contract-campaign-state-merged-{n}-{n},github-user:271768688,artifact naming family with 6 records,OPEN_ASSET_PRICING,inventoried,none,historical_reference,2026-08-03T05:47:25.644301Z,archive,
artifact_family,openap-current-framework-contract-campaign-state-verified-{n}-{n},github-user:271768688,artifact naming family with 6 records,OPEN_ASSET_PRICING,inventoried,none,historical_reference,2026-08-03T05:47:25.644301Z,archive,
artifact_family,openap-current-framework-contract-contract-{n}-{n},github-user:271768688,artifact naming family with 6 records,OPEN_ASSET_PRICING,inventoried,none,historical_reference,2026-08-03T05:47:25.644301Z,archive,
artifact_family,openap-current-framework-contract-environment-{n}-{n},github-user:271768688,artifact naming family with 6 records,OPEN_ASSET_PRICING,inventoried,none,historical_reference,2026-08-03T05:47:25.644301Z,archive,
artifact_family,openap-current-framework-contract-pilot-{n}-{n},github-user:271768688,artifact naming family with 6 records,OPEN_ASSET_PRICING,inventoried,none,historical_reference,2026-08-03T05:47:25.644301Z,archive,
artifact_family,openap-current-framework-contract-plan-{n}-{n},github-user:271768688,artifact naming family with 6 records,OPEN_ASSET_PRICING,inventoried,none,historical_reference,2026-08-03T05:47:25.644301Z,archive,
artifact_family,openap-current-framework-contract-preflight-{n}-{n},github-user:271768688,artifact naming family with 6 records,OPEN_ASSET_PRICING,inventoried,none,historical_reference,2026-08-03T05:47:25.644301Z,archive,
artifact_family,openap-current-framework-contract-prepared-{n}-{n},github-user:271768688,artifact naming family with 6 records,OPEN_ASSET_PRICING,inventoried,none,historical_reference,2026-08-03T05:47:25.644301Z,archive,
artifact_family,openap-current-framework-contract-recovery-wave-{n}-{n}-{n},github-user:271768688,artifact naming family with 6 records,OPEN_ASSET_PRICING,inventoried,none,historical_reference,2026-08-03T05:47:25.644301Z,archive,
artifact_family,openap-current-framework-contract-results,github-user:271768688,artifact naming family with 6 records,OPEN_ASSET_PRICING,inventoried,none,historical_reference,2026-08-03T05:47:25.644301Z,archive,
artifact_family,openap-current-framework-contract-sealed-final-stage-{n}-{n},github-user:271768688,artifact naming family with 6 records,OPEN_ASSET_PRICING,inventoried,none,historical_reference,2026-08-03T05:47:25.644301Z,archive,
artifact_family,openap-current-framework-contract-shard-g{n}-s{n}-a-{uuid},github-user:271768688,artifact naming family with 6 records,OPEN_ASSET_PRICING,inventoried,none,historical_reference,2026-08-03T05:47:25.644301Z,archive,
artifact_family,openap-current-framework-contract-smoke-{n}-{n},github-user:271768688,artifact naming family with 6 records,OPEN_ASSET_PRICING,inventoried,none,historical_reference,2026-08-03T05:47:25.644301Z,archive,
artifact_family,openap-current-framework-contract-timeline-{n}-{n},github-user:271768688,artifact naming family with 6 records,OPEN_ASSET_PRICING,inventoried,none,historical_reference,2026-08-03T05:47:25.644301Z,archive,
artifact_family,openap-current-framework-contract-unsealed-final-stage-{n}-{n},github-user:271768688,artifact naming family with 6 records,OPEN_ASSET_PRICING,inventoried,none,historical_reference,2026-08-03T05:47:25.644301Z,archive,
artifact_family,openap-current-framework-contract-verified-stage-{n}-{n},github-user:271768688,artifact naming family with 6 records,OPEN_ASSET_PRICING,inventoried,none,historical_reference,2026-08-03T05:47:25.644301Z,archive,
artifact_family,openap-current-framework-contract-wheelhouse-{n}-{n},github-user:271768688,artifact naming family with 6 records,OPEN_ASSET_PRICING,inventoried,none,historical_reference,2026-08-03T05:47:25.644301Z,archive,
artifact_family,openap-prepare,github-user:271768688,artifact naming family with 5 records,OPEN_ASSET_PRICING,inventoried,none,historical_reference,2026-08-03T05:47:25.644301Z,archive,
artifact_family,openap-sec-lake-{n},github-user:271768688,artifact naming family with 152 records,OPEN_ASSET_PRICING,inventoried,none,historical_reference,2026-08-03T05:47:25.644301Z,archive,
artifact_family,openap-sec-raw-{n},github-user:271768688,artifact naming family with 152 records,OPEN_ASSET_PRICING,inventoried,none,historical_reference,2026-08-03T05:47:25.644301Z,archive,
artifact_family,openap-sec-repair-lake-{n},github-user:271768688,artifact naming family with 4 records,OPEN_ASSET_PRICING,inventoried,none,historical_reference,2026-08-03T05:47:25.644301Z,archive,
artifact_family,openap-sec-repair-raw-{n},github-user:271768688,artifact naming family with 4 records,OPEN_ASSET_PRICING,inventoried,none,historical_reference,2026-08-03T05:47:25.644301Z,archive,
artifact_family,openap-sec-shard-repair-framework-contract-campaign-state-after-recovery-{n}-{n}-{n},github-user:271768688,artifact naming family with 3 records,OPEN_ASSET_PRICING,inventoried,none,historical_reference,2026-08-03T05:47:25.644301Z,archive,
artifact_family,openap-sec-shard-repair-framework-contract-campaign-state-initial-{n}-{n},github-user:271768688,artifact naming family with 3 records,OPEN_ASSET_PRICING,inventoried,none,historical_reference,2026-08-03T05:47:25.644301Z,archive,
artifact_family,openap-sec-shard-repair-framework-contract-campaign-state-merged-{n}-{n},github-user:271768688,artifact naming family with 3 records,OPEN_ASSET_PRICING,inventoried,none,historical_reference,2026-08-03T05:47:25.644301Z,archive,
artifact_family,openap-sec-shard-repair-framework-contract-campaign-state-verified-{n}-{n},github-user:271768688,artifact naming family with 3 records,OPEN_ASSET_PRICING,inventoried,none,historical_reference,2026-08-03T05:47:25.644301Z,archive,
artifact_family,openap-sec-shard-repair-framework-contract-contract-{n}-{n},github-user:271768688,artifact naming family with 3 records,OPEN_ASSET_PRICING,inventoried,none,historical_reference,2026-08-03T05:47:25.644301Z,archive,
artifact_family,openap-sec-shard-repair-framework-contract-environment-{n}-{n},github-user:271768688,artifact naming family with 3 records,OPEN_ASSET_PRICING,inventoried,none,historical_reference,2026-08-03T05:47:25.644301Z,archive,
artifact_family,openap-sec-shard-repair-framework-contract-pilot-{n}-{n},github-user:271768688,artifact naming family with 3 records,OPEN_ASSET_PRICING,inventoried,none,historical_reference,2026-08-03T05:47:25.644301Z,archive,
artifact_family,openap-sec-shard-repair-framework-contract-plan-{n}-{n},github-user:271768688,artifact naming family with 3 records,OPEN_ASSET_PRICING,inventoried,none,historical_reference,2026-08-03T05:47:25.644301Z,archive,
artifact_family,openap-sec-shard-repair-framework-contract-preflight-{n}-{n},github-user:271768688,artifact naming family with 3 records,OPEN_ASSET_PRICING,inventoried,none,historical_reference,2026-08-03T05:47:25.644301Z,archive,
artifact_family,openap-sec-shard-repair-framework-contract-prepared-{n}-{n},github-user:271768688,artifact naming family with 3 records,OPEN_ASSET_PRICING,inventoried,none,historical_reference,2026-08-03T05:47:25.644301Z,archive,
artifact_family,openap-sec-shard-repair-framework-contract-recovery-wave-{n}-{n}-{n},github-user:271768688,artifact naming family with 3 records,OPEN_ASSET_PRICING,inventoried,none,historical_reference,2026-08-03T05:47:25.644301Z,archive,
artifact_family,openap-sec-shard-repair-framework-contract-results,github-user:271768688,artifact naming family with 3 records,OPEN_ASSET_PRICING,inventoried,none,historical_reference,2026-08-03T05:47:25.644301Z,archive,
artifact_family,openap-sec-shard-repair-framework-contract-sealed-final-stage-{n}-{n},github-user:271768688,artifact naming family with 3 records,OPEN_ASSET_PRICING,inventoried,none,historical_reference,2026-08-03T05:47:25.644301Z,archive,
artifact_family,openap-sec-shard-repair-framework-contract-shard-g{n}-s{n}-a-{uuid},github-user:271768688,artifact naming family with 3 records,OPEN_ASSET_PRICING,inventoried,none,historical_reference,2026-08-03T05:47:25.644301Z,archive,
artifact_family,openap-sec-shard-repair-framework-contract-smoke-{n}-{n},github-user:271768688,artifact naming family with 3 records,OPEN_ASSET_PRICING,inventoried,none,historical_reference,2026-08-03T05:47:25.644301Z,archive,
artifact_family,openap-sec-shard-repair-framework-contract-timeline-{n}-{n},github-user:271768688,artifact naming family with 3 records,OPEN_ASSET_PRICING,inventoried,none,historical_reference,2026-08-03T05:47:25.644301Z,archive,
artifact_family,openap-sec-shard-repair-framework-contract-unsealed-final-stage-{n}-{n},github-user:271768688,artifact naming family with 3 records,OPEN_ASSET_PRICING,inventoried,none,historical_reference,2026-08-03T05:47:25.644301Z,archive,
artifact_family,openap-sec-shard-repair-framework-contract-verified-stage-{n}-{n},github-user:271768688,artifact naming family with 3 records,OPEN_ASSET_PRICING,inventoried,none,historical_reference,2026-08-03T05:47:25.644301Z,archive,
artifact_family,openap-sec-shard-repair-framework-contract-wheelhouse-{n}-{n},github-user:271768688,artifact naming family with 3 records,OPEN_ASSET_PRICING,inventoried,none,historical_reference,2026-08-03T05:47:25.644301Z,archive,
artifact_family,openap-yfinance-sec-current-score-results,github-user:271768688,artifact naming family with 5 records,OPEN_ASSET_PRICING,inventoried,none,historical_reference,2026-08-03T05:47:25.644301Z,archive,
artifact_family,openap-yfinance-{n},github-user:271768688,artifact naming family with 192 records,OPEN_ASSET_PRICING,inventoried,none,historical_reference,2026-08-03T05:47:25.644301Z,archive,
artifact_family,openassetpricing-correlation-audit,github-user:271768688,artifact naming family with 1 records,OPEN_ASSET_PRICING,inventoried,none,historical_reference,2026-08-03T05:47:25.644301Z,archive,
artifact_family,overnight-bundle-stage-{n},github-user:271768688,artifact naming family with 1080 records,AURORA_RESEARCH,inventoried,none,historical_reference,2026-08-03T05:47:25.644301Z,archive,
artifact_family,overnight-cboe-data,github-user:271768688,artifact naming family with 4 records,AURORA_RESEARCH,inventoried,none,historical_reference,2026-08-03T05:47:25.644301Z,archive,
artifact_family,overnight-cboe-results,github-user:271768688,artifact naming family with 1 records,AURORA_RESEARCH,inventoried,none,historical_reference,2026-08-03T05:47:25.644301Z,archive,
artifact_family,overnight-cboe-stage-{n},github-user:271768688,artifact naming family with 720 records,AURORA_RESEARCH,inventoried,none,historical_reference,2026-08-03T05:47:25.644301Z,archive,
artifact_family,overnight-ensemble-data,github-user:271768688,artifact naming family with 4 records,AURORA_RESEARCH,inventoried,none,historical_reference,2026-08-03T05:47:25.644301Z,archive,
artifact_family,overnight-ensemble-results,github-user:271768688,artifact naming family with 1 records,AURORA_RESEARCH,inventoried,none,historical_reference,2026-08-03T05:47:25.644301Z,archive,
artifact_family,overnight-ensemble-stage-{n},github-user:271768688,artifact naming family with 1080 records,AURORA_RESEARCH,inventoried,none,historical_reference,2026-08-03T05:47:25.644301Z,archive,
artifact_family,overnight-spy-data,github-user:271768688,artifact naming family with 4 records,AURORA_RESEARCH,inventoried,none,historical_reference,2026-08-03T05:47:25.644301Z,archive,
artifact_family,overnight-spy-results,github-user:271768688,artifact naming family with 1 records,AURORA_RESEARCH,inventoried,none,historical_reference,2026-08-03T05:47:25.644301Z,archive,
artifact_family,overnight-spy-stage-{n},github-user:271768688,artifact naming family with 719 records,AURORA_RESEARCH,inventoried,none,historical_reference,2026-08-03T05:47:25.644301Z,archive,
artifact_family,paper-aqr-factor-sharpe{n}-data,github-user:271768688,artifact naming family with 2 records,AURORA_RESEARCH,inventoried,none,historical_reference,2026-08-03T05:47:25.644301Z,archive,
artifact_family,paper-aqr-factor-sharpe{n}-stage-pair-{n}-{n},github-user:271768688,artifact naming family with 360 records,AURORA_RESEARCH,inventoried,none,historical_reference,2026-08-03T05:47:25.644301Z,archive,
artifact_family,paper-aqr-factor-sharpe{n}-{n}stages-results,github-user:271768688,artifact naming family with 2 records,AURORA_RESEARCH,inventoried,none,historical_reference,2026-08-03T05:47:25.644301Z,archive,
artifact_family,paper-cboe-sentiment-sharpe{n}-data,github-user:271768688,artifact naming family with 4 records,AURORA_RESEARCH,inventoried,none,historical_reference,2026-08-03T05:47:25.644301Z,archive,
artifact_family,paper-cboe-sentiment-sharpe{n}-stage-{n},github-user:271768688,artifact naming family with 1140 records,AURORA_RESEARCH,inventoried,none,historical_reference,2026-08-03T05:47:25.644301Z,archive,
artifact_family,paper-cboe-sentiment-sharpe{n}-{n}jobs-results,github-user:271768688,artifact naming family with 1 records,AURORA_RESEARCH,inventoried,none,historical_reference,2026-08-03T05:47:25.644301Z,archive,
artifact_family,paper-operable-ensemble-sharpe{n}-data,github-user:271768688,artifact naming family with 4 records,AURORA_RESEARCH,inventoried,none,historical_reference,2026-08-03T05:47:25.644301Z,archive,
artifact_family,paper-operable-ensemble-sharpe{n}-stage-pair-{n}-{n},github-user:271768688,artifact naming family with 720 records,AURORA_RESEARCH,inventoried,none,historical_reference,2026-08-03T05:47:25.644301Z,archive,
artifact_family,paper-operable-ensemble-sharpe{n}-{n}stages-results,github-user:271768688,artifact naming family with 4 records,AURORA_RESEARCH,inventoried,none,historical_reference,2026-08-03T05:47:25.644301Z,archive,
artifact_family,paper-sharpe{n}-nightly-novel-{n}min-until-{n}-results,github-user:271768688,artifact naming family with 15 records,AURORA_RESEARCH,inventoried,none,historical_reference,2026-08-03T05:47:25.644301Z,archive,
artifact_family,paper-sharpe{n}-nightly-{n}min-until-{n}-results,github-user:271768688,artifact naming family with 6 records,AURORA_RESEARCH,inventoried,none,historical_reference,2026-08-03T05:47:25.644301Z,archive,
artifact_family,paper-sharpe{n}-overnight-{n}jobs-results,github-user:271768688,artifact naming family with 3 records,AURORA_RESEARCH,inventoried,none,historical_reference,2026-08-03T05:47:25.644301Z,archive,
artifact_family,paper-spy-daily-event-sharpe{n}-data,github-user:271768688,artifact naming family with 4 records,AURORA_RESEARCH,inventoried,none,historical_reference,2026-08-03T05:47:25.644301Z,archive,
artifact_family,paper-spy-daily-event-sharpe{n}-stage-pair-{n}-{n},github-user:271768688,artifact naming family with 720 records,AURORA_RESEARCH,inventoried,none,historical_reference,2026-08-03T05:47:25.644301Z,archive,
artifact_family,paper-spy-daily-event-sharpe{n}-{n}jobs-results,github-user:271768688,artifact naming family with 4 records,AURORA_RESEARCH,inventoried,none,historical_reference,2026-08-03T05:47:25.644301Z,archive,
artifact_family,paper-spy-monthly-sharpe{n}-quick-{n}jobs-results,github-user:271768688,artifact naming family with 1 records,AURORA_RESEARCH,inventoried,none,historical_reference,2026-08-03T05:47:25.644301Z,archive,
artifact_family,paper-spy-weekly-regime-sharpe{n}-quick-{n}jobs-results,github-user:271768688,artifact naming family with 3 records,AURORA_RESEARCH,inventoried,none,historical_reference,2026-08-03T05:47:25.644301Z,archive,
artifact_family,paper-spy-weekly-sharpe{n}-data,github-user:271768688,artifact naming family with 2 records,AURORA_RESEARCH,inventoried,none,historical_reference,2026-08-03T05:47:25.644301Z,archive,
artifact_family,paper-spy-weekly-sharpe{n}-quick-{n}jobs-results,github-user:271768688,artifact naming family with 9 records,AURORA_RESEARCH,inventoried,none,historical_reference,2026-08-03T05:47:25.644301Z,archive,
artifact_family,paper-spy-weekly-sharpe{n}-stage-{n},github-user:271768688,artifact naming family with 260 records,AURORA_RESEARCH,inventoried,none,historical_reference,2026-08-03T05:47:25.644301Z,archive,
artifact_family,paper-spy-weekly-sharpe{n}-{n}jobs-results,github-user:271768688,artifact naming family with 1 records,AURORA_RESEARCH,inventoried,none,historical_reference,2026-08-03T05:47:25.644301Z,archive,
artifact_family,run-checkpoint-s{n}-a-{uuid},github-user:271768688,artifact naming family with 91 records,AURORA_RESEARCH,inventoried,none,historical_reference,2026-08-03T05:47:25.644301Z,archive,
artifact_family,sarif-artifact-actions,github-user:271768688,artifact naming family with 2 records,AURORA_RESEARCH,inventoried,none,historical_reference,2026-08-03T05:47:25.644301Z,archive,
artifact_family,sarif-artifact-python,github-user:271768688,artifact naming family with 2 records,AURORA_RESEARCH,inventoried,none,historical_reference,2026-08-03T05:47:25.644301Z,archive,
artifact_family,spy-daily-direction-accuracy-data,github-user:271768688,artifact naming family with 19 records,AURORA_RESEARCH,inventoried,none,historical_reference,2026-08-03T05:47:25.644301Z,archive,
artifact_family,spy-daily-direction-accuracy-stage-{n},github-user:271768688,artifact naming family with 6387 records,AURORA_RESEARCH,inventoried,none,historical_reference,2026-08-03T05:47:25.644301Z,archive,
artifact_family,spy-daily-direction-accuracy-{n}jobs-results,github-user:271768688,artifact naming family with 19 records,AURORA_RESEARCH,inventoried,none,historical_reference,2026-08-03T05:47:25.644301Z,archive,
artifact_family,spy-daily-direction-funnel-top-all-features-{n}waves-{n}h-results,github-user:271768688,artifact naming family with 1 records,AURORA_RESEARCH,inventoried,none,historical_reference,2026-08-03T05:47:25.644301Z,archive,
artifact_family,spy-daily-direction-funnel-top-wave-{n}-stage-{n},github-user:271768688,artifact naming family with 1420 records,AURORA_RESEARCH,inventoried,none,historical_reference,2026-08-03T05:47:25.644301Z,archive,
artifact_family,spy-daily-direction-funnel-top-{n}waves-data,github-user:271768688,artifact naming family with 1 records,AURORA_RESEARCH,inventoried,none,historical_reference,2026-08-03T05:47:25.644301Z,archive,
artifact_family,spy-monthly-quick-data,github-user:271768688,artifact naming family with 1 records,AURORA_RESEARCH,inventoried,none,historical_reference,2026-08-03T05:47:25.644301Z,archive,
artifact_family,spy-monthly-quick-stage-{n},github-user:271768688,artifact naming family with 360 records,AURORA_RESEARCH,inventoried,none,historical_reference,2026-08-03T05:47:25.644301Z,archive,
artifact_family,spy-monthly-scan-data,github-user:271768688,artifact naming family with 2 records,AURORA_RESEARCH,inventoried,none,historical_reference,2026-08-03T05:47:25.644301Z,archive,
artifact_family,spy-monthly-tf{n}-ma{n}-locked-table,github-user:271768688,artifact naming family with 3 records,AURORA_RESEARCH,inventoried,none,historical_reference,2026-08-03T05:47:25.644301Z,archive,
artifact_family,spy-monthly-trend-following-paper{n}-data,github-user:271768688,artifact naming family with 3 records,AURORA_RESEARCH,inventoried,none,historical_reference,2026-08-03T05:47:25.644301Z,archive,
artifact_family,spy-monthly-trend-following-paper{n}-stage-{n},github-user:271768688,artifact naming family with 710 records,AURORA_RESEARCH,inventoried,none,historical_reference,2026-08-03T05:47:25.644301Z,archive,
artifact_family,spy-monthly-trend-following-paper{n}-{n}jobs-results,github-user:271768688,artifact naming family with 2 records,AURORA_RESEARCH,inventoried,none,historical_reference,2026-08-03T05:47:25.644301Z,archive,
artifact_family,spy-quick-data,github-user:271768688,artifact naming family with 9 records,AURORA_RESEARCH,inventoried,none,historical_reference,2026-08-03T05:47:25.644301Z,archive,
artifact_family,spy-quick-stage-{n},github-user:271768688,artifact naming family with 3240 records,AURORA_RESEARCH,inventoried,none,historical_reference,2026-08-03T05:47:25.644301Z,archive,
artifact_family,spy-regime-quick-data,github-user:271768688,artifact naming family with 3 records,AURORA_RESEARCH,inventoried,none,historical_reference,2026-08-03T05:47:25.644301Z,archive,
artifact_family,spy-regime-quick-stage-{n},github-user:271768688,artifact naming family with 1080 records,AURORA_RESEARCH,inventoried,none,historical_reference,2026-08-03T05:47:25.644301Z,archive,
artifact_family,spy-weekly-global-random-train-yearly-calmar-beat-counts,github-user:271768688,artifact naming family with 1 records,AURORA_RESEARCH,inventoried,none,historical_reference,2026-08-03T05:47:25.644301Z,archive,
artifact_family,spy-weekly-global-random-train-yearly-calmar-results,github-user:271768688,artifact naming family with 1 records,AURORA_RESEARCH,inventoried,none,historical_reference,2026-08-03T05:47:25.644301Z,archive,
artifact_family,spy-weekly-global-random-train-yearly-calmar-stage-{n},github-user:271768688,artifact naming family with 360 records,AURORA_RESEARCH,inventoried,none,historical_reference,2026-08-03T05:47:25.644301Z,archive,
artifact_family,spy-weekly-global-random-yearly-outperformance-results,github-user:271768688,artifact naming family with 1 records,AURORA_RESEARCH,inventoried,none,historical_reference,2026-08-03T05:47:25.644301Z,archive,
artifact_family,spy-weekly-global-random-yearly-outperformance-stage-{n},github-user:271768688,artifact naming family with 360 records,AURORA_RESEARCH,inventoried,none,historical_reference,2026-08-03T05:47:25.644301Z,archive,
artifact_family,spy-weekly-longshort-locked-strategy-report-spy_weekly_longshort_sharpe{n}_s{n}_{hex},github-user:271768688,artifact naming family with 1 records,AURORA_RESEARCH,inventoried,none,historical_reference,2026-08-03T05:47:25.644301Z,archive,
artifact_family,spy-weekly-longshort-sharpe{n}-data,github-user:271768688,artifact naming family with 26 records,AURORA_RESEARCH,inventoried,none,historical_reference,2026-08-03T05:47:25.644301Z,archive,
artifact_family,spy-weekly-longshort-sharpe{n}-stage-{n},github-user:271768688,artifact naming family with 9230 records,AURORA_RESEARCH,inventoried,none,historical_reference,2026-08-03T05:47:25.644301Z,archive,
artifact_family,spy-weekly-longshort-sharpe{n}-{n}jobs-results,github-user:271768688,artifact naming family with 26 records,AURORA_RESEARCH,inventoried,none,historical_reference,2026-08-03T05:47:25.644301Z,archive,
artifact_family,spy-weekly-noleverage-global-random-data,github-user:271768688,artifact naming family with 2 records,AURORA_RESEARCH,inventoried,none,historical_reference,2026-08-03T05:47:25.644301Z,archive,
artifact_family,spy-weekly-noleverage-global-random-nightly-until-{n}-results,github-user:271768688,artifact naming family with 47 records,AURORA_RESEARCH,inventoried,none,historical_reference,2026-08-03T05:47:25.644301Z,archive,
artifact_family,spy-weekly-noleverage-global-random-round-{n}-final,github-user:271768688,artifact naming family with 47 records,AURORA_RESEARCH,inventoried,none,historical_reference,2026-08-03T05:47:25.644301Z,archive,
artifact_family,spy-weekly-noleverage-global-random-r{n}-stage-{n},github-user:271768688,artifact naming family with 16922 records,AURORA_RESEARCH,inventoried,none,historical_reference,2026-08-03T05:47:25.644301Z,archive,
artifact_family,spy-weekly-noleverage-{n}ideas-data,github-user:271768688,artifact naming family with 1 records,AURORA_RESEARCH,inventoried,none,historical_reference,2026-08-03T05:47:25.644301Z,archive,
artifact_family,spy-weekly-noleverage-{n}ideas-nightly-until-{n}-results,github-user:271768688,artifact naming family with 31 records,AURORA_RESEARCH,inventoried,none,historical_reference,2026-08-03T05:47:25.644301Z,archive,
artifact_family,spy-weekly-noleverage-{n}ideas-round-{n}-final,github-user:271768688,artifact naming family with 31 records,AURORA_RESEARCH,inventoried,none,historical_reference,2026-08-03T05:47:25.644301Z,archive,
artifact_family,spy-weekly-noleverage-{n}ideas-r{n}-stage-{n},github-user:271768688,artifact naming family with 11157 records,AURORA_RESEARCH,inventoried,none,historical_reference,2026-08-03T05:47:25.644301Z,archive,
artifact_family,spy-weekly-noleverage-{n}ideas-v{n}-data,github-user:271768688,artifact naming family with 2 records,AURORA_RESEARCH,inventoried,none,historical_reference,2026-08-03T05:47:25.644301Z,archive,
artifact_family,spy-weekly-noleverage-{n}ideas-v{n}-nightly-until-{n}-results,github-user:271768688,artifact naming family with 99 records,AURORA_RESEARCH,inventoried,none,historical_reference,2026-08-03T05:47:25.644301Z,archive,
artifact_family,spy-weekly-noleverage-{n}ideas-v{n}-round-{n}-final,github-user:271768688,artifact naming family with 99 records,AURORA_RESEARCH,inventoried,none,historical_reference,2026-08-03T05:47:25.644301Z,archive,
artifact_family,spy-weekly-noleverage-{n}ideas-v{n}-r{n}-stage-{n},github-user:271768688,artifact naming family with 35644 records,AURORA_RESEARCH,inventoried,none,historical_reference,2026-08-03T05:47:25.644301Z,archive,
artifact_family,spy-{n}m-support-resistance-data,github-user:271768688,artifact naming family with 1 records,AURORA_RESEARCH,inventoried,none,historical_reference,2026-08-03T05:47:25.644301Z,archive,
artifact_family,spy-{n}m-support-resistance-free-max-data,github-user:271768688,artifact naming family with 2 records,AURORA_RESEARCH,inventoried,none,historical_reference,2026-08-03T05:47:25.644301Z,archive,
artifact_family,spy-{n}m-support-resistance-free-max-retest-results,github-user:271768688,artifact naming family with 2 records,AURORA_RESEARCH,inventoried,none,historical_reference,2026-08-03T05:47:25.644301Z,archive,
artifact_family,spy-{n}m-support-resistance-free-max-retest-stage-{n},github-user:271768688,artifact naming family with 710 records,AURORA_RESEARCH,inventoried,none,historical_reference,2026-08-03T05:47:25.644301Z,archive,
artifact_family,spy-{n}m-support-resistance-source-candidates,github-user:271768688,artifact naming family with 3 records,AURORA_RESEARCH,inventoried,none,historical_reference,2026-08-03T05:47:25.644301Z,archive,
artifact_family,spy-{n}m-support-resistance-stage-{n},github-user:271768688,artifact naming family with 355 records,AURORA_RESEARCH,inventoried,none,historical_reference,2026-08-03T05:47:25.644301Z,archive,
artifact_family,spy-{n}m-support-resistance-{n}jobs-results,github-user:271768688,artifact naming family with 1 records,AURORA_RESEARCH,inventoried,none,historical_reference,2026-08-03T05:47:25.644301Z,archive,
artifact_family,sp{n}-only-outperforming-study-finder-results,github-user:271768688,artifact naming family with 33 records,AURORA_RESEARCH,inventoried,none,historical_reference,2026-08-03T05:47:25.644301Z,archive,
artifact_family,sp{n}-weekly-hedge-dehb-no-crypto-no-stocks-{n}waves-{n}jobs-{n}h-results,github-user:271768688,artifact naming family with 1 records,AURORA_RESEARCH,inventoried,none,historical_reference,2026-08-03T05:47:25.644301Z,archive,
artifact_family,sp{n}-weekly-hedge-dehb-policy{n}-downside-{n}wave-{n}jobs-{n}h-results,github-user:271768688,artifact naming family with 2 records,AURORA_RESEARCH,inventoried,none,historical_reference,2026-08-03T05:47:25.644301Z,archive,
artifact_family,sp{n}-weekly-hedge-dehb-policy{n}-downside-{n}waves-{n}jobs-{n}h-results,github-user:271768688,artifact naming family with 3 records,AURORA_RESEARCH,inventoried,none,historical_reference,2026-08-03T05:47:25.644301Z,archive,
artifact_family,sp{n}-weekly-hedge-dehb-{n}wave-{n}jobs-{n}h-results,github-user:271768688,artifact naming family with 4 records,AURORA_RESEARCH,inventoried,none,historical_reference,2026-08-03T05:47:25.644301Z,archive,
artifact_family,sp{n}-weekly-hedge-dehb-{n}waves-{n}jobs-{n}h-results,github-user:271768688,artifact naming family with 4 records,AURORA_RESEARCH,inventoried,none,historical_reference,2026-08-03T05:47:25.644301Z,archive,
artifact_family,sp{n}-weekly-hedge-no-crypto-no-stocks-{n}waves-data,github-user:271768688,artifact naming family with 3 records,AURORA_RESEARCH,inventoried,none,historical_reference,2026-08-03T05:47:25.644301Z,archive,
artifact_family,sp{n}-weekly-hedge-no-crypto-no-stocks-{n}waves-wave-{n}-a-stage-{n},github-user:271768688,artifact naming family with 1000 records,AURORA_RESEARCH,inventoried,none,historical_reference,2026-08-03T05:47:25.644301Z,archive,
artifact_family,sp{n}-weekly-hedge-no-crypto-no-stocks-{n}waves-wave-{n}-b-stage-{n},github-user:271768688,artifact naming family with 1000 records,AURORA_RESEARCH,inventoried,none,historical_reference,2026-08-03T05:47:25.644301Z,archive,
artifact_family,sp{n}-weekly-hedge-no-crypto-no-stocks-{n}waves-{n}jobs-data,github-user:271768688,artifact naming family with 3 records,AURORA_RESEARCH,inventoried,none,historical_reference,2026-08-03T05:47:25.644301Z,archive,
artifact_family,sp{n}-weekly-hedge-policy{n}-downside-{n}wave-data,github-user:271768688,artifact naming family with 2 records,AURORA_RESEARCH,inventoried,none,historical_reference,2026-08-03T05:47:25.644301Z,archive,
artifact_family,sp{n}-weekly-hedge-policy{n}-downside-{n}wave-wave-{n}-stage-{n},github-user:271768688,artifact naming family with 80 records,AURORA_RESEARCH,inventoried,none,historical_reference,2026-08-03T05:47:25.644301Z,archive,
artifact_family,sp{n}-weekly-hedge-policy{n}-downside-{n}waves-data,github-user:271768688,artifact naming family with 2 records,AURORA_RESEARCH,inventoried,none,historical_reference,2026-08-03T05:47:25.644301Z,archive,
artifact_family,sp{n}-weekly-hedge-policy{n}-downside-{n}waves-wave-{n}-stage-{n},github-user:271768688,artifact naming family with 480 records,AURORA_RESEARCH,inventoried,none,historical_reference,2026-08-03T05:47:25.644301Z,archive,
artifact_family,sp{n}-weekly-hedge-{n}wave-data,github-user:271768688,artifact naming family with 4 records,AURORA_RESEARCH,inventoried,none,historical_reference,2026-08-03T05:47:25.644301Z,archive,
artifact_family,sp{n}-weekly-hedge-{n}wave-wave-{n}-stage-{n},github-user:271768688,artifact naming family with 80 records,AURORA_RESEARCH,inventoried,none,historical_reference,2026-08-03T05:47:25.644301Z,archive,
artifact_family,sp{n}-weekly-hedge-{n}waves-data,github-user:271768688,artifact naming family with 5 records,AURORA_RESEARCH,inventoried,none,historical_reference,2026-08-03T05:47:25.644301Z,archive,
artifact_family,sp{n}-weekly-hedge-{n}waves-wave-{n}-stage-{n},github-user:271768688,artifact naming family with 480 records,AURORA_RESEARCH,inventoried,none,historical_reference,2026-08-03T05:47:25.644301Z,archive,
artifact_family,sp{n}-{n}-paper-chunk-{n},github-user:271768688,artifact naming family with 26 records,AURORA_RESEARCH,inventoried,none,historical_reference,2026-08-03T05:47:25.644301Z,archive,
artifact_family,sp{n}-{n}-paper-data,github-user:271768688,artifact naming family with 1 records,AURORA_RESEARCH,inventoried,none,historical_reference,2026-08-03T05:47:25.644301Z,archive,
artifact_family,sp{n}-{n}-paper-locked-strategy-report-avoid_equity_bear_markets_trendycmacro,github-user:271768688,artifact naming family with 1 records,AURORA_RESEARCH,inventoried,none,historical_reference,2026-08-03T05:47:25.644301Z,archive,
artifact_family,sp{n}-{n}-paper-locked-strategy-report-ep_short_rate_spread,github-user:271768688,artifact naming family with 1 records,AURORA_RESEARCH,inventoried,none,historical_reference,2026-08-03T05:47:25.644301Z,archive,
artifact_family,sp{n}-{n}-paper-locked-strategy-report-rl_evt_tail_risk,github-user:271768688,artifact naming family with 1 records,AURORA_RESEARCH,inventoried,none,historical_reference,2026-08-03T05:47:25.644301Z,archive,
artifact_family,sp{n}-{n}-paper-replication-backtest-results,github-user:271768688,artifact naming family with 1 records,AURORA_RESEARCH,inventoried,none,historical_reference,2026-08-03T05:47:25.644301Z,archive,
artifact_family,sr-{n}m-equity-universe-family-search-{n},github-user:271768688,artifact naming family with 780 records,AURORA_RESEARCH,inventoried,none,historical_reference,2026-08-03T05:47:25.644301Z,archive,
artifact_family,sr-{n}m-equity-universe-feature-search-results,github-user:271768688,artifact naming family with 2 records,AURORA_RESEARCH,inventoried,none,historical_reference,2026-08-03T05:47:25.644301Z,archive,
artifact_family,sr-{n}m-equity-universe-features,github-user:271768688,artifact naming family with 3 records,AURORA_RESEARCH,inventoried,none,historical_reference,2026-08-03T05:47:25.644301Z,archive,
artifact_family,sr-{n}m-equity-universe-mixed-search-{n},github-user:271768688,artifact naming family with 360 records,AURORA_RESEARCH,inventoried,none,historical_reference,2026-08-03T05:47:25.644301Z,archive,
artifact_family,sr-{n}m-equity-universe-prelocked-candidates,github-user:271768688,artifact naming family with 3 records,AURORA_RESEARCH,inventoried,none,historical_reference,2026-08-03T05:47:25.644301Z,archive,
artifact_family,sr-{n}m-equity-universe-screen-{n},github-user:271768688,artifact naming family with 240 records,AURORA_RESEARCH,inventoried,none,historical_reference,2026-08-03T05:47:25.644301Z,archive,
artifact_family,sr-{n}m-equity-universe-source-data,github-user:271768688,artifact naming family with 3 records,AURORA_RESEARCH,inventoried,none,historical_reference,2026-08-03T05:47:25.644301Z,archive,
artifact_family,stock-protocol-all-opportunities-and-realistic-portfolio-audit,github-user:271768688,artifact naming family with 11 records,AURORA_RESEARCH,inventoried,none,historical_reference,2026-08-03T05:47:25.644301Z,archive,
artifact_family,stock-protocol-costs-merged,github-user:271768688,artifact naming family with 11 records,AURORA_RESEARCH,inventoried,none,historical_reference,2026-08-03T05:47:25.644301Z,archive,
artifact_family,stock-protocol-costs-plan,github-user:271768688,artifact naming family with 2 records,AURORA_RESEARCH,inventoried,none,historical_reference,2026-08-03T05:47:25.644301Z,archive,
artifact_family,stock-protocol-costs-shard-{n},github-user:271768688,artifact naming family with 1080 records,AURORA_RESEARCH,inventoried,none,historical_reference,2026-08-03T05:47:25.644301Z,archive,
artifact_family,stock-protocol-costs-task-{n},github-user:271768688,artifact naming family with 100 records,AURORA_RESEARCH,inventoried,none,historical_reference,2026-08-03T05:47:25.644301Z,archive,
artifact_family,stock-protocol-entries-all,github-user:271768688,artifact naming family with 1 records,AURORA_RESEARCH,inventoried,none,historical_reference,2026-08-03T05:47:25.644301Z,archive,
artifact_family,stock-protocol-entries-merged,github-user:271768688,artifact naming family with 12 records,AURORA_RESEARCH,inventoried,none,historical_reference,2026-08-03T05:47:25.644301Z,archive,
artifact_family,stock-protocol-entries-plan,github-user:271768688,artifact naming family with 2 records,AURORA_RESEARCH,inventoried,none,historical_reference,2026-08-03T05:47:25.644301Z,archive,
artifact_family,stock-protocol-entries-shard-{n},github-user:271768688,artifact naming family with 2880 records,AURORA_RESEARCH,inventoried,none,historical_reference,2026-08-03T05:47:25.644301Z,archive,
artifact_family,stock-protocol-entries-task-{n},github-user:271768688,artifact naming family with 72 records,AURORA_RESEARCH,inventoried,none,historical_reference,2026-08-03T05:47:25.644301Z,archive,
artifact_family,stock-protocol-exact-irrevocable-oos-results,github-user:271768688,artifact naming family with 1 records,AURORA_RESEARCH,inventoried,none,historical_reference,2026-08-03T05:47:25.644301Z,archive,
artifact_family,stock-protocol-exact-irrevocable-oos-results-final,github-user:271768688,artifact naming family with 1 records,AURORA_RESEARCH,inventoried,none,historical_reference,2026-08-03T05:47:25.644301Z,archive,
artifact_family,stock-protocol-exact-is-reproduction,github-user:271768688,artifact naming family with 1 records,AURORA_RESEARCH,inventoried,none,historical_reference,2026-08-03T05:47:25.644301Z,archive,
artifact_family,stock-protocol-exact-locked-data-{n},github-user:271768688,artifact naming family with 32 records,AURORA_RESEARCH,inventoried,none,historical_reference,2026-08-03T05:47:25.644301Z,archive,
artifact_family,stock-protocol-exact-locked-symbols,github-user:271768688,artifact naming family with 1 records,AURORA_RESEARCH,inventoried,none,historical_reference,2026-08-03T05:47:25.644301Z,archive,
artifact_family,stock-protocol-exact-prelocked-pack,github-user:271768688,artifact naming family with 1 records,AURORA_RESEARCH,inventoried,none,historical_reference,2026-08-03T05:47:25.644301Z,archive,
artifact_family,stock-protocol-exits-merged,github-user:271768688,artifact naming family with 12 records,AURORA_RESEARCH,inventoried,none,historical_reference,2026-08-03T05:47:25.644301Z,archive,
artifact_family,stock-protocol-exits-plan,github-user:271768688,artifact naming family with 2 records,AURORA_RESEARCH,inventoried,none,historical_reference,2026-08-03T05:47:25.644301Z,archive,
artifact_family,stock-protocol-exits-shard-{n},github-user:271768688,artifact naming family with 1799 records,AURORA_RESEARCH,inventoried,none,historical_reference,2026-08-03T05:47:25.644301Z,archive,
artifact_family,stock-protocol-exits-task-{n},github-user:271768688,artifact naming family with 580 records,AURORA_RESEARCH,inventoried,none,historical_reference,2026-08-03T05:47:25.644301Z,archive,
artifact_family,stock-protocol-holdout-candidate-{n},github-user:271768688,artifact naming family with 10 records,AURORA_RESEARCH,inventoried,none,historical_reference,2026-08-03T05:47:25.644301Z,archive,
artifact_family,stock-protocol-holdout-feature-{n},github-user:271768688,artifact naming family with 32 records,AURORA_RESEARCH,inventoried,none,historical_reference,2026-08-03T05:47:25.644301Z,archive,
artifact_family,stock-protocol-opportunity-audit-shard-diagnostic_reused_holdout,github-user:271768688,artifact naming family with 1 records,AURORA_RESEARCH,inventoried,none,historical_reference,2026-08-03T05:47:25.644301Z,archive,
artifact_family,stock-protocol-opportunity-audit-shard-opened_locked_diagnostic,github-user:271768688,artifact naming family with 1 records,AURORA_RESEARCH,inventoried,none,historical_reference,2026-08-03T05:47:25.644301Z,archive,
artifact_family,stock-protocol-opportunity-audit-shard-walk_forward_is,github-user:271768688,artifact naming family with 1 records,AURORA_RESEARCH,inventoried,none,historical_reference,2026-08-03T05:47:25.644301Z,archive,
artifact_family,stock-protocol-original-{n}-contract,github-user:271768688,artifact naming family with 3 records,AURORA_RESEARCH,inventoried,none,historical_reference,2026-08-03T05:47:25.644301Z,archive,
artifact_family,stock-protocol-original-{n}-opportunity-event-study,github-user:271768688,artifact naming family with 1 records,AURORA_RESEARCH,inventoried,none,historical_reference,2026-08-03T05:47:25.644301Z,archive,
artifact_family,stock-protocol-original-{n}-opportunity-event-study-review,github-user:271768688,artifact naming family with 1 records,AURORA_RESEARCH,inventoried,none,historical_reference,2026-08-03T05:47:25.644301Z,archive,
artifact_family,stock-protocol-original-{n}-unverified-merge-recovery,github-user:271768688,artifact naming family with 1 records,AURORA_RESEARCH,inventoried,none,historical_reference,2026-08-03T05:47:25.644301Z,archive,
artifact_family,stock-protocol-pack,github-user:271768688,artifact naming family with 15 records,AURORA_RESEARCH,inventoried,none,historical_reference,2026-08-03T05:47:25.644301Z,archive,
artifact_family,stock-protocol-phase-results-costs,github-user:271768688,artifact naming family with 2 records,AURORA_RESEARCH,inventoried,none,historical_reference,2026-08-03T05:47:25.644301Z,archive,
artifact_family,stock-protocol-phase-results-entries,github-user:271768688,artifact naming family with 4 records,AURORA_RESEARCH,inventoried,none,historical_reference,2026-08-03T05:47:25.644301Z,archive,
artifact_family,stock-protocol-phase-results-exits,github-user:271768688,artifact naming family with 3 records,AURORA_RESEARCH,inventoried,none,historical_reference,2026-08-03T05:47:25.644301Z,archive,
artifact_family,stock-protocol-phase-results-portfolio,github-user:271768688,artifact naming family with 2 records,AURORA_RESEARCH,inventoried,none,historical_reference,2026-08-03T05:47:25.644301Z,archive,
artifact_family,stock-protocol-phase-results-signal,github-user:271768688,artifact naming family with 8 records,AURORA_RESEARCH,inventoried,none,historical_reference,2026-08-03T05:47:25.644301Z,archive,
artifact_family,stock-protocol-phase-results-walk-forward,github-user:271768688,artifact naming family with 2 records,AURORA_RESEARCH,inventoried,none,historical_reference,2026-08-03T05:47:25.644301Z,archive,
artifact_family,stock-protocol-phase-results-weights,github-user:271768688,artifact naming family with 7 records,AURORA_RESEARCH,inventoried,none,historical_reference,2026-08-03T05:47:25.644301Z,archive,
artifact_family,stock-protocol-portfolio-merged,github-user:271768688,artifact naming family with 11 records,AURORA_RESEARCH,inventoried,none,historical_reference,2026-08-03T05:47:25.644301Z,archive,
artifact_family,stock-protocol-portfolio-plan,github-user:271768688,artifact naming family with 3 records,AURORA_RESEARCH,inventoried,none,historical_reference,2026-08-03T05:47:25.644301Z,archive,
artifact_family,stock-protocol-portfolio-shard-{n},github-user:271768688,artifact naming family with 1400 records,AURORA_RESEARCH,inventoried,none,historical_reference,2026-08-03T05:47:25.644301Z,archive,
artifact_family,stock-protocol-portfolio-task-{n},github-user:271768688,artifact naming family with 323 records,AURORA_RESEARCH,inventoried,none,historical_reference,2026-08-03T05:47:25.644301Z,archive,
artifact_family,stock-protocol-postselection-candidate-{n},github-user:271768688,artifact naming family with 10 records,AURORA_RESEARCH,inventoried,none,historical_reference,2026-08-03T05:47:25.644301Z,archive,
artifact_family,stock-protocol-price-shard-{n},github-user:271768688,artifact naming family with 128 records,AURORA_RESEARCH,inventoried,none,historical_reference,2026-08-03T05:47:25.644301Z,archive,
artifact_family,stock-protocol-robustness-repaired-task-{n},github-user:271768688,artifact naming family with 360 records,AURORA_RESEARCH,inventoried,none,historical_reference,2026-08-03T05:47:25.644301Z,archive,
artifact_family,stock-protocol-robustness-shard-{n},github-user:271768688,artifact naming family with 1080 records,AURORA_RESEARCH,inventoried,none,historical_reference,2026-08-03T05:47:25.644301Z,archive,
artifact_family,stock-protocol-robustness-task-{n},github-user:271768688,artifact naming family with 1070 records,AURORA_RESEARCH,inventoried,none,historical_reference,2026-08-03T05:47:25.644301Z,archive,
artifact_family,stock-protocol-scientific-full-universe-{n}jobs-corrected-results,github-user:271768688,artifact naming family with 1 records,AURORA_RESEARCH,inventoried,none,historical_reference,2026-08-03T05:47:25.644301Z,archive,
artifact_family,stock-protocol-scientific-full-universe-{n}jobs-results,github-user:271768688,artifact naming family with 1 records,AURORA_RESEARCH,inventoried,none,historical_reference,2026-08-03T05:47:25.644301Z,archive,
artifact_family,stock-protocol-scientific-holdout,github-user:271768688,artifact naming family with 2 records,AURORA_RESEARCH,inventoried,none,historical_reference,2026-08-03T05:47:25.644301Z,archive,
artifact_family,stock-protocol-scientific-holdout-features,github-user:271768688,artifact naming family with 2 records,AURORA_RESEARCH,inventoried,none,historical_reference,2026-08-03T05:47:25.644301Z,archive,
artifact_family,stock-protocol-scientific-pack,github-user:271768688,artifact naming family with 10 records,AURORA_RESEARCH,inventoried,none,historical_reference,2026-08-03T05:47:25.644301Z,archive,
artifact_family,stock-protocol-scientific-postselection-inputs,github-user:271768688,artifact naming family with 4 records,AURORA_RESEARCH,inventoried,none,historical_reference,2026-08-03T05:47:25.644301Z,archive,
artifact_family,stock-protocol-scientific-postselection-inputs-repaired,github-user:271768688,artifact naming family with 1 records,AURORA_RESEARCH,inventoried,none,historical_reference,2026-08-03T05:47:25.644301Z,archive,
artifact_family,stock-protocol-scientific-price-shard-{n},github-user:271768688,artifact naming family with 32 records,AURORA_RESEARCH,inventoried,none,historical_reference,2026-08-03T05:47:25.644301Z,archive,
artifact_family,stock-protocol-scientific-rebuild-{n}jobs-results,github-user:271768688,artifact naming family with 2 records,AURORA_RESEARCH,inventoried,none,historical_reference,2026-08-03T05:47:25.644301Z,archive,
artifact_family,stock-protocol-scientific-robustness-merged,github-user:271768688,artifact naming family with 2 records,AURORA_RESEARCH,inventoried,none,historical_reference,2026-08-03T05:47:25.644301Z,archive,
artifact_family,stock-protocol-scientific-robustness-repaired,github-user:271768688,artifact naming family with 1 records,AURORA_RESEARCH,inventoried,none,historical_reference,2026-08-03T05:47:25.644301Z,archive,
artifact_family,stock-protocol-scientific-universe,github-user:271768688,artifact naming family with 1 records,AURORA_RESEARCH,inventoried,none,historical_reference,2026-08-03T05:47:25.644301Z,archive,
artifact_family,stock-protocol-signal-all,github-user:271768688,artifact naming family with 1 records,AURORA_RESEARCH,inventoried,none,historical_reference,2026-08-03T05:47:25.644301Z,archive,
artifact_family,stock-protocol-signal-merged,github-user:271768688,artifact naming family with 12 records,AURORA_RESEARCH,inventoried,none,historical_reference,2026-08-03T05:47:25.644301Z,archive,
artifact_family,stock-protocol-signal-plan,github-user:271768688,artifact naming family with 4 records,AURORA_RESEARCH,inventoried,none,historical_reference,2026-08-03T05:47:25.644301Z,archive,
artifact_family,stock-protocol-signal-shard-{n},github-user:271768688,artifact naming family with 4140 records,AURORA_RESEARCH,inventoried,none,historical_reference,2026-08-03T05:47:25.644301Z,archive,
artifact_family,stock-protocol-signal-task-{n},github-user:271768688,artifact naming family with 98 records,AURORA_RESEARCH,inventoried,none,historical_reference,2026-08-03T05:47:25.644301Z,archive,
artifact_family,stock-protocol-universe,github-user:271768688,artifact naming family with 4 records,AURORA_RESEARCH,inventoried,none,historical_reference,2026-08-03T05:47:25.644301Z,archive,
artifact_family,stock-protocol-walk-forward-shard-{n},github-user:271768688,artifact naming family with 1080 records,AURORA_RESEARCH,inventoried,none,historical_reference,2026-08-03T05:47:25.644301Z,archive,
artifact_family,stock-protocol-weights-all,github-user:271768688,artifact naming family with 1 records,AURORA_RESEARCH,inventoried,none,historical_reference,2026-08-03T05:47:25.644301Z,archive,
artifact_family,stock-protocol-weights-merged,github-user:271768688,artifact naming family with 12 records,AURORA_RESEARCH,inventoried,none,historical_reference,2026-08-03T05:47:25.644301Z,archive,
artifact_family,stock-protocol-weights-plan,github-user:271768688,artifact naming family with 2 records,AURORA_RESEARCH,inventoried,none,historical_reference,2026-08-03T05:47:25.644301Z,archive,
artifact_family,stock-protocol-weights-shard-{n},github-user:271768688,artifact naming family with 3239 records,AURORA_RESEARCH,inventoried,none,historical_reference,2026-08-03T05:47:25.644301Z,archive,
artifact_family,stock-protocol-weights-task-{n},github-user:271768688,artifact naming family with 4 records,AURORA_RESEARCH,inventoried,none,historical_reference,2026-08-03T05:47:25.644301Z,archive,
artifact_family,stock-protocol-{n}-corrected-{n}-A,github-user:271768688,artifact naming family with 10 records,AURORA_RESEARCH,inventoried,none,historical_reference,2026-08-03T05:47:25.644301Z,archive,
artifact_family,stock-protocol-{n}-corrected-{n}-A-slice-{n},github-user:271768688,artifact naming family with 6 records,AURORA_RESEARCH,inventoried,none,historical_reference,2026-08-03T05:47:25.644301Z,archive,
artifact_family,stock-protocol-{n}-corrected-{n}-B,github-user:271768688,artifact naming family with 10 records,AURORA_RESEARCH,inventoried,none,historical_reference,2026-08-03T05:47:25.644301Z,archive,
artifact_family,stock-protocol-{n}-corrected-{n}-C,github-user:271768688,artifact naming family with 10 records,AURORA_RESEARCH,inventoried,none,historical_reference,2026-08-03T05:47:25.644301Z,archive,
artifact_family,stock-protocol-{n}-frozen-fx,github-user:271768688,artifact naming family with 3 records,AURORA_RESEARCH,inventoried,none,historical_reference,2026-08-03T05:47:25.644301Z,archive,
artifact_family,stock-protocol-{n}-historical-{n},github-user:271768688,artifact naming family with 10 records,AURORA_RESEARCH,inventoried,none,historical_reference,2026-08-03T05:47:25.644301Z,archive,
artifact_family,stock-protocol-{n}-prepared-entry-{n},github-user:271768688,artifact naming family with 20 records,AURORA_RESEARCH,inventoried,none,historical_reference,2026-08-03T05:47:25.644301Z,archive,
artifact_family,stock-protocol-{n}-tests-{n}jobs-results,github-user:271768688,artifact naming family with 1 records,AURORA_RESEARCH,inventoried,none,historical_reference,2026-08-03T05:47:25.644301Z,archive,
artifact_family,swr-cashfloor-controller-mdd{n}-corr{n}-data,github-user:271768688,artifact naming family with 1 records,AURORA_RESEARCH,inventoried,none,historical_reference,2026-08-03T05:47:25.644301Z,archive,
artifact_family,swr-cashfloor-controller-mdd{n}-corr{n}-family-{n}-shard-{n},github-user:271768688,artifact naming family with 360 records,AURORA_RESEARCH,inventoried,none,historical_reference,2026-08-03T05:47:25.644301Z,archive,
artifact_family,swr-cashfloor-controller-mdd{n}-corr{n}-{n}jobs-results,github-user:271768688,artifact naming family with 1 records,AURORA_RESEARCH,inventoried,none,historical_reference,2026-08-03T05:47:25.644301Z,archive,
artifact_family,swr-corr{n}-drawdown-guard-mdd{n}-data,github-user:271768688,artifact naming family with 2 records,AURORA_RESEARCH,inventoried,none,historical_reference,2026-08-03T05:47:25.644301Z,archive,
artifact_family,swr-corr{n}-drawdown-guard-mdd{n}-family-{n}-shard-{n},github-user:271768688,artifact naming family with 375 records,AURORA_RESEARCH,inventoried,none,historical_reference,2026-08-03T05:47:25.644301Z,archive,
artifact_family,swr-corr{n}-drawdown-guard-mdd{n}-{n}jobs-results,github-user:271768688,artifact naming family with 2 records,AURORA_RESEARCH,inventoried,none,historical_reference,2026-08-03T05:47:25.644301Z,archive,
artifact_family,swr-corr{n}-feature-sweep-mdd{n}-data,github-user:271768688,artifact naming family with 1 records,AURORA_RESEARCH,inventoried,none,historical_reference,2026-08-03T05:47:25.644301Z,archive,
artifact_family,swr-corr{n}-feature-sweep-mdd{n}-family-{n}-shard-{n},github-user:271768688,artifact naming family with 360 records,AURORA_RESEARCH,inventoried,none,historical_reference,2026-08-03T05:47:25.644301Z,archive,
artifact_family,swr-corr{n}-feature-sweep-mdd{n}-{n}jobs-results,github-user:271768688,artifact naming family with 1 records,AURORA_RESEARCH,inventoried,none,historical_reference,2026-08-03T05:47:25.644301Z,archive,
artifact_family,swr-cppi-corr{n}-data,github-user:271768688,artifact naming family with 1 records,AURORA_RESEARCH,inventoried,none,historical_reference,2026-08-03T05:47:25.644301Z,archive,
artifact_family,swr-cppi-corr{n}-family-{n}-shard-{n},github-user:271768688,artifact naming family with 360 records,AURORA_RESEARCH,inventoried,none,historical_reference,2026-08-03T05:47:25.644301Z,archive,
artifact_family,swr-cppi-corr{n}-{n}jobs-results,github-user:271768688,artifact naming family with 1 records,AURORA_RESEARCH,inventoried,none,historical_reference,2026-08-03T05:47:25.644301Z,archive,
artifact_family,swr-daily-tactical-mdd{n}-corr{n}-data,github-user:271768688,artifact naming family with 1 records,AURORA_RESEARCH,inventoried,none,historical_reference,2026-08-03T05:47:25.644301Z,archive,
artifact_family,swr-daily-tactical-mdd{n}-corr{n}-{n}jobs-results,github-user:271768688,artifact naming family with 1 records,AURORA_RESEARCH,inventoried,none,historical_reference,2026-08-03T05:47:25.644301Z,archive,
artifact_family,swr-floor-controller-mdd{n}-corr{n}-data,github-user:271768688,artifact naming family with 1 records,AURORA_RESEARCH,inventoried,none,historical_reference,2026-08-03T05:47:25.644301Z,archive,
artifact_family,swr-floor-controller-mdd{n}-corr{n}-family-{n}-shard-{n},github-user:271768688,artifact naming family with 360 records,AURORA_RESEARCH,inventoried,none,historical_reference,2026-08-03T05:47:25.644301Z,archive,
artifact_family,swr-floor-controller-mdd{n}-corr{n}-{n}jobs-results,github-user:271768688,artifact naming family with 1 records,AURORA_RESEARCH,inventoried,none,historical_reference,2026-08-03T05:47:25.644301Z,archive,
artifact_family,swr-invvol-guard-mdd{n}-corr{n}-data,github-user:271768688,artifact naming family with 1 records,AURORA_RESEARCH,inventoried,none,historical_reference,2026-08-03T05:47:25.644301Z,archive,
artifact_family,swr-invvol-guard-mdd{n}-corr{n}-family-{n}-shard-{n},github-user:271768688,artifact naming family with 359 records,AURORA_RESEARCH,inventoried,none,historical_reference,2026-08-03T05:47:25.644301Z,archive,
artifact_family,swr-invvol-guard-mdd{n}-corr{n}-{n}jobs-results,github-user:271768688,artifact naming family with 1 records,AURORA_RESEARCH,inventoried,none,historical_reference,2026-08-03T05:47:25.644301Z,archive,
artifact_family,swr-mdd{n}-trainonly-corr{n}-data,github-user:271768688,artifact naming family with 1 records,AURORA_RESEARCH,inventoried,none,historical_reference,2026-08-03T05:47:25.644301Z,archive,
artifact_family,swr-mdd{n}-trainonly-corr{n}-family-{n}-shard-{n},github-user:271768688,artifact naming family with 360 records,AURORA_RESEARCH,inventoried,none,historical_reference,2026-08-03T05:47:25.644301Z,archive,
artifact_family,swr-mdd{n}-trainonly-corr{n}-{n}jobs-results,github-user:271768688,artifact naming family with 1 records,AURORA_RESEARCH,inventoried,none,historical_reference,2026-08-03T05:47:25.644301Z,archive,
artifact_family,swr-multiasset-corr{n}-mdd{n}-data,github-user:271768688,artifact naming family with 3 records,AURORA_RESEARCH,inventoried,none,historical_reference,2026-08-03T05:47:25.644301Z,archive,
artifact_family,swr-multiasset-corr{n}-mdd{n}-family-{n}-shard-{n},github-user:271768688,artifact naming family with 360 records,AURORA_RESEARCH,inventoried,none,historical_reference,2026-08-03T05:47:25.644301Z,archive,
artifact_family,swr-multiasset-corr{n}-mdd{n}-{n}jobs-results,github-user:271768688,artifact naming family with 3 records,AURORA_RESEARCH,inventoried,none,historical_reference,2026-08-03T05:47:25.644301Z,archive,
artifact_family,swr-path-cppi-expanded-universe-mdd{n}-corr{n}-data,github-user:271768688,artifact naming family with 1 records,AURORA_RESEARCH,inventoried,none,historical_reference,2026-08-03T05:47:25.644301Z,archive,
artifact_family,swr-path-cppi-expanded-universe-mdd{n}-corr{n}-family-{n}-shard-{n},github-user:271768688,artifact naming family with 360 records,AURORA_RESEARCH,inventoried,none,historical_reference,2026-08-03T05:47:25.644301Z,archive,
artifact_family,swr-path-cppi-expanded-universe-mdd{n}-corr{n}-{n}jobs-results,github-user:271768688,artifact naming family with 1 records,AURORA_RESEARCH,inventoried,none,historical_reference,2026-08-03T05:47:25.644301Z,archive,
artifact_family,swr-path-cppi-focused-cv-mdd{n}-corr{n}-data,github-user:271768688,artifact naming family with 1 records,AURORA_RESEARCH,inventoried,none,historical_reference,2026-08-03T05:47:25.644301Z,archive,
artifact_family,swr-path-cppi-focused-cv-mdd{n}-corr{n}-family-{n}-shard-{n},github-user:271768688,artifact naming family with 360 records,AURORA_RESEARCH,inventoried,none,historical_reference,2026-08-03T05:47:25.644301Z,archive,
artifact_family,swr-path-cppi-focused-cv-mdd{n}-corr{n}-{n}jobs-results,github-user:271768688,artifact naming family with 1 records,AURORA_RESEARCH,inventoried,none,historical_reference,2026-08-03T05:47:25.644301Z,archive,
artifact_family,swr-path-cppi-focused-mdd{n}-corr{n}-data,github-user:271768688,artifact naming family with 1 records,AURORA_RESEARCH,inventoried,none,historical_reference,2026-08-03T05:47:25.644301Z,archive,
artifact_family,swr-path-cppi-focused-mdd{n}-corr{n}-family-{n}-shard-{n},github-user:271768688,artifact naming family with 360 records,AURORA_RESEARCH,inventoried,none,historical_reference,2026-08-03T05:47:25.644301Z,archive,
artifact_family,swr-path-cppi-focused-mdd{n}-corr{n}-{n}jobs-results,github-user:271768688,artifact naming family with 1 records,AURORA_RESEARCH,inventoried,none,historical_reference,2026-08-03T05:47:25.644301Z,archive,
artifact_family,swr-path-cppi-mdd{n}-trainonly-corr{n}-data,github-user:271768688,artifact naming family with 7 records,AURORA_RESEARCH,inventoried,none,historical_reference,2026-08-03T05:47:25.644301Z,archive,
artifact_family,swr-path-cppi-mdd{n}-trainonly-corr{n}-family-{n}-shard-{n},github-user:271768688,artifact naming family with 2520 records,AURORA_RESEARCH,inventoried,none,historical_reference,2026-08-03T05:47:25.644301Z,archive,
artifact_family,swr-path-cppi-mdd{n}-trainonly-corr{n}-{n}jobs-results,github-user:271768688,artifact naming family with 7 records,AURORA_RESEARCH,inventoried,none,historical_reference,2026-08-03T05:47:25.644301Z,archive,
artifact_family,swr-path-cppi-refined-mdd{n}-corr{n}-data,github-user:271768688,artifact naming family with 1 records,AURORA_RESEARCH,inventoried,none,historical_reference,2026-08-03T05:47:25.644301Z,archive,
artifact_family,swr-path-cppi-refined-mdd{n}-corr{n}-family-{n}-shard-{n},github-user:271768688,artifact naming family with 360 records,AURORA_RESEARCH,inventoried,none,historical_reference,2026-08-03T05:47:25.644301Z,archive,
artifact_family,swr-path-cppi-refined-mdd{n}-corr{n}-{n}jobs-results,github-user:271768688,artifact naming family with 1 records,AURORA_RESEARCH,inventoried,none,historical_reference,2026-08-03T05:47:25.644301Z,archive,
artifact_family,swr-regime-timing-mdd{n}-corr{n}-data,github-user:271768688,artifact naming family with 1 records,AURORA_RESEARCH,inventoried,none,historical_reference,2026-08-03T05:47:25.644301Z,archive,
artifact_family,swr-regime-timing-mdd{n}-corr{n}-family-{n}-shard-{n},github-user:271768688,artifact naming family with 360 records,AURORA_RESEARCH,inventoried,none,historical_reference,2026-08-03T05:47:25.644301Z,archive,
artifact_family,swr-regime-timing-mdd{n}-corr{n}-{n}jobs-results,github-user:271768688,artifact naming family with 1 records,AURORA_RESEARCH,inventoried,none,historical_reference,2026-08-03T05:47:25.644301Z,archive,
artifact_family,swr-static-smooth-hardstress-mdd{n}-corr{n}-data,github-user:271768688,artifact naming family with 1 records,AURORA_RESEARCH,inventoried,none,historical_reference,2026-08-03T05:47:25.644301Z,archive,
artifact_family,swr-static-smooth-hardstress-mdd{n}-corr{n}-family-{n}-shard-{n},github-user:271768688,artifact naming family with 360 records,AURORA_RESEARCH,inventoried,none,historical_reference,2026-08-03T05:47:25.644301Z,archive,
artifact_family,swr-static-smooth-hardstress-mdd{n}-corr{n}-{n}jobs-results,github-user:271768688,artifact naming family with 1 records,AURORA_RESEARCH,inventoried,none,historical_reference,2026-08-03T05:47:25.644301Z,archive,
artifact_family,swr-static-smooth-mdd{n}-corr{n}-data,github-user:271768688,artifact naming family with 1 records,AURORA_RESEARCH,inventoried,none,historical_reference,2026-08-03T05:47:25.644301Z,archive,
artifact_family,swr-static-smooth-mdd{n}-corr{n}-family-{n}-shard-{n},github-user:271768688,artifact naming family with 360 records,AURORA_RESEARCH,inventoried,none,historical_reference,2026-08-03T05:47:25.644301Z,archive,
artifact_family,swr-static-smooth-mdd{n}-corr{n}-{n}jobs-results,github-user:271768688,artifact naming family with 1 records,AURORA_RESEARCH,inventoried,none,historical_reference,2026-08-03T05:47:25.644301Z,archive,
artifact_family,swr-strict-final-gt-initial-data,github-user:271768688,artifact naming family with 2 records,AURORA_RESEARCH,inventoried,none,historical_reference,2026-08-03T05:47:25.644301Z,archive,
artifact_family,swr-strict-final-gt-initial-family-{n}-shard-{n},github-user:271768688,artifact naming family with 147 records,AURORA_RESEARCH,inventoried,none,historical_reference,2026-08-03T05:47:25.644301Z,archive,
artifact_family,swr-strict-final-gt-initial-{n}jobs-results,github-user:271768688,artifact naming family with 2 records,AURORA_RESEARCH,inventoried,none,historical_reference,2026-08-03T05:47:25.644301Z,archive,
artifact_family,swr-tsmom-corr{n}-data,github-user:271768688,artifact naming family with 3 records,AURORA_RESEARCH,inventoried,none,historical_reference,2026-08-03T05:47:25.644301Z,archive,
artifact_family,swr-tsmom-corr{n}-family-{n}-shard-{n},github-user:271768688,artifact naming family with 721 records,AURORA_RESEARCH,inventoried,none,historical_reference,2026-08-03T05:47:25.644301Z,archive,
artifact_family,swr-tsmom-corr{n}-{n}jobs-results,github-user:271768688,artifact naming family with 3 records,AURORA_RESEARCH,inventoried,none,historical_reference,2026-08-03T05:47:25.644301Z,archive,
artifact_family,swr-{n}-etf-proxy-{n}-family-{n}-shard-{n},github-user:271768688,artifact naming family with 360 records,AURORA_RESEARCH,inventoried,none,historical_reference,2026-08-03T05:47:25.644301Z,archive,
artifact_family,swr-{n}-etf-proxy-{n}-no-locked-{n}jobs-results,github-user:271768688,artifact naming family with 1 records,AURORA_RESEARCH,inventoried,none,historical_reference,2026-08-03T05:47:25.644301Z,archive,
artifact_family,tradingview-minervini-indicator-pack-group-{n},github-user:271768688,artifact naming family with 16 records,AURORA_RESEARCH,inventoried,none,historical_reference,2026-08-03T05:47:25.644301Z,archive,
artifact_family,tradingview-minervini-indicator-small-results,github-user:271768688,artifact naming family with 2 records,AURORA_RESEARCH,inventoried,none,historical_reference,2026-08-03T05:47:25.644301Z,archive,
artifact_family,tradingview-minervini-indicator-stage-{n},github-user:271768688,artifact naming family with 128 records,AURORA_RESEARCH,inventoried,none,historical_reference,2026-08-03T05:47:25.644301Z,archive,
artifact_family,weekly-spy-dehb-real-{n}-parallel-{n}h-momentum-trend-data,github-user:271768688,artifact naming family with 3 records,AURORA_RESEARCH,inventoried,none,historical_reference,2026-08-03T05:47:25.644301Z,archive,
artifact_family,weekly-spy-dehb-real-{n}-parallel-{n}h-momentum-trend-leaderboard,github-user:271768688,artifact naming family with 3 records,AURORA_RESEARCH,inventoried,none,historical_reference,2026-08-03T05:47:25.644301Z,archive,
artifact_family,weekly-spy-dehb-real-{n}-parallel-{n}h-momentum-trend-no-long-spy-quality-data,github-user:271768688,artifact naming family with 1 records,AURORA_RESEARCH,inventoried,none,historical_reference,2026-08-03T05:47:25.644301Z,archive,
artifact_family,weekly-spy-dehb-real-{n}-parallel-{n}h-momentum-trend-no-long-spy-quality-leaderboard,github-user:271768688,artifact naming family with 1 records,AURORA_RESEARCH,inventoried,none,historical_reference,2026-08-03T05:47:25.644301Z,archive,
artifact_family,weekly-spy-dehb-real-{n}-parallel-{n}h-momentum-trend-no-long-spy-quality-stage-{n},github-user:271768688,artifact naming family with 179 records,AURORA_RESEARCH,inventoried,none,historical_reference,2026-08-03T05:47:25.644301Z,archive,
artifact_family,weekly-spy-dehb-real-{n}-parallel-{n}h-momentum-trend-stage-{n},github-user:271768688,artifact naming family with 358 records,AURORA_RESEARCH,inventoried,none,historical_reference,2026-08-03T05:47:25.644301Z,archive,
artifact_family,wheel,github-user:271768688,artifact naming family with 525 records,AURORA_RESEARCH,inventoried,none,historical_reference,2026-08-03T05:47:25.644301Z,archive,
