id,current_attempt_id,next_attempt_sequence,task_version,title,gate,priority,owner_role,owner_actor_id,status,dependencies,exact_inputs,entry_conditions,blocking_reason,github_issue,pull_request,exact_outputs,acceptance_criteria,evidence_paths,evidence_sha256,evidence_classification,private_evidence_id,redaction_review,acceptance_workflow,acceptance_run_id,rollback,approved_by,approved_at,required_approver_roles,approval_receipt_set_digest,alternative_completion_receipt_set_digest,activation_condition,alternative_completion,cancel_condition,superseded_by,rollback_trigger,started_at,completed_at,notes,repository_id,base_ref,base_sha,working_branch,head_sha,merge_sha,files_touched,acceptance_command,expected_result,merge_dependency,estimated_work_hours,estimated_elapsed_hours,external_lead_time_hours,planning_state,planning_blocker_code_or_null,planned_start_utc,due_at_utc,latest_start_utc,schedule_owner_actor_id,required_participant_role_ids,required_participant_actor_ids,participant_availability_manifest_digest,participant_max_concurrent_tasks_by_actor,review_lead_time_hours,provider_or_hiring_lead_time_hours,budget_currency,estimated_cost_entries_by_domain
PREV7-0000,,1,1,"Master plan, canonical-serialization/hash-domain bootstrap objects, owner simplification directive, passing structural validation, complete initial task/gate/event/definition/planning records and minimal bootstrap-closure controller published from latest `origin/main`",G0,P0,Implementer,github-user:271768688,blocked,[],,,COST_ESTIMATE_NOT_FROZEN,,https://github.com/trading-optimizer-lab-org/aurora/pull/21,"Master plan, canonical-serialization/hash-domain bootstrap objects, owner simplification directive, passing structural validation, complete initial task/gate/event/definition/planning records and minimal bootstrap-closure controller published from latest `origin/main`",,[],[],provisional_git_bootstrap,,not_required_owner_controlled,gtbi-v7-master-plan-quality.yml,,,,,[],,,,,,,,,,Initial blocked projection; no completion or approval is claimed.,trading-optimizer-lab-org/aurora,refs/heads/main,56251bbdd76a994b5032b912e9266253af3f4091,codex/gtbi-v7-master-plan-bootstrap,,,[],,"Master plan, canonical-serialization/hash-domain bootstrap objects, owner simplification directive, passing structural validation, complete initial task/gate/event/definition/planning records and minimal bootstrap-closure controller published from latest `origin/main`",,,,,blocked_missing_price,COST_ESTIMATE_NOT_FROZEN,,,,github-user:271768688,"[""implementer""]","[""github-user:271768688""]",sha256:14b5266364b2c255d4f5e7796970d192d20d1c1066cd9cbf1f72b02048cfb72e,"{""github-user:271768688"":1}",,,USD,{}
PREV7-0001,,1,1,Regenerated emergency GitHub inventory plus non-blocking local-state receipt `inventoried|unavailable`,G0,P0,Implementer,github-user:271768688,blocked,"[""PREV7-0000""]",,,COST_ESTIMATE_NOT_FROZEN,,https://github.com/trading-optimizer-lab-org/aurora/pull/21,Regenerated emergency GitHub inventory plus non-blocking local-state receipt `inventoried|unavailable`,,[],[],provisional_git_bootstrap,,not_required_owner_controlled,gtbi-v7-master-plan-quality.yml,,,,,[],,,,,,,,,,Initial blocked projection; no completion or approval is claimed.,trading-optimizer-lab-org/aurora,refs/heads/main,56251bbdd76a994b5032b912e9266253af3f4091,codex/gtbi-v7-master-plan-bootstrap,,,[],,Regenerated emergency GitHub inventory plus non-blocking local-state receipt `inventoried|unavailable`,,,,,blocked_missing_price,COST_ESTIMATE_NOT_FROZEN,,,,github-user:271768688,"[""implementer""]","[""github-user:271768688""]",sha256:14b5266364b2c255d4f5e7796970d192d20d1c1066cd9cbf1f72b02048cfb72e,"{""github-user:271768688"":1}",,,USD,{}
PREV7-0002,,1,1,Approved cancellation manifest plus API receipts and terminal states for legacy runs,G0,P0,Repository owner,github-user:271768688,blocked,"[""PREV7-0001""]",,,COST_ESTIMATE_NOT_FROZEN,,https://github.com/trading-optimizer-lab-org/aurora/pull/21,Approved cancellation manifest plus API receipts and terminal states for legacy runs,,[],[],provisional_git_bootstrap,,not_required_owner_controlled,gtbi-v7-master-plan-quality.yml,,,,,[],,,,,,,,,,Initial blocked projection; no completion or approval is claimed.,trading-optimizer-lab-org/aurora,refs/heads/main,56251bbdd76a994b5032b912e9266253af3f4091,codex/gtbi-v7-master-plan-bootstrap,,,[],,Approved cancellation manifest plus API receipts and terminal states for legacy runs,,,,,blocked_missing_price,COST_ESTIMATE_NOT_FROZEN,,,,github-user:271768688,"[""repository_owner""]","[""github-user:271768688""]",sha256:14b5266364b2c255d4f5e7796970d192d20d1c1066cd9cbf1f72b02048cfb72e,"{""github-user:271768688"":1}",,,USD,{}
PREV7-0003,,1,1,"Durable V6 final-result archive, requiring the live PREV7-0012 escrow-guard receipt and promoting the emergency escrow bytes when that branch was selected",G0,P0,Implementer,github-user:271768688,blocked,"[""PREV7-0001"",""PREV7-0006"",""PREV7-0007"",""PREV7-0008""]",,,COST_ESTIMATE_NOT_FROZEN,,https://github.com/trading-optimizer-lab-org/aurora/pull/21,"Durable V6 final-result archive, requiring the live PREV7-0012 escrow-guard receipt and promoting the emergency escrow bytes when that branch was selected",,[],[],provisional_git_bootstrap,,not_required_owner_controlled,gtbi-v7-master-plan-quality.yml,,,,,[],,,,,,,,,,Initial blocked projection; no completion or approval is claimed.,trading-optimizer-lab-org/aurora,refs/heads/main,56251bbdd76a994b5032b912e9266253af3f4091,codex/gtbi-v7-master-plan-bootstrap,,,[],,"Durable V6 final-result archive, requiring the live PREV7-0012 escrow-guard receipt and promoting the emergency escrow bytes when that branch was selected",,,,,blocked_missing_price,COST_ESTIMATE_NOT_FROZEN,,,,github-user:271768688,"[""implementer""]","[""github-user:271768688""]",sha256:14b5266364b2c255d4f5e7796970d192d20d1c1066cd9cbf1f72b02048cfb72e,"{""github-user:271768688"":1}",,,USD,{}
PREV7-0004,,1,1,Locked evidence archive,G0,P0,Implementer,github-user:271768688,blocked,"[""PREV7-0001"",""PREV7-0006"",""PREV7-0007"",""PREV7-0008""]",,,COST_ESTIMATE_NOT_FROZEN,,https://github.com/trading-optimizer-lab-org/aurora/pull/21,Locked evidence archive,,[],[],provisional_git_bootstrap,,not_required_owner_controlled,gtbi-v7-master-plan-quality.yml,,,,,[],,,,,,,,,,Initial blocked projection; no completion or approval is claimed.,trading-optimizer-lab-org/aurora,refs/heads/main,56251bbdd76a994b5032b912e9266253af3f4091,codex/gtbi-v7-master-plan-bootstrap,,,[],,Locked evidence archive,,,,,blocked_missing_price,COST_ESTIMATE_NOT_FROZEN,,,,github-user:271768688,"[""implementer""]","[""github-user:271768688""]",sha256:14b5266364b2c255d4f5e7796970d192d20d1c1066cd9cbf1f72b02048cfb72e,"{""github-user:271768688"":1}",,,USD,{}
PREV7-0005,,1,1,V6 dependency-chain recovery report and preservation of recovered bytes,G0,P0,Implementer,github-user:271768688,blocked,"[""PREV7-0001"",""PREV7-0006"",""PREV7-0007"",""PREV7-0008""]",,,COST_ESTIMATE_NOT_FROZEN,,https://github.com/trading-optimizer-lab-org/aurora/pull/21,V6 dependency-chain recovery report and preservation of recovered bytes,,[],[],provisional_git_bootstrap,,not_required_owner_controlled,gtbi-v7-master-plan-quality.yml,,,,,[],,,,,,,,,,Initial blocked projection; no completion or approval is claimed.,trading-optimizer-lab-org/aurora,refs/heads/main,56251bbdd76a994b5032b912e9266253af3f4091,codex/gtbi-v7-master-plan-bootstrap,,,[],,V6 dependency-chain recovery report and preservation of recovered bytes,,,,,blocked_missing_price,COST_ESTIMATE_NOT_FROZEN,,,,github-user:271768688,"[""implementer""]","[""github-user:271768688""]",sha256:14b5266364b2c255d4f5e7796970d192d20d1c1066cd9cbf1f72b02048cfb72e,"{""github-user:271768688"":1}",,,USD,{}
PREV7-0006,,1,1,Emergency private asset storage and evidence-classification policy,G0,P0,Repository owner,github-user:271768688,blocked,"[""PREV7-0001"",""PREV7-0009""]",,,COST_ESTIMATE_NOT_FROZEN,,https://github.com/trading-optimizer-lab-org/aurora/pull/21,Emergency private asset storage and evidence-classification policy,,[],[],provisional_git_bootstrap,,not_required_owner_controlled,gtbi-v7-master-plan-quality.yml,,,,,[],,,,,,,,,,Initial blocked projection; no completion or approval is claimed.,trading-optimizer-lab-org/aurora,refs/heads/main,56251bbdd76a994b5032b912e9266253af3f4091,codex/gtbi-v7-master-plan-bootstrap,,,[],,Emergency private asset storage and evidence-classification policy,,,,,blocked_missing_price,COST_ESTIMATE_NOT_FROZEN,,,,github-user:271768688,"[""repository_owner""]","[""github-user:271768688""]",sha256:14b5266364b2c255d4f5e7796970d192d20d1c1066cd9cbf1f72b02048cfb72e,"{""github-user:271768688"":1}",,,USD,{}
PREV7-0007,,1,1,Short-lived private asset authentication approved jointly by repository owner and source key-broker custodian,G0,P0,Source App manager,github-user:271768688,blocked,"[""PREV7-0006"",""PREV7-0009"",""PREV7-0010""]",,,COST_ESTIMATE_NOT_FROZEN,,https://github.com/trading-optimizer-lab-org/aurora/pull/21,Short-lived private asset authentication approved jointly by repository owner and source key-broker custodian,,[],[],provisional_git_bootstrap,,not_required_owner_controlled,gtbi-v7-master-plan-quality.yml,,,,,[],,,,,,,,,,Initial blocked projection; no completion or approval is claimed.,trading-optimizer-lab-org/aurora,refs/heads/main,56251bbdd76a994b5032b912e9266253af3f4091,codex/gtbi-v7-master-plan-bootstrap,,,[],,Short-lived private asset authentication approved jointly by repository owner and source key-broker custodian,,,,,blocked_missing_price,COST_ESTIMATE_NOT_FROZEN,,,,github-user:271768688,"[""source_app_manager""]","[""github-user:271768688""]",sha256:14b5266364b2c255d4f5e7796970d192d20d1c1066cd9cbf1f72b02048cfb72e,"{""github-user:271768688"":1}",,,USD,{}
PREV7-0008,,1,1,"Registered fail-closed V6 final, locked-evidence and recovered-byte preservation/restore workflows",G0,P0,Implementer,github-user:271768688,blocked,"[""PREV7-0001"",""PREV7-0006"",""PREV7-0007""]",,,COST_ESTIMATE_NOT_FROZEN,,https://github.com/trading-optimizer-lab-org/aurora/pull/21,"Registered fail-closed V6 final, locked-evidence and recovered-byte preservation/restore workflows",,[],[],provisional_git_bootstrap,,not_required_owner_controlled,gtbi-v7-master-plan-quality.yml,,,,,[],,,,,,,,,,Initial blocked projection; no completion or approval is claimed.,trading-optimizer-lab-org/aurora,refs/heads/main,56251bbdd76a994b5032b912e9266253af3f4091,codex/gtbi-v7-master-plan-bootstrap,,,[],,"Registered fail-closed V6 final, locked-evidence and recovered-byte preservation/restore workflows",,,,,blocked_missing_price,COST_ESTIMATE_NOT_FROZEN,,,,github-user:271768688,"[""implementer""]","[""github-user:271768688""]",sha256:14b5266364b2c255d4f5e7796970d192d20d1c1066cd9cbf1f72b02048cfb72e,"{""github-user:271768688"":1}",,,USD,{}
PREV7-0009,,1,1,"GitHub-native owner-controlled access foundation, provider/account/region/cost cap and tested bootstrap/import/rotation/recovery/teardown paths",G0,P0,Repository owner,github-user:271768688,blocked,"[""PREV7-0001""]",,,COST_ESTIMATE_NOT_FROZEN,,https://github.com/trading-optimizer-lab-org/aurora/pull/21,"GitHub-native owner-controlled access foundation, provider/account/region/cost cap and tested bootstrap/import/rotation/recovery/teardown paths",,[],[],provisional_git_bootstrap,,not_required_owner_controlled,gtbi-v7-master-plan-quality.yml,,,,,[],,,,,,,,,,Initial blocked projection; no completion or approval is claimed.,trading-optimizer-lab-org/aurora,refs/heads/main,56251bbdd76a994b5032b912e9266253af3f4091,codex/gtbi-v7-master-plan-bootstrap,,,[],,"GitHub-native owner-controlled access foundation, provider/account/region/cost cap and tested bootstrap/import/rotation/recovery/teardown paths",,,,,blocked_missing_price,COST_ESTIMATE_NOT_FROZEN,,,,github-user:271768688,"[""repository_owner""]","[""github-user:271768688""]",sha256:14b5266364b2c255d4f5e7796970d192d20d1c1066cd9cbf1f72b02048cfb72e,"{""github-user:271768688"":1}",,,USD,{}
PREV7-0010,,1,1,"Monofunction readiness-state-controller App, protected CAS/WORM event publisher, recovery/rollback proof and bootstrap-event reconciliation",G0,P0,Source App manager,github-user:271768688,blocked,"[""PREV7-0006"",""PREV7-0009""]",,,COST_ESTIMATE_NOT_FROZEN,,https://github.com/trading-optimizer-lab-org/aurora/pull/21,"Monofunction readiness-state-controller App, protected CAS/WORM event publisher, recovery/rollback proof and bootstrap-event reconciliation",,[],[],provisional_git_bootstrap,,not_required_owner_controlled,gtbi-v7-master-plan-quality.yml,,,,,[],,,,,,,,,,Initial blocked projection; no completion or approval is claimed.,trading-optimizer-lab-org/aurora,refs/heads/main,56251bbdd76a994b5032b912e9266253af3f4091,codex/gtbi-v7-master-plan-bootstrap,,,[],,"Monofunction readiness-state-controller App, protected CAS/WORM event publisher, recovery/rollback proof and bootstrap-event reconciliation",,,,,blocked_missing_price,COST_ESTIMATE_NOT_FROZEN,,,,github-user:271768688,"[""source_app_manager""]","[""github-user:271768688""]",sha256:14b5266364b2c255d4f5e7796970d192d20d1c1066cd9cbf1f72b02048cfb72e,"{""github-user:271768688"":1}",,,USD,{}
PREV7-0011,,1,1,"Conditional bootstrap no-go closer for partial G0 resources, evidence and costs; cancelled on normal progress only in the atomic `G0_READY_EXCEPT_0011 -> G0_GREEN` transaction",G0,P0,Repository owner,github-user:271768688,blocked,"[""PREV7-0000""]",,,COST_ESTIMATE_NOT_FROZEN,,https://github.com/trading-optimizer-lab-org/aurora/pull/21,"Conditional bootstrap no-go closer for partial G0 resources, evidence and costs; cancelled on normal progress only in the atomic `G0_READY_EXCEPT_0011 -> G0_GREEN` transaction",,[],[],provisional_git_bootstrap,,not_required_owner_controlled,gtbi-v7-master-plan-quality.yml,,,,,[],,,,,,,,,,Initial blocked projection; no completion or approval is claimed.,trading-optimizer-lab-org/aurora,refs/heads/main,56251bbdd76a994b5032b912e9266253af3f4091,codex/gtbi-v7-master-plan-bootstrap,,,[],,"Conditional bootstrap no-go closer for partial G0 resources, evidence and costs; cancelled on normal progress only in the atomic `G0_READY_EXCEPT_0011 -> G0_GREEN` transaction",,,,,blocked_missing_price,COST_ESTIMATE_NOT_FROZEN,,,,github-user:271768688,"[""repository_owner""]","[""github-user:271768688""]",sha256:14b5266364b2c255d4f5e7796970d192d20d1c1066cd9cbf1f72b02048cfb72e,"{""github-user:271768688"":1}",,,USD,{}
PREV7-0012,,1,1,Verified GitHub V6 preservation lease and expiry monitor; no external escrow or separate custodian is required,G0,P0,Repository owner,github-user:271768688,blocked,"[""PREV7-0000""]",,,COST_ESTIMATE_NOT_FROZEN,,https://github.com/trading-optimizer-lab-org/aurora/pull/21,Verified GitHub V6 preservation lease and expiry monitor; no external escrow or separate custodian is required,,[],[],provisional_git_bootstrap,,not_required_owner_controlled,gtbi-v7-master-plan-quality.yml,,,,,[],,,,,,,,,,Initial blocked projection; no completion or approval is claimed.,trading-optimizer-lab-org/aurora,refs/heads/main,56251bbdd76a994b5032b912e9266253af3f4091,codex/gtbi-v7-master-plan-bootstrap,,,[],,Verified GitHub V6 preservation lease and expiry monitor; no external escrow or separate custodian is required,,,,,blocked_missing_price,COST_ESTIMATE_NOT_FROZEN,,,,github-user:271768688,"[""repository_owner""]","[""github-user:271768688""]",sha256:14b5266364b2c255d4f5e7796970d192d20d1c1066cd9cbf1f72b02048cfb72e,"{""github-user:271768688"":1}",,,USD,{}
PREV7-0101,,1,1,Unified V7 target recorded only after bootstrap genesis exists,G1A,P0,Repository owner,github-user:271768688,blocked,"[""PREV7-0000""]",,,COST_ESTIMATE_NOT_FROZEN,,https://github.com/trading-optimizer-lab-org/aurora/pull/21,Unified V7 target recorded only after bootstrap genesis exists,,[],[],provisional_git_bootstrap,,not_required_owner_controlled,gtbi-v7-master-plan-quality.yml,,,,,[],,,,,,,,,,Initial blocked projection; no completion or approval is claimed.,trading-optimizer-lab-org/aurora,refs/heads/main,56251bbdd76a994b5032b912e9266253af3f4091,codex/gtbi-v7-master-plan-bootstrap,,,[],,Unified V7 target recorded only after bootstrap genesis exists,,,,,blocked_missing_price,COST_ESTIMATE_NOT_FROZEN,,,,github-user:271768688,"[""repository_owner""]","[""github-user:271768688""]",sha256:14b5266364b2c255d4f5e7796970d192d20d1c1066cd9cbf1f72b02048cfb72e,"{""github-user:271768688"":1}",,,USD,{}
PREV7-0102,,1,1,V7 identity and exclusions ADR,G1A,P0,Implementer,github-user:271768688,blocked,"[""PREV7-0101""]",,,COST_ESTIMATE_NOT_FROZEN,,https://github.com/trading-optimizer-lab-org/aurora/pull/21,V7 identity and exclusions ADR,,[],[],provisional_git_bootstrap,,not_required_owner_controlled,gtbi-v7-master-plan-quality.yml,,,,,[],,,,,,,,,,Initial blocked projection; no completion or approval is claimed.,trading-optimizer-lab-org/aurora,refs/heads/main,56251bbdd76a994b5032b912e9266253af3f4091,codex/gtbi-v7-master-plan-bootstrap,,,[],,V7 identity and exclusions ADR,,,,,blocked_missing_price,COST_ESTIMATE_NOT_FROZEN,,,,github-user:271768688,"[""implementer""]","[""github-user:271768688""]",sha256:14b5266364b2c255d4f5e7796970d192d20d1c1066cd9cbf1f72b02048cfb72e,"{""github-user:271768688"":1}",,,USD,{}
PREV7-0103,,1,1,Scope and non-goals approval,G1A,P1,Repository owner,github-user:271768688,blocked,"[""PREV7-0102""]",,,COST_ESTIMATE_NOT_FROZEN,,https://github.com/trading-optimizer-lab-org/aurora/pull/21,Scope and non-goals approval,,[],[],provisional_git_bootstrap,,not_required_owner_controlled,gtbi-v7-master-plan-quality.yml,,,,,[],,,,,,,,,,Initial blocked projection; no completion or approval is claimed.,trading-optimizer-lab-org/aurora,refs/heads/main,56251bbdd76a994b5032b912e9266253af3f4091,codex/gtbi-v7-master-plan-bootstrap,,,[],,Scope and non-goals approval,,,,,blocked_missing_price,COST_ESTIMATE_NOT_FROZEN,,,,github-user:271768688,"[""repository_owner""]","[""github-user:271768688""]",sha256:14b5266364b2c255d4f5e7796970d192d20d1c1066cd9cbf1f72b02048cfb72e,"{""github-user:271768688"":1}",,,USD,{}
PREV7-0201,,1,1,"Owner-controlled responsibility registry mapping legacy capability labels to the owner or automation; no vacancies, incompatibility separation or additional people required",G1B,P0,Repository owner,github-user:271768688,blocked,"[""PREV7-0001"",""PREV7-0009""]",,,COST_ESTIMATE_NOT_FROZEN,,https://github.com/trading-optimizer-lab-org/aurora/pull/21,"Owner-controlled responsibility registry mapping legacy capability labels to the owner or automation; no vacancies, incompatibility separation or additional people required",,[],[],provisional_git_bootstrap,,not_required_owner_controlled,gtbi-v7-master-plan-quality.yml,,,,,[],,,,,,,,,,Initial blocked projection; no completion or approval is claimed.,trading-optimizer-lab-org/aurora,refs/heads/main,56251bbdd76a994b5032b912e9266253af3f4091,codex/gtbi-v7-master-plan-bootstrap,,,[],,"Owner-controlled responsibility registry mapping legacy capability labels to the owner or automation; no vacancies, incompatibility separation or additional people required",,,,,blocked_missing_price,COST_ESTIMATE_NOT_FROZEN,,,,github-user:271768688,"[""repository_owner""]","[""github-user:271768688""]",sha256:14b5266364b2c255d4f5e7796970d192d20d1c1066cd9cbf1f72b02048cfb72e,"{""github-user:271768688"":1}",,,USD,{}
PREV7-0202,,1,1,Stage-one main protection; stage two pending reviewer,G3A,P1,Repository owner,github-user:271768688,blocked,"[""PREV7-0001""]",,,COST_ESTIMATE_NOT_FROZEN,,https://github.com/trading-optimizer-lab-org/aurora/pull/21,Stage-one main protection; stage two pending reviewer,,[],[],provisional_git_bootstrap,,not_required_owner_controlled,gtbi-v7-master-plan-quality.yml,,,,,[],,,,,,,,,,Initial blocked projection; no completion or approval is claimed.,trading-optimizer-lab-org/aurora,refs/heads/main,56251bbdd76a994b5032b912e9266253af3f4091,codex/gtbi-v7-master-plan-bootstrap,,,[],,Stage-one main protection; stage two pending reviewer,,,,,blocked_missing_price,COST_ESTIMATE_NOT_FROZEN,,,,github-user:271768688,"[""repository_owner""]","[""github-user:271768688""]",sha256:14b5266364b2c255d4f5e7796970d192d20d1c1066cd9cbf1f72b02048cfb72e,"{""github-user:271768688"":1}",,,USD,{}
PREV7-0203,,1,1,CODEOWNERS with the repository owner,G3B,P1,Repository owner,github-user:271768688,blocked,"[""PREV7-0201""]",,,COST_ESTIMATE_NOT_FROZEN,,https://github.com/trading-optimizer-lab-org/aurora/pull/21,CODEOWNERS with the repository owner,,[],[],provisional_git_bootstrap,,not_required_owner_controlled,gtbi-v7-master-plan-quality.yml,,,,,[],,,,,,,,,,Initial blocked projection; no completion or approval is claimed.,trading-optimizer-lab-org/aurora,refs/heads/main,56251bbdd76a994b5032b912e9266253af3f4091,codex/gtbi-v7-master-plan-bootstrap,,,[],,CODEOWNERS with the repository owner,,,,,blocked_missing_price,COST_ESTIMATE_NOT_FROZEN,,,,github-user:271768688,"[""repository_owner""]","[""github-user:271768688""]",sha256:14b5266364b2c255d4f5e7796970d192d20d1c1066cd9cbf1f72b02048cfb72e,"{""github-user:271768688"":1}",,,USD,{}
PREV7-0204,,1,1,"Production source-App definitions, keys, negative-permission evidence and exact installation-request manifests, plus only the keyless proposed definition/repository-class request for destination-owned `gtbi-dependency-extract`; no destination key creation, repository creation or installation authorization",G3A,P1,Source App manager,github-user:271768688,blocked,"[""PREV7-0007"",""PREV7-0201""]",,,COST_ESTIMATE_NOT_FROZEN,,https://github.com/trading-optimizer-lab-org/aurora/pull/21,"Production source-App definitions, keys, negative-permission evidence and exact installation-request manifests, plus only the keyless proposed definition/repository-class request for destination-owned `gtbi-dependency-extract`; no destination key creation, repository creation or installation authorization",,[],[],provisional_git_bootstrap,,not_required_owner_controlled,gtbi-v7-master-plan-quality.yml,,,,,[],,,,,,,,,,Initial blocked projection; no completion or approval is claimed.,trading-optimizer-lab-org/aurora,refs/heads/main,56251bbdd76a994b5032b912e9266253af3f4091,codex/gtbi-v7-master-plan-bootstrap,,,[],,"Production source-App definitions, keys, negative-permission evidence and exact installation-request manifests, plus only the keyless proposed definition/repository-class request for destination-owned `gtbi-dependency-extract`; no destination key creation, repository creation or installation authorization",,,,,blocked_missing_price,COST_ESTIMATE_NOT_FROZEN,,,,github-user:271768688,"[""source_app_manager""]","[""github-user:271768688""]",sha256:14b5266364b2c255d4f5e7796970d192d20d1c1066cd9cbf1f72b02048cfb72e,"{""github-user:271768688"":1}",,,USD,{}
PREV7-0205,,1,1,Pinned Actions and minimum permissions,G3A,P1,Implementer,github-user:271768688,blocked,"[""PREV7-0202""]",,,COST_ESTIMATE_NOT_FROZEN,,https://github.com/trading-optimizer-lab-org/aurora/pull/21,Pinned Actions and minimum permissions,,[],[],provisional_git_bootstrap,,not_required_owner_controlled,gtbi-v7-master-plan-quality.yml,,,,,[],,,,,,,,,,Initial blocked projection; no completion or approval is claimed.,trading-optimizer-lab-org/aurora,refs/heads/main,56251bbdd76a994b5032b912e9266253af3f4091,codex/gtbi-v7-master-plan-bootstrap,,,[],,Pinned Actions and minimum permissions,,,,,blocked_missing_price,COST_ESTIMATE_NOT_FROZEN,,,,github-user:271768688,"[""implementer""]","[""github-user:271768688""]",sha256:14b5266364b2c255d4f5e7796970d192d20d1c1066cd9cbf1f72b02048cfb72e,"{""github-user:271768688"":1}",,,USD,{}
PREV7-0206,,1,1,"Dependabot, CodeQL, secret scanning and push-protection baseline",G3A,P1,Implementer,github-user:271768688,blocked,"[""PREV7-0202""]",,,COST_ESTIMATE_NOT_FROZEN,,https://github.com/trading-optimizer-lab-org/aurora/pull/21,"Dependabot, CodeQL, secret scanning and push-protection baseline",,[],[],provisional_git_bootstrap,,not_required_owner_controlled,gtbi-v7-master-plan-quality.yml,,,,,[],,,,,,,,,,Initial blocked projection; no completion or approval is claimed.,trading-optimizer-lab-org/aurora,refs/heads/main,56251bbdd76a994b5032b912e9266253af3f4091,codex/gtbi-v7-master-plan-bootstrap,,,[],,"Dependabot, CodeQL, secret scanning and push-protection baseline",,,,,blocked_missing_price,COST_ESTIMATE_NOT_FROZEN,,,,github-user:271768688,"[""implementer""]","[""github-user:271768688""]",sha256:14b5266364b2c255d4f5e7796970d192d20d1c1066cd9cbf1f72b02048cfb72e,"{""github-user:271768688"":1}",,,USD,{}
PREV7-0207,,1,1,Stage-two protection and owner-approved automated environment checks,G3B,P0,Repository owner,github-user:271768688,blocked,"[""PREV7-0201"",""PREV7-0202"",""PREV7-0203""]",,,COST_ESTIMATE_NOT_FROZEN,,https://github.com/trading-optimizer-lab-org/aurora/pull/21,Stage-two protection and owner-approved automated environment checks,,[],[],provisional_git_bootstrap,,not_required_owner_controlled,gtbi-v7-master-plan-quality.yml,,,,,[],,,,,,,,,,Initial blocked projection; no completion or approval is claimed.,trading-optimizer-lab-org/aurora,refs/heads/main,56251bbdd76a994b5032b912e9266253af3f4091,codex/gtbi-v7-master-plan-bootstrap,,,[],,Stage-two protection and owner-approved automated environment checks,,,,,blocked_missing_price,COST_ESTIMATE_NOT_FROZEN,,,,github-user:271768688,"[""repository_owner""]","[""github-user:271768688""]",sha256:14b5266364b2c255d4f5e7796970d192d20d1c1066cd9cbf1f72b02048cfb72e,"{""github-user:271768688"":1}",,,USD,{}
PREV7-0208,,1,1,Verified GitHub preservation lease and restore procedure,G3B,P0,Repository owner,github-user:271768688,blocked,"[""PREV7-0201""]",,,COST_ESTIMATE_NOT_FROZEN,,https://github.com/trading-optimizer-lab-org/aurora/pull/21,Verified GitHub preservation lease and restore procedure,,[],[],provisional_git_bootstrap,,not_required_owner_controlled,gtbi-v7-master-plan-quality.yml,,,,,[],,,,,,,,,,Initial blocked projection; no completion or approval is claimed.,trading-optimizer-lab-org/aurora,refs/heads/main,56251bbdd76a994b5032b912e9266253af3f4091,codex/gtbi-v7-master-plan-bootstrap,,,[],,Verified GitHub preservation lease and restore procedure,,,,,blocked_missing_price,COST_ESTIMATE_NOT_FROZEN,,,,github-user:271768688,"[""repository_owner""]","[""github-user:271768688""]",sha256:14b5266364b2c255d4f5e7796970d192d20d1c1066cd9cbf1f72b02048cfb72e,"{""github-user:271768688"":1}",,,USD,{}
PREV7-0209,,1,1,"Automated final-architecture threat checks, local-run guard digest/negative tests and zero unresolved critical/high risks accepted by the owner",G3B,P0,Repository owner,github-user:271768688,blocked,"[""PREV7-0201"",""PREV7-0202"",""PREV7-0205"",""PREV7-0604"",""PREV7-0608"",""PREV7-0609""]",,,COST_ESTIMATE_NOT_FROZEN,,https://github.com/trading-optimizer-lab-org/aurora/pull/21,"Automated final-architecture threat checks, local-run guard digest/negative tests and zero unresolved critical/high risks accepted by the owner",,[],[],provisional_git_bootstrap,,not_required_owner_controlled,gtbi-v7-master-plan-quality.yml,,,,,[],,,,,,,,,,Initial blocked projection; no completion or approval is claimed.,trading-optimizer-lab-org/aurora,refs/heads/main,56251bbdd76a994b5032b912e9266253af3f4091,codex/gtbi-v7-master-plan-bootstrap,,,[],,"Automated final-architecture threat checks, local-run guard digest/negative tests and zero unresolved critical/high risks accepted by the owner",,,,,blocked_missing_price,COST_ESTIMATE_NOT_FROZEN,,,,github-user:271768688,"[""repository_owner""]","[""github-user:271768688""]",sha256:14b5266364b2c255d4f5e7796970d192d20d1c1066cd9cbf1f72b02048cfb72e,"{""github-user:271768688"":1}",,,USD,{}
PREV7-0210,,1,1,"Exact source App installations and complete GitHub environment set authorized by the owner; destination-owned `gtbi-dependency-extract` remains an uninstalled keyless request until PREV7-0308, disposable repositories remain owner-created through the isolated-org ceremony and locked access stays disabled",G3A,P1,Repository owner,github-user:271768688,blocked,"[""PREV7-0204""]",,,COST_ESTIMATE_NOT_FROZEN,,https://github.com/trading-optimizer-lab-org/aurora/pull/21,"Exact source App installations and complete GitHub environment set authorized by the owner; destination-owned `gtbi-dependency-extract` remains an uninstalled keyless request until PREV7-0308, disposable repositories remain owner-created through the isolated-org ceremony and locked access stays disabled",,[],[],provisional_git_bootstrap,,not_required_owner_controlled,gtbi-v7-master-plan-quality.yml,,,,,[],,,,,,,,,,Initial blocked projection; no completion or approval is claimed.,trading-optimizer-lab-org/aurora,refs/heads/main,56251bbdd76a994b5032b912e9266253af3f4091,codex/gtbi-v7-master-plan-bootstrap,,,[],,"Exact source App installations and complete GitHub environment set authorized by the owner; destination-owned `gtbi-dependency-extract` remains an uninstalled keyless request until PREV7-0308, disposable repositories remain owner-created through the isolated-org ceremony and locked access stays disabled",,,,,blocked_missing_price,COST_ESTIMATE_NOT_FROZEN,,,,github-user:271768688,"[""repository_owner""]","[""github-user:271768688""]",sha256:14b5266364b2c255d4f5e7796970d192d20d1c1066cd9cbf1f72b02048cfb72e,"{""github-user:271768688"":1}",,,USD,{}
PREV7-0301,,1,1,"Production asset, funded-retention and exact RPO/RTO policy finalized with recurring review owner and expiry",G2,P0,Repository owner,github-user:271768688,blocked,"[""PREV7-0006"",""PREV7-0101""]",,,COST_ESTIMATE_NOT_FROZEN,,https://github.com/trading-optimizer-lab-org/aurora/pull/21,"Production asset, funded-retention and exact RPO/RTO policy finalized with recurring review owner and expiry",,[],[],provisional_git_bootstrap,,not_required_owner_controlled,gtbi-v7-master-plan-quality.yml,,,,,[],,,,,,,,,,Initial blocked projection; no completion or approval is claimed.,trading-optimizer-lab-org/aurora,refs/heads/main,56251bbdd76a994b5032b912e9266253af3f4091,codex/gtbi-v7-master-plan-bootstrap,,,[],,"Production asset, funded-retention and exact RPO/RTO policy finalized with recurring review owner and expiry",,,,,blocked_missing_price,COST_ESTIMATE_NOT_FROZEN,,,,github-user:271768688,"[""repository_owner""]","[""github-user:271768688""]",sha256:14b5266364b2c255d4f5e7796970d192d20d1c1066cd9cbf1f72b02048cfb72e,"{""github-user:271768688"":1}",,,USD,{}
PREV7-0302,,1,1,Versioned provider/data terms inventory plus repository-owner acceptance,G2,P0,Repository owner,github-user:271768688,blocked,"[""PREV7-0201"",""PREV7-0301""]",,,COST_ESTIMATE_NOT_FROZEN,,https://github.com/trading-optimizer-lab-org/aurora/pull/21,Versioned provider/data terms inventory plus repository-owner acceptance,,[],[],provisional_git_bootstrap,,not_required_owner_controlled,gtbi-v7-master-plan-quality.yml,,,,,[],,,,,,,,,,Initial blocked projection; no completion or approval is claimed.,trading-optimizer-lab-org/aurora,refs/heads/main,56251bbdd76a994b5032b912e9266253af3f4091,codex/gtbi-v7-master-plan-bootstrap,,,[],,Versioned provider/data terms inventory plus repository-owner acceptance,,,,,blocked_missing_price,COST_ESTIMATE_NOT_FROZEN,,,,github-user:271768688,"[""repository_owner""]","[""github-user:271768688""]",sha256:14b5266364b2c255d4f5e7796970d192d20d1c1066cd9cbf1f72b02048cfb72e,"{""github-user:271768688"":1}",,,USD,{}
PREV7-0303,,1,1,"Versioned transport-classified `scientific_asset_manifest_v1` schema, registered hash domain, lifecycle/nullability validator and immutable-wrapper fixtures",G2,P1,Implementer,github-user:271768688,blocked,"[""PREV7-0301""]",,,COST_ESTIMATE_NOT_FROZEN,,https://github.com/trading-optimizer-lab-org/aurora/pull/21,"Versioned transport-classified `scientific_asset_manifest_v1` schema, registered hash domain, lifecycle/nullability validator and immutable-wrapper fixtures",,[],[],provisional_git_bootstrap,,not_required_owner_controlled,gtbi-v7-master-plan-quality.yml,,,,,[],,,,,,,,,,Initial blocked projection; no completion or approval is claimed.,trading-optimizer-lab-org/aurora,refs/heads/main,56251bbdd76a994b5032b912e9266253af3f4091,codex/gtbi-v7-master-plan-bootstrap,,,[],,"Versioned transport-classified `scientific_asset_manifest_v1` schema, registered hash domain, lifecycle/nullability validator and immutable-wrapper fixtures",,,,,blocked_missing_price,COST_ESTIMATE_NOT_FROZEN,,,,github-user:271768688,"[""implementer""]","[""github-user:271768688""]",sha256:14b5266364b2c255d4f5e7796970d192d20d1c1066cd9cbf1f72b02048cfb72e,"{""github-user:271768688"":1}",,,USD,{}
PREV7-0304,,1,1,Emergency V6 archive promoted to production policy,G2,P0,Implementer,github-user:271768688,blocked,"[""PREV7-0003"",""PREV7-0007"",""PREV7-0205"",""PREV7-0302"",""PREV7-0303""]",,,COST_ESTIMATE_NOT_FROZEN,,https://github.com/trading-optimizer-lab-org/aurora/pull/21,Emergency V6 archive promoted to production policy,,[],[],provisional_git_bootstrap,,not_required_owner_controlled,gtbi-v7-master-plan-quality.yml,,,,,[],,,,,,,,,,Initial blocked projection; no completion or approval is claimed.,trading-optimizer-lab-org/aurora,refs/heads/main,56251bbdd76a994b5032b912e9266253af3f4091,codex/gtbi-v7-master-plan-bootstrap,,,[],,Emergency V6 archive promoted to production policy,,,,,blocked_missing_price,COST_ESTIMATE_NOT_FROZEN,,,,github-user:271768688,"[""implementer""]","[""github-user:271768688""]",sha256:14b5266364b2c255d4f5e7796970d192d20d1c1066cd9cbf1f72b02048cfb72e,"{""github-user:271768688"":1}",,,USD,{}
PREV7-0305,,1,1,Clean-runner restoration proof,G2,P0,Implementer,github-user:271768688,blocked,"[""PREV7-0304""]",,,COST_ESTIMATE_NOT_FROZEN,,https://github.com/trading-optimizer-lab-org/aurora/pull/21,Clean-runner restoration proof,,[],[],provisional_git_bootstrap,,not_required_owner_controlled,gtbi-v7-master-plan-quality.yml,,,,,[],,,,,,,,,,Initial blocked projection; no completion or approval is claimed.,trading-optimizer-lab-org/aurora,refs/heads/main,56251bbdd76a994b5032b912e9266253af3f4091,codex/gtbi-v7-master-plan-bootstrap,,,[],,Clean-runner restoration proof,,,,,blocked_missing_price,COST_ESTIMATE_NOT_FROZEN,,,,github-user:271768688,"[""implementer""]","[""github-user:271768688""]",sha256:14b5266364b2c255d4f5e7796970d192d20d1c1066cd9cbf1f72b02048cfb72e,"{""github-user:271768688"":1}",,,USD,{}
PREV7-0306,,1,1,Reproducibility classification,G2,P0,Implementer,github-user:271768688,blocked,"[""PREV7-0005""]",,,COST_ESTIMATE_NOT_FROZEN,,https://github.com/trading-optimizer-lab-org/aurora/pull/21,Reproducibility classification,,[],[],provisional_git_bootstrap,,not_required_owner_controlled,gtbi-v7-master-plan-quality.yml,,,,,[],,,,,,,,,,Initial blocked projection; no completion or approval is claimed.,trading-optimizer-lab-org/aurora,refs/heads/main,56251bbdd76a994b5032b912e9266253af3f4091,codex/gtbi-v7-master-plan-bootstrap,,,[],,Reproducibility classification,,,,,blocked_missing_price,COST_ESTIMATE_NOT_FROZEN,,,,github-user:271768688,"[""implementer""]","[""github-user:271768688""]",sha256:14b5266364b2c255d4f5e7796970d192d20d1c1066cd9cbf1f72b02048cfb72e,"{""github-user:271768688"":1}",,,USD,{}
PREV7-0307,,1,1,"Authenticated V6 input identity, or hashed no-V7-baseline decision plus separately scoped future-reference proposal that leaves G5/full blocked",G2,P1,Implementer,github-user:271768688,blocked,"[""PREV7-0301"",""PREV7-0302"",""PREV7-0303"",""PREV7-0305"",""PREV7-0306""]",,,COST_ESTIMATE_NOT_FROZEN,,https://github.com/trading-optimizer-lab-org/aurora/pull/21,"Authenticated V6 input identity, or hashed no-V7-baseline decision plus separately scoped future-reference proposal that leaves G5/full blocked",,[],[],provisional_git_bootstrap,,not_required_owner_controlled,gtbi-v7-master-plan-quality.yml,,,,,[],,,,,,,,,,Initial blocked projection; no completion or approval is claimed.,trading-optimizer-lab-org/aurora,refs/heads/main,56251bbdd76a994b5032b912e9266253af3f4091,codex/gtbi-v7-master-plan-bootstrap,,,[],,"Authenticated V6 input identity, or hashed no-V7-baseline decision plus separately scoped future-reference proposal that leaves G5/full blocked",,,,,blocked_missing_price,COST_ESTIMATE_NOT_FROZEN,,,,github-user:271768688,"[""implementer""]","[""github-user:271768688""]",sha256:14b5266364b2c255d4f5e7796970d192d20d1c1066cd9cbf1f72b02048cfb72e,"{""github-user:271768688"":1}",,,USD,{}
PREV7-0308,,1,1,"Independently administered destination foundation, account-root/payer/key-custodian receipts, storage and lease registry; destination-owned `gtbi-dependency-extract` App, GitHub-generated private key securely imported into its destination broker, source-owner selected-repository installations and restore-ready control plane",G3B,P0,Independent disaster-copy owner,github-user:271768688,blocked,"[""G2"",""PREV7-0208"",""PREV7-0301"",""PREV7-0302"",""PREV7-0309""]",,,COST_ESTIMATE_NOT_FROZEN,,https://github.com/trading-optimizer-lab-org/aurora/pull/21,"Independently administered destination foundation, account-root/payer/key-custodian receipts, storage and lease registry; destination-owned `gtbi-dependency-extract` App, GitHub-generated private key securely imported into its destination broker, source-owner selected-repository installations and restore-ready control plane",,[],[],provisional_git_bootstrap,,not_required_owner_controlled,gtbi-v7-master-plan-quality.yml,,,,,[],,,,,,,,,,Initial blocked projection; no completion or approval is claimed.,trading-optimizer-lab-org/aurora,refs/heads/main,56251bbdd76a994b5032b912e9266253af3f4091,codex/gtbi-v7-master-plan-bootstrap,,,[],,"Independently administered destination foundation, account-root/payer/key-custodian receipts, storage and lease registry; destination-owned `gtbi-dependency-extract` App, GitHub-generated private key securely imported into its destination broker, source-owner selected-repository installations and restore-ready control plane",,,,,blocked_missing_price,COST_ESTIMATE_NOT_FROZEN,,,,github-user:271768688,"[""independent_disaster_copy_owner""]","[""github-user:271768688""]",sha256:14b5266364b2c255d4f5e7796970d192d20d1c1066cd9cbf1f72b02048cfb72e,"{""github-user:271768688"":1}",,,USD,{}
PREV7-0309,,1,1,"Versioned GitHub Actions acceptable-use and pricing envelope, selected `CAPACITY_TOPOLOGY`, current capacity/source receipt and control reserves",G2,P0,Repository owner,github-user:271768688,blocked,"[""PREV7-0001"",""PREV7-0302""]",,,COST_ESTIMATE_NOT_FROZEN,,https://github.com/trading-optimizer-lab-org/aurora/pull/21,"Versioned GitHub Actions acceptable-use and pricing envelope, selected `CAPACITY_TOPOLOGY`, current capacity/source receipt and control reserves",,[],[],provisional_git_bootstrap,,not_required_owner_controlled,gtbi-v7-master-plan-quality.yml,,,,,[],,,,,,,,,,Initial blocked projection; no completion or approval is claimed.,trading-optimizer-lab-org/aurora,refs/heads/main,56251bbdd76a994b5032b912e9266253af3f4091,codex/gtbi-v7-master-plan-bootstrap,,,[],,"Versioned GitHub Actions acceptable-use and pricing envelope, selected `CAPACITY_TOPOLOGY`, current capacity/source receipt and control reserves",,,,,blocked_missing_price,COST_ESTIMATE_NOT_FROZEN,,,,github-user:271768688,"[""repository_owner""]","[""github-user:271768688""]",sha256:14b5266364b2c255d4f5e7796970d192d20d1c1066cd9cbf1f72b02048cfb72e,"{""github-user:271768688"":1}",,,USD,{}
PREV7-0310,,1,1,Final pre-authorization dependency and exact execution-commit copy plus total-primary-loss restore proof,G8,P0,Independent disaster-copy owner,github-user:271768688,blocked,"[""PREV7-0304"",""PREV7-0305"",""PREV7-0307"",""PREV7-0308"",""PREV7-0708"",""PREV7-0800"",""PREV7-0808"",""PREV7-0810"",""PREV7-0813""]",,,COST_ESTIMATE_NOT_FROZEN,,https://github.com/trading-optimizer-lab-org/aurora/pull/21,Final pre-authorization dependency and exact execution-commit copy plus total-primary-loss restore proof,,[],[],provisional_git_bootstrap,,not_required_owner_controlled,gtbi-v7-master-plan-quality.yml,,,,,[],,,,,,,,,,Initial blocked projection; no completion or approval is claimed.,trading-optimizer-lab-org/aurora,refs/heads/main,56251bbdd76a994b5032b912e9266253af3f4091,codex/gtbi-v7-master-plan-bootstrap,,,[],,Final pre-authorization dependency and exact execution-commit copy plus total-primary-loss restore proof,,,,,blocked_missing_price,COST_ESTIMATE_NOT_FROZEN,,,,github-user:271768688,"[""independent_disaster_copy_owner""]","[""github-user:271768688""]",sha256:14b5266364b2c255d4f5e7796970d192d20d1c1066cd9cbf1f72b02048cfb72e,"{""github-user:271768688"":1}",,,USD,{}
PREV7-0400,,1,1,"Complete resumable GitHub artifact, release and package inventory",G4,P1,Implementer,github-user:271768688,blocked,"[""PREV7-0001"",""PREV7-0003""]",,,COST_ESTIMATE_NOT_FROZEN,,https://github.com/trading-optimizer-lab-org/aurora/pull/21,"Complete resumable GitHub artifact, release and package inventory",,[],[],provisional_git_bootstrap,,not_required_owner_controlled,gtbi-v7-master-plan-quality.yml,,,,,[],,,,,,,,,,Initial blocked projection; no completion or approval is claimed.,trading-optimizer-lab-org/aurora,refs/heads/main,56251bbdd76a994b5032b912e9266253af3f4091,codex/gtbi-v7-master-plan-bootstrap,,,[],,"Complete resumable GitHub artifact, release and package inventory",,,,,blocked_missing_price,COST_ESTIMATE_NOT_FROZEN,,,,github-user:271768688,"[""implementer""]","[""github-user:271768688""]",sha256:14b5266364b2c255d4f5e7796970d192d20d1c1066cd9cbf1f72b02048cfb72e,"{""github-user:271768688"":1}",,,USD,{}
PREV7-0401,,1,1,Workflow and branch registry,G4,P1,Implementer,github-user:271768688,blocked,"[""PREV7-0001"",""PREV7-0400""]",,,COST_ESTIMATE_NOT_FROZEN,,https://github.com/trading-optimizer-lab-org/aurora/pull/21,Workflow and branch registry,,[],[],provisional_git_bootstrap,,not_required_owner_controlled,gtbi-v7-master-plan-quality.yml,,,,,[],,,,,,,,,,Initial blocked projection; no completion or approval is claimed.,trading-optimizer-lab-org/aurora,refs/heads/main,56251bbdd76a994b5032b912e9266253af3f4091,codex/gtbi-v7-master-plan-bootstrap,,,[],,Workflow and branch registry,,,,,blocked_missing_price,COST_ESTIMATE_NOT_FROZEN,,,,github-user:271768688,"[""implementer""]","[""github-user:271768688""]",sha256:14b5266364b2c255d4f5e7796970d192d20d1c1066cd9cbf1f72b02048cfb72e,"{""github-user:271768688"":1}",,,USD,{}
PREV7-0402,,1,1,Worktree and dirty-change registry,G4,P1,Implementer,github-user:271768688,blocked,"[""PREV7-0001""]",,,COST_ESTIMATE_NOT_FROZEN,,https://github.com/trading-optimizer-lab-org/aurora/pull/21,Worktree and dirty-change registry,,[],[],provisional_git_bootstrap,,not_required_owner_controlled,gtbi-v7-master-plan-quality.yml,,,,,[],,,,,,,,,,Initial blocked projection; no completion or approval is claimed.,trading-optimizer-lab-org/aurora,refs/heads/main,56251bbdd76a994b5032b912e9266253af3f4091,codex/gtbi-v7-master-plan-bootstrap,,,[],,Worktree and dirty-change registry,,,,,blocked_missing_price,COST_ESTIMATE_NOT_FROZEN,,,,github-user:271768688,"[""implementer""]","[""github-user:271768688""]",sha256:14b5266364b2c255d4f5e7796970d192d20d1c1066cd9cbf1f72b02048cfb72e,"{""github-user:271768688"":1}",,,USD,{}
PREV7-0403,,1,1,Preservation decision for every dirty worktree,G4,P1,Repository owner,github-user:271768688,blocked,"[""PREV7-0402""]",,,COST_ESTIMATE_NOT_FROZEN,,https://github.com/trading-optimizer-lab-org/aurora/pull/21,Preservation decision for every dirty worktree,,[],[],provisional_git_bootstrap,,not_required_owner_controlled,gtbi-v7-master-plan-quality.yml,,,,,[],,,,,,,,,,Initial blocked projection; no completion or approval is claimed.,trading-optimizer-lab-org/aurora,refs/heads/main,56251bbdd76a994b5032b912e9266253af3f4091,codex/gtbi-v7-master-plan-bootstrap,,,[],,Preservation decision for every dirty worktree,,,,,blocked_missing_price,COST_ESTIMATE_NOT_FROZEN,,,,github-user:271768688,"[""repository_owner""]","[""github-user:271768688""]",sha256:14b5266364b2c255d4f5e7796970d192d20d1c1066cd9cbf1f72b02048cfb72e,"{""github-user:271768688"":1}",,,USD,{}
PREV7-0404,,1,1,Fresh primary editing clone,G4,P1,Implementer,github-user:271768688,blocked,"[""PREV7-0403""]",,,COST_ESTIMATE_NOT_FROZEN,,https://github.com/trading-optimizer-lab-org/aurora/pull/21,Fresh primary editing clone,,[],[],provisional_git_bootstrap,,not_required_owner_controlled,gtbi-v7-master-plan-quality.yml,,,,,[],,,,,,,,,,Initial blocked projection; no completion or approval is claimed.,trading-optimizer-lab-org/aurora,refs/heads/main,56251bbdd76a994b5032b912e9266253af3f4091,codex/gtbi-v7-master-plan-bootstrap,,,[],,Fresh primary editing clone,,,,,blocked_missing_price,COST_ESTIMATE_NOT_FROZEN,,,,github-user:271768688,"[""implementer""]","[""github-user:271768688""]",sha256:14b5266364b2c255d4f5e7796970d192d20d1c1066cd9cbf1f72b02048cfb72e,"{""github-user:271768688"":1}",,,USD,{}
PREV7-0405,,1,1,One active worktree per active branch,G4,P1,Implementer,github-user:271768688,blocked,"[""PREV7-0404""]",,,COST_ESTIMATE_NOT_FROZEN,,https://github.com/trading-optimizer-lab-org/aurora/pull/21,One active worktree per active branch,,[],[],provisional_git_bootstrap,,not_required_owner_controlled,gtbi-v7-master-plan-quality.yml,,,,,[],,,,,,,,,,Initial blocked projection; no completion or approval is claimed.,trading-optimizer-lab-org/aurora,refs/heads/main,56251bbdd76a994b5032b912e9266253af3f4091,codex/gtbi-v7-master-plan-bootstrap,,,[],,One active worktree per active branch,,,,,blocked_missing_price,COST_ESTIMATE_NOT_FROZEN,,,,github-user:271768688,"[""implementer""]","[""github-user:271768688""]",sha256:14b5266364b2c255d4f5e7796970d192d20d1c1066cd9cbf1f72b02048cfb72e,"{""github-user:271768688"":1}",,,USD,{}
PREV7-0406,,1,1,Post-campaign quarantine plan and durable restore proof for redundant copies,G10,P2,Repository owner,github-user:271768688,blocked,"[""PREV7-0405"",""PREV7-0903""]",,,COST_ESTIMATE_NOT_FROZEN,,https://github.com/trading-optimizer-lab-org/aurora/pull/21,Post-campaign quarantine plan and durable restore proof for redundant copies,,[],[],provisional_git_bootstrap,,not_required_owner_controlled,gtbi-v7-master-plan-quality.yml,,,,,[],,,,,,,,,,Initial blocked projection; no completion or approval is claimed.,trading-optimizer-lab-org/aurora,refs/heads/main,56251bbdd76a994b5032b912e9266253af3f4091,codex/gtbi-v7-master-plan-bootstrap,,,[],,Post-campaign quarantine plan and durable restore proof for redundant copies,,,,,blocked_missing_price,COST_ESTIMATE_NOT_FROZEN,,,,github-user:271768688,"[""repository_owner""]","[""github-user:271768688""]",sha256:14b5266364b2c255d4f5e7796970d192d20d1c1066cd9cbf1f72b02048cfb72e,"{""github-user:271768688"":1}",,,USD,{}
PREV7-0407,,1,1,Approved deletion after grace period,G10,P2,Repository owner,github-user:271768688,blocked,"[""PREV7-0406""]",,,COST_ESTIMATE_NOT_FROZEN,,https://github.com/trading-optimizer-lab-org/aurora/pull/21,Approved deletion after grace period,,[],[],provisional_git_bootstrap,,not_required_owner_controlled,gtbi-v7-master-plan-quality.yml,,,,,[],,,,,,,,,,Initial blocked projection; no completion or approval is claimed.,trading-optimizer-lab-org/aurora,refs/heads/main,56251bbdd76a994b5032b912e9266253af3f4091,codex/gtbi-v7-master-plan-bootstrap,,,[],,Approved deletion after grace period,,,,,blocked_missing_price,COST_ESTIMATE_NOT_FROZEN,,,,github-user:271768688,"[""repository_owner""]","[""github-user:271768688""]",sha256:14b5266364b2c255d4f5e7796970d192d20d1c1066cd9cbf1f72b02048cfb72e,"{""github-user:271768688"":1}",,,USD,{}
PREV7-0501,,1,1,New branch from freshly fetched `origin/main` containing or postdating the exact PR-20 disposition,G5,P0,Implementer,github-user:271768688,blocked,"[""PREV7-0001"",""PREV7-0103"",""PREV7-0202"",""PREV7-0401"",""PREV7-0404"",""PREV7-0405"",""PREV7-0502""]",,,COST_ESTIMATE_NOT_FROZEN,,https://github.com/trading-optimizer-lab-org/aurora/pull/21,New branch from freshly fetched `origin/main` containing or postdating the exact PR-20 disposition,,[],[],provisional_git_bootstrap,,not_required_owner_controlled,gtbi-v7-master-plan-quality.yml,,,,,[],,,,,,,,,,Initial blocked projection; no completion or approval is claimed.,trading-optimizer-lab-org/aurora,refs/heads/main,56251bbdd76a994b5032b912e9266253af3f4091,codex/gtbi-v7-master-plan-bootstrap,,,[],,New branch from freshly fetched `origin/main` containing or postdating the exact PR-20 disposition,,,,,blocked_missing_price,COST_ESTIMATE_NOT_FROZEN,,,,github-user:271768688,"[""implementer""]","[""github-user:271768688""]",sha256:14b5266364b2c255d4f5e7796970d192d20d1c1066cd9cbf1f72b02048cfb72e,"{""github-user:271768688"":1}",,,USD,{}
PREV7-0502,,1,1,"PR 20 resolved or replaced on `main`, with exact disposition receipt",G5,P1,Implementer,github-user:271768688,blocked,"[""PREV7-0001"",""PREV7-0202"",""PREV7-0401""]",,,COST_ESTIMATE_NOT_FROZEN,,https://github.com/trading-optimizer-lab-org/aurora/pull/21,"PR 20 resolved or replaced on `main`, with exact disposition receipt",,[],[],provisional_git_bootstrap,,not_required_owner_controlled,gtbi-v7-master-plan-quality.yml,,,,,[],,,,,,,,,,Initial blocked projection; no completion or approval is claimed.,trading-optimizer-lab-org/aurora,refs/heads/main,56251bbdd76a994b5032b912e9266253af3f4091,codex/gtbi-v7-master-plan-bootstrap,,,[],,"PR 20 resolved or replaced on `main`, with exact disposition receipt",,,,,blocked_missing_price,COST_ESTIMATE_NOT_FROZEN,,,,github-user:271768688,"[""implementer""]","[""github-user:271768688""]",sha256:14b5266364b2c255d4f5e7796970d192d20d1c1066cd9cbf1f72b02048cfb72e,"{""github-user:271768688"":1}",,,USD,{}
PREV7-0503,,1,1,Independently approved frozen scientific contract,G5,P0,Scientific reviewer,github-user:271768688,blocked,"[""PREV7-0103"",""PREV7-0201"",""PREV7-0306""]",,,COST_ESTIMATE_NOT_FROZEN,,https://github.com/trading-optimizer-lab-org/aurora/pull/21,Independently approved frozen scientific contract,,[],[],provisional_git_bootstrap,,not_required_owner_controlled,gtbi-v7-master-plan-quality.yml,,,,,[],,,,,,,,,,Initial blocked projection; no completion or approval is claimed.,trading-optimizer-lab-org/aurora,refs/heads/main,56251bbdd76a994b5032b912e9266253af3f4091,codex/gtbi-v7-master-plan-bootstrap,,,[],,Independently approved frozen scientific contract,,,,,blocked_missing_price,COST_ESTIMATE_NOT_FROZEN,,,,github-user:271768688,"[""scientific_reviewer""]","[""github-user:271768688""]",sha256:14b5266364b2c255d4f5e7796970d192d20d1c1066cd9cbf1f72b02048cfb72e,"{""github-user:271768688"":1}",,,USD,{}
PREV7-0504,,1,1,"Immutable forward proposal, two required approval receipts and non-circular activation record when available, otherwise hashed and attested no-forward decision",G5,P0,Implementer,github-user:271768688,blocked,"[""PREV7-0204"",""PREV7-0503""]",,,COST_ESTIMATE_NOT_FROZEN,,https://github.com/trading-optimizer-lab-org/aurora/pull/21,"Immutable forward proposal, two required approval receipts and non-circular activation record when available, otherwise hashed and attested no-forward decision",,[],[],provisional_git_bootstrap,,not_required_owner_controlled,gtbi-v7-master-plan-quality.yml,,,,,[],,,,,,,,,,Initial blocked projection; no completion or approval is claimed.,trading-optimizer-lab-org/aurora,refs/heads/main,56251bbdd76a994b5032b912e9266253af3f4091,codex/gtbi-v7-master-plan-bootstrap,,,[],,"Immutable forward proposal, two required approval receipts and non-circular activation record when available, otherwise hashed and attested no-forward decision",,,,,blocked_missing_price,COST_ESTIMATE_NOT_FROZEN,,,,github-user:271768688,"[""implementer""]","[""github-user:271768688""]",sha256:14b5266364b2c255d4f5e7796970d192d20d1c1066cd9cbf1f72b02048cfb72e,"{""github-user:271768688"":1}",,,USD,{}
PREV7-0505,,1,1,Synthetic semantic oracle plus authenticated scientific-reviewer acceptance receipt,G5,P0,Implementer,github-user:271768688,blocked,"[""PREV7-0503""]",,,COST_ESTIMATE_NOT_FROZEN,,https://github.com/trading-optimizer-lab-org/aurora/pull/21,Synthetic semantic oracle plus authenticated scientific-reviewer acceptance receipt,,[],[],provisional_git_bootstrap,,not_required_owner_controlled,gtbi-v7-master-plan-quality.yml,,,,,[],,,,,,,,,,Initial blocked projection; no completion or approval is claimed.,trading-optimizer-lab-org/aurora,refs/heads/main,56251bbdd76a994b5032b912e9266253af3f4091,codex/gtbi-v7-master-plan-bootstrap,,,[],,Synthetic semantic oracle plus authenticated scientific-reviewer acceptance receipt,,,,,blocked_missing_price,COST_ESTIMATE_NOT_FROZEN,,,,github-user:271768688,"[""implementer""]","[""github-user:271768688""]",sha256:14b5266364b2c255d4f5e7796970d192d20d1c1066cd9cbf1f72b02048cfb72e,"{""github-user:271768688"":1}",,,USD,{}
PREV7-0506,,1,1,Historical golden baseline,G5,P0,Implementer,github-user:271768688,blocked,"[""PREV7-0306"",""PREV7-0307"",""PREV7-0503""]",,,COST_ESTIMATE_NOT_FROZEN,,https://github.com/trading-optimizer-lab-org/aurora/pull/21,Historical golden baseline,,[],[],provisional_git_bootstrap,,not_required_owner_controlled,gtbi-v7-master-plan-quality.yml,,,,,[],,,,,,,,,,Initial blocked projection; no completion or approval is claimed.,trading-optimizer-lab-org/aurora,refs/heads/main,56251bbdd76a994b5032b912e9266253af3f4091,codex/gtbi-v7-master-plan-bootstrap,,,[],,Historical golden baseline,,,,,blocked_missing_price,COST_ESTIMATE_NOT_FROZEN,,,,github-user:271768688,"[""implementer""]","[""github-user:271768688""]",sha256:14b5266364b2c255d4f5e7796970d192d20d1c1066cd9cbf1f72b02048cfb72e,"{""github-user:271768688"":1}",,,USD,{}
PREV7-0507,,1,1,Versioned result schemas,G5,P1,Implementer,github-user:271768688,blocked,"[""PREV7-0503""]",,,COST_ESTIMATE_NOT_FROZEN,,https://github.com/trading-optimizer-lab-org/aurora/pull/21,Versioned result schemas,,[],[],provisional_git_bootstrap,,not_required_owner_controlled,gtbi-v7-master-plan-quality.yml,,,,,[],,,,,,,,,,Initial blocked projection; no completion or approval is claimed.,trading-optimizer-lab-org/aurora,refs/heads/main,56251bbdd76a994b5032b912e9266253af3f4091,codex/gtbi-v7-master-plan-bootstrap,,,[],,Versioned result schemas,,,,,blocked_missing_price,COST_ESTIMATE_NOT_FROZEN,,,,github-user:271768688,"[""implementer""]","[""github-user:271768688""]",sha256:14b5266364b2c255d4f5e7796970d192d20d1c1066cd9cbf1f72b02048cfb72e,"{""github-user:271768688"":1}",,,USD,{}
PREV7-0508,,1,1,Output-consumer registry and migration tests against the frozen inventory digest and cutoff,G5,P1,Implementer,github-user:271768688,blocked,"[""PREV7-0401"",""PREV7-0507""]",,,COST_ESTIMATE_NOT_FROZEN,,https://github.com/trading-optimizer-lab-org/aurora/pull/21,Output-consumer registry and migration tests against the frozen inventory digest and cutoff,,[],[],provisional_git_bootstrap,,not_required_owner_controlled,gtbi-v7-master-plan-quality.yml,,,,,[],,,,,,,,,,Initial blocked projection; no completion or approval is claimed.,trading-optimizer-lab-org/aurora,refs/heads/main,56251bbdd76a994b5032b912e9266253af3f4091,codex/gtbi-v7-master-plan-bootstrap,,,[],,Output-consumer registry and migration tests against the frozen inventory digest and cutoff,,,,,blocked_missing_price,COST_ESTIMATE_NOT_FROZEN,,,,github-user:271768688,"[""implementer""]","[""github-user:271768688""]",sha256:14b5266364b2c255d4f5e7796970d192d20d1c1066cd9cbf1f72b02048cfb72e,"{""github-user:271768688"":1}",,,USD,{}
PREV7-0509,,1,1,"Permanent output-consumer remediation controller and immutable child-generation registry, accepted by the scientific reviewer; normally done with zero open children",G5,P0,Workflow reviewer,github-user:271768688,blocked,"[""PREV7-0508""]",,,COST_ESTIMATE_NOT_FROZEN,,https://github.com/trading-optimizer-lab-org/aurora/pull/21,"Permanent output-consumer remediation controller and immutable child-generation registry, accepted by the scientific reviewer; normally done with zero open children",,[],[],provisional_git_bootstrap,,not_required_owner_controlled,gtbi-v7-master-plan-quality.yml,,,,,[],,,,,,,,,,Initial blocked projection; no completion or approval is claimed.,trading-optimizer-lab-org/aurora,refs/heads/main,56251bbdd76a994b5032b912e9266253af3f4091,codex/gtbi-v7-master-plan-bootstrap,,,[],,"Permanent output-consumer remediation controller and immutable child-generation registry, accepted by the scientific reviewer; normally done with zero open children",,,,,blocked_missing_price,COST_ESTIMATE_NOT_FROZEN,,,,github-user:271768688,"[""workflow_reviewer""]","[""github-user:271768688""]",sha256:14b5266364b2c255d4f5e7796970d192d20d1c1066cd9cbf1f72b02048cfb72e,"{""github-user:271768688"":1}",,,USD,{}
PREV7-0601,,1,1,FeatureStore ADR accepted and GTBI modules extracted behind its single authoritative interface,G6A,P1,Implementer,github-user:271768688,blocked,"[""PREV7-0501"",""PREV7-0503""]",,,COST_ESTIMATE_NOT_FROZEN,,https://github.com/trading-optimizer-lab-org/aurora/pull/21,FeatureStore ADR accepted and GTBI modules extracted behind its single authoritative interface,,[],[],provisional_git_bootstrap,,not_required_owner_controlled,gtbi-v7-master-plan-quality.yml,,,,,[],,,,,,,,,,Initial blocked projection; no completion or approval is claimed.,trading-optimizer-lab-org/aurora,refs/heads/main,56251bbdd76a994b5032b912e9266253af3f4091,codex/gtbi-v7-master-plan-bootstrap,,,[],,FeatureStore ADR accepted and GTBI modules extracted behind its single authoritative interface,,,,,blocked_missing_price,COST_ESTIMATE_NOT_FROZEN,,,,github-user:271768688,"[""implementer""]","[""github-user:271768688""]",sha256:14b5266364b2c255d4f5e7796970d192d20d1c1066cd9cbf1f72b02048cfb72e,"{""github-user:271768688"":1}",,,USD,{}
PREV7-0602,,1,1,Thin CLI wrappers,G6A,P1,Implementer,github-user:271768688,blocked,"[""PREV7-0601""]",,,COST_ESTIMATE_NOT_FROZEN,,https://github.com/trading-optimizer-lab-org/aurora/pull/21,Thin CLI wrappers,,[],[],provisional_git_bootstrap,,not_required_owner_controlled,gtbi-v7-master-plan-quality.yml,,,,,[],,,,,,,,,,Initial blocked projection; no completion or approval is claimed.,trading-optimizer-lab-org/aurora,refs/heads/main,56251bbdd76a994b5032b912e9266253af3f4091,codex/gtbi-v7-master-plan-bootstrap,,,[],,Thin CLI wrappers,,,,,blocked_missing_price,COST_ESTIMATE_NOT_FROZEN,,,,github-user:271768688,"[""implementer""]","[""github-user:271768688""]",sha256:14b5266364b2c255d4f5e7796970d192d20d1c1066cd9cbf1f72b02048cfb72e,"{""github-user:271768688"":1}",,,USD,{}
PREV7-0603,,1,1,Canonical root-level workflows,G6A,P1,Implementer,github-user:271768688,blocked,"[""PREV7-0205"",""PREV7-0504"",""PREV7-0507"",""PREV7-0602""]",,,COST_ESTIMATE_NOT_FROZEN,,https://github.com/trading-optimizer-lab-org/aurora/pull/21,Canonical root-level workflows,,[],[],provisional_git_bootstrap,,not_required_owner_controlled,gtbi-v7-master-plan-quality.yml,,,,,[],,,,,,,,,,Initial blocked projection; no completion or approval is claimed.,trading-optimizer-lab-org/aurora,refs/heads/main,56251bbdd76a994b5032b912e9266253af3f4091,codex/gtbi-v7-master-plan-bootstrap,,,[],,Canonical root-level workflows,,,,,blocked_missing_price,COST_ESTIMATE_NOT_FROZEN,,,,github-user:271768688,"[""implementer""]","[""github-user:271768688""]",sha256:14b5266364b2c255d4f5e7796970d192d20d1c1066cd9cbf1f72b02048cfb72e,"{""github-user:271768688"":1}",,,USD,{}
PREV7-0604,,1,1,Central GitHub-only execution guard,G6A,P0,Implementer,github-user:271768688,blocked,"[""PREV7-0504"",""PREV7-0602""]",,,COST_ESTIMATE_NOT_FROZEN,,https://github.com/trading-optimizer-lab-org/aurora/pull/21,Central GitHub-only execution guard,,[],[],provisional_git_bootstrap,,not_required_owner_controlled,gtbi-v7-master-plan-quality.yml,,,,,[],,,,,,,,,,Initial blocked projection; no completion or approval is claimed.,trading-optimizer-lab-org/aurora,refs/heads/main,56251bbdd76a994b5032b912e9266253af3f4091,codex/gtbi-v7-master-plan-bootstrap,,,[],,Central GitHub-only execution guard,,,,,blocked_missing_price,COST_ESTIMATE_NOT_FROZEN,,,,github-user:271768688,"[""implementer""]","[""github-user:271768688""]",sha256:14b5266364b2c255d4f5e7796970d192d20d1c1066cd9cbf1f72b02048cfb72e,"{""github-user:271768688"":1}",,,USD,{}
PREV7-0605,,1,1,"Deterministic one/two/four-worker execution, registered scientific-numerical semantics, approved execution-profile registry and byte-equivalence policy/report selected from the frozen representative baseline",G6A,P1,Implementer,github-user:271768688,blocked,"[""PREV7-0505"",""PREV7-0506"",""PREV7-0507"",""PREV7-0601"",""PREV7-0609""]",,,COST_ESTIMATE_NOT_FROZEN,,https://github.com/trading-optimizer-lab-org/aurora/pull/21,"Deterministic one/two/four-worker execution, registered scientific-numerical semantics, approved execution-profile registry and byte-equivalence policy/report selected from the frozen representative baseline",,[],[],provisional_git_bootstrap,,not_required_owner_controlled,gtbi-v7-master-plan-quality.yml,,,,,[],,,,,,,,,,Initial blocked projection; no completion or approval is claimed.,trading-optimizer-lab-org/aurora,refs/heads/main,56251bbdd76a994b5032b912e9266253af3f4091,codex/gtbi-v7-master-plan-bootstrap,,,[],,"Deterministic one/two/four-worker execution, registered scientific-numerical semantics, approved execution-profile registry and byte-equivalence policy/report selected from the frozen representative baseline",,,,,blocked_missing_price,COST_ESTIMATE_NOT_FROZEN,,,,github-user:271768688,"[""implementer""]","[""github-user:271768688""]",sha256:14b5266364b2c255d4f5e7796970d192d20d1c1066cd9cbf1f72b02048cfb72e,"{""github-user:271768688"":1}",,,USD,{}
PREV7-0606,,1,1,Equivalent event-first optimizations selected from the frozen representative baseline profile,G6A,P1,Implementer,github-user:271768688,blocked,"[""PREV7-0505"",""PREV7-0506"",""PREV7-0507"",""PREV7-0601"",""PREV7-0609""]",,,COST_ESTIMATE_NOT_FROZEN,,https://github.com/trading-optimizer-lab-org/aurora/pull/21,Equivalent event-first optimizations selected from the frozen representative baseline profile,,[],[],provisional_git_bootstrap,,not_required_owner_controlled,gtbi-v7-master-plan-quality.yml,,,,,[],,,,,,,,,,Initial blocked projection; no completion or approval is claimed.,trading-optimizer-lab-org/aurora,refs/heads/main,56251bbdd76a994b5032b912e9266253af3f4091,codex/gtbi-v7-master-plan-bootstrap,,,[],,Equivalent event-first optimizations selected from the frozen representative baseline profile,,,,,blocked_missing_price,COST_ESTIMATE_NOT_FROZEN,,,,github-user:271768688,"[""implementer""]","[""github-user:271768688""]",sha256:14b5266364b2c255d4f5e7796970d192d20d1c1066cd9cbf1f72b02048cfb72e,"{""github-user:271768688"":1}",,,USD,{}
PREV7-0607,,1,1,"Benchmarked candidate-major/symbol-major/hybrid physical tiling, exact pair-set coverage, cost scheduling, execution plan/profile assignment and durable checkpoints",G6A,P1,Implementer,github-user:271768688,blocked,"[""PREV7-0603"",""PREV7-0605"",""PREV7-0606"",""PREV7-0609""]",,,COST_ESTIMATE_NOT_FROZEN,,https://github.com/trading-optimizer-lab-org/aurora/pull/21,"Benchmarked candidate-major/symbol-major/hybrid physical tiling, exact pair-set coverage, cost scheduling, execution plan/profile assignment and durable checkpoints",,[],[],provisional_git_bootstrap,,not_required_owner_controlled,gtbi-v7-master-plan-quality.yml,,,,,[],,,,,,,,,,Initial blocked projection; no completion or approval is claimed.,trading-optimizer-lab-org/aurora,refs/heads/main,56251bbdd76a994b5032b912e9266253af3f4091,codex/gtbi-v7-master-plan-bootstrap,,,[],,"Benchmarked candidate-major/symbol-major/hybrid physical tiling, exact pair-set coverage, cost scheduling, execution plan/profile assignment and durable checkpoints",,,,,blocked_missing_price,COST_ESTIMATE_NOT_FROZEN,,,,github-user:271768688,"[""implementer""]","[""github-user:271768688""]",sha256:14b5266364b2c255d4f5e7796970d192d20d1c1066cd9cbf1f72b02048cfb72e,"{""github-user:271768688"":1}",,,USD,{}
PREV7-0608,,1,1,"Hierarchical deterministic fragment reduction/merge with exact global/tile/bundle pair-set closure, complete execution/hardware profile maps and canonical timing attribution, plus protected `gtbi-v7-package-close.yml`, its registration check and task-delivery-manifest mapping",G6A,P1,Implementer,github-user:271768688,blocked,"[""PREV7-0507"",""PREV7-0603"",""PREV7-0607""]",,,COST_ESTIMATE_NOT_FROZEN,,https://github.com/trading-optimizer-lab-org/aurora/pull/21,"Hierarchical deterministic fragment reduction/merge with exact global/tile/bundle pair-set closure, complete execution/hardware profile maps and canonical timing attribution, plus protected `gtbi-v7-package-close.yml`, its registration check and task-delivery-manifest mapping",,[],[],provisional_git_bootstrap,,not_required_owner_controlled,gtbi-v7-master-plan-quality.yml,,,,,[],,,,,,,,,,Initial blocked projection; no completion or approval is claimed.,trading-optimizer-lab-org/aurora,refs/heads/main,56251bbdd76a994b5032b912e9266253af3f4091,codex/gtbi-v7-master-plan-bootstrap,,,[],,"Hierarchical deterministic fragment reduction/merge with exact global/tile/bundle pair-set closure, complete execution/hardware profile maps and canonical timing attribution, plus protected `gtbi-v7-package-close.yml`, its registration check and task-delivery-manifest mapping",,,,,blocked_missing_price,COST_ESTIMATE_NOT_FROZEN,,,,github-user:271768688,"[""implementer""]","[""github-user:271768688""]",sha256:14b5266364b2c255d4f5e7796970d192d20d1c1066cd9cbf1f72b02048cfb72e,"{""github-user:271768688"":1}",,,USD,{}
PREV7-0609,,1,1,"Baseline runtime/scientific instrumentation, source/workflow identity manifests, approved hardware-profile registry, runtime-threadpool observation and canonical-attribution schemas, representative cost/profile evidence and frozen optimization evidence; post-optimization telemetry equivalence is accepted later by PREV7-0703",G6A,P1,Implementer,github-user:271768688,blocked,"[""PREV7-0601"",""PREV7-0603""]",,,COST_ESTIMATE_NOT_FROZEN,,https://github.com/trading-optimizer-lab-org/aurora/pull/21,"Baseline runtime/scientific instrumentation, source/workflow identity manifests, approved hardware-profile registry, runtime-threadpool observation and canonical-attribution schemas, representative cost/profile evidence and frozen optimization evidence; post-optimization telemetry equivalence is accepted later by PREV7-0703",,[],[],provisional_git_bootstrap,,not_required_owner_controlled,gtbi-v7-master-plan-quality.yml,,,,,[],,,,,,,,,,Initial blocked projection; no completion or approval is claimed.,trading-optimizer-lab-org/aurora,refs/heads/main,56251bbdd76a994b5032b912e9266253af3f4091,codex/gtbi-v7-master-plan-bootstrap,,,[],,"Baseline runtime/scientific instrumentation, source/workflow identity manifests, approved hardware-profile registry, runtime-threadpool observation and canonical-attribution schemas, representative cost/profile evidence and frozen optimization evidence; post-optimization telemetry equivalence is accepted later by PREV7-0703",,,,,blocked_missing_price,COST_ESTIMATE_NOT_FROZEN,,,,github-user:271768688,"[""implementer""]","[""github-user:271768688""]",sha256:14b5266364b2c255d4f5e7796970d192d20d1c1066cd9cbf1f72b02048cfb72e,"{""github-user:271768688"":1}",,,USD,{}
PREV7-0610,,1,1,"Reproducible source deadman, broker, authoritative attempt/lease registries, monitoring, exact root/payer/key-custodian/witness receipts, restore and teardown proof",G6B,P0,Source deadman operator,github-user:271768688,blocked,"[""G3B"",""PREV7-0204"",""PREV7-0207"",""PREV7-0209"",""PREV7-0309"",""PREV7-0603"",""PREV7-0607"",""PREV7-0609""]",,,COST_ESTIMATE_NOT_FROZEN,,https://github.com/trading-optimizer-lab-org/aurora/pull/21,"Reproducible source deadman, broker, authoritative attempt/lease registries, monitoring, exact root/payer/key-custodian/witness receipts, restore and teardown proof",,[],[],provisional_git_bootstrap,,not_required_owner_controlled,gtbi-v7-master-plan-quality.yml,,,,,[],,,,,,,,,,Initial blocked projection; no completion or approval is claimed.,trading-optimizer-lab-org/aurora,refs/heads/main,56251bbdd76a994b5032b912e9266253af3f4091,codex/gtbi-v7-master-plan-bootstrap,,,[],,"Reproducible source deadman, broker, authoritative attempt/lease registries, monitoring, exact root/payer/key-custodian/witness receipts, restore and teardown proof",,,,,blocked_missing_price,COST_ESTIMATE_NOT_FROZEN,,,,github-user:271768688,"[""source_deadman_operator""]","[""github-user:271768688""]",sha256:14b5266364b2c255d4f5e7796970d192d20d1c1066cd9cbf1f72b02048cfb72e,"{""github-user:271768688"":1}",,,USD,{}
PREV7-0611,,1,1,"Independently administered destination deadman, broker, lease registry, monitoring, exact root/payer/key-custodian/witness receipts, restore and teardown proof",G6B,P0,Destination deadman operator,github-user:271768688,blocked,"[""G3B"",""PREV7-0207"",""PREV7-0209"",""PREV7-0308"",""PREV7-0309"",""PREV7-0603"",""PREV7-0607"",""PREV7-0609""]",,,COST_ESTIMATE_NOT_FROZEN,,https://github.com/trading-optimizer-lab-org/aurora/pull/21,"Independently administered destination deadman, broker, lease registry, monitoring, exact root/payer/key-custodian/witness receipts, restore and teardown proof",,[],[],provisional_git_bootstrap,,not_required_owner_controlled,gtbi-v7-master-plan-quality.yml,,,,,[],,,,,,,,,,Initial blocked projection; no completion or approval is claimed.,trading-optimizer-lab-org/aurora,refs/heads/main,56251bbdd76a994b5032b912e9266253af3f4091,codex/gtbi-v7-master-plan-bootstrap,,,[],,"Independently administered destination deadman, broker, lease registry, monitoring, exact root/payer/key-custodian/witness receipts, restore and teardown proof",,,,,blocked_missing_price,COST_ESTIMATE_NOT_FROZEN,,,,github-user:271768688,"[""destination_deadman_operator""]","[""github-user:271768688""]",sha256:14b5266364b2c255d4f5e7796970d192d20d1c1066cd9cbf1f72b02048cfb72e,"{""github-user:271768688"":1}",,,USD,{}
PREV7-0701,,1,1,Required credential-free synthetic CI suite,G7,P0,Implementer,github-user:271768688,blocked,"[""PREV7-0601"",""PREV7-0602"",""PREV7-0603"",""PREV7-0604"",""PREV7-0605"",""PREV7-0606"",""PREV7-0607"",""PREV7-0608"",""PREV7-0609""]",,,COST_ESTIMATE_NOT_FROZEN,,https://github.com/trading-optimizer-lab-org/aurora/pull/21,Required credential-free synthetic CI suite,,[],[],provisional_git_bootstrap,,not_required_owner_controlled,gtbi-v7-master-plan-quality.yml,,,,,[],,,,,,,,,,Initial blocked projection; no completion or approval is claimed.,trading-optimizer-lab-org/aurora,refs/heads/main,56251bbdd76a994b5032b912e9266253af3f4091,codex/gtbi-v7-master-plan-bootstrap,,,[],,Required credential-free synthetic CI suite,,,,,blocked_missing_price,COST_ESTIMATE_NOT_FROZEN,,,,github-user:271768688,"[""implementer""]","[""github-user:271768688""]",sha256:14b5266364b2c255d4f5e7796970d192d20d1c1066cd9cbf1f72b02048cfb72e,"{""github-user:271768688"":1}",,,USD,{}
PREV7-0702,,1,1,Equivalence proof on the authorized G7 validation repository,G7,P0,Implementer,github-user:271768688,blocked,"[""PREV7-0505"",""PREV7-0506"",""PREV7-0701"",""PREV7-0713"",""PREV7-0715""]",,,COST_ESTIMATE_NOT_FROZEN,,https://github.com/trading-optimizer-lab-org/aurora/pull/21,Equivalence proof on the authorized G7 validation repository,,[],[],provisional_git_bootstrap,,not_required_owner_controlled,gtbi-v7-master-plan-quality.yml,,,,,[],,,,,,,,,,Initial blocked projection; no completion or approval is claimed.,trading-optimizer-lab-org/aurora,refs/heads/main,56251bbdd76a994b5032b912e9266253af3f4091,codex/gtbi-v7-master-plan-bootstrap,,,[],,Equivalence proof on the authorized G7 validation repository,,,,,blocked_missing_price,COST_ESTIMATE_NOT_FROZEN,,,,github-user:271768688,"[""implementer""]","[""github-user:271768688""]",sha256:14b5266364b2c255d4f5e7796970d192d20d1c1066cd9cbf1f72b02048cfb72e,"{""github-user:271768688"":1}",,,USD,{}
PREV7-0703,,1,1,"One, two and four worker benchmark",G7,P1,Implementer,github-user:271768688,blocked,"[""PREV7-0702"",""PREV7-0713""]",,,COST_ESTIMATE_NOT_FROZEN,,https://github.com/trading-optimizer-lab-org/aurora/pull/21,"One, two and four worker benchmark",,[],[],provisional_git_bootstrap,,not_required_owner_controlled,gtbi-v7-master-plan-quality.yml,,,,,[],,,,,,,,,,Initial blocked projection; no completion or approval is claimed.,trading-optimizer-lab-org/aurora,refs/heads/main,56251bbdd76a994b5032b912e9266253af3f4091,codex/gtbi-v7-master-plan-bootstrap,,,[],,"One, two and four worker benchmark",,,,,blocked_missing_price,COST_ESTIMATE_NOT_FROZEN,,,,github-user:271768688,"[""implementer""]","[""github-user:271768688""]",sha256:14b5266364b2c255d4f5e7796970d192d20d1c1066cd9cbf1f72b02048cfb72e,"{""github-user:271768688"":1}",,,USD,{}
PREV7-0704,,1,1,Ordered recovery-then-merge-only proof with distinct immutable phase receipts,G7,P1,Implementer,github-user:271768688,blocked,"[""PREV7-0603"",""PREV7-0607"",""PREV7-0608"",""PREV7-0703"",""PREV7-0713"",""PREV7-0715""]",,,COST_ESTIMATE_NOT_FROZEN,,https://github.com/trading-optimizer-lab-org/aurora/pull/21,Ordered recovery-then-merge-only proof with distinct immutable phase receipts,,[],[],provisional_git_bootstrap,,not_required_owner_controlled,gtbi-v7-master-plan-quality.yml,,,,,[],,,,,,,,,,Initial blocked projection; no completion or approval is claimed.,trading-optimizer-lab-org/aurora,refs/heads/main,56251bbdd76a994b5032b912e9266253af3f4091,codex/gtbi-v7-master-plan-bootstrap,,,[],,Ordered recovery-then-merge-only proof with distinct immutable phase receipts,,,,,blocked_missing_price,COST_ESTIMATE_NOT_FROZEN,,,,github-user:271768688,"[""implementer""]","[""github-user:271768688""]",sha256:14b5266364b2c255d4f5e7796970d192d20d1c1066cd9cbf1f72b02048cfb72e,"{""github-user:271768688"":1}",,,USD,{}
PREV7-0705,,1,1,Fault-injection proof plus exact G7 ephemeral-key handoff runtime receipt,G7,P1,Implementer,github-user:271768688,blocked,"[""PREV7-0308"",""PREV7-0610"",""PREV7-0611"",""PREV7-0704"",""PREV7-0713""]",,,COST_ESTIMATE_NOT_FROZEN,,https://github.com/trading-optimizer-lab-org/aurora/pull/21,Fault-injection proof plus exact G7 ephemeral-key handoff runtime receipt,,[],[],provisional_git_bootstrap,,not_required_owner_controlled,gtbi-v7-master-plan-quality.yml,,,,,[],,,,,,,,,,Initial blocked projection; no completion or approval is claimed.,trading-optimizer-lab-org/aurora,refs/heads/main,56251bbdd76a994b5032b912e9266253af3f4091,codex/gtbi-v7-master-plan-bootstrap,,,[],,Fault-injection proof plus exact G7 ephemeral-key handoff runtime receipt,,,,,blocked_missing_price,COST_ESTIMATE_NOT_FROZEN,,,,github-user:271768688,"[""implementer""]","[""github-user:271768688""]",sha256:14b5266364b2c255d4f5e7796970d192d20d1c1066cd9cbf1f72b02048cfb72e,"{""github-user:271768688"":1}",,,USD,{}
PREV7-0706,,1,1,Canonical smoke,G7,P0,Implementer,github-user:271768688,blocked,"[""PREV7-0702"",""PREV7-0703"",""PREV7-0704"",""PREV7-0705""]",,,COST_ESTIMATE_NOT_FROZEN,,https://github.com/trading-optimizer-lab-org/aurora/pull/21,Canonical smoke,,[],[],provisional_git_bootstrap,,not_required_owner_controlled,gtbi-v7-master-plan-quality.yml,,,,,[],,,,,,,,,,Initial blocked projection; no completion or approval is claimed.,trading-optimizer-lab-org/aurora,refs/heads/main,56251bbdd76a994b5032b912e9266253af3f4091,codex/gtbi-v7-master-plan-bootstrap,,,[],,Canonical smoke,,,,,blocked_missing_price,COST_ESTIMATE_NOT_FROZEN,,,,github-user:271768688,"[""implementer""]","[""github-user:271768688""]",sha256:14b5266364b2c255d4f5e7796970d192d20d1c1066cd9cbf1f72b02048cfb72e,"{""github-user:271768688"":1}",,,USD,{}
PREV7-0707,,1,1,360-job capacity smoke,G7,P1,Implementer,github-user:271768688,blocked,"[""PREV7-0706"",""PREV7-0713""]",,,COST_ESTIMATE_NOT_FROZEN,,https://github.com/trading-optimizer-lab-org/aurora/pull/21,360-job capacity smoke,,[],[],provisional_git_bootstrap,,not_required_owner_controlled,gtbi-v7-master-plan-quality.yml,,,,,[],,,,,,,,,,Initial blocked projection; no completion or approval is claimed.,trading-optimizer-lab-org/aurora,refs/heads/main,56251bbdd76a994b5032b912e9266253af3f4091,codex/gtbi-v7-master-plan-bootstrap,,,[],,360-job capacity smoke,,,,,blocked_missing_price,COST_ESTIMATE_NOT_FROZEN,,,,github-user:271768688,"[""implementer""]","[""github-user:271768688""]",sha256:14b5266364b2c255d4f5e7796970d192d20d1c1066cd9cbf1f72b02048cfb72e,"{""github-user:271768688"":1}",,,USD,{}
PREV7-0708,,1,1,"Full-scale encrypted transport, segmented replication, reverse-recovery and hierarchical-merge smoke",G7,P0,Implementer,github-user:271768688,blocked,"[""PREV7-0308"",""PREV7-0610"",""PREV7-0611"",""PREV7-0707""]",,,COST_ESTIMATE_NOT_FROZEN,,https://github.com/trading-optimizer-lab-org/aurora/pull/21,"Full-scale encrypted transport, segmented replication, reverse-recovery and hierarchical-merge smoke",,[],[],provisional_git_bootstrap,,not_required_owner_controlled,gtbi-v7-master-plan-quality.yml,,,,,[],,,,,,,,,,Initial blocked projection; no completion or approval is claimed.,trading-optimizer-lab-org/aurora,refs/heads/main,56251bbdd76a994b5032b912e9266253af3f4091,codex/gtbi-v7-master-plan-bootstrap,,,[],,"Full-scale encrypted transport, segmented replication, reverse-recovery and hierarchical-merge smoke",,,,,blocked_missing_price,COST_ESTIMATE_NOT_FROZEN,,,,github-user:271768688,"[""implementer""]","[""github-user:271768688""]",sha256:14b5266364b2c255d4f5e7796970d192d20d1c1066cd9cbf1f72b02048cfb72e,"{""github-user:271768688"":1}",,,USD,{}
PREV7-0710,,1,1,Source-account and source external-control billing authorization and reservation for every real G7 smoke,G7,P0,Repository owner,github-user:271768688,blocked,"[""PREV7-0309"",""PREV7-0701"",""PREV7-0711""]",,,COST_ESTIMATE_NOT_FROZEN,,https://github.com/trading-optimizer-lab-org/aurora/pull/21,Source-account and source external-control billing authorization and reservation for every real G7 smoke,,[],[],provisional_git_bootstrap,,not_required_owner_controlled,gtbi-v7-master-plan-quality.yml,,,,,[],,,,,,,,,,Initial blocked projection; no completion or approval is claimed.,trading-optimizer-lab-org/aurora,refs/heads/main,56251bbdd76a994b5032b912e9266253af3f4091,codex/gtbi-v7-master-plan-bootstrap,,,[],,Source-account and source external-control billing authorization and reservation for every real G7 smoke,,,,,blocked_missing_price,COST_ESTIMATE_NOT_FROZEN,,,,github-user:271768688,"[""repository_owner""]","[""github-user:271768688""]",sha256:14b5266364b2c255d4f5e7796970d192d20d1c1066cd9cbf1f72b02048cfb72e,"{""github-user:271768688"":1}",,,USD,{}
PREV7-0711,,1,1,"Disposable G7 validation repository created interactively by the owner in the isolated campaign organization from the approved template, then independently attested by immutable repository ID; first real G7 resource after full governance",G7,P0,Repository owner,github-user:271768688,blocked,"[""G6B"",""PREV7-0309"",""PREV7-0701""]",,,COST_ESTIMATE_NOT_FROZEN,,https://github.com/trading-optimizer-lab-org/aurora/pull/21,"Disposable G7 validation repository created interactively by the owner in the isolated campaign organization from the approved template, then independently attested by immutable repository ID; first real G7 resource after full governance",,[],[],provisional_git_bootstrap,,not_required_owner_controlled,gtbi-v7-master-plan-quality.yml,,,,,[],,,,,,,,,,Initial blocked projection; no completion or approval is claimed.,trading-optimizer-lab-org/aurora,refs/heads/main,56251bbdd76a994b5032b912e9266253af3f4091,codex/gtbi-v7-master-plan-bootstrap,,,[],,"Disposable G7 validation repository created interactively by the owner in the isolated campaign organization from the approved template, then independently attested by immutable repository ID; first real G7 resource after full governance",,,,,blocked_missing_price,COST_ESTIMATE_NOT_FROZEN,,,,github-user:271768688,"[""repository_owner""]","[""github-user:271768688""]",sha256:14b5266364b2c255d4f5e7796970d192d20d1c1066cd9cbf1f72b02048cfb72e,"{""github-user:271768688"":1}",,,USD,{}
PREV7-0712,,1,1,Destination-account and destination external-control billing authorization and reservation for every real G7 smoke,G7,P0,Independent disaster-copy owner,github-user:271768688,blocked,"[""PREV7-0308"",""PREV7-0309"",""PREV7-0701"",""PREV7-0711""]",,,COST_ESTIMATE_NOT_FROZEN,,https://github.com/trading-optimizer-lab-org/aurora/pull/21,Destination-account and destination external-control billing authorization and reservation for every real G7 smoke,,[],[],provisional_git_bootstrap,,not_required_owner_controlled,gtbi-v7-master-plan-quality.yml,,,,,[],,,,,,,,,,Initial blocked projection; no completion or approval is claimed.,trading-optimizer-lab-org/aurora,refs/heads/main,56251bbdd76a994b5032b912e9266253af3f4091,codex/gtbi-v7-master-plan-bootstrap,,,[],,Destination-account and destination external-control billing authorization and reservation for every real G7 smoke,,,,,blocked_missing_price,COST_ESTIMATE_NOT_FROZEN,,,,github-user:271768688,"[""independent_disaster_copy_owner""]","[""github-user:271768688""]",sha256:14b5266364b2c255d4f5e7796970d192d20d1c1066cd9cbf1f72b02048cfb72e,"{""github-user:271768688"":1}",,,USD,{}
PREV7-0713,,1,1,"Consolidated G7 budget, FX and exact repository/workload receipt set with no missing or duplicate billing domain",G7,P0,Licence and acceptable-use reviewer,github-user:271768688,blocked,"[""PREV7-0710"",""PREV7-0712""]",,,COST_ESTIMATE_NOT_FROZEN,,https://github.com/trading-optimizer-lab-org/aurora/pull/21,"Consolidated G7 budget, FX and exact repository/workload receipt set with no missing or duplicate billing domain",,[],[],provisional_git_bootstrap,,not_required_owner_controlled,gtbi-v7-master-plan-quality.yml,,,,,[],,,,,,,,,,Initial blocked projection; no completion or approval is claimed.,trading-optimizer-lab-org/aurora,refs/heads/main,56251bbdd76a994b5032b912e9266253af3f4091,codex/gtbi-v7-master-plan-bootstrap,,,[],,"Consolidated G7 budget, FX and exact repository/workload receipt set with no missing or duplicate billing domain",,,,,blocked_missing_price,COST_ESTIMATE_NOT_FROZEN,,,,github-user:271768688,"[""licence_and_acceptable_use_reviewer""]","[""github-user:271768688""]",sha256:14b5266364b2c255d4f5e7796970d192d20d1c1066cd9cbf1f72b02048cfb72e,"{""github-user:271768688"":1}",,,USD,{}
PREV7-0714,,1,1,"Terminal current-generation G7 validation cleanup after the G7 attempt is terminal, its dispatch registry is closed and every admitted operation is terminal, or after matching source/destination-owner formal-abandonment receipts; all leases/credentials/tenants revoked and repository deny-all",G7,P0,Repository owner,github-user:271768688,blocked,"[""PREV7-0711"",""PREV7-0713"",""PREV7-0715""]",,,COST_ESTIMATE_NOT_FROZEN,,https://github.com/trading-optimizer-lab-org/aurora/pull/21,"Terminal current-generation G7 validation cleanup after the G7 attempt is terminal, its dispatch registry is closed and every admitted operation is terminal, or after matching source/destination-owner formal-abandonment receipts; all leases/credentials/tenants revoked and repository deny-all",,[],[],provisional_git_bootstrap,,not_required_owner_controlled,gtbi-v7-master-plan-quality.yml,,,,,[],,,,,,,,,,Initial blocked projection; no completion or approval is claimed.,trading-optimizer-lab-org/aurora,refs/heads/main,56251bbdd76a994b5032b912e9266253af3f4091,codex/gtbi-v7-master-plan-bootstrap,,,[],,"Terminal current-generation G7 validation cleanup after the G7 attempt is terminal, its dispatch registry is closed and every admitted operation is terminal, or after matching source/destination-owner formal-abandonment receipts; all leases/credentials/tenants revoked and repository deny-all",,,,,blocked_missing_price,COST_ESTIMATE_NOT_FROZEN,,,,github-user:271768688,"[""repository_owner""]","[""github-user:271768688""]",sha256:14b5266364b2c255d4f5e7796970d192d20d1c1066cd9cbf1f72b02048cfb72e,"{""github-user:271768688"":1}",,,USD,{}
PREV7-0715,,1,1,"Append-only `G7_ATTEMPT-n` controller with per-attempt authorization, budget, keys, leases, evidence and terminal cleanup generation",G7,P0,Repository owner,github-user:271768688,blocked,"[""PREV7-0711"",""PREV7-0713""]",,,COST_ESTIMATE_NOT_FROZEN,,https://github.com/trading-optimizer-lab-org/aurora/pull/21,"Append-only `G7_ATTEMPT-n` controller with per-attempt authorization, budget, keys, leases, evidence and terminal cleanup generation",,[],[],provisional_git_bootstrap,,not_required_owner_controlled,gtbi-v7-master-plan-quality.yml,,,,,[],,,,,,,,,,Initial blocked projection; no completion or approval is claimed.,trading-optimizer-lab-org/aurora,refs/heads/main,56251bbdd76a994b5032b912e9266253af3f4091,codex/gtbi-v7-master-plan-bootstrap,,,[],,"Append-only `G7_ATTEMPT-n` controller with per-attempt authorization, budget, keys, leases, evidence and terminal cleanup generation",,,,,blocked_missing_price,COST_ESTIMATE_NOT_FROZEN,,,,github-user:271768688,"[""repository_owner""]","[""github-user:271768688""]",sha256:14b5266364b2c255d4f5e7796970d192d20d1c1066cd9cbf1f72b02048cfb72e,"{""github-user:271768688"":1}",,,USD,{}
PREV7-0800,,1,1,"V7 implementation merged by protected PR, then revalidated on the merged SHA through a fresh immutable G7 attempt with terminal cleanup receipt",G8,P0,Workflow reviewer,github-user:271768688,blocked,"[""G7"",""PREV7-0207"",""PREV7-0708"",""PREV7-0714"",""PREV7-0814""]",,,COST_ESTIMATE_NOT_FROZEN,,https://github.com/trading-optimizer-lab-org/aurora/pull/21,"V7 implementation merged by protected PR, then revalidated on the merged SHA through a fresh immutable G7 attempt with terminal cleanup receipt",,[],[],provisional_git_bootstrap,,not_required_owner_controlled,gtbi-v7-master-plan-quality.yml,,,,,[],,,,,,,,,,Initial blocked projection; no completion or approval is claimed.,trading-optimizer-lab-org/aurora,refs/heads/main,56251bbdd76a994b5032b912e9266253af3f4091,codex/gtbi-v7-master-plan-bootstrap,,,[],,"V7 implementation merged by protected PR, then revalidated on the merged SHA through a fresh immutable G7 attempt with terminal cleanup receipt",,,,,blocked_missing_price,COST_ESTIMATE_NOT_FROZEN,,,,github-user:271768688,"[""workflow_reviewer""]","[""github-user:271768688""]",sha256:14b5266364b2c255d4f5e7796970d192d20d1c1066cd9cbf1f72b02048cfb72e,"{""github-user:271768688"":1}",,,USD,{}
PREV7-0801,,1,1,"Go/no-go evidence bundle bound to the current role-registry digest plus independent redaction-review receipt, including execution identity, monetary authorizations, owner installation and independent-restore receipts",G8,P0,Implementer,github-user:271768688,blocked,"[""G0"",""G1A"",""G1B"",""G2"",""G3A"",""G3B"",""G4"",""G5"",""G6A"",""G6B"",""G7"",""PREV7-0310"",""PREV7-0808"",""PREV7-0810"",""PREV7-0813""]",,,COST_ESTIMATE_NOT_FROZEN,,https://github.com/trading-optimizer-lab-org/aurora/pull/21,"Go/no-go evidence bundle bound to the current role-registry digest plus independent redaction-review receipt, including execution identity, monetary authorizations, owner installation and independent-restore receipts",,[],[],provisional_git_bootstrap,,not_required_owner_controlled,gtbi-v7-master-plan-quality.yml,,,,,[],,,,,,,,,,Initial blocked projection; no completion or approval is claimed.,trading-optimizer-lab-org/aurora,refs/heads/main,56251bbdd76a994b5032b912e9266253af3f4091,codex/gtbi-v7-master-plan-bootstrap,,,[],,"Go/no-go evidence bundle bound to the current role-registry digest plus independent redaction-review receipt, including execution identity, monetary authorizations, owner installation and independent-restore receipts",,,,,blocked_missing_price,COST_ESTIMATE_NOT_FROZEN,,,,github-user:271768688,"[""implementer""]","[""github-user:271768688""]",sha256:14b5266364b2c255d4f5e7796970d192d20d1c1066cd9cbf1f72b02048cfb72e,"{""github-user:271768688"":1}",,,USD,{}
PREV7-0802,,1,1,Scientific sign-off on exact runbook-core digest,G8,P0,Scientific reviewer,github-user:271768688,blocked,"[""PREV7-0801"",""PREV7-0805""]",,,COST_ESTIMATE_NOT_FROZEN,,https://github.com/trading-optimizer-lab-org/aurora/pull/21,Scientific sign-off on exact runbook-core digest,,[],[],provisional_git_bootstrap,,not_required_owner_controlled,gtbi-v7-master-plan-quality.yml,,,,,[],,,,,,,,,,Initial blocked projection; no completion or approval is claimed.,trading-optimizer-lab-org/aurora,refs/heads/main,56251bbdd76a994b5032b912e9266253af3f4091,codex/gtbi-v7-master-plan-bootstrap,,,[],,Scientific sign-off on exact runbook-core digest,,,,,blocked_missing_price,COST_ESTIMATE_NOT_FROZEN,,,,github-user:271768688,"[""scientific_reviewer""]","[""github-user:271768688""]",sha256:14b5266364b2c255d4f5e7796970d192d20d1c1066cd9cbf1f72b02048cfb72e,"{""github-user:271768688"":1}",,,USD,{}
PREV7-0803,,1,1,Operational sign-off on exact runbook-core digest,G8,P0,Workflow reviewer,github-user:271768688,blocked,"[""PREV7-0801"",""PREV7-0805""]",,,COST_ESTIMATE_NOT_FROZEN,,https://github.com/trading-optimizer-lab-org/aurora/pull/21,Operational sign-off on exact runbook-core digest,,[],[],provisional_git_bootstrap,,not_required_owner_controlled,gtbi-v7-master-plan-quality.yml,,,,,[],,,,,,,,,,Initial blocked projection; no completion or approval is claimed.,trading-optimizer-lab-org/aurora,refs/heads/main,56251bbdd76a994b5032b912e9266253af3f4091,codex/gtbi-v7-master-plan-bootstrap,,,[],,Operational sign-off on exact runbook-core digest,,,,,blocked_missing_price,COST_ESTIMATE_NOT_FROZEN,,,,github-user:271768688,"[""workflow_reviewer""]","[""github-user:271768688""]",sha256:14b5266364b2c255d4f5e7796970d192d20d1c1066cd9cbf1f72b02048cfb72e,"{""github-user:271768688"":1}",,,USD,{}
PREV7-0804,,1,1,Explicit authorization receipt and immutable authorization envelope for the exact runbook core and security approval,G8,P0,Repository owner,github-user:271768688,blocked,"[""PREV7-0802"",""PREV7-0803"",""PREV7-0805"",""PREV7-0809"",""PREV7-0816""]",,,COST_ESTIMATE_NOT_FROZEN,,https://github.com/trading-optimizer-lab-org/aurora/pull/21,Explicit authorization receipt and immutable authorization envelope for the exact runbook core and security approval,,[],[],provisional_git_bootstrap,,not_required_owner_controlled,gtbi-v7-master-plan-quality.yml,,,,,[],,,,,,,,,,Initial blocked projection; no completion or approval is claimed.,trading-optimizer-lab-org/aurora,refs/heads/main,56251bbdd76a994b5032b912e9266253af3f4091,codex/gtbi-v7-master-plan-bootstrap,,,[],,Explicit authorization receipt and immutable authorization envelope for the exact runbook core and security approval,,,,,blocked_missing_price,COST_ESTIMATE_NOT_FROZEN,,,,github-user:271768688,"[""repository_owner""]","[""github-user:271768688""]",sha256:14b5266364b2c255d4f5e7796970d192d20d1c1066cd9cbf1f72b02048cfb72e,"{""github-user:271768688"":1}",,,USD,{}
PREV7-0805,,1,1,"Immutable proposed full-run runbook core, exact source/destination key-broker custodian operation receipts and digest",G8,P0,Implementer,github-user:271768688,blocked,"[""PREV7-0308"",""PREV7-0309"",""PREV7-0610"",""PREV7-0611"",""PREV7-0801""]",,,COST_ESTIMATE_NOT_FROZEN,,https://github.com/trading-optimizer-lab-org/aurora/pull/21,"Immutable proposed full-run runbook core, exact source/destination key-broker custodian operation receipts and digest",,[],[],provisional_git_bootstrap,,not_required_owner_controlled,gtbi-v7-master-plan-quality.yml,,,,,[],,,,,,,,,,Initial blocked projection; no completion or approval is claimed.,trading-optimizer-lab-org/aurora,refs/heads/main,56251bbdd76a994b5032b912e9266253af3f4091,codex/gtbi-v7-master-plan-bootstrap,,,[],,"Immutable proposed full-run runbook core, exact source/destination key-broker custodian operation receipts and digest",,,,,blocked_missing_price,COST_ESTIMATE_NOT_FROZEN,,,,github-user:271768688,"[""implementer""]","[""github-user:271768688""]",sha256:14b5266364b2c255d4f5e7796970d192d20d1c1066cd9cbf1f72b02048cfb72e,"{""github-user:271768688"":1}",,,USD,{}
PREV7-0806,,1,1,Approved full campaign executed only after revalidating the current G8 attempt/condition/evidence and consuming the immutable dispatch capsule,G9,P0,Implementer,github-user:271768688,blocked,"[""G8"",""PREV7-0805"",""PREV7-0807""]",,,COST_ESTIMATE_NOT_FROZEN,,https://github.com/trading-optimizer-lab-org/aurora/pull/21,Approved full campaign executed only after revalidating the current G8 attempt/condition/evidence and consuming the immutable dispatch capsule,,[],[],provisional_git_bootstrap,,not_required_owner_controlled,gtbi-v7-master-plan-quality.yml,,,,,[],,,,,,,,,,Initial blocked projection; no completion or approval is claimed.,trading-optimizer-lab-org/aurora,refs/heads/main,56251bbdd76a994b5032b912e9266253af3f4091,codex/gtbi-v7-master-plan-bootstrap,,,[],,Approved full campaign executed only after revalidating the current G8 attempt/condition/evidence and consuming the immutable dispatch capsule,,,,,blocked_missing_price,COST_ESTIMATE_NOT_FROZEN,,,,github-user:271768688,"[""implementer""]","[""github-user:271768688""]",sha256:14b5266364b2c255d4f5e7796970d192d20d1c1066cd9cbf1f72b02048cfb72e,"{""github-user:271768688"":1}",,,USD,{}
PREV7-0807,,1,1,"Final authorization/evidence sync to independent destination, restore proof and immutable dispatch capsule bound to the exact current G8 preauthorization attempt",G8,P0,Independent disaster-copy owner,github-user:271768688,blocked,"[""PREV7-0310"",""PREV7-0804""]",,,COST_ESTIMATE_NOT_FROZEN,,https://github.com/trading-optimizer-lab-org/aurora/pull/21,"Final authorization/evidence sync to independent destination, restore proof and immutable dispatch capsule bound to the exact current G8 preauthorization attempt",,[],[],provisional_git_bootstrap,,not_required_owner_controlled,gtbi-v7-master-plan-quality.yml,,,,,[],,,,,,,,,,Initial blocked projection; no completion or approval is claimed.,trading-optimizer-lab-org/aurora,refs/heads/main,56251bbdd76a994b5032b912e9266253af3f4091,codex/gtbi-v7-master-plan-bootstrap,,,[],,"Final authorization/evidence sync to independent destination, restore proof and immutable dispatch capsule bound to the exact current G8 preauthorization attempt",,,,,blocked_missing_price,COST_ESTIMATE_NOT_FROZEN,,,,github-user:271768688,"[""independent_disaster_copy_owner""]","[""github-user:271768688""]",sha256:14b5266364b2c255d4f5e7796970d192d20d1c1066cd9cbf1f72b02048cfb72e,"{""github-user:271768688"":1}",,,USD,{}
PREV7-0808,,1,1,"Owner-completed disposable campaign repository, source-App installation and destination-installation ceremony receipts",G8,P0,Repository owner,github-user:271768688,blocked,"[""PREV7-0204"",""PREV7-0308"",""PREV7-0800"",""PREV7-0814"",""PREV7-0815""]",,,COST_ESTIMATE_NOT_FROZEN,,https://github.com/trading-optimizer-lab-org/aurora/pull/21,"Owner-completed disposable campaign repository, source-App installation and destination-installation ceremony receipts",,[],[],provisional_git_bootstrap,,not_required_owner_controlled,gtbi-v7-master-plan-quality.yml,,,,,[],,,,,,,,,,Initial blocked projection; no completion or approval is claimed.,trading-optimizer-lab-org/aurora,refs/heads/main,56251bbdd76a994b5032b912e9266253af3f4091,codex/gtbi-v7-master-plan-bootstrap,,,[],,"Owner-completed disposable campaign repository, source-App installation and destination-installation ceremony receipts",,,,,blocked_missing_price,COST_ESTIMATE_NOT_FROZEN,,,,github-user:271768688,"[""repository_owner""]","[""github-user:271768688""]",sha256:14b5266364b2c255d4f5e7796970d192d20d1c1066cd9cbf1f72b02048cfb72e,"{""github-user:271768688"":1}",,,USD,{}
PREV7-0809,,1,1,Exact-workload acceptable-use approval receipt bound to the runbook-core digest,G8,P0,Licence and acceptable-use reviewer,github-user:271768688,blocked,"[""PREV7-0309"",""PREV7-0805""]",,,COST_ESTIMATE_NOT_FROZEN,,https://github.com/trading-optimizer-lab-org/aurora/pull/21,Exact-workload acceptable-use approval receipt bound to the runbook-core digest,,[],[],provisional_git_bootstrap,,not_required_owner_controlled,gtbi-v7-master-plan-quality.yml,,,,,[],,,,,,,,,,Initial blocked projection; no completion or approval is claimed.,trading-optimizer-lab-org/aurora,refs/heads/main,56251bbdd76a994b5032b912e9266253af3f4091,codex/gtbi-v7-master-plan-bootstrap,,,[],,Exact-workload acceptable-use approval receipt bound to the runbook-core digest,,,,,blocked_missing_price,COST_ESTIMATE_NOT_FROZEN,,,,github-user:271768688,"[""licence_and_acceptable_use_reviewer""]","[""github-user:271768688""]",sha256:14b5266364b2c255d4f5e7796970d192d20d1c1066cd9cbf1f72b02048cfb72e,"{""github-user:271768688"":1}",,,USD,{}
PREV7-0810,,1,1,"Exact reviewed execution bundle committed once in the campaign repository, with immutable commit/tree/mapping identity",G8,P0,Implementer,github-user:271768688,blocked,"[""PREV7-0808""]",,,COST_ESTIMATE_NOT_FROZEN,,https://github.com/trading-optimizer-lab-org/aurora/pull/21,"Exact reviewed execution bundle committed once in the campaign repository, with immutable commit/tree/mapping identity",,[],[],provisional_git_bootstrap,,not_required_owner_controlled,gtbi-v7-master-plan-quality.yml,,,,,[],,,,,,,,,,Initial blocked projection; no completion or approval is claimed.,trading-optimizer-lab-org/aurora,refs/heads/main,56251bbdd76a994b5032b912e9266253af3f4091,codex/gtbi-v7-master-plan-bootstrap,,,[],,"Exact reviewed execution bundle committed once in the campaign repository, with immutable commit/tree/mapping identity",,,,,blocked_missing_price,COST_ESTIMATE_NOT_FROZEN,,,,github-user:271768688,"[""implementer""]","[""github-user:271768688""]",sha256:14b5266364b2c255d4f5e7796970d192d20d1c1066cd9cbf1f72b02048cfb72e,"{""github-user:271768688"":1}",,,USD,{}
PREV7-0811,,1,1,Exact full source-account and source external-control monetary authorization and reservation,G8,P0,Repository owner,github-user:271768688,blocked,"[""PREV7-0309"",""PREV7-0708"",""PREV7-0810""]",,,COST_ESTIMATE_NOT_FROZEN,,https://github.com/trading-optimizer-lab-org/aurora/pull/21,Exact full source-account and source external-control monetary authorization and reservation,,[],[],provisional_git_bootstrap,,not_required_owner_controlled,gtbi-v7-master-plan-quality.yml,,,,,[],,,,,,,,,,Initial blocked projection; no completion or approval is claimed.,trading-optimizer-lab-org/aurora,refs/heads/main,56251bbdd76a994b5032b912e9266253af3f4091,codex/gtbi-v7-master-plan-bootstrap,,,[],,Exact full source-account and source external-control monetary authorization and reservation,,,,,blocked_missing_price,COST_ESTIMATE_NOT_FROZEN,,,,github-user:271768688,"[""repository_owner""]","[""github-user:271768688""]",sha256:14b5266364b2c255d4f5e7796970d192d20d1c1066cd9cbf1f72b02048cfb72e,"{""github-user:271768688"":1}",,,USD,{}
PREV7-0812,,1,1,Exact full destination-account and destination external-control monetary authorization and reservation,G8,P0,Independent disaster-copy owner,github-user:271768688,blocked,"[""PREV7-0308"",""PREV7-0309"",""PREV7-0708"",""PREV7-0810""]",,,COST_ESTIMATE_NOT_FROZEN,,https://github.com/trading-optimizer-lab-org/aurora/pull/21,Exact full destination-account and destination external-control monetary authorization and reservation,,[],[],provisional_git_bootstrap,,not_required_owner_controlled,gtbi-v7-master-plan-quality.yml,,,,,[],,,,,,,,,,Initial blocked projection; no completion or approval is claimed.,trading-optimizer-lab-org/aurora,refs/heads/main,56251bbdd76a994b5032b912e9266253af3f4091,codex/gtbi-v7-master-plan-bootstrap,,,[],,Exact full destination-account and destination external-control monetary authorization and reservation,,,,,blocked_missing_price,COST_ESTIMATE_NOT_FROZEN,,,,github-user:271768688,"[""independent_disaster_copy_owner""]","[""github-user:271768688""]",sha256:14b5266364b2c255d4f5e7796970d192d20d1c1066cd9cbf1f72b02048cfb72e,"{""github-user:271768688"":1}",,,USD,{}
PREV7-0813,,1,1,"Consolidated exact full budget, FX and reservation receipt set with no missing or duplicate billing domain",G8,P0,Licence and acceptable-use reviewer,github-user:271768688,blocked,"[""PREV7-0811"",""PREV7-0812""]",,,COST_ESTIMATE_NOT_FROZEN,,https://github.com/trading-optimizer-lab-org/aurora/pull/21,"Consolidated exact full budget, FX and reservation receipt set with no missing or duplicate billing domain",,[],[],provisional_git_bootstrap,,not_required_owner_controlled,gtbi-v7-master-plan-quality.yml,,,,,[],,,,,,,,,,Initial blocked projection; no completion or approval is claimed.,trading-optimizer-lab-org/aurora,refs/heads/main,56251bbdd76a994b5032b912e9266253af3f4091,codex/gtbi-v7-master-plan-bootstrap,,,[],,"Consolidated exact full budget, FX and reservation receipt set with no missing or duplicate billing domain",,,,,blocked_missing_price,COST_ESTIMATE_NOT_FROZEN,,,,github-user:271768688,"[""licence_and_acceptable_use_reviewer""]","[""github-user:271768688""]",sha256:14b5266364b2c255d4f5e7796970d192d20d1c1066cd9cbf1f72b02048cfb72e,"{""github-user:271768688"":1}",,,USD,{}
PREV7-0814,,1,1,"Immutable full-disposition controller initialized as `pending`, with immutable decision deadline/escalation, nonterminal intent/deadline states `abandonment_pending_remote` and `security_abandoned_pending_remote`, dispatch boundary and completed/abandoned branches",G8,P0,Repository owner,github-user:271768688,blocked,"[""PREV7-0714""]",,,COST_ESTIMATE_NOT_FROZEN,,https://github.com/trading-optimizer-lab-org/aurora/pull/21,"Immutable full-disposition controller initialized as `pending`, with immutable decision deadline/escalation, nonterminal intent/deadline states `abandonment_pending_remote` and `security_abandoned_pending_remote`, dispatch boundary and completed/abandoned branches",,[],[],provisional_git_bootstrap,,not_required_owner_controlled,gtbi-v7-master-plan-quality.yml,,,,,[],,,,,,,,,,Initial blocked projection; no completion or approval is claimed.,trading-optimizer-lab-org/aurora,refs/heads/main,56251bbdd76a994b5032b912e9266253af3f4091,codex/gtbi-v7-master-plan-bootstrap,,,[],,"Immutable full-disposition controller initialized as `pending`, with immutable decision deadline/escalation, nonterminal intent/deadline states `abandonment_pending_remote` and `security_abandoned_pending_remote`, dispatch boundary and completed/abandoned branches",,,,,blocked_missing_price,COST_ESTIMATE_NOT_FROZEN,,,,github-user:271768688,"[""repository_owner""]","[""github-user:271768688""]",sha256:14b5266364b2c255d4f5e7796970d192d20d1c1066cd9cbf1f72b02048cfb72e,"{""github-user:271768688"":1}",,,USD,{}
PREV7-0815,,1,1,Multi-party capped pre-ID authorization for campaign repository/App/key provisioning only,G8,P0,Licence and acceptable-use reviewer,github-user:271768688,blocked,"[""PREV7-0309"",""PREV7-0708"",""PREV7-0714"",""PREV7-0800"",""PREV7-0814""]",,,COST_ESTIMATE_NOT_FROZEN,,https://github.com/trading-optimizer-lab-org/aurora/pull/21,Multi-party capped pre-ID authorization for campaign repository/App/key provisioning only,,[],[],provisional_git_bootstrap,,not_required_owner_controlled,gtbi-v7-master-plan-quality.yml,,,,,[],,,,,,,,,,Initial blocked projection; no completion or approval is claimed.,trading-optimizer-lab-org/aurora,refs/heads/main,56251bbdd76a994b5032b912e9266253af3f4091,codex/gtbi-v7-master-plan-bootstrap,,,[],,Multi-party capped pre-ID authorization for campaign repository/App/key provisioning only,,,,,blocked_missing_price,COST_ESTIMATE_NOT_FROZEN,,,,github-user:271768688,"[""licence_and_acceptable_use_reviewer""]","[""github-user:271768688""]",sha256:14b5266364b2c255d4f5e7796970d192d20d1c1066cd9cbf1f72b02048cfb72e,"{""github-user:271768688"":1}",,,USD,{}
PREV7-0816,,1,1,"Final security approval for the exact runbook-core digest, deployed IAM/Apps/keys/deadmen, destructive-path tests and accepted residual risks",G8,P0,Independent security reviewer,github-user:271768688,blocked,"[""PREV7-0610"",""PREV7-0611"",""PREV7-0708"",""PREV7-0805""]",,,COST_ESTIMATE_NOT_FROZEN,,https://github.com/trading-optimizer-lab-org/aurora/pull/21,"Final security approval for the exact runbook-core digest, deployed IAM/Apps/keys/deadmen, destructive-path tests and accepted residual risks",,[],[],provisional_git_bootstrap,,not_required_owner_controlled,gtbi-v7-master-plan-quality.yml,,,,,[],,,,,,,,,,Initial blocked projection; no completion or approval is claimed.,trading-optimizer-lab-org/aurora,refs/heads/main,56251bbdd76a994b5032b912e9266253af3f4091,codex/gtbi-v7-master-plan-bootstrap,,,[],,"Final security approval for the exact runbook-core digest, deployed IAM/Apps/keys/deadmen, destructive-path tests and accepted residual risks",,,,,blocked_missing_price,COST_ESTIMATE_NOT_FROZEN,,,,github-user:271768688,"[""independent_security_reviewer""]","[""github-user:271768688""]",sha256:14b5266364b2c255d4f5e7796970d192d20d1c1066cd9cbf1f72b02048cfb72e,"{""github-user:271768688"":1}",,,USD,{}
PREV7-0901,,1,1,Final result verification,G9,P1,Implementer,github-user:271768688,blocked,"[""PREV7-0806""]",,,COST_ESTIMATE_NOT_FROZEN,,https://github.com/trading-optimizer-lab-org/aurora/pull/21,Final result verification,,[],[],provisional_git_bootstrap,,not_required_owner_controlled,gtbi-v7-master-plan-quality.yml,,,,,[],,,,,,,,,,Initial blocked projection; no completion or approval is claimed.,trading-optimizer-lab-org/aurora,refs/heads/main,56251bbdd76a994b5032b912e9266253af3f4091,codex/gtbi-v7-master-plan-bootstrap,,,[],,Final result verification,,,,,blocked_missing_price,COST_ESTIMATE_NOT_FROZEN,,,,github-user:271768688,"[""implementer""]","[""github-user:271768688""]",sha256:14b5266364b2c255d4f5e7796970d192d20d1c1066cd9cbf1f72b02048cfb72e,"{""github-user:271768688"":1}",,,USD,{}
PREV7-0902,,1,1,"Durable final result, recovery evidence and audit publication to primary and mirror",G9,P1,Implementer,github-user:271768688,blocked,"[""PREV7-0901""]",,,COST_ESTIMATE_NOT_FROZEN,,https://github.com/trading-optimizer-lab-org/aurora/pull/21,"Durable final result, recovery evidence and audit publication to primary and mirror",,[],[],provisional_git_bootstrap,,not_required_owner_controlled,gtbi-v7-master-plan-quality.yml,,,,,[],,,,,,,,,,Initial blocked projection; no completion or approval is claimed.,trading-optimizer-lab-org/aurora,refs/heads/main,56251bbdd76a994b5032b912e9266253af3f4091,codex/gtbi-v7-master-plan-bootstrap,,,[],,"Durable final result, recovery evidence and audit publication to primary and mirror",,,,,blocked_missing_price,COST_ESTIMATE_NOT_FROZEN,,,,github-user:271768688,"[""implementer""]","[""github-user:271768688""]",sha256:14b5266364b2c255d4f5e7796970d192d20d1c1066cd9cbf1f72b02048cfb72e,"{""github-user:271768688"":1}",,,USD,{}
PREV7-0903,,1,1,"Legacy rollback observation and retirement, concurrent with the recovery-retention window",G9,P2,Repository owner,github-user:271768688,blocked,"[""PREV7-0905""]",,,COST_ESTIMATE_NOT_FROZEN,,https://github.com/trading-optimizer-lab-org/aurora/pull/21,"Legacy rollback observation and retirement, concurrent with the recovery-retention window",,[],[],provisional_git_bootstrap,,not_required_owner_controlled,gtbi-v7-master-plan-quality.yml,,,,,[],,,,,,,,,,Initial blocked projection; no completion or approval is claimed.,trading-optimizer-lab-org/aurora,refs/heads/main,56251bbdd76a994b5032b912e9266253af3f4091,codex/gtbi-v7-master-plan-bootstrap,,,[],,"Legacy rollback observation and retirement, concurrent with the recovery-retention window",,,,,blocked_missing_price,COST_ESTIMATE_NOT_FROZEN,,,,github-user:271768688,"[""repository_owner""]","[""github-user:271768688""]",sha256:14b5266364b2c255d4f5e7796970d192d20d1c1066cd9cbf1f72b02048cfb72e,"{""github-user:271768688"":1}",,,USD,{}
PREV7-0904,,1,1,"Destination-pulled final result, recovery/audit evidence, independent restore and source-access revocation",G9,P1,Independent disaster-copy owner,github-user:271768688,blocked,"[""PREV7-0902""]",,,COST_ESTIMATE_NOT_FROZEN,,https://github.com/trading-optimizer-lab-org/aurora/pull/21,"Destination-pulled final result, recovery/audit evidence, independent restore and source-access revocation",,[],[],provisional_git_bootstrap,,not_required_owner_controlled,gtbi-v7-master-plan-quality.yml,,,,,[],,,,,,,,,,Initial blocked projection; no completion or approval is claimed.,trading-optimizer-lab-org/aurora,refs/heads/main,56251bbdd76a994b5032b912e9266253af3f4091,codex/gtbi-v7-master-plan-bootstrap,,,[],,"Destination-pulled final result, recovery/audit evidence, independent restore and source-access revocation",,,,,blocked_missing_price,COST_ESTIMATE_NOT_FROZEN,,,,github-user:271768688,"[""independent_disaster_copy_owner""]","[""github-user:271768688""]",sha256:14b5266364b2c255d4f5e7796970d192d20d1c1066cd9cbf1f72b02048cfb72e,"{""github-user:271768688"":1}",,,USD,{}
PREV7-0905,,1,1,"`full_disposition=completed` CAS plus immediate source/destination lease stop, App suspension, credential revocation and deny-all receipt",G9,P0,Repository owner,github-user:271768688,blocked,"[""PREV7-0904""]",,,COST_ESTIMATE_NOT_FROZEN,,https://github.com/trading-optimizer-lab-org/aurora/pull/21,"`full_disposition=completed` CAS plus immediate source/destination lease stop, App suspension, credential revocation and deny-all receipt",,[],[],provisional_git_bootstrap,,not_required_owner_controlled,gtbi-v7-master-plan-quality.yml,,,,,[],,,,,,,,,,Initial blocked projection; no completion or approval is claimed.,trading-optimizer-lab-org/aurora,refs/heads/main,56251bbdd76a994b5032b912e9266253af3f4091,codex/gtbi-v7-master-plan-bootstrap,,,[],,"`full_disposition=completed` CAS plus immediate source/destination lease stop, App suspension, credential revocation and deny-all receipt",,,,,blocked_missing_price,COST_ESTIMATE_NOT_FROZEN,,,,github-user:271768688,"[""repository_owner""]","[""github-user:271768688""]",sha256:14b5266364b2c255d4f5e7796970d192d20d1c1066cd9cbf1f72b02048cfb72e,"{""github-user:271768688"":1}",,,USD,{}
PREV7-0906,,1,1,Destination campaign control-plane retirement after recovery predicates and immutable billing/dispute-evidence export; reconciliation or bounded `DISPUTED_CLEAN` recorded,G9,P0,Independent disaster-copy owner,github-user:271768688,blocked,"[""PREV7-0905""]",,,COST_ESTIMATE_NOT_FROZEN,,https://github.com/trading-optimizer-lab-org/aurora/pull/21,Destination campaign control-plane retirement after recovery predicates and immutable billing/dispute-evidence export; reconciliation or bounded `DISPUTED_CLEAN` recorded,,[],[],provisional_git_bootstrap,,not_required_owner_controlled,gtbi-v7-master-plan-quality.yml,,,,,[],,,,,,,,,,Initial blocked projection; no completion or approval is claimed.,trading-optimizer-lab-org/aurora,refs/heads/main,56251bbdd76a994b5032b912e9266253af3f4091,codex/gtbi-v7-master-plan-bootstrap,,,[],,Destination campaign control-plane retirement after recovery predicates and immutable billing/dispute-evidence export; reconciliation or bounded `DISPUTED_CLEAN` recorded,,,,,blocked_missing_price,COST_ESTIMATE_NOT_FROZEN,,,,github-user:271768688,"[""independent_disaster_copy_owner""]","[""github-user:271768688""]",sha256:14b5266364b2c255d4f5e7796970d192d20d1c1066cd9cbf1f72b02048cfb72e,"{""github-user:271768688"":1}",,,USD,{}
PREV7-0907,,1,1,"Source campaign and G7 validation repositories, packages, checkpoints and external-control tenants independently physically retired after recovery predicates and immutable billing/dispute-evidence export",G9,P0,Repository owner,github-user:271768688,blocked,"[""PREV7-0905""]",,,COST_ESTIMATE_NOT_FROZEN,,https://github.com/trading-optimizer-lab-org/aurora/pull/21,"Source campaign and G7 validation repositories, packages, checkpoints and external-control tenants independently physically retired after recovery predicates and immutable billing/dispute-evidence export",,[],[],provisional_git_bootstrap,,not_required_owner_controlled,gtbi-v7-master-plan-quality.yml,,,,,[],,,,,,,,,,Initial blocked projection; no completion or approval is claimed.,trading-optimizer-lab-org/aurora,refs/heads/main,56251bbdd76a994b5032b912e9266253af3f4091,codex/gtbi-v7-master-plan-bootstrap,,,[],,"Source campaign and G7 validation repositories, packages, checkpoints and external-control tenants independently physically retired after recovery predicates and immutable billing/dispute-evidence export",,,,,blocked_missing_price,COST_ESTIMATE_NOT_FROZEN,,,,github-user:271768688,"[""repository_owner""]","[""github-user:271768688""]",sha256:14b5266364b2c255d4f5e7796970d192d20d1c1066cd9cbf1f72b02048cfb72e,"{""github-user:271768688"":1}",,,USD,{}
PREV7-0910,,1,1,"Conditional immediate abandoned-campaign security cleanup when `full_disposition=abandoned`, including one immutable inventory/no-action-or-revocation substitution receipt per cancelled pre-dispatch task",G9X,P0,Repository owner,github-user:271768688,blocked,"[""PREV7-0814""]",,,COST_ESTIMATE_NOT_FROZEN,,https://github.com/trading-optimizer-lab-org/aurora/pull/21,"Conditional immediate abandoned-campaign security cleanup when `full_disposition=abandoned`, including one immutable inventory/no-action-or-revocation substitution receipt per cancelled pre-dispatch task",,[],[],provisional_git_bootstrap,,not_required_owner_controlled,gtbi-v7-master-plan-quality.yml,,,,,[],,,,,,,,,,Initial blocked projection; no completion or approval is claimed.,trading-optimizer-lab-org/aurora,refs/heads/main,56251bbdd76a994b5032b912e9266253af3f4091,codex/gtbi-v7-master-plan-bootstrap,,,[],,"Conditional immediate abandoned-campaign security cleanup when `full_disposition=abandoned`, including one immutable inventory/no-action-or-revocation substitution receipt per cancelled pre-dispatch task",,,,,blocked_missing_price,COST_ESTIMATE_NOT_FROZEN,,,,github-user:271768688,"[""repository_owner""]","[""github-user:271768688""]",sha256:14b5266364b2c255d4f5e7796970d192d20d1c1066cd9cbf1f72b02048cfb72e,"{""github-user:271768688"":1}",,,USD,{}
PREV7-0911,,1,1,"Conditional delayed destination physical cleanup, independent receipt and reconciliation-or-bounded-`DISPUTED_CLEAN` state for the abandoned branch",G9X,P0,Independent disaster-copy owner,github-user:271768688,blocked,"[""PREV7-0910"",""PREV7-0914""]",,,COST_ESTIMATE_NOT_FROZEN,,https://github.com/trading-optimizer-lab-org/aurora/pull/21,"Conditional delayed destination physical cleanup, independent receipt and reconciliation-or-bounded-`DISPUTED_CLEAN` state for the abandoned branch",,[],[],provisional_git_bootstrap,,not_required_owner_controlled,gtbi-v7-master-plan-quality.yml,,,,,[],,,,,,,,,,Initial blocked projection; no completion or approval is claimed.,trading-optimizer-lab-org/aurora,refs/heads/main,56251bbdd76a994b5032b912e9266253af3f4091,codex/gtbi-v7-master-plan-bootstrap,,,[],,"Conditional delayed destination physical cleanup, independent receipt and reconciliation-or-bounded-`DISPUTED_CLEAN` state for the abandoned branch",,,,,blocked_missing_price,COST_ESTIMATE_NOT_FROZEN,,,,github-user:271768688,"[""independent_disaster_copy_owner""]","[""github-user:271768688""]",sha256:14b5266364b2c255d4f5e7796970d192d20d1c1066cd9cbf1f72b02048cfb72e,"{""github-user:271768688"":1}",,,USD,{}
PREV7-0912,,1,1,Conditional delayed source physical cleanup and independent receipt; joint reconciliation waits for both domains in PREV7-0913,G9X,P0,Repository owner,github-user:271768688,blocked,"[""PREV7-0910"",""PREV7-0914""]",,,COST_ESTIMATE_NOT_FROZEN,,https://github.com/trading-optimizer-lab-org/aurora/pull/21,Conditional delayed source physical cleanup and independent receipt; joint reconciliation waits for both domains in PREV7-0913,,[],[],provisional_git_bootstrap,,not_required_owner_controlled,gtbi-v7-master-plan-quality.yml,,,,,[],,,,,,,,,,Initial blocked projection; no completion or approval is claimed.,trading-optimizer-lab-org/aurora,refs/heads/main,56251bbdd76a994b5032b912e9266253af3f4091,codex/gtbi-v7-master-plan-bootstrap,,,[],,Conditional delayed source physical cleanup and independent receipt; joint reconciliation waits for both domains in PREV7-0913,,,,,blocked_missing_price,COST_ESTIMATE_NOT_FROZEN,,,,github-user:271768688,"[""repository_owner""]","[""github-user:271768688""]",sha256:14b5266364b2c255d4f5e7796970d192d20d1c1066cd9cbf1f72b02048cfb72e,"{""github-user:271768688"":1}",,,USD,{}
PREV7-0913,,1,1,"Final selected-campaign-branch reconciler: verifies normal or abandoned substitution receipts; normal completion requires every billing domain reconciled or pre-authorized `NO_INVOICE_EXPECTED_CLEAN`, while a dispute emits nonterminal `CAMPAIGN_DISPUTED_CLEAN` and keeps the task active; only the abandoned branch may close through its approved bounded financial exception",G9,P0,Licence and acceptable-use reviewer,github-user:271768688,blocked,"[""PREV7-0814"",""PREV7-0903"",""PREV7-0906"",""PREV7-0907"",""PREV7-0911"",""PREV7-0912""]",,,COST_ESTIMATE_NOT_FROZEN,,https://github.com/trading-optimizer-lab-org/aurora/pull/21,"Final selected-campaign-branch reconciler: verifies normal or abandoned substitution receipts; normal completion requires every billing domain reconciled or pre-authorized `NO_INVOICE_EXPECTED_CLEAN`, while a dispute emits nonterminal `CAMPAIGN_DISPUTED_CLEAN` and keeps the task active; only the abandoned branch may close through its approved bounded financial exception",,[],[],provisional_git_bootstrap,,not_required_owner_controlled,gtbi-v7-master-plan-quality.yml,,,,,[],,,,,,,,,,Initial blocked projection; no completion or approval is claimed.,trading-optimizer-lab-org/aurora,refs/heads/main,56251bbdd76a994b5032b912e9266253af3f4091,codex/gtbi-v7-master-plan-bootstrap,,,[],,"Final selected-campaign-branch reconciler: verifies normal or abandoned substitution receipts; normal completion requires every billing domain reconciled or pre-authorized `NO_INVOICE_EXPECTED_CLEAN`, while a dispute emits nonterminal `CAMPAIGN_DISPUTED_CLEAN` and keeps the task active; only the abandoned branch may close through its approved bounded financial exception",,,,,blocked_missing_price,COST_ESTIMATE_NOT_FROZEN,,,,github-user:271768688,"[""licence_and_acceptable_use_reviewer""]","[""github-user:271768688""]",sha256:14b5266364b2c255d4f5e7796970d192d20d1c1066cd9cbf1f72b02048cfb72e,"{""github-user:271768688"":1}",,,USD,{}
PREV7-0914,,1,1,"Conditional post-dispatch recovery-only dual-restore capsule and receipts, or pre-dispatch no-ciphertext alternative-completion receipt, including one immutable result/preservation substitution receipt per cancelled dispatch/result task",G9X,P0,Independent disaster-copy owner,github-user:271768688,blocked,"[""PREV7-0910""]",,,COST_ESTIMATE_NOT_FROZEN,,https://github.com/trading-optimizer-lab-org/aurora/pull/21,"Conditional post-dispatch recovery-only dual-restore capsule and receipts, or pre-dispatch no-ciphertext alternative-completion receipt, including one immutable result/preservation substitution receipt per cancelled dispatch/result task",,[],[],provisional_git_bootstrap,,not_required_owner_controlled,gtbi-v7-master-plan-quality.yml,,,,,[],,,,,,,,,,Initial blocked projection; no completion or approval is claimed.,trading-optimizer-lab-org/aurora,refs/heads/main,56251bbdd76a994b5032b912e9266253af3f4091,codex/gtbi-v7-master-plan-bootstrap,,,[],,"Conditional post-dispatch recovery-only dual-restore capsule and receipts, or pre-dispatch no-ciphertext alternative-completion receipt, including one immutable result/preservation substitution receipt per cancelled dispatch/result task",,,,,blocked_missing_price,COST_ESTIMATE_NOT_FROZEN,,,,github-user:271768688,"[""independent_disaster_copy_owner""]","[""github-user:271768688""]",sha256:14b5266364b2c255d4f5e7796970d192d20d1c1066cd9cbf1f72b02048cfb72e,"{""github-user:271768688"":1}",,,USD,{}
PREV7-1001,,1,1,Repository layout ADR,G10,P2,Implementer,github-user:271768688,blocked,"[""PREV7-0407""]",,,COST_ESTIMATE_NOT_FROZEN,,https://github.com/trading-optimizer-lab-org/aurora/pull/21,Repository layout ADR,,[],[],provisional_git_bootstrap,,not_required_owner_controlled,gtbi-v7-master-plan-quality.yml,,,,,[],,,,,,,,,,Initial blocked projection; no completion or approval is claimed.,trading-optimizer-lab-org/aurora,refs/heads/main,56251bbdd76a994b5032b912e9266253af3f4091,codex/gtbi-v7-master-plan-bootstrap,,,[],,Repository layout ADR,,,,,blocked_missing_price,COST_ESTIMATE_NOT_FROZEN,,,,github-user:271768688,"[""implementer""]","[""github-user:271768688""]",sha256:14b5266364b2c255d4f5e7796970d192d20d1c1066cd9cbf1f72b02048cfb72e,"{""github-user:271768688"":1}",,,USD,{}
PREV7-1002,,1,1,Staged non-GTBI package modernization,G10,P2,Implementer,github-user:271768688,blocked,"[""PREV7-1001""]",,,COST_ESTIMATE_NOT_FROZEN,,https://github.com/trading-optimizer-lab-org/aurora/pull/21,Staged non-GTBI package modernization,,[],[],provisional_git_bootstrap,,not_required_owner_controlled,gtbi-v7-master-plan-quality.yml,,,,,[],,,,,,,,,,Initial blocked projection; no completion or approval is claimed.,trading-optimizer-lab-org/aurora,refs/heads/main,56251bbdd76a994b5032b912e9266253af3f4091,codex/gtbi-v7-master-plan-bootstrap,,,[],,Staged non-GTBI package modernization,,,,,blocked_missing_price,COST_ESTIMATE_NOT_FROZEN,,,,github-user:271768688,"[""implementer""]","[""github-user:271768688""]",sha256:14b5266364b2c255d4f5e7796970d192d20d1c1066cd9cbf1f72b02048cfb72e,"{""github-user:271768688"":1}",,,USD,{}
PREV7-1003,,1,1,"Final successful-project reconciler, with actor distinct from implementer, last-change author and repository owner: verifies every other G10 obligation and a reconciled or pre-authorized-no-invoice normal campaign-clean receipt, then alone emits project-terminal `COMPLETED_CLEAN`",G10,P0,Workflow reviewer,github-user:271768688,blocked,"[""PREV7-0913"",""PREV7-1002""]",,,COST_ESTIMATE_NOT_FROZEN,,https://github.com/trading-optimizer-lab-org/aurora/pull/21,"Final successful-project reconciler, with actor distinct from implementer, last-change author and repository owner: verifies every other G10 obligation and a reconciled or pre-authorized-no-invoice normal campaign-clean receipt, then alone emits project-terminal `COMPLETED_CLEAN`",,[],[],provisional_git_bootstrap,,not_required_owner_controlled,gtbi-v7-master-plan-quality.yml,,,,,[],,,,,,,,,,Initial blocked projection; no completion or approval is claimed.,trading-optimizer-lab-org/aurora,refs/heads/main,56251bbdd76a994b5032b912e9266253af3f4091,codex/gtbi-v7-master-plan-bootstrap,,,[],,"Final successful-project reconciler, with actor distinct from implementer, last-change author and repository owner: verifies every other G10 obligation and a reconciled or pre-authorized-no-invoice normal campaign-clean receipt, then alone emits project-terminal `COMPLETED_CLEAN`",,,,,blocked_missing_price,COST_ESTIMATE_NOT_FROZEN,,,,github-user:271768688,"[""workflow_reviewer""]","[""github-user:271768688""]",sha256:14b5266364b2c255d4f5e7796970d192d20d1c1066cd9cbf1f72b02048cfb72e,"{""github-user:271768688"":1}",,,USD,{}
