family_id,concept_id,concept_name,market_overlay_id,market_overlay_name,strategy_count,research_source_ids,source_urls,family_logic
fam_01_01,q_stair_step_breakout,Q stair-step breakout,spy_stage2_bull,SPY Stage-2 bull regime,300,quallamaggie_stair_step_breakout|reddit_qullamaggie_ama_2025|x_momentum_pullback_snippets_2026|minervini_trend_template_public|brock_lakonishok_lebaron_1992,https://qullamaggie.com/my-3-timeless-setups-that-have-made-me-tens-of-millions/|https://www.reddit.com/r/qullamaggie/comments/1odsqh1/we_are_three_momentum_traders_triple_digit/|https://x.com/search?q=Qullamaggie%20pullback%20volume%20dry%20up%2010%2020%20EMA|https://www.chartmill.com/documentation/stock-screener/technical-analysis-trading-strategies/496-Mark-Minervini-Trend-Template-A-Step-by-Step-Guide-for-Beginners|https://ideas.repec.org/a/bla/jfinan/v47y1992i5p1731-64.html,Q stair-step breakout + SPY Stage-2 bull regime
fam_01_02,q_stair_step_breakout,Q stair-step breakout,spy_fast_risk_on,SPY fast risk-on regime,300,quallamaggie_stair_step_breakout|reddit_qullamaggie_ama_2025|x_momentum_pullback_snippets_2026|ibd_cup_handle_buy_point|brock_lakonishok_lebaron_1992,https://qullamaggie.com/my-3-timeless-setups-that-have-made-me-tens-of-millions/|https://www.reddit.com/r/qullamaggie/comments/1odsqh1/we_are_three_momentum_traders_triple_digit/|https://x.com/search?q=Qullamaggie%20pullback%20volume%20dry%20up%2010%2020%20EMA|https://www.investors.com/how-to-invest/investors-corner/amazon-stock-chart-patterns/|https://ideas.repec.org/a/bla/jfinan/v47y1992i5p1731-64.html,Q stair-step breakout + SPY fast risk-on regime
fam_01_03,q_stair_step_breakout,Q stair-step breakout,spy_pullback_reclaim,SPY pullback reclaim regime,300,quallamaggie_stair_step_breakout|reddit_qullamaggie_ama_2025|x_momentum_pullback_snippets_2026|reddit_realdaytrading_rs_state,https://qullamaggie.com/my-3-timeless-setups-that-have-made-me-tens-of-millions/|https://www.reddit.com/r/qullamaggie/comments/1odsqh1/we_are_three_momentum_traders_triple_digit/|https://x.com/search?q=Qullamaggie%20pullback%20volume%20dry%20up%2010%2020%20EMA|https://www.reddit.com/r/RealDayTrading/comments/sc39td/two_questions_about_trading_with_relative_strength/,Q stair-step breakout + SPY pullback reclaim regime
fam_01_04,q_stair_step_breakout,Q stair-step breakout,spy_low_vol_uptrend,SPY low-volatility uptrend,300,quallamaggie_stair_step_breakout|reddit_qullamaggie_ama_2025|x_momentum_pullback_snippets_2026|bollinger_squeeze_chartschool|atr_trailing_stop_chartschool,https://qullamaggie.com/my-3-timeless-setups-that-have-made-me-tens-of-millions/|https://www.reddit.com/r/qullamaggie/comments/1odsqh1/we_are_three_momentum_traders_triple_digit/|https://x.com/search?q=Qullamaggie%20pullback%20volume%20dry%20up%2010%2020%20EMA|https://chartschool.stockcharts.com/table-of-contents/trading-strategies-and-models/trading-strategies/bollinger-band-squeeze|https://chartschool.stockcharts.com/table-of-contents/technical-indicators-and-overlays/technical-indicators/atr-trailing-stops,Q stair-step breakout + SPY low-volatility uptrend
fam_01_05,q_stair_step_breakout,Q stair-step breakout,spy_distribution_light,SPY light distribution regime,300,quallamaggie_stair_step_breakout|reddit_qullamaggie_ama_2025|x_momentum_pullback_snippets_2026|ibd_sell_rules|ibd_50_day_line_sell,https://qullamaggie.com/my-3-timeless-setups-that-have-made-me-tens-of-millions/|https://www.reddit.com/r/qullamaggie/comments/1odsqh1/we_are_three_momentum_traders_triple_digit/|https://x.com/search?q=Qullamaggie%20pullback%20volume%20dry%20up%2010%2020%20EMA|https://www.investors.com/how-to-invest/when-to-sell-stocks/|https://www.investors.com/how-to-invest/investors-corner/what-is-the-50-day-moving-average-when-to-buy-or-sell-growth-stocks/,Q stair-step breakout + SPY light distribution regime
fam_01_06,q_stair_step_breakout,Q stair-step breakout,spy_momentum_positive,SPY positive 20/50-day momentum,300,quallamaggie_stair_step_breakout|reddit_qullamaggie_ama_2025|x_momentum_pullback_snippets_2026|moskowitz_ooi_pedersen_2012_tsmom|brock_lakonishok_lebaron_1992,https://qullamaggie.com/my-3-timeless-setups-that-have-made-me-tens-of-millions/|https://www.reddit.com/r/qullamaggie/comments/1odsqh1/we_are_three_momentum_traders_triple_digit/|https://x.com/search?q=Qullamaggie%20pullback%20volume%20dry%20up%2010%2020%20EMA|https://papers.ssrn.com/sol3/papers.cfm?abstract_id=2089463|https://ideas.repec.org/a/bla/jfinan/v47y1992i5p1731-64.html,Q stair-step breakout + SPY positive 20/50-day momentum
fam_01_07,q_stair_step_breakout,Q stair-step breakout,spy_dip_but_not_broken,SPY dip but not broken,300,quallamaggie_stair_step_breakout|reddit_qullamaggie_ama_2025|x_momentum_pullback_snippets_2026|reddit_momentum_setups_2026|ibd_sell_rules,https://qullamaggie.com/my-3-timeless-setups-that-have-made-me-tens-of-millions/|https://www.reddit.com/r/qullamaggie/comments/1odsqh1/we_are_three_momentum_traders_triple_digit/|https://x.com/search?q=Qullamaggie%20pullback%20volume%20dry%20up%2010%2020%20EMA|https://www.reddit.com/r/swingtrading/comments/1r7m0bd/3_momentum_setups_im_watching_february_17_2026/|https://www.investors.com/how-to-invest/when-to-sell-stocks/,Q stair-step breakout + SPY dip but not broken
fam_01_08,q_stair_step_breakout,Q stair-step breakout,spy_broad_loose_bull,SPY loose bull / frequency regime,300,quallamaggie_stair_step_breakout|reddit_qullamaggie_ama_2025|x_momentum_pullback_snippets_2026|brock_lakonishok_lebaron_1992|moskowitz_ooi_pedersen_2012_tsmom,https://qullamaggie.com/my-3-timeless-setups-that-have-made-me-tens-of-millions/|https://www.reddit.com/r/qullamaggie/comments/1odsqh1/we_are_three_momentum_traders_triple_digit/|https://x.com/search?q=Qullamaggie%20pullback%20volume%20dry%20up%2010%2020%20EMA|https://ideas.repec.org/a/bla/jfinan/v47y1992i5p1731-64.html|https://papers.ssrn.com/sol3/papers.cfm?abstract_id=2089463,Q stair-step breakout + SPY loose bull / frequency regime
fam_02_01,q_stair_step_reclaim,Q stair-step MA reclaim,spy_stage2_bull,SPY Stage-2 bull regime,300,quallamaggie_stair_step_breakout|reddit_swing_pullbacks_2026|minervini_trend_template_public|brock_lakonishok_lebaron_1992,https://qullamaggie.com/my-3-timeless-setups-that-have-made-me-tens-of-millions/|https://www.reddit.com/r/swingtrading/comments/1sy4oxs/momentum_stock_entries_on_pullbacks_frustration/|https://www.chartmill.com/documentation/stock-screener/technical-analysis-trading-strategies/496-Mark-Minervini-Trend-Template-A-Step-by-Step-Guide-for-Beginners|https://ideas.repec.org/a/bla/jfinan/v47y1992i5p1731-64.html,Q stair-step MA reclaim + SPY Stage-2 bull regime
fam_02_02,q_stair_step_reclaim,Q stair-step MA reclaim,spy_fast_risk_on,SPY fast risk-on regime,300,quallamaggie_stair_step_breakout|reddit_swing_pullbacks_2026|ibd_cup_handle_buy_point|brock_lakonishok_lebaron_1992,https://qullamaggie.com/my-3-timeless-setups-that-have-made-me-tens-of-millions/|https://www.reddit.com/r/swingtrading/comments/1sy4oxs/momentum_stock_entries_on_pullbacks_frustration/|https://www.investors.com/how-to-invest/investors-corner/amazon-stock-chart-patterns/|https://ideas.repec.org/a/bla/jfinan/v47y1992i5p1731-64.html,Q stair-step MA reclaim + SPY fast risk-on regime
fam_02_03,q_stair_step_reclaim,Q stair-step MA reclaim,spy_pullback_reclaim,SPY pullback reclaim regime,300,quallamaggie_stair_step_breakout|reddit_swing_pullbacks_2026|reddit_realdaytrading_rs_state,https://qullamaggie.com/my-3-timeless-setups-that-have-made-me-tens-of-millions/|https://www.reddit.com/r/swingtrading/comments/1sy4oxs/momentum_stock_entries_on_pullbacks_frustration/|https://www.reddit.com/r/RealDayTrading/comments/sc39td/two_questions_about_trading_with_relative_strength/,Q stair-step MA reclaim + SPY pullback reclaim regime
fam_02_04,q_stair_step_reclaim,Q stair-step MA reclaim,spy_low_vol_uptrend,SPY low-volatility uptrend,300,quallamaggie_stair_step_breakout|reddit_swing_pullbacks_2026|bollinger_squeeze_chartschool|atr_trailing_stop_chartschool,https://qullamaggie.com/my-3-timeless-setups-that-have-made-me-tens-of-millions/|https://www.reddit.com/r/swingtrading/comments/1sy4oxs/momentum_stock_entries_on_pullbacks_frustration/|https://chartschool.stockcharts.com/table-of-contents/trading-strategies-and-models/trading-strategies/bollinger-band-squeeze|https://chartschool.stockcharts.com/table-of-contents/technical-indicators-and-overlays/technical-indicators/atr-trailing-stops,Q stair-step MA reclaim + SPY low-volatility uptrend
fam_02_05,q_stair_step_reclaim,Q stair-step MA reclaim,spy_distribution_light,SPY light distribution regime,300,quallamaggie_stair_step_breakout|reddit_swing_pullbacks_2026|ibd_sell_rules|ibd_50_day_line_sell,https://qullamaggie.com/my-3-timeless-setups-that-have-made-me-tens-of-millions/|https://www.reddit.com/r/swingtrading/comments/1sy4oxs/momentum_stock_entries_on_pullbacks_frustration/|https://www.investors.com/how-to-invest/when-to-sell-stocks/|https://www.investors.com/how-to-invest/investors-corner/what-is-the-50-day-moving-average-when-to-buy-or-sell-growth-stocks/,Q stair-step MA reclaim + SPY light distribution regime
fam_02_06,q_stair_step_reclaim,Q stair-step MA reclaim,spy_momentum_positive,SPY positive 20/50-day momentum,300,quallamaggie_stair_step_breakout|reddit_swing_pullbacks_2026|moskowitz_ooi_pedersen_2012_tsmom|brock_lakonishok_lebaron_1992,https://qullamaggie.com/my-3-timeless-setups-that-have-made-me-tens-of-millions/|https://www.reddit.com/r/swingtrading/comments/1sy4oxs/momentum_stock_entries_on_pullbacks_frustration/|https://papers.ssrn.com/sol3/papers.cfm?abstract_id=2089463|https://ideas.repec.org/a/bla/jfinan/v47y1992i5p1731-64.html,Q stair-step MA reclaim + SPY positive 20/50-day momentum
fam_02_07,q_stair_step_reclaim,Q stair-step MA reclaim,spy_dip_but_not_broken,SPY dip but not broken,300,quallamaggie_stair_step_breakout|reddit_swing_pullbacks_2026|reddit_momentum_setups_2026|ibd_sell_rules,https://qullamaggie.com/my-3-timeless-setups-that-have-made-me-tens-of-millions/|https://www.reddit.com/r/swingtrading/comments/1sy4oxs/momentum_stock_entries_on_pullbacks_frustration/|https://www.reddit.com/r/swingtrading/comments/1r7m0bd/3_momentum_setups_im_watching_february_17_2026/|https://www.investors.com/how-to-invest/when-to-sell-stocks/,Q stair-step MA reclaim + SPY dip but not broken
fam_02_08,q_stair_step_reclaim,Q stair-step MA reclaim,spy_broad_loose_bull,SPY loose bull / frequency regime,300,quallamaggie_stair_step_breakout|reddit_swing_pullbacks_2026|brock_lakonishok_lebaron_1992|moskowitz_ooi_pedersen_2012_tsmom,https://qullamaggie.com/my-3-timeless-setups-that-have-made-me-tens-of-millions/|https://www.reddit.com/r/swingtrading/comments/1sy4oxs/momentum_stock_entries_on_pullbacks_frustration/|https://ideas.repec.org/a/bla/jfinan/v47y1992i5p1731-64.html|https://papers.ssrn.com/sol3/papers.cfm?abstract_id=2089463,Q stair-step MA reclaim + SPY loose bull / frequency regime
fam_03_01,ep_gap_volume_continuation_proxy,Episodic-pivot daily OHLCV proxy,spy_stage2_bull,SPY Stage-2 bull regime,300,quallamaggie_ep_proxy|minervini_trend_template_public|brock_lakonishok_lebaron_1992,https://qullamaggie.com/how-to-master-a-setup-episodic-pivots/|https://www.chartmill.com/documentation/stock-screener/technical-analysis-trading-strategies/496-Mark-Minervini-Trend-Template-A-Step-by-Step-Guide-for-Beginners|https://ideas.repec.org/a/bla/jfinan/v47y1992i5p1731-64.html,Episodic-pivot daily OHLCV proxy + SPY Stage-2 bull regime
fam_03_02,ep_gap_volume_continuation_proxy,Episodic-pivot daily OHLCV proxy,spy_fast_risk_on,SPY fast risk-on regime,300,quallamaggie_ep_proxy|ibd_cup_handle_buy_point|brock_lakonishok_lebaron_1992,https://qullamaggie.com/how-to-master-a-setup-episodic-pivots/|https://www.investors.com/how-to-invest/investors-corner/amazon-stock-chart-patterns/|https://ideas.repec.org/a/bla/jfinan/v47y1992i5p1731-64.html,Episodic-pivot daily OHLCV proxy + SPY fast risk-on regime
fam_03_03,ep_gap_volume_continuation_proxy,Episodic-pivot daily OHLCV proxy,spy_pullback_reclaim,SPY pullback reclaim regime,300,quallamaggie_ep_proxy|reddit_realdaytrading_rs_state|quallamaggie_stair_step_breakout,https://qullamaggie.com/how-to-master-a-setup-episodic-pivots/|https://www.reddit.com/r/RealDayTrading/comments/sc39td/two_questions_about_trading_with_relative_strength/|https://qullamaggie.com/my-3-timeless-setups-that-have-made-me-tens-of-millions/,Episodic-pivot daily OHLCV proxy + SPY pullback reclaim regime
fam_03_04,ep_gap_volume_continuation_proxy,Episodic-pivot daily OHLCV proxy,spy_low_vol_uptrend,SPY low-volatility uptrend,300,quallamaggie_ep_proxy|bollinger_squeeze_chartschool|atr_trailing_stop_chartschool,https://qullamaggie.com/how-to-master-a-setup-episodic-pivots/|https://chartschool.stockcharts.com/table-of-contents/trading-strategies-and-models/trading-strategies/bollinger-band-squeeze|https://chartschool.stockcharts.com/table-of-contents/technical-indicators-and-overlays/technical-indicators/atr-trailing-stops,Episodic-pivot daily OHLCV proxy + SPY low-volatility uptrend
fam_03_05,ep_gap_volume_continuation_proxy,Episodic-pivot daily OHLCV proxy,spy_distribution_light,SPY light distribution regime,300,quallamaggie_ep_proxy|ibd_sell_rules|ibd_50_day_line_sell,https://qullamaggie.com/how-to-master-a-setup-episodic-pivots/|https://www.investors.com/how-to-invest/when-to-sell-stocks/|https://www.investors.com/how-to-invest/investors-corner/what-is-the-50-day-moving-average-when-to-buy-or-sell-growth-stocks/,Episodic-pivot daily OHLCV proxy + SPY light distribution regime
fam_03_06,ep_gap_volume_continuation_proxy,Episodic-pivot daily OHLCV proxy,spy_momentum_positive,SPY positive 20/50-day momentum,300,quallamaggie_ep_proxy|moskowitz_ooi_pedersen_2012_tsmom|brock_lakonishok_lebaron_1992,https://qullamaggie.com/how-to-master-a-setup-episodic-pivots/|https://papers.ssrn.com/sol3/papers.cfm?abstract_id=2089463|https://ideas.repec.org/a/bla/jfinan/v47y1992i5p1731-64.html,Episodic-pivot daily OHLCV proxy + SPY positive 20/50-day momentum
fam_03_07,ep_gap_volume_continuation_proxy,Episodic-pivot daily OHLCV proxy,spy_dip_but_not_broken,SPY dip but not broken,300,quallamaggie_ep_proxy|reddit_momentum_setups_2026|ibd_sell_rules,https://qullamaggie.com/how-to-master-a-setup-episodic-pivots/|https://www.reddit.com/r/swingtrading/comments/1r7m0bd/3_momentum_setups_im_watching_february_17_2026/|https://www.investors.com/how-to-invest/when-to-sell-stocks/,Episodic-pivot daily OHLCV proxy + SPY dip but not broken
fam_03_08,ep_gap_volume_continuation_proxy,Episodic-pivot daily OHLCV proxy,spy_broad_loose_bull,SPY loose bull / frequency regime,300,quallamaggie_ep_proxy|brock_lakonishok_lebaron_1992|moskowitz_ooi_pedersen_2012_tsmom,https://qullamaggie.com/how-to-master-a-setup-episodic-pivots/|https://ideas.repec.org/a/bla/jfinan/v47y1992i5p1731-64.html|https://papers.ssrn.com/sol3/papers.cfm?abstract_id=2089463,Episodic-pivot daily OHLCV proxy + SPY loose bull / frequency regime
fam_04_01,post_ep_pullback_reclaim_proxy,Post-EP pullback reclaim proxy,spy_stage2_bull,SPY Stage-2 bull regime,300,quallamaggie_ep_proxy|quallamaggie_stair_step_breakout|minervini_trend_template_public|brock_lakonishok_lebaron_1992,https://qullamaggie.com/how-to-master-a-setup-episodic-pivots/|https://qullamaggie.com/my-3-timeless-setups-that-have-made-me-tens-of-millions/|https://www.chartmill.com/documentation/stock-screener/technical-analysis-trading-strategies/496-Mark-Minervini-Trend-Template-A-Step-by-Step-Guide-for-Beginners|https://ideas.repec.org/a/bla/jfinan/v47y1992i5p1731-64.html,Post-EP pullback reclaim proxy + SPY Stage-2 bull regime
fam_04_02,post_ep_pullback_reclaim_proxy,Post-EP pullback reclaim proxy,spy_fast_risk_on,SPY fast risk-on regime,300,quallamaggie_ep_proxy|quallamaggie_stair_step_breakout|ibd_cup_handle_buy_point|brock_lakonishok_lebaron_1992,https://qullamaggie.com/how-to-master-a-setup-episodic-pivots/|https://qullamaggie.com/my-3-timeless-setups-that-have-made-me-tens-of-millions/|https://www.investors.com/how-to-invest/investors-corner/amazon-stock-chart-patterns/|https://ideas.repec.org/a/bla/jfinan/v47y1992i5p1731-64.html,Post-EP pullback reclaim proxy + SPY fast risk-on regime
fam_04_03,post_ep_pullback_reclaim_proxy,Post-EP pullback reclaim proxy,spy_pullback_reclaim,SPY pullback reclaim regime,300,quallamaggie_ep_proxy|quallamaggie_stair_step_breakout|reddit_realdaytrading_rs_state,https://qullamaggie.com/how-to-master-a-setup-episodic-pivots/|https://qullamaggie.com/my-3-timeless-setups-that-have-made-me-tens-of-millions/|https://www.reddit.com/r/RealDayTrading/comments/sc39td/two_questions_about_trading_with_relative_strength/,Post-EP pullback reclaim proxy + SPY pullback reclaim regime
fam_04_04,post_ep_pullback_reclaim_proxy,Post-EP pullback reclaim proxy,spy_low_vol_uptrend,SPY low-volatility uptrend,300,quallamaggie_ep_proxy|quallamaggie_stair_step_breakout|bollinger_squeeze_chartschool|atr_trailing_stop_chartschool,https://qullamaggie.com/how-to-master-a-setup-episodic-pivots/|https://qullamaggie.com/my-3-timeless-setups-that-have-made-me-tens-of-millions/|https://chartschool.stockcharts.com/table-of-contents/trading-strategies-and-models/trading-strategies/bollinger-band-squeeze|https://chartschool.stockcharts.com/table-of-contents/technical-indicators-and-overlays/technical-indicators/atr-trailing-stops,Post-EP pullback reclaim proxy + SPY low-volatility uptrend
fam_04_05,post_ep_pullback_reclaim_proxy,Post-EP pullback reclaim proxy,spy_distribution_light,SPY light distribution regime,300,quallamaggie_ep_proxy|quallamaggie_stair_step_breakout|ibd_sell_rules|ibd_50_day_line_sell,https://qullamaggie.com/how-to-master-a-setup-episodic-pivots/|https://qullamaggie.com/my-3-timeless-setups-that-have-made-me-tens-of-millions/|https://www.investors.com/how-to-invest/when-to-sell-stocks/|https://www.investors.com/how-to-invest/investors-corner/what-is-the-50-day-moving-average-when-to-buy-or-sell-growth-stocks/,Post-EP pullback reclaim proxy + SPY light distribution regime
fam_04_06,post_ep_pullback_reclaim_proxy,Post-EP pullback reclaim proxy,spy_momentum_positive,SPY positive 20/50-day momentum,300,quallamaggie_ep_proxy|quallamaggie_stair_step_breakout|moskowitz_ooi_pedersen_2012_tsmom|brock_lakonishok_lebaron_1992,https://qullamaggie.com/how-to-master-a-setup-episodic-pivots/|https://qullamaggie.com/my-3-timeless-setups-that-have-made-me-tens-of-millions/|https://papers.ssrn.com/sol3/papers.cfm?abstract_id=2089463|https://ideas.repec.org/a/bla/jfinan/v47y1992i5p1731-64.html,Post-EP pullback reclaim proxy + SPY positive 20/50-day momentum
fam_04_07,post_ep_pullback_reclaim_proxy,Post-EP pullback reclaim proxy,spy_dip_but_not_broken,SPY dip but not broken,300,quallamaggie_ep_proxy|quallamaggie_stair_step_breakout|reddit_momentum_setups_2026|ibd_sell_rules,https://qullamaggie.com/how-to-master-a-setup-episodic-pivots/|https://qullamaggie.com/my-3-timeless-setups-that-have-made-me-tens-of-millions/|https://www.reddit.com/r/swingtrading/comments/1r7m0bd/3_momentum_setups_im_watching_february_17_2026/|https://www.investors.com/how-to-invest/when-to-sell-stocks/,Post-EP pullback reclaim proxy + SPY dip but not broken
fam_04_08,post_ep_pullback_reclaim_proxy,Post-EP pullback reclaim proxy,spy_broad_loose_bull,SPY loose bull / frequency regime,300,quallamaggie_ep_proxy|quallamaggie_stair_step_breakout|brock_lakonishok_lebaron_1992|moskowitz_ooi_pedersen_2012_tsmom,https://qullamaggie.com/how-to-master-a-setup-episodic-pivots/|https://qullamaggie.com/my-3-timeless-setups-that-have-made-me-tens-of-millions/|https://ideas.repec.org/a/bla/jfinan/v47y1992i5p1731-64.html|https://papers.ssrn.com/sol3/papers.cfm?abstract_id=2089463,Post-EP pullback reclaim proxy + SPY loose bull / frequency regime
fam_05_01,minervini_vcp_pivot_breakout,Minervini VCP pivot breakout,spy_stage2_bull,SPY Stage-2 bull regime,300,minervini_vcp_traderlion|minervini_trend_template_public|brock_lakonishok_lebaron_1992,https://traderlion.com/technical-analysis/volatility-contraction-pattern/|https://www.chartmill.com/documentation/stock-screener/technical-analysis-trading-strategies/496-Mark-Minervini-Trend-Template-A-Step-by-Step-Guide-for-Beginners|https://ideas.repec.org/a/bla/jfinan/v47y1992i5p1731-64.html,Minervini VCP pivot breakout + SPY Stage-2 bull regime
fam_05_02,minervini_vcp_pivot_breakout,Minervini VCP pivot breakout,spy_fast_risk_on,SPY fast risk-on regime,300,minervini_vcp_traderlion|minervini_trend_template_public|ibd_cup_handle_buy_point|brock_lakonishok_lebaron_1992,https://traderlion.com/technical-analysis/volatility-contraction-pattern/|https://www.chartmill.com/documentation/stock-screener/technical-analysis-trading-strategies/496-Mark-Minervini-Trend-Template-A-Step-by-Step-Guide-for-Beginners|https://www.investors.com/how-to-invest/investors-corner/amazon-stock-chart-patterns/|https://ideas.repec.org/a/bla/jfinan/v47y1992i5p1731-64.html,Minervini VCP pivot breakout + SPY fast risk-on regime
fam_05_03,minervini_vcp_pivot_breakout,Minervini VCP pivot breakout,spy_pullback_reclaim,SPY pullback reclaim regime,300,minervini_vcp_traderlion|minervini_trend_template_public|reddit_realdaytrading_rs_state|quallamaggie_stair_step_breakout,https://traderlion.com/technical-analysis/volatility-contraction-pattern/|https://www.chartmill.com/documentation/stock-screener/technical-analysis-trading-strategies/496-Mark-Minervini-Trend-Template-A-Step-by-Step-Guide-for-Beginners|https://www.reddit.com/r/RealDayTrading/comments/sc39td/two_questions_about_trading_with_relative_strength/|https://qullamaggie.com/my-3-timeless-setups-that-have-made-me-tens-of-millions/,Minervini VCP pivot breakout + SPY pullback reclaim regime
fam_05_04,minervini_vcp_pivot_breakout,Minervini VCP pivot breakout,spy_low_vol_uptrend,SPY low-volatility uptrend,300,minervini_vcp_traderlion|minervini_trend_template_public|bollinger_squeeze_chartschool|atr_trailing_stop_chartschool,https://traderlion.com/technical-analysis/volatility-contraction-pattern/|https://www.chartmill.com/documentation/stock-screener/technical-analysis-trading-strategies/496-Mark-Minervini-Trend-Template-A-Step-by-Step-Guide-for-Beginners|https://chartschool.stockcharts.com/table-of-contents/trading-strategies-and-models/trading-strategies/bollinger-band-squeeze|https://chartschool.stockcharts.com/table-of-contents/technical-indicators-and-overlays/technical-indicators/atr-trailing-stops,Minervini VCP pivot breakout + SPY low-volatility uptrend
fam_05_05,minervini_vcp_pivot_breakout,Minervini VCP pivot breakout,spy_distribution_light,SPY light distribution regime,300,minervini_vcp_traderlion|minervini_trend_template_public|ibd_sell_rules|ibd_50_day_line_sell,https://traderlion.com/technical-analysis/volatility-contraction-pattern/|https://www.chartmill.com/documentation/stock-screener/technical-analysis-trading-strategies/496-Mark-Minervini-Trend-Template-A-Step-by-Step-Guide-for-Beginners|https://www.investors.com/how-to-invest/when-to-sell-stocks/|https://www.investors.com/how-to-invest/investors-corner/what-is-the-50-day-moving-average-when-to-buy-or-sell-growth-stocks/,Minervini VCP pivot breakout + SPY light distribution regime
fam_05_06,minervini_vcp_pivot_breakout,Minervini VCP pivot breakout,spy_momentum_positive,SPY positive 20/50-day momentum,300,minervini_vcp_traderlion|minervini_trend_template_public|moskowitz_ooi_pedersen_2012_tsmom|brock_lakonishok_lebaron_1992,https://traderlion.com/technical-analysis/volatility-contraction-pattern/|https://www.chartmill.com/documentation/stock-screener/technical-analysis-trading-strategies/496-Mark-Minervini-Trend-Template-A-Step-by-Step-Guide-for-Beginners|https://papers.ssrn.com/sol3/papers.cfm?abstract_id=2089463|https://ideas.repec.org/a/bla/jfinan/v47y1992i5p1731-64.html,Minervini VCP pivot breakout + SPY positive 20/50-day momentum
fam_05_07,minervini_vcp_pivot_breakout,Minervini VCP pivot breakout,spy_dip_but_not_broken,SPY dip but not broken,300,minervini_vcp_traderlion|minervini_trend_template_public|reddit_momentum_setups_2026|ibd_sell_rules,https://traderlion.com/technical-analysis/volatility-contraction-pattern/|https://www.chartmill.com/documentation/stock-screener/technical-analysis-trading-strategies/496-Mark-Minervini-Trend-Template-A-Step-by-Step-Guide-for-Beginners|https://www.reddit.com/r/swingtrading/comments/1r7m0bd/3_momentum_setups_im_watching_february_17_2026/|https://www.investors.com/how-to-invest/when-to-sell-stocks/,Minervini VCP pivot breakout + SPY dip but not broken
fam_05_08,minervini_vcp_pivot_breakout,Minervini VCP pivot breakout,spy_broad_loose_bull,SPY loose bull / frequency regime,300,minervini_vcp_traderlion|minervini_trend_template_public|brock_lakonishok_lebaron_1992|moskowitz_ooi_pedersen_2012_tsmom,https://traderlion.com/technical-analysis/volatility-contraction-pattern/|https://www.chartmill.com/documentation/stock-screener/technical-analysis-trading-strategies/496-Mark-Minervini-Trend-Template-A-Step-by-Step-Guide-for-Beginners|https://ideas.repec.org/a/bla/jfinan/v47y1992i5p1731-64.html|https://papers.ssrn.com/sol3/papers.cfm?abstract_id=2089463,Minervini VCP pivot breakout + SPY loose bull / frequency regime
fam_06_01,minervini_vcp_anticipation_reclaim,VCP anticipation reclaim,spy_stage2_bull,SPY Stage-2 bull regime,300,minervini_vcp_traderlion|reddit_qullamaggie_ama_2025|minervini_trend_template_public|brock_lakonishok_lebaron_1992,https://traderlion.com/technical-analysis/volatility-contraction-pattern/|https://www.reddit.com/r/qullamaggie/comments/1odsqh1/we_are_three_momentum_traders_triple_digit/|https://www.chartmill.com/documentation/stock-screener/technical-analysis-trading-strategies/496-Mark-Minervini-Trend-Template-A-Step-by-Step-Guide-for-Beginners|https://ideas.repec.org/a/bla/jfinan/v47y1992i5p1731-64.html,VCP anticipation reclaim + SPY Stage-2 bull regime
fam_06_02,minervini_vcp_anticipation_reclaim,VCP anticipation reclaim,spy_fast_risk_on,SPY fast risk-on regime,300,minervini_vcp_traderlion|reddit_qullamaggie_ama_2025|ibd_cup_handle_buy_point|brock_lakonishok_lebaron_1992,https://traderlion.com/technical-analysis/volatility-contraction-pattern/|https://www.reddit.com/r/qullamaggie/comments/1odsqh1/we_are_three_momentum_traders_triple_digit/|https://www.investors.com/how-to-invest/investors-corner/amazon-stock-chart-patterns/|https://ideas.repec.org/a/bla/jfinan/v47y1992i5p1731-64.html,VCP anticipation reclaim + SPY fast risk-on regime
fam_06_03,minervini_vcp_anticipation_reclaim,VCP anticipation reclaim,spy_pullback_reclaim,SPY pullback reclaim regime,300,minervini_vcp_traderlion|reddit_qullamaggie_ama_2025|reddit_realdaytrading_rs_state|quallamaggie_stair_step_breakout,https://traderlion.com/technical-analysis/volatility-contraction-pattern/|https://www.reddit.com/r/qullamaggie/comments/1odsqh1/we_are_three_momentum_traders_triple_digit/|https://www.reddit.com/r/RealDayTrading/comments/sc39td/two_questions_about_trading_with_relative_strength/|https://qullamaggie.com/my-3-timeless-setups-that-have-made-me-tens-of-millions/,VCP anticipation reclaim + SPY pullback reclaim regime
fam_06_04,minervini_vcp_anticipation_reclaim,VCP anticipation reclaim,spy_low_vol_uptrend,SPY low-volatility uptrend,300,minervini_vcp_traderlion|reddit_qullamaggie_ama_2025|bollinger_squeeze_chartschool|atr_trailing_stop_chartschool,https://traderlion.com/technical-analysis/volatility-contraction-pattern/|https://www.reddit.com/r/qullamaggie/comments/1odsqh1/we_are_three_momentum_traders_triple_digit/|https://chartschool.stockcharts.com/table-of-contents/trading-strategies-and-models/trading-strategies/bollinger-band-squeeze|https://chartschool.stockcharts.com/table-of-contents/technical-indicators-and-overlays/technical-indicators/atr-trailing-stops,VCP anticipation reclaim + SPY low-volatility uptrend
fam_06_05,minervini_vcp_anticipation_reclaim,VCP anticipation reclaim,spy_distribution_light,SPY light distribution regime,300,minervini_vcp_traderlion|reddit_qullamaggie_ama_2025|ibd_sell_rules|ibd_50_day_line_sell,https://traderlion.com/technical-analysis/volatility-contraction-pattern/|https://www.reddit.com/r/qullamaggie/comments/1odsqh1/we_are_three_momentum_traders_triple_digit/|https://www.investors.com/how-to-invest/when-to-sell-stocks/|https://www.investors.com/how-to-invest/investors-corner/what-is-the-50-day-moving-average-when-to-buy-or-sell-growth-stocks/,VCP anticipation reclaim + SPY light distribution regime
fam_06_06,minervini_vcp_anticipation_reclaim,VCP anticipation reclaim,spy_momentum_positive,SPY positive 20/50-day momentum,300,minervini_vcp_traderlion|reddit_qullamaggie_ama_2025|moskowitz_ooi_pedersen_2012_tsmom|brock_lakonishok_lebaron_1992,https://traderlion.com/technical-analysis/volatility-contraction-pattern/|https://www.reddit.com/r/qullamaggie/comments/1odsqh1/we_are_three_momentum_traders_triple_digit/|https://papers.ssrn.com/sol3/papers.cfm?abstract_id=2089463|https://ideas.repec.org/a/bla/jfinan/v47y1992i5p1731-64.html,VCP anticipation reclaim + SPY positive 20/50-day momentum
fam_06_07,minervini_vcp_anticipation_reclaim,VCP anticipation reclaim,spy_dip_but_not_broken,SPY dip but not broken,300,minervini_vcp_traderlion|reddit_qullamaggie_ama_2025|reddit_momentum_setups_2026|ibd_sell_rules,https://traderlion.com/technical-analysis/volatility-contraction-pattern/|https://www.reddit.com/r/qullamaggie/comments/1odsqh1/we_are_three_momentum_traders_triple_digit/|https://www.reddit.com/r/swingtrading/comments/1r7m0bd/3_momentum_setups_im_watching_february_17_2026/|https://www.investors.com/how-to-invest/when-to-sell-stocks/,VCP anticipation reclaim + SPY dip but not broken
fam_06_08,minervini_vcp_anticipation_reclaim,VCP anticipation reclaim,spy_broad_loose_bull,SPY loose bull / frequency regime,300,minervini_vcp_traderlion|reddit_qullamaggie_ama_2025|brock_lakonishok_lebaron_1992|moskowitz_ooi_pedersen_2012_tsmom,https://traderlion.com/technical-analysis/volatility-contraction-pattern/|https://www.reddit.com/r/qullamaggie/comments/1odsqh1/we_are_three_momentum_traders_triple_digit/|https://ideas.repec.org/a/bla/jfinan/v47y1992i5p1731-64.html|https://papers.ssrn.com/sol3/papers.cfm?abstract_id=2089463,VCP anticipation reclaim + SPY loose bull / frequency regime
fam_07_01,trend_template_pullback_rebound,Trend-template pullback rebound,spy_stage2_bull,SPY Stage-2 bull regime,300,minervini_trend_template_public|ibd_50_day_line_sell|brock_lakonishok_lebaron_1992,https://www.chartmill.com/documentation/stock-screener/technical-analysis-trading-strategies/496-Mark-Minervini-Trend-Template-A-Step-by-Step-Guide-for-Beginners|https://www.investors.com/how-to-invest/investors-corner/what-is-the-50-day-moving-average-when-to-buy-or-sell-growth-stocks/|https://ideas.repec.org/a/bla/jfinan/v47y1992i5p1731-64.html,Trend-template pullback rebound + SPY Stage-2 bull regime
fam_07_02,trend_template_pullback_rebound,Trend-template pullback rebound,spy_fast_risk_on,SPY fast risk-on regime,300,minervini_trend_template_public|ibd_50_day_line_sell|ibd_cup_handle_buy_point|brock_lakonishok_lebaron_1992,https://www.chartmill.com/documentation/stock-screener/technical-analysis-trading-strategies/496-Mark-Minervini-Trend-Template-A-Step-by-Step-Guide-for-Beginners|https://www.investors.com/how-to-invest/investors-corner/what-is-the-50-day-moving-average-when-to-buy-or-sell-growth-stocks/|https://www.investors.com/how-to-invest/investors-corner/amazon-stock-chart-patterns/|https://ideas.repec.org/a/bla/jfinan/v47y1992i5p1731-64.html,Trend-template pullback rebound + SPY fast risk-on regime
fam_07_03,trend_template_pullback_rebound,Trend-template pullback rebound,spy_pullback_reclaim,SPY pullback reclaim regime,300,minervini_trend_template_public|ibd_50_day_line_sell|reddit_realdaytrading_rs_state|quallamaggie_stair_step_breakout,https://www.chartmill.com/documentation/stock-screener/technical-analysis-trading-strategies/496-Mark-Minervini-Trend-Template-A-Step-by-Step-Guide-for-Beginners|https://www.investors.com/how-to-invest/investors-corner/what-is-the-50-day-moving-average-when-to-buy-or-sell-growth-stocks/|https://www.reddit.com/r/RealDayTrading/comments/sc39td/two_questions_about_trading_with_relative_strength/|https://qullamaggie.com/my-3-timeless-setups-that-have-made-me-tens-of-millions/,Trend-template pullback rebound + SPY pullback reclaim regime
fam_07_04,trend_template_pullback_rebound,Trend-template pullback rebound,spy_low_vol_uptrend,SPY low-volatility uptrend,300,minervini_trend_template_public|ibd_50_day_line_sell|bollinger_squeeze_chartschool|atr_trailing_stop_chartschool,https://www.chartmill.com/documentation/stock-screener/technical-analysis-trading-strategies/496-Mark-Minervini-Trend-Template-A-Step-by-Step-Guide-for-Beginners|https://www.investors.com/how-to-invest/investors-corner/what-is-the-50-day-moving-average-when-to-buy-or-sell-growth-stocks/|https://chartschool.stockcharts.com/table-of-contents/trading-strategies-and-models/trading-strategies/bollinger-band-squeeze|https://chartschool.stockcharts.com/table-of-contents/technical-indicators-and-overlays/technical-indicators/atr-trailing-stops,Trend-template pullback rebound + SPY low-volatility uptrend
fam_07_05,trend_template_pullback_rebound,Trend-template pullback rebound,spy_distribution_light,SPY light distribution regime,300,minervini_trend_template_public|ibd_50_day_line_sell|ibd_sell_rules,https://www.chartmill.com/documentation/stock-screener/technical-analysis-trading-strategies/496-Mark-Minervini-Trend-Template-A-Step-by-Step-Guide-for-Beginners|https://www.investors.com/how-to-invest/investors-corner/what-is-the-50-day-moving-average-when-to-buy-or-sell-growth-stocks/|https://www.investors.com/how-to-invest/when-to-sell-stocks/,Trend-template pullback rebound + SPY light distribution regime
fam_07_06,trend_template_pullback_rebound,Trend-template pullback rebound,spy_momentum_positive,SPY positive 20/50-day momentum,300,minervini_trend_template_public|ibd_50_day_line_sell|moskowitz_ooi_pedersen_2012_tsmom|brock_lakonishok_lebaron_1992,https://www.chartmill.com/documentation/stock-screener/technical-analysis-trading-strategies/496-Mark-Minervini-Trend-Template-A-Step-by-Step-Guide-for-Beginners|https://www.investors.com/how-to-invest/investors-corner/what-is-the-50-day-moving-average-when-to-buy-or-sell-growth-stocks/|https://papers.ssrn.com/sol3/papers.cfm?abstract_id=2089463|https://ideas.repec.org/a/bla/jfinan/v47y1992i5p1731-64.html,Trend-template pullback rebound + SPY positive 20/50-day momentum
fam_07_07,trend_template_pullback_rebound,Trend-template pullback rebound,spy_dip_but_not_broken,SPY dip but not broken,300,minervini_trend_template_public|ibd_50_day_line_sell|reddit_momentum_setups_2026|ibd_sell_rules,https://www.chartmill.com/documentation/stock-screener/technical-analysis-trading-strategies/496-Mark-Minervini-Trend-Template-A-Step-by-Step-Guide-for-Beginners|https://www.investors.com/how-to-invest/investors-corner/what-is-the-50-day-moving-average-when-to-buy-or-sell-growth-stocks/|https://www.reddit.com/r/swingtrading/comments/1r7m0bd/3_momentum_setups_im_watching_february_17_2026/|https://www.investors.com/how-to-invest/when-to-sell-stocks/,Trend-template pullback rebound + SPY dip but not broken
fam_07_08,trend_template_pullback_rebound,Trend-template pullback rebound,spy_broad_loose_bull,SPY loose bull / frequency regime,300,minervini_trend_template_public|ibd_50_day_line_sell|brock_lakonishok_lebaron_1992|moskowitz_ooi_pedersen_2012_tsmom,https://www.chartmill.com/documentation/stock-screener/technical-analysis-trading-strategies/496-Mark-Minervini-Trend-Template-A-Step-by-Step-Guide-for-Beginners|https://www.investors.com/how-to-invest/investors-corner/what-is-the-50-day-moving-average-when-to-buy-or-sell-growth-stocks/|https://ideas.repec.org/a/bla/jfinan/v47y1992i5p1731-64.html|https://papers.ssrn.com/sol3/papers.cfm?abstract_id=2089463,Trend-template pullback rebound + SPY loose bull / frequency regime
fam_08_01,ibd_cup_handle_proxy,IBD cup-with-handle proxy,spy_stage2_bull,SPY Stage-2 bull regime,300,ibd_cup_handle_buy_point|ibd_sell_rules|minervini_trend_template_public|brock_lakonishok_lebaron_1992,https://www.investors.com/how-to-invest/investors-corner/amazon-stock-chart-patterns/|https://www.investors.com/how-to-invest/when-to-sell-stocks/|https://www.chartmill.com/documentation/stock-screener/technical-analysis-trading-strategies/496-Mark-Minervini-Trend-Template-A-Step-by-Step-Guide-for-Beginners|https://ideas.repec.org/a/bla/jfinan/v47y1992i5p1731-64.html,IBD cup-with-handle proxy + SPY Stage-2 bull regime
fam_08_02,ibd_cup_handle_proxy,IBD cup-with-handle proxy,spy_fast_risk_on,SPY fast risk-on regime,300,ibd_cup_handle_buy_point|ibd_sell_rules|brock_lakonishok_lebaron_1992,https://www.investors.com/how-to-invest/investors-corner/amazon-stock-chart-patterns/|https://www.investors.com/how-to-invest/when-to-sell-stocks/|https://ideas.repec.org/a/bla/jfinan/v47y1992i5p1731-64.html,IBD cup-with-handle proxy + SPY fast risk-on regime
fam_08_03,ibd_cup_handle_proxy,IBD cup-with-handle proxy,spy_pullback_reclaim,SPY pullback reclaim regime,300,ibd_cup_handle_buy_point|ibd_sell_rules|reddit_realdaytrading_rs_state|quallamaggie_stair_step_breakout,https://www.investors.com/how-to-invest/investors-corner/amazon-stock-chart-patterns/|https://www.investors.com/how-to-invest/when-to-sell-stocks/|https://www.reddit.com/r/RealDayTrading/comments/sc39td/two_questions_about_trading_with_relative_strength/|https://qullamaggie.com/my-3-timeless-setups-that-have-made-me-tens-of-millions/,IBD cup-with-handle proxy + SPY pullback reclaim regime
fam_08_04,ibd_cup_handle_proxy,IBD cup-with-handle proxy,spy_low_vol_uptrend,SPY low-volatility uptrend,300,ibd_cup_handle_buy_point|ibd_sell_rules|bollinger_squeeze_chartschool|atr_trailing_stop_chartschool,https://www.investors.com/how-to-invest/investors-corner/amazon-stock-chart-patterns/|https://www.investors.com/how-to-invest/when-to-sell-stocks/|https://chartschool.stockcharts.com/table-of-contents/trading-strategies-and-models/trading-strategies/bollinger-band-squeeze|https://chartschool.stockcharts.com/table-of-contents/technical-indicators-and-overlays/technical-indicators/atr-trailing-stops,IBD cup-with-handle proxy + SPY low-volatility uptrend
fam_08_05,ibd_cup_handle_proxy,IBD cup-with-handle proxy,spy_distribution_light,SPY light distribution regime,300,ibd_cup_handle_buy_point|ibd_sell_rules|ibd_50_day_line_sell,https://www.investors.com/how-to-invest/investors-corner/amazon-stock-chart-patterns/|https://www.investors.com/how-to-invest/when-to-sell-stocks/|https://www.investors.com/how-to-invest/investors-corner/what-is-the-50-day-moving-average-when-to-buy-or-sell-growth-stocks/,IBD cup-with-handle proxy + SPY light distribution regime
fam_08_06,ibd_cup_handle_proxy,IBD cup-with-handle proxy,spy_momentum_positive,SPY positive 20/50-day momentum,300,ibd_cup_handle_buy_point|ibd_sell_rules|moskowitz_ooi_pedersen_2012_tsmom|brock_lakonishok_lebaron_1992,https://www.investors.com/how-to-invest/investors-corner/amazon-stock-chart-patterns/|https://www.investors.com/how-to-invest/when-to-sell-stocks/|https://papers.ssrn.com/sol3/papers.cfm?abstract_id=2089463|https://ideas.repec.org/a/bla/jfinan/v47y1992i5p1731-64.html,IBD cup-with-handle proxy + SPY positive 20/50-day momentum
fam_08_07,ibd_cup_handle_proxy,IBD cup-with-handle proxy,spy_dip_but_not_broken,SPY dip but not broken,300,ibd_cup_handle_buy_point|ibd_sell_rules|reddit_momentum_setups_2026,https://www.investors.com/how-to-invest/investors-corner/amazon-stock-chart-patterns/|https://www.investors.com/how-to-invest/when-to-sell-stocks/|https://www.reddit.com/r/swingtrading/comments/1r7m0bd/3_momentum_setups_im_watching_february_17_2026/,IBD cup-with-handle proxy + SPY dip but not broken
fam_08_08,ibd_cup_handle_proxy,IBD cup-with-handle proxy,spy_broad_loose_bull,SPY loose bull / frequency regime,300,ibd_cup_handle_buy_point|ibd_sell_rules|brock_lakonishok_lebaron_1992|moskowitz_ooi_pedersen_2012_tsmom,https://www.investors.com/how-to-invest/investors-corner/amazon-stock-chart-patterns/|https://www.investors.com/how-to-invest/when-to-sell-stocks/|https://ideas.repec.org/a/bla/jfinan/v47y1992i5p1731-64.html|https://papers.ssrn.com/sol3/papers.cfm?abstract_id=2089463,IBD cup-with-handle proxy + SPY loose bull / frequency regime
fam_09_01,ibd_flat_base_proxy,IBD flat-base proxy,spy_stage2_bull,SPY Stage-2 bull regime,300,ibd_cup_handle_buy_point|minervini_vcp_traderlion|minervini_trend_template_public|brock_lakonishok_lebaron_1992,https://www.investors.com/how-to-invest/investors-corner/amazon-stock-chart-patterns/|https://traderlion.com/technical-analysis/volatility-contraction-pattern/|https://www.chartmill.com/documentation/stock-screener/technical-analysis-trading-strategies/496-Mark-Minervini-Trend-Template-A-Step-by-Step-Guide-for-Beginners|https://ideas.repec.org/a/bla/jfinan/v47y1992i5p1731-64.html,IBD flat-base proxy + SPY Stage-2 bull regime
fam_09_02,ibd_flat_base_proxy,IBD flat-base proxy,spy_fast_risk_on,SPY fast risk-on regime,300,ibd_cup_handle_buy_point|minervini_vcp_traderlion|brock_lakonishok_lebaron_1992,https://www.investors.com/how-to-invest/investors-corner/amazon-stock-chart-patterns/|https://traderlion.com/technical-analysis/volatility-contraction-pattern/|https://ideas.repec.org/a/bla/jfinan/v47y1992i5p1731-64.html,IBD flat-base proxy + SPY fast risk-on regime
fam_09_03,ibd_flat_base_proxy,IBD flat-base proxy,spy_pullback_reclaim,SPY pullback reclaim regime,300,ibd_cup_handle_buy_point|minervini_vcp_traderlion|reddit_realdaytrading_rs_state|quallamaggie_stair_step_breakout,https://www.investors.com/how-to-invest/investors-corner/amazon-stock-chart-patterns/|https://traderlion.com/technical-analysis/volatility-contraction-pattern/|https://www.reddit.com/r/RealDayTrading/comments/sc39td/two_questions_about_trading_with_relative_strength/|https://qullamaggie.com/my-3-timeless-setups-that-have-made-me-tens-of-millions/,IBD flat-base proxy + SPY pullback reclaim regime
fam_09_04,ibd_flat_base_proxy,IBD flat-base proxy,spy_low_vol_uptrend,SPY low-volatility uptrend,300,ibd_cup_handle_buy_point|minervini_vcp_traderlion|bollinger_squeeze_chartschool|atr_trailing_stop_chartschool,https://www.investors.com/how-to-invest/investors-corner/amazon-stock-chart-patterns/|https://traderlion.com/technical-analysis/volatility-contraction-pattern/|https://chartschool.stockcharts.com/table-of-contents/trading-strategies-and-models/trading-strategies/bollinger-band-squeeze|https://chartschool.stockcharts.com/table-of-contents/technical-indicators-and-overlays/technical-indicators/atr-trailing-stops,IBD flat-base proxy + SPY low-volatility uptrend
fam_09_05,ibd_flat_base_proxy,IBD flat-base proxy,spy_distribution_light,SPY light distribution regime,300,ibd_cup_handle_buy_point|minervini_vcp_traderlion|ibd_sell_rules|ibd_50_day_line_sell,https://www.investors.com/how-to-invest/investors-corner/amazon-stock-chart-patterns/|https://traderlion.com/technical-analysis/volatility-contraction-pattern/|https://www.investors.com/how-to-invest/when-to-sell-stocks/|https://www.investors.com/how-to-invest/investors-corner/what-is-the-50-day-moving-average-when-to-buy-or-sell-growth-stocks/,IBD flat-base proxy + SPY light distribution regime
fam_09_06,ibd_flat_base_proxy,IBD flat-base proxy,spy_momentum_positive,SPY positive 20/50-day momentum,300,ibd_cup_handle_buy_point|minervini_vcp_traderlion|moskowitz_ooi_pedersen_2012_tsmom|brock_lakonishok_lebaron_1992,https://www.investors.com/how-to-invest/investors-corner/amazon-stock-chart-patterns/|https://traderlion.com/technical-analysis/volatility-contraction-pattern/|https://papers.ssrn.com/sol3/papers.cfm?abstract_id=2089463|https://ideas.repec.org/a/bla/jfinan/v47y1992i5p1731-64.html,IBD flat-base proxy + SPY positive 20/50-day momentum
fam_09_07,ibd_flat_base_proxy,IBD flat-base proxy,spy_dip_but_not_broken,SPY dip but not broken,300,ibd_cup_handle_buy_point|minervini_vcp_traderlion|reddit_momentum_setups_2026|ibd_sell_rules,https://www.investors.com/how-to-invest/investors-corner/amazon-stock-chart-patterns/|https://traderlion.com/technical-analysis/volatility-contraction-pattern/|https://www.reddit.com/r/swingtrading/comments/1r7m0bd/3_momentum_setups_im_watching_february_17_2026/|https://www.investors.com/how-to-invest/when-to-sell-stocks/,IBD flat-base proxy + SPY dip but not broken
fam_09_08,ibd_flat_base_proxy,IBD flat-base proxy,spy_broad_loose_bull,SPY loose bull / frequency regime,300,ibd_cup_handle_buy_point|minervini_vcp_traderlion|brock_lakonishok_lebaron_1992|moskowitz_ooi_pedersen_2012_tsmom,https://www.investors.com/how-to-invest/investors-corner/amazon-stock-chart-patterns/|https://traderlion.com/technical-analysis/volatility-contraction-pattern/|https://ideas.repec.org/a/bla/jfinan/v47y1992i5p1731-64.html|https://papers.ssrn.com/sol3/papers.cfm?abstract_id=2089463,IBD flat-base proxy + SPY loose bull / frequency regime
fam_10_01,three_weeks_tight_daily_proxy,Three-weeks-tight daily proxy,spy_stage2_bull,SPY Stage-2 bull regime,300,ibd_cup_handle_buy_point|quallamaggie_stair_step_breakout|minervini_trend_template_public|brock_lakonishok_lebaron_1992,https://www.investors.com/how-to-invest/investors-corner/amazon-stock-chart-patterns/|https://qullamaggie.com/my-3-timeless-setups-that-have-made-me-tens-of-millions/|https://www.chartmill.com/documentation/stock-screener/technical-analysis-trading-strategies/496-Mark-Minervini-Trend-Template-A-Step-by-Step-Guide-for-Beginners|https://ideas.repec.org/a/bla/jfinan/v47y1992i5p1731-64.html,Three-weeks-tight daily proxy + SPY Stage-2 bull regime
fam_10_02,three_weeks_tight_daily_proxy,Three-weeks-tight daily proxy,spy_fast_risk_on,SPY fast risk-on regime,300,ibd_cup_handle_buy_point|quallamaggie_stair_step_breakout|brock_lakonishok_lebaron_1992,https://www.investors.com/how-to-invest/investors-corner/amazon-stock-chart-patterns/|https://qullamaggie.com/my-3-timeless-setups-that-have-made-me-tens-of-millions/|https://ideas.repec.org/a/bla/jfinan/v47y1992i5p1731-64.html,Three-weeks-tight daily proxy + SPY fast risk-on regime
fam_10_03,three_weeks_tight_daily_proxy,Three-weeks-tight daily proxy,spy_pullback_reclaim,SPY pullback reclaim regime,300,ibd_cup_handle_buy_point|quallamaggie_stair_step_breakout|reddit_realdaytrading_rs_state,https://www.investors.com/how-to-invest/investors-corner/amazon-stock-chart-patterns/|https://qullamaggie.com/my-3-timeless-setups-that-have-made-me-tens-of-millions/|https://www.reddit.com/r/RealDayTrading/comments/sc39td/two_questions_about_trading_with_relative_strength/,Three-weeks-tight daily proxy + SPY pullback reclaim regime
fam_10_04,three_weeks_tight_daily_proxy,Three-weeks-tight daily proxy,spy_low_vol_uptrend,SPY low-volatility uptrend,300,ibd_cup_handle_buy_point|quallamaggie_stair_step_breakout|bollinger_squeeze_chartschool|atr_trailing_stop_chartschool,https://www.investors.com/how-to-invest/investors-corner/amazon-stock-chart-patterns/|https://qullamaggie.com/my-3-timeless-setups-that-have-made-me-tens-of-millions/|https://chartschool.stockcharts.com/table-of-contents/trading-strategies-and-models/trading-strategies/bollinger-band-squeeze|https://chartschool.stockcharts.com/table-of-contents/technical-indicators-and-overlays/technical-indicators/atr-trailing-stops,Three-weeks-tight daily proxy + SPY low-volatility uptrend
fam_10_05,three_weeks_tight_daily_proxy,Three-weeks-tight daily proxy,spy_distribution_light,SPY light distribution regime,300,ibd_cup_handle_buy_point|quallamaggie_stair_step_breakout|ibd_sell_rules|ibd_50_day_line_sell,https://www.investors.com/how-to-invest/investors-corner/amazon-stock-chart-patterns/|https://qullamaggie.com/my-3-timeless-setups-that-have-made-me-tens-of-millions/|https://www.investors.com/how-to-invest/when-to-sell-stocks/|https://www.investors.com/how-to-invest/investors-corner/what-is-the-50-day-moving-average-when-to-buy-or-sell-growth-stocks/,Three-weeks-tight daily proxy + SPY light distribution regime
fam_10_06,three_weeks_tight_daily_proxy,Three-weeks-tight daily proxy,spy_momentum_positive,SPY positive 20/50-day momentum,300,ibd_cup_handle_buy_point|quallamaggie_stair_step_breakout|moskowitz_ooi_pedersen_2012_tsmom|brock_lakonishok_lebaron_1992,https://www.investors.com/how-to-invest/investors-corner/amazon-stock-chart-patterns/|https://qullamaggie.com/my-3-timeless-setups-that-have-made-me-tens-of-millions/|https://papers.ssrn.com/sol3/papers.cfm?abstract_id=2089463|https://ideas.repec.org/a/bla/jfinan/v47y1992i5p1731-64.html,Three-weeks-tight daily proxy + SPY positive 20/50-day momentum
fam_10_07,three_weeks_tight_daily_proxy,Three-weeks-tight daily proxy,spy_dip_but_not_broken,SPY dip but not broken,300,ibd_cup_handle_buy_point|quallamaggie_stair_step_breakout|reddit_momentum_setups_2026|ibd_sell_rules,https://www.investors.com/how-to-invest/investors-corner/amazon-stock-chart-patterns/|https://qullamaggie.com/my-3-timeless-setups-that-have-made-me-tens-of-millions/|https://www.reddit.com/r/swingtrading/comments/1r7m0bd/3_momentum_setups_im_watching_february_17_2026/|https://www.investors.com/how-to-invest/when-to-sell-stocks/,Three-weeks-tight daily proxy + SPY dip but not broken
fam_10_08,three_weeks_tight_daily_proxy,Three-weeks-tight daily proxy,spy_broad_loose_bull,SPY loose bull / frequency regime,300,ibd_cup_handle_buy_point|quallamaggie_stair_step_breakout|brock_lakonishok_lebaron_1992|moskowitz_ooi_pedersen_2012_tsmom,https://www.investors.com/how-to-invest/investors-corner/amazon-stock-chart-patterns/|https://qullamaggie.com/my-3-timeless-setups-that-have-made-me-tens-of-millions/|https://ideas.repec.org/a/bla/jfinan/v47y1992i5p1731-64.html|https://papers.ssrn.com/sol3/papers.cfm?abstract_id=2089463,Three-weeks-tight daily proxy + SPY loose bull / frequency regime
fam_11_01,pocket_pivot_reclaim,Pocket-pivot style reclaim,spy_stage2_bull,SPY Stage-2 bull regime,300,minervini_vcp_traderlion|ibd_50_day_line_sell|minervini_trend_template_public|brock_lakonishok_lebaron_1992,https://traderlion.com/technical-analysis/volatility-contraction-pattern/|https://www.investors.com/how-to-invest/investors-corner/what-is-the-50-day-moving-average-when-to-buy-or-sell-growth-stocks/|https://www.chartmill.com/documentation/stock-screener/technical-analysis-trading-strategies/496-Mark-Minervini-Trend-Template-A-Step-by-Step-Guide-for-Beginners|https://ideas.repec.org/a/bla/jfinan/v47y1992i5p1731-64.html,Pocket-pivot style reclaim + SPY Stage-2 bull regime
fam_11_02,pocket_pivot_reclaim,Pocket-pivot style reclaim,spy_fast_risk_on,SPY fast risk-on regime,300,minervini_vcp_traderlion|ibd_50_day_line_sell|ibd_cup_handle_buy_point|brock_lakonishok_lebaron_1992,https://traderlion.com/technical-analysis/volatility-contraction-pattern/|https://www.investors.com/how-to-invest/investors-corner/what-is-the-50-day-moving-average-when-to-buy-or-sell-growth-stocks/|https://www.investors.com/how-to-invest/investors-corner/amazon-stock-chart-patterns/|https://ideas.repec.org/a/bla/jfinan/v47y1992i5p1731-64.html,Pocket-pivot style reclaim + SPY fast risk-on regime
fam_11_03,pocket_pivot_reclaim,Pocket-pivot style reclaim,spy_pullback_reclaim,SPY pullback reclaim regime,300,minervini_vcp_traderlion|ibd_50_day_line_sell|reddit_realdaytrading_rs_state|quallamaggie_stair_step_breakout,https://traderlion.com/technical-analysis/volatility-contraction-pattern/|https://www.investors.com/how-to-invest/investors-corner/what-is-the-50-day-moving-average-when-to-buy-or-sell-growth-stocks/|https://www.reddit.com/r/RealDayTrading/comments/sc39td/two_questions_about_trading_with_relative_strength/|https://qullamaggie.com/my-3-timeless-setups-that-have-made-me-tens-of-millions/,Pocket-pivot style reclaim + SPY pullback reclaim regime
fam_11_04,pocket_pivot_reclaim,Pocket-pivot style reclaim,spy_low_vol_uptrend,SPY low-volatility uptrend,300,minervini_vcp_traderlion|ibd_50_day_line_sell|bollinger_squeeze_chartschool|atr_trailing_stop_chartschool,https://traderlion.com/technical-analysis/volatility-contraction-pattern/|https://www.investors.com/how-to-invest/investors-corner/what-is-the-50-day-moving-average-when-to-buy-or-sell-growth-stocks/|https://chartschool.stockcharts.com/table-of-contents/trading-strategies-and-models/trading-strategies/bollinger-band-squeeze|https://chartschool.stockcharts.com/table-of-contents/technical-indicators-and-overlays/technical-indicators/atr-trailing-stops,Pocket-pivot style reclaim + SPY low-volatility uptrend
fam_11_05,pocket_pivot_reclaim,Pocket-pivot style reclaim,spy_distribution_light,SPY light distribution regime,300,minervini_vcp_traderlion|ibd_50_day_line_sell|ibd_sell_rules,https://traderlion.com/technical-analysis/volatility-contraction-pattern/|https://www.investors.com/how-to-invest/investors-corner/what-is-the-50-day-moving-average-when-to-buy-or-sell-growth-stocks/|https://www.investors.com/how-to-invest/when-to-sell-stocks/,Pocket-pivot style reclaim + SPY light distribution regime
fam_11_06,pocket_pivot_reclaim,Pocket-pivot style reclaim,spy_momentum_positive,SPY positive 20/50-day momentum,300,minervini_vcp_traderlion|ibd_50_day_line_sell|moskowitz_ooi_pedersen_2012_tsmom|brock_lakonishok_lebaron_1992,https://traderlion.com/technical-analysis/volatility-contraction-pattern/|https://www.investors.com/how-to-invest/investors-corner/what-is-the-50-day-moving-average-when-to-buy-or-sell-growth-stocks/|https://papers.ssrn.com/sol3/papers.cfm?abstract_id=2089463|https://ideas.repec.org/a/bla/jfinan/v47y1992i5p1731-64.html,Pocket-pivot style reclaim + SPY positive 20/50-day momentum
fam_11_07,pocket_pivot_reclaim,Pocket-pivot style reclaim,spy_dip_but_not_broken,SPY dip but not broken,300,minervini_vcp_traderlion|ibd_50_day_line_sell|reddit_momentum_setups_2026|ibd_sell_rules,https://traderlion.com/technical-analysis/volatility-contraction-pattern/|https://www.investors.com/how-to-invest/investors-corner/what-is-the-50-day-moving-average-when-to-buy-or-sell-growth-stocks/|https://www.reddit.com/r/swingtrading/comments/1r7m0bd/3_momentum_setups_im_watching_february_17_2026/|https://www.investors.com/how-to-invest/when-to-sell-stocks/,Pocket-pivot style reclaim + SPY dip but not broken
fam_11_08,pocket_pivot_reclaim,Pocket-pivot style reclaim,spy_broad_loose_bull,SPY loose bull / frequency regime,300,minervini_vcp_traderlion|ibd_50_day_line_sell|brock_lakonishok_lebaron_1992|moskowitz_ooi_pedersen_2012_tsmom,https://traderlion.com/technical-analysis/volatility-contraction-pattern/|https://www.investors.com/how-to-invest/investors-corner/what-is-the-50-day-moving-average-when-to-buy-or-sell-growth-stocks/|https://ideas.repec.org/a/bla/jfinan/v47y1992i5p1731-64.html|https://papers.ssrn.com/sol3/papers.cfm?abstract_id=2089463,Pocket-pivot style reclaim + SPY loose bull / frequency regime
fam_12_01,weinstein_stage2_breakout_proxy,Weinstein Stage-2 breakout proxy,spy_stage2_bull,SPY Stage-2 bull regime,300,minervini_trend_template_public|brock_lakonishok_lebaron_1992,https://www.chartmill.com/documentation/stock-screener/technical-analysis-trading-strategies/496-Mark-Minervini-Trend-Template-A-Step-by-Step-Guide-for-Beginners|https://ideas.repec.org/a/bla/jfinan/v47y1992i5p1731-64.html,Weinstein Stage-2 breakout proxy + SPY Stage-2 bull regime
fam_12_02,weinstein_stage2_breakout_proxy,Weinstein Stage-2 breakout proxy,spy_fast_risk_on,SPY fast risk-on regime,300,minervini_trend_template_public|brock_lakonishok_lebaron_1992|ibd_cup_handle_buy_point,https://www.chartmill.com/documentation/stock-screener/technical-analysis-trading-strategies/496-Mark-Minervini-Trend-Template-A-Step-by-Step-Guide-for-Beginners|https://ideas.repec.org/a/bla/jfinan/v47y1992i5p1731-64.html|https://www.investors.com/how-to-invest/investors-corner/amazon-stock-chart-patterns/,Weinstein Stage-2 breakout proxy + SPY fast risk-on regime
fam_12_03,weinstein_stage2_breakout_proxy,Weinstein Stage-2 breakout proxy,spy_pullback_reclaim,SPY pullback reclaim regime,300,minervini_trend_template_public|brock_lakonishok_lebaron_1992|reddit_realdaytrading_rs_state|quallamaggie_stair_step_breakout,https://www.chartmill.com/documentation/stock-screener/technical-analysis-trading-strategies/496-Mark-Minervini-Trend-Template-A-Step-by-Step-Guide-for-Beginners|https://ideas.repec.org/a/bla/jfinan/v47y1992i5p1731-64.html|https://www.reddit.com/r/RealDayTrading/comments/sc39td/two_questions_about_trading_with_relative_strength/|https://qullamaggie.com/my-3-timeless-setups-that-have-made-me-tens-of-millions/,Weinstein Stage-2 breakout proxy + SPY pullback reclaim regime
fam_12_04,weinstein_stage2_breakout_proxy,Weinstein Stage-2 breakout proxy,spy_low_vol_uptrend,SPY low-volatility uptrend,300,minervini_trend_template_public|brock_lakonishok_lebaron_1992|bollinger_squeeze_chartschool|atr_trailing_stop_chartschool,https://www.chartmill.com/documentation/stock-screener/technical-analysis-trading-strategies/496-Mark-Minervini-Trend-Template-A-Step-by-Step-Guide-for-Beginners|https://ideas.repec.org/a/bla/jfinan/v47y1992i5p1731-64.html|https://chartschool.stockcharts.com/table-of-contents/trading-strategies-and-models/trading-strategies/bollinger-band-squeeze|https://chartschool.stockcharts.com/table-of-contents/technical-indicators-and-overlays/technical-indicators/atr-trailing-stops,Weinstein Stage-2 breakout proxy + SPY low-volatility uptrend
fam_12_05,weinstein_stage2_breakout_proxy,Weinstein Stage-2 breakout proxy,spy_distribution_light,SPY light distribution regime,300,minervini_trend_template_public|brock_lakonishok_lebaron_1992|ibd_sell_rules|ibd_50_day_line_sell,https://www.chartmill.com/documentation/stock-screener/technical-analysis-trading-strategies/496-Mark-Minervini-Trend-Template-A-Step-by-Step-Guide-for-Beginners|https://ideas.repec.org/a/bla/jfinan/v47y1992i5p1731-64.html|https://www.investors.com/how-to-invest/when-to-sell-stocks/|https://www.investors.com/how-to-invest/investors-corner/what-is-the-50-day-moving-average-when-to-buy-or-sell-growth-stocks/,Weinstein Stage-2 breakout proxy + SPY light distribution regime
fam_12_06,weinstein_stage2_breakout_proxy,Weinstein Stage-2 breakout proxy,spy_momentum_positive,SPY positive 20/50-day momentum,300,minervini_trend_template_public|brock_lakonishok_lebaron_1992|moskowitz_ooi_pedersen_2012_tsmom,https://www.chartmill.com/documentation/stock-screener/technical-analysis-trading-strategies/496-Mark-Minervini-Trend-Template-A-Step-by-Step-Guide-for-Beginners|https://ideas.repec.org/a/bla/jfinan/v47y1992i5p1731-64.html|https://papers.ssrn.com/sol3/papers.cfm?abstract_id=2089463,Weinstein Stage-2 breakout proxy + SPY positive 20/50-day momentum
fam_12_07,weinstein_stage2_breakout_proxy,Weinstein Stage-2 breakout proxy,spy_dip_but_not_broken,SPY dip but not broken,300,minervini_trend_template_public|brock_lakonishok_lebaron_1992|reddit_momentum_setups_2026|ibd_sell_rules,https://www.chartmill.com/documentation/stock-screener/technical-analysis-trading-strategies/496-Mark-Minervini-Trend-Template-A-Step-by-Step-Guide-for-Beginners|https://ideas.repec.org/a/bla/jfinan/v47y1992i5p1731-64.html|https://www.reddit.com/r/swingtrading/comments/1r7m0bd/3_momentum_setups_im_watching_february_17_2026/|https://www.investors.com/how-to-invest/when-to-sell-stocks/,Weinstein Stage-2 breakout proxy + SPY dip but not broken
fam_12_08,weinstein_stage2_breakout_proxy,Weinstein Stage-2 breakout proxy,spy_broad_loose_bull,SPY loose bull / frequency regime,300,minervini_trend_template_public|brock_lakonishok_lebaron_1992|moskowitz_ooi_pedersen_2012_tsmom,https://www.chartmill.com/documentation/stock-screener/technical-analysis-trading-strategies/496-Mark-Minervini-Trend-Template-A-Step-by-Step-Guide-for-Beginners|https://ideas.repec.org/a/bla/jfinan/v47y1992i5p1731-64.html|https://papers.ssrn.com/sol3/papers.cfm?abstract_id=2089463,Weinstein Stage-2 breakout proxy + SPY loose bull / frequency regime
fam_13_01,rs_new_high_before_price_reclaim,RS new high before price reclaim,spy_stage2_bull,SPY Stage-2 bull regime,300,reddit_realdaytrading_rs_state|george_hwang_2004_52w_high|minervini_trend_template_public|brock_lakonishok_lebaron_1992,https://www.reddit.com/r/RealDayTrading/comments/sc39td/two_questions_about_trading_with_relative_strength/|https://onlinelibrary.wiley.com/doi/abs/10.1111/j.1540-6261.2004.00695.x|https://www.chartmill.com/documentation/stock-screener/technical-analysis-trading-strategies/496-Mark-Minervini-Trend-Template-A-Step-by-Step-Guide-for-Beginners|https://ideas.repec.org/a/bla/jfinan/v47y1992i5p1731-64.html,RS new high before price reclaim + SPY Stage-2 bull regime
fam_13_02,rs_new_high_before_price_reclaim,RS new high before price reclaim,spy_fast_risk_on,SPY fast risk-on regime,300,reddit_realdaytrading_rs_state|george_hwang_2004_52w_high|ibd_cup_handle_buy_point|brock_lakonishok_lebaron_1992,https://www.reddit.com/r/RealDayTrading/comments/sc39td/two_questions_about_trading_with_relative_strength/|https://onlinelibrary.wiley.com/doi/abs/10.1111/j.1540-6261.2004.00695.x|https://www.investors.com/how-to-invest/investors-corner/amazon-stock-chart-patterns/|https://ideas.repec.org/a/bla/jfinan/v47y1992i5p1731-64.html,RS new high before price reclaim + SPY fast risk-on regime
fam_13_03,rs_new_high_before_price_reclaim,RS new high before price reclaim,spy_pullback_reclaim,SPY pullback reclaim regime,300,reddit_realdaytrading_rs_state|george_hwang_2004_52w_high|quallamaggie_stair_step_breakout,https://www.reddit.com/r/RealDayTrading/comments/sc39td/two_questions_about_trading_with_relative_strength/|https://onlinelibrary.wiley.com/doi/abs/10.1111/j.1540-6261.2004.00695.x|https://qullamaggie.com/my-3-timeless-setups-that-have-made-me-tens-of-millions/,RS new high before price reclaim + SPY pullback reclaim regime
fam_13_04,rs_new_high_before_price_reclaim,RS new high before price reclaim,spy_low_vol_uptrend,SPY low-volatility uptrend,300,reddit_realdaytrading_rs_state|george_hwang_2004_52w_high|bollinger_squeeze_chartschool|atr_trailing_stop_chartschool,https://www.reddit.com/r/RealDayTrading/comments/sc39td/two_questions_about_trading_with_relative_strength/|https://onlinelibrary.wiley.com/doi/abs/10.1111/j.1540-6261.2004.00695.x|https://chartschool.stockcharts.com/table-of-contents/trading-strategies-and-models/trading-strategies/bollinger-band-squeeze|https://chartschool.stockcharts.com/table-of-contents/technical-indicators-and-overlays/technical-indicators/atr-trailing-stops,RS new high before price reclaim + SPY low-volatility uptrend
fam_13_05,rs_new_high_before_price_reclaim,RS new high before price reclaim,spy_distribution_light,SPY light distribution regime,300,reddit_realdaytrading_rs_state|george_hwang_2004_52w_high|ibd_sell_rules|ibd_50_day_line_sell,https://www.reddit.com/r/RealDayTrading/comments/sc39td/two_questions_about_trading_with_relative_strength/|https://onlinelibrary.wiley.com/doi/abs/10.1111/j.1540-6261.2004.00695.x|https://www.investors.com/how-to-invest/when-to-sell-stocks/|https://www.investors.com/how-to-invest/investors-corner/what-is-the-50-day-moving-average-when-to-buy-or-sell-growth-stocks/,RS new high before price reclaim + SPY light distribution regime
fam_13_06,rs_new_high_before_price_reclaim,RS new high before price reclaim,spy_momentum_positive,SPY positive 20/50-day momentum,300,reddit_realdaytrading_rs_state|george_hwang_2004_52w_high|moskowitz_ooi_pedersen_2012_tsmom|brock_lakonishok_lebaron_1992,https://www.reddit.com/r/RealDayTrading/comments/sc39td/two_questions_about_trading_with_relative_strength/|https://onlinelibrary.wiley.com/doi/abs/10.1111/j.1540-6261.2004.00695.x|https://papers.ssrn.com/sol3/papers.cfm?abstract_id=2089463|https://ideas.repec.org/a/bla/jfinan/v47y1992i5p1731-64.html,RS new high before price reclaim + SPY positive 20/50-day momentum
fam_13_07,rs_new_high_before_price_reclaim,RS new high before price reclaim,spy_dip_but_not_broken,SPY dip but not broken,300,reddit_realdaytrading_rs_state|george_hwang_2004_52w_high|reddit_momentum_setups_2026|ibd_sell_rules,https://www.reddit.com/r/RealDayTrading/comments/sc39td/two_questions_about_trading_with_relative_strength/|https://onlinelibrary.wiley.com/doi/abs/10.1111/j.1540-6261.2004.00695.x|https://www.reddit.com/r/swingtrading/comments/1r7m0bd/3_momentum_setups_im_watching_february_17_2026/|https://www.investors.com/how-to-invest/when-to-sell-stocks/,RS new high before price reclaim + SPY dip but not broken
fam_13_08,rs_new_high_before_price_reclaim,RS new high before price reclaim,spy_broad_loose_bull,SPY loose bull / frequency regime,300,reddit_realdaytrading_rs_state|george_hwang_2004_52w_high|brock_lakonishok_lebaron_1992|moskowitz_ooi_pedersen_2012_tsmom,https://www.reddit.com/r/RealDayTrading/comments/sc39td/two_questions_about_trading_with_relative_strength/|https://onlinelibrary.wiley.com/doi/abs/10.1111/j.1540-6261.2004.00695.x|https://ideas.repec.org/a/bla/jfinan/v47y1992i5p1731-64.html|https://papers.ssrn.com/sol3/papers.cfm?abstract_id=2089463,RS new high before price reclaim + SPY loose bull / frequency regime
fam_14_01,rs_pullback_hold_rebound,RS pullback hold rebound,spy_stage2_bull,SPY Stage-2 bull regime,300,reddit_realdaytrading_rs_state|reddit_swing_pullbacks_2026|minervini_trend_template_public|brock_lakonishok_lebaron_1992,https://www.reddit.com/r/RealDayTrading/comments/sc39td/two_questions_about_trading_with_relative_strength/|https://www.reddit.com/r/swingtrading/comments/1sy4oxs/momentum_stock_entries_on_pullbacks_frustration/|https://www.chartmill.com/documentation/stock-screener/technical-analysis-trading-strategies/496-Mark-Minervini-Trend-Template-A-Step-by-Step-Guide-for-Beginners|https://ideas.repec.org/a/bla/jfinan/v47y1992i5p1731-64.html,RS pullback hold rebound + SPY Stage-2 bull regime
fam_14_02,rs_pullback_hold_rebound,RS pullback hold rebound,spy_fast_risk_on,SPY fast risk-on regime,300,reddit_realdaytrading_rs_state|reddit_swing_pullbacks_2026|ibd_cup_handle_buy_point|brock_lakonishok_lebaron_1992,https://www.reddit.com/r/RealDayTrading/comments/sc39td/two_questions_about_trading_with_relative_strength/|https://www.reddit.com/r/swingtrading/comments/1sy4oxs/momentum_stock_entries_on_pullbacks_frustration/|https://www.investors.com/how-to-invest/investors-corner/amazon-stock-chart-patterns/|https://ideas.repec.org/a/bla/jfinan/v47y1992i5p1731-64.html,RS pullback hold rebound + SPY fast risk-on regime
fam_14_03,rs_pullback_hold_rebound,RS pullback hold rebound,spy_pullback_reclaim,SPY pullback reclaim regime,300,reddit_realdaytrading_rs_state|reddit_swing_pullbacks_2026|quallamaggie_stair_step_breakout,https://www.reddit.com/r/RealDayTrading/comments/sc39td/two_questions_about_trading_with_relative_strength/|https://www.reddit.com/r/swingtrading/comments/1sy4oxs/momentum_stock_entries_on_pullbacks_frustration/|https://qullamaggie.com/my-3-timeless-setups-that-have-made-me-tens-of-millions/,RS pullback hold rebound + SPY pullback reclaim regime
fam_14_04,rs_pullback_hold_rebound,RS pullback hold rebound,spy_low_vol_uptrend,SPY low-volatility uptrend,300,reddit_realdaytrading_rs_state|reddit_swing_pullbacks_2026|bollinger_squeeze_chartschool|atr_trailing_stop_chartschool,https://www.reddit.com/r/RealDayTrading/comments/sc39td/two_questions_about_trading_with_relative_strength/|https://www.reddit.com/r/swingtrading/comments/1sy4oxs/momentum_stock_entries_on_pullbacks_frustration/|https://chartschool.stockcharts.com/table-of-contents/trading-strategies-and-models/trading-strategies/bollinger-band-squeeze|https://chartschool.stockcharts.com/table-of-contents/technical-indicators-and-overlays/technical-indicators/atr-trailing-stops,RS pullback hold rebound + SPY low-volatility uptrend
fam_14_05,rs_pullback_hold_rebound,RS pullback hold rebound,spy_distribution_light,SPY light distribution regime,300,reddit_realdaytrading_rs_state|reddit_swing_pullbacks_2026|ibd_sell_rules|ibd_50_day_line_sell,https://www.reddit.com/r/RealDayTrading/comments/sc39td/two_questions_about_trading_with_relative_strength/|https://www.reddit.com/r/swingtrading/comments/1sy4oxs/momentum_stock_entries_on_pullbacks_frustration/|https://www.investors.com/how-to-invest/when-to-sell-stocks/|https://www.investors.com/how-to-invest/investors-corner/what-is-the-50-day-moving-average-when-to-buy-or-sell-growth-stocks/,RS pullback hold rebound + SPY light distribution regime
fam_14_06,rs_pullback_hold_rebound,RS pullback hold rebound,spy_momentum_positive,SPY positive 20/50-day momentum,300,reddit_realdaytrading_rs_state|reddit_swing_pullbacks_2026|moskowitz_ooi_pedersen_2012_tsmom|brock_lakonishok_lebaron_1992,https://www.reddit.com/r/RealDayTrading/comments/sc39td/two_questions_about_trading_with_relative_strength/|https://www.reddit.com/r/swingtrading/comments/1sy4oxs/momentum_stock_entries_on_pullbacks_frustration/|https://papers.ssrn.com/sol3/papers.cfm?abstract_id=2089463|https://ideas.repec.org/a/bla/jfinan/v47y1992i5p1731-64.html,RS pullback hold rebound + SPY positive 20/50-day momentum
fam_14_07,rs_pullback_hold_rebound,RS pullback hold rebound,spy_dip_but_not_broken,SPY dip but not broken,300,reddit_realdaytrading_rs_state|reddit_swing_pullbacks_2026|reddit_momentum_setups_2026|ibd_sell_rules,https://www.reddit.com/r/RealDayTrading/comments/sc39td/two_questions_about_trading_with_relative_strength/|https://www.reddit.com/r/swingtrading/comments/1sy4oxs/momentum_stock_entries_on_pullbacks_frustration/|https://www.reddit.com/r/swingtrading/comments/1r7m0bd/3_momentum_setups_im_watching_february_17_2026/|https://www.investors.com/how-to-invest/when-to-sell-stocks/,RS pullback hold rebound + SPY dip but not broken
fam_14_08,rs_pullback_hold_rebound,RS pullback hold rebound,spy_broad_loose_bull,SPY loose bull / frequency regime,300,reddit_realdaytrading_rs_state|reddit_swing_pullbacks_2026|brock_lakonishok_lebaron_1992|moskowitz_ooi_pedersen_2012_tsmom,https://www.reddit.com/r/RealDayTrading/comments/sc39td/two_questions_about_trading_with_relative_strength/|https://www.reddit.com/r/swingtrading/comments/1sy4oxs/momentum_stock_entries_on_pullbacks_frustration/|https://ideas.repec.org/a/bla/jfinan/v47y1992i5p1731-64.html|https://papers.ssrn.com/sol3/papers.cfm?abstract_id=2089463,RS pullback hold rebound + SPY loose bull / frequency regime
fam_15_01,academic_52w_high_pullback_reclaim,52-week high pullback reclaim,spy_stage2_bull,SPY Stage-2 bull regime,300,george_hwang_2004_52w_high|jegadeesh_titman_1993_momentum|minervini_trend_template_public|brock_lakonishok_lebaron_1992,https://onlinelibrary.wiley.com/doi/abs/10.1111/j.1540-6261.2004.00695.x|https://onlinelibrary.wiley.com/doi/abs/10.1111/j.1540-6261.1993.tb04702.x|https://www.chartmill.com/documentation/stock-screener/technical-analysis-trading-strategies/496-Mark-Minervini-Trend-Template-A-Step-by-Step-Guide-for-Beginners|https://ideas.repec.org/a/bla/jfinan/v47y1992i5p1731-64.html,52-week high pullback reclaim + SPY Stage-2 bull regime
fam_15_02,academic_52w_high_pullback_reclaim,52-week high pullback reclaim,spy_fast_risk_on,SPY fast risk-on regime,300,george_hwang_2004_52w_high|jegadeesh_titman_1993_momentum|ibd_cup_handle_buy_point|brock_lakonishok_lebaron_1992,https://onlinelibrary.wiley.com/doi/abs/10.1111/j.1540-6261.2004.00695.x|https://onlinelibrary.wiley.com/doi/abs/10.1111/j.1540-6261.1993.tb04702.x|https://www.investors.com/how-to-invest/investors-corner/amazon-stock-chart-patterns/|https://ideas.repec.org/a/bla/jfinan/v47y1992i5p1731-64.html,52-week high pullback reclaim + SPY fast risk-on regime
fam_15_03,academic_52w_high_pullback_reclaim,52-week high pullback reclaim,spy_pullback_reclaim,SPY pullback reclaim regime,300,george_hwang_2004_52w_high|jegadeesh_titman_1993_momentum|reddit_realdaytrading_rs_state|quallamaggie_stair_step_breakout,https://onlinelibrary.wiley.com/doi/abs/10.1111/j.1540-6261.2004.00695.x|https://onlinelibrary.wiley.com/doi/abs/10.1111/j.1540-6261.1993.tb04702.x|https://www.reddit.com/r/RealDayTrading/comments/sc39td/two_questions_about_trading_with_relative_strength/|https://qullamaggie.com/my-3-timeless-setups-that-have-made-me-tens-of-millions/,52-week high pullback reclaim + SPY pullback reclaim regime
fam_15_04,academic_52w_high_pullback_reclaim,52-week high pullback reclaim,spy_low_vol_uptrend,SPY low-volatility uptrend,300,george_hwang_2004_52w_high|jegadeesh_titman_1993_momentum|bollinger_squeeze_chartschool|atr_trailing_stop_chartschool,https://onlinelibrary.wiley.com/doi/abs/10.1111/j.1540-6261.2004.00695.x|https://onlinelibrary.wiley.com/doi/abs/10.1111/j.1540-6261.1993.tb04702.x|https://chartschool.stockcharts.com/table-of-contents/trading-strategies-and-models/trading-strategies/bollinger-band-squeeze|https://chartschool.stockcharts.com/table-of-contents/technical-indicators-and-overlays/technical-indicators/atr-trailing-stops,52-week high pullback reclaim + SPY low-volatility uptrend
fam_15_05,academic_52w_high_pullback_reclaim,52-week high pullback reclaim,spy_distribution_light,SPY light distribution regime,300,george_hwang_2004_52w_high|jegadeesh_titman_1993_momentum|ibd_sell_rules|ibd_50_day_line_sell,https://onlinelibrary.wiley.com/doi/abs/10.1111/j.1540-6261.2004.00695.x|https://onlinelibrary.wiley.com/doi/abs/10.1111/j.1540-6261.1993.tb04702.x|https://www.investors.com/how-to-invest/when-to-sell-stocks/|https://www.investors.com/how-to-invest/investors-corner/what-is-the-50-day-moving-average-when-to-buy-or-sell-growth-stocks/,52-week high pullback reclaim + SPY light distribution regime
fam_15_06,academic_52w_high_pullback_reclaim,52-week high pullback reclaim,spy_momentum_positive,SPY positive 20/50-day momentum,300,george_hwang_2004_52w_high|jegadeesh_titman_1993_momentum|moskowitz_ooi_pedersen_2012_tsmom|brock_lakonishok_lebaron_1992,https://onlinelibrary.wiley.com/doi/abs/10.1111/j.1540-6261.2004.00695.x|https://onlinelibrary.wiley.com/doi/abs/10.1111/j.1540-6261.1993.tb04702.x|https://papers.ssrn.com/sol3/papers.cfm?abstract_id=2089463|https://ideas.repec.org/a/bla/jfinan/v47y1992i5p1731-64.html,52-week high pullback reclaim + SPY positive 20/50-day momentum
fam_15_07,academic_52w_high_pullback_reclaim,52-week high pullback reclaim,spy_dip_but_not_broken,SPY dip but not broken,300,george_hwang_2004_52w_high|jegadeesh_titman_1993_momentum|reddit_momentum_setups_2026|ibd_sell_rules,https://onlinelibrary.wiley.com/doi/abs/10.1111/j.1540-6261.2004.00695.x|https://onlinelibrary.wiley.com/doi/abs/10.1111/j.1540-6261.1993.tb04702.x|https://www.reddit.com/r/swingtrading/comments/1r7m0bd/3_momentum_setups_im_watching_february_17_2026/|https://www.investors.com/how-to-invest/when-to-sell-stocks/,52-week high pullback reclaim + SPY dip but not broken
fam_15_08,academic_52w_high_pullback_reclaim,52-week high pullback reclaim,spy_broad_loose_bull,SPY loose bull / frequency regime,300,george_hwang_2004_52w_high|jegadeesh_titman_1993_momentum|brock_lakonishok_lebaron_1992|moskowitz_ooi_pedersen_2012_tsmom,https://onlinelibrary.wiley.com/doi/abs/10.1111/j.1540-6261.2004.00695.x|https://onlinelibrary.wiley.com/doi/abs/10.1111/j.1540-6261.1993.tb04702.x|https://ideas.repec.org/a/bla/jfinan/v47y1992i5p1731-64.html|https://papers.ssrn.com/sol3/papers.cfm?abstract_id=2089463,52-week high pullback reclaim + SPY loose bull / frequency regime
fam_16_01,academic_6_12m_momentum_reclaim,6/12-month momentum reclaim,spy_stage2_bull,SPY Stage-2 bull regime,300,jegadeesh_titman_1993_momentum|moskowitz_ooi_pedersen_2012_tsmom|minervini_trend_template_public|brock_lakonishok_lebaron_1992,https://onlinelibrary.wiley.com/doi/abs/10.1111/j.1540-6261.1993.tb04702.x|https://papers.ssrn.com/sol3/papers.cfm?abstract_id=2089463|https://www.chartmill.com/documentation/stock-screener/technical-analysis-trading-strategies/496-Mark-Minervini-Trend-Template-A-Step-by-Step-Guide-for-Beginners|https://ideas.repec.org/a/bla/jfinan/v47y1992i5p1731-64.html,6/12-month momentum reclaim + SPY Stage-2 bull regime
fam_16_02,academic_6_12m_momentum_reclaim,6/12-month momentum reclaim,spy_fast_risk_on,SPY fast risk-on regime,300,jegadeesh_titman_1993_momentum|moskowitz_ooi_pedersen_2012_tsmom|ibd_cup_handle_buy_point|brock_lakonishok_lebaron_1992,https://onlinelibrary.wiley.com/doi/abs/10.1111/j.1540-6261.1993.tb04702.x|https://papers.ssrn.com/sol3/papers.cfm?abstract_id=2089463|https://www.investors.com/how-to-invest/investors-corner/amazon-stock-chart-patterns/|https://ideas.repec.org/a/bla/jfinan/v47y1992i5p1731-64.html,6/12-month momentum reclaim + SPY fast risk-on regime
fam_16_03,academic_6_12m_momentum_reclaim,6/12-month momentum reclaim,spy_pullback_reclaim,SPY pullback reclaim regime,300,jegadeesh_titman_1993_momentum|moskowitz_ooi_pedersen_2012_tsmom|reddit_realdaytrading_rs_state|quallamaggie_stair_step_breakout,https://onlinelibrary.wiley.com/doi/abs/10.1111/j.1540-6261.1993.tb04702.x|https://papers.ssrn.com/sol3/papers.cfm?abstract_id=2089463|https://www.reddit.com/r/RealDayTrading/comments/sc39td/two_questions_about_trading_with_relative_strength/|https://qullamaggie.com/my-3-timeless-setups-that-have-made-me-tens-of-millions/,6/12-month momentum reclaim + SPY pullback reclaim regime
fam_16_04,academic_6_12m_momentum_reclaim,6/12-month momentum reclaim,spy_low_vol_uptrend,SPY low-volatility uptrend,300,jegadeesh_titman_1993_momentum|moskowitz_ooi_pedersen_2012_tsmom|bollinger_squeeze_chartschool|atr_trailing_stop_chartschool,https://onlinelibrary.wiley.com/doi/abs/10.1111/j.1540-6261.1993.tb04702.x|https://papers.ssrn.com/sol3/papers.cfm?abstract_id=2089463|https://chartschool.stockcharts.com/table-of-contents/trading-strategies-and-models/trading-strategies/bollinger-band-squeeze|https://chartschool.stockcharts.com/table-of-contents/technical-indicators-and-overlays/technical-indicators/atr-trailing-stops,6/12-month momentum reclaim + SPY low-volatility uptrend
fam_16_05,academic_6_12m_momentum_reclaim,6/12-month momentum reclaim,spy_distribution_light,SPY light distribution regime,300,jegadeesh_titman_1993_momentum|moskowitz_ooi_pedersen_2012_tsmom|ibd_sell_rules|ibd_50_day_line_sell,https://onlinelibrary.wiley.com/doi/abs/10.1111/j.1540-6261.1993.tb04702.x|https://papers.ssrn.com/sol3/papers.cfm?abstract_id=2089463|https://www.investors.com/how-to-invest/when-to-sell-stocks/|https://www.investors.com/how-to-invest/investors-corner/what-is-the-50-day-moving-average-when-to-buy-or-sell-growth-stocks/,6/12-month momentum reclaim + SPY light distribution regime
fam_16_06,academic_6_12m_momentum_reclaim,6/12-month momentum reclaim,spy_momentum_positive,SPY positive 20/50-day momentum,300,jegadeesh_titman_1993_momentum|moskowitz_ooi_pedersen_2012_tsmom|brock_lakonishok_lebaron_1992,https://onlinelibrary.wiley.com/doi/abs/10.1111/j.1540-6261.1993.tb04702.x|https://papers.ssrn.com/sol3/papers.cfm?abstract_id=2089463|https://ideas.repec.org/a/bla/jfinan/v47y1992i5p1731-64.html,6/12-month momentum reclaim + SPY positive 20/50-day momentum
fam_16_07,academic_6_12m_momentum_reclaim,6/12-month momentum reclaim,spy_dip_but_not_broken,SPY dip but not broken,300,jegadeesh_titman_1993_momentum|moskowitz_ooi_pedersen_2012_tsmom|reddit_momentum_setups_2026|ibd_sell_rules,https://onlinelibrary.wiley.com/doi/abs/10.1111/j.1540-6261.1993.tb04702.x|https://papers.ssrn.com/sol3/papers.cfm?abstract_id=2089463|https://www.reddit.com/r/swingtrading/comments/1r7m0bd/3_momentum_setups_im_watching_february_17_2026/|https://www.investors.com/how-to-invest/when-to-sell-stocks/,6/12-month momentum reclaim + SPY dip but not broken
fam_16_08,academic_6_12m_momentum_reclaim,6/12-month momentum reclaim,spy_broad_loose_bull,SPY loose bull / frequency regime,300,jegadeesh_titman_1993_momentum|moskowitz_ooi_pedersen_2012_tsmom|brock_lakonishok_lebaron_1992,https://onlinelibrary.wiley.com/doi/abs/10.1111/j.1540-6261.1993.tb04702.x|https://papers.ssrn.com/sol3/papers.cfm?abstract_id=2089463|https://ideas.repec.org/a/bla/jfinan/v47y1992i5p1731-64.html,6/12-month momentum reclaim + SPY loose bull / frequency regime
fam_17_01,time_series_momentum_reentry,Time-series momentum re-entry,spy_stage2_bull,SPY Stage-2 bull regime,300,moskowitz_ooi_pedersen_2012_tsmom|han_yang_zhou_2013_ma_timing|minervini_trend_template_public|brock_lakonishok_lebaron_1992,https://papers.ssrn.com/sol3/papers.cfm?abstract_id=2089463|https://www.cambridge.org/core/journals/journal-of-financial-and-quantitative-analysis/article/abs/new-anomaly-the-crosssectional-profitability-of-technical-analysis/B9E41049F2E55B4F274D46E72ECA8E29|https://www.chartmill.com/documentation/stock-screener/technical-analysis-trading-strategies/496-Mark-Minervini-Trend-Template-A-Step-by-Step-Guide-for-Beginners|https://ideas.repec.org/a/bla/jfinan/v47y1992i5p1731-64.html,Time-series momentum re-entry + SPY Stage-2 bull regime
fam_17_02,time_series_momentum_reentry,Time-series momentum re-entry,spy_fast_risk_on,SPY fast risk-on regime,300,moskowitz_ooi_pedersen_2012_tsmom|han_yang_zhou_2013_ma_timing|ibd_cup_handle_buy_point|brock_lakonishok_lebaron_1992,https://papers.ssrn.com/sol3/papers.cfm?abstract_id=2089463|https://www.cambridge.org/core/journals/journal-of-financial-and-quantitative-analysis/article/abs/new-anomaly-the-crosssectional-profitability-of-technical-analysis/B9E41049F2E55B4F274D46E72ECA8E29|https://www.investors.com/how-to-invest/investors-corner/amazon-stock-chart-patterns/|https://ideas.repec.org/a/bla/jfinan/v47y1992i5p1731-64.html,Time-series momentum re-entry + SPY fast risk-on regime
fam_17_03,time_series_momentum_reentry,Time-series momentum re-entry,spy_pullback_reclaim,SPY pullback reclaim regime,300,moskowitz_ooi_pedersen_2012_tsmom|han_yang_zhou_2013_ma_timing|reddit_realdaytrading_rs_state|quallamaggie_stair_step_breakout,https://papers.ssrn.com/sol3/papers.cfm?abstract_id=2089463|https://www.cambridge.org/core/journals/journal-of-financial-and-quantitative-analysis/article/abs/new-anomaly-the-crosssectional-profitability-of-technical-analysis/B9E41049F2E55B4F274D46E72ECA8E29|https://www.reddit.com/r/RealDayTrading/comments/sc39td/two_questions_about_trading_with_relative_strength/|https://qullamaggie.com/my-3-timeless-setups-that-have-made-me-tens-of-millions/,Time-series momentum re-entry + SPY pullback reclaim regime
fam_17_04,time_series_momentum_reentry,Time-series momentum re-entry,spy_low_vol_uptrend,SPY low-volatility uptrend,300,moskowitz_ooi_pedersen_2012_tsmom|han_yang_zhou_2013_ma_timing|bollinger_squeeze_chartschool|atr_trailing_stop_chartschool,https://papers.ssrn.com/sol3/papers.cfm?abstract_id=2089463|https://www.cambridge.org/core/journals/journal-of-financial-and-quantitative-analysis/article/abs/new-anomaly-the-crosssectional-profitability-of-technical-analysis/B9E41049F2E55B4F274D46E72ECA8E29|https://chartschool.stockcharts.com/table-of-contents/trading-strategies-and-models/trading-strategies/bollinger-band-squeeze|https://chartschool.stockcharts.com/table-of-contents/technical-indicators-and-overlays/technical-indicators/atr-trailing-stops,Time-series momentum re-entry + SPY low-volatility uptrend
fam_17_05,time_series_momentum_reentry,Time-series momentum re-entry,spy_distribution_light,SPY light distribution regime,300,moskowitz_ooi_pedersen_2012_tsmom|han_yang_zhou_2013_ma_timing|ibd_sell_rules|ibd_50_day_line_sell,https://papers.ssrn.com/sol3/papers.cfm?abstract_id=2089463|https://www.cambridge.org/core/journals/journal-of-financial-and-quantitative-analysis/article/abs/new-anomaly-the-crosssectional-profitability-of-technical-analysis/B9E41049F2E55B4F274D46E72ECA8E29|https://www.investors.com/how-to-invest/when-to-sell-stocks/|https://www.investors.com/how-to-invest/investors-corner/what-is-the-50-day-moving-average-when-to-buy-or-sell-growth-stocks/,Time-series momentum re-entry + SPY light distribution regime
fam_17_06,time_series_momentum_reentry,Time-series momentum re-entry,spy_momentum_positive,SPY positive 20/50-day momentum,300,moskowitz_ooi_pedersen_2012_tsmom|han_yang_zhou_2013_ma_timing|brock_lakonishok_lebaron_1992,https://papers.ssrn.com/sol3/papers.cfm?abstract_id=2089463|https://www.cambridge.org/core/journals/journal-of-financial-and-quantitative-analysis/article/abs/new-anomaly-the-crosssectional-profitability-of-technical-analysis/B9E41049F2E55B4F274D46E72ECA8E29|https://ideas.repec.org/a/bla/jfinan/v47y1992i5p1731-64.html,Time-series momentum re-entry + SPY positive 20/50-day momentum
fam_17_07,time_series_momentum_reentry,Time-series momentum re-entry,spy_dip_but_not_broken,SPY dip but not broken,300,moskowitz_ooi_pedersen_2012_tsmom|han_yang_zhou_2013_ma_timing|reddit_momentum_setups_2026|ibd_sell_rules,https://papers.ssrn.com/sol3/papers.cfm?abstract_id=2089463|https://www.cambridge.org/core/journals/journal-of-financial-and-quantitative-analysis/article/abs/new-anomaly-the-crosssectional-profitability-of-technical-analysis/B9E41049F2E55B4F274D46E72ECA8E29|https://www.reddit.com/r/swingtrading/comments/1r7m0bd/3_momentum_setups_im_watching_february_17_2026/|https://www.investors.com/how-to-invest/when-to-sell-stocks/,Time-series momentum re-entry + SPY dip but not broken
fam_17_08,time_series_momentum_reentry,Time-series momentum re-entry,spy_broad_loose_bull,SPY loose bull / frequency regime,300,moskowitz_ooi_pedersen_2012_tsmom|han_yang_zhou_2013_ma_timing|brock_lakonishok_lebaron_1992,https://papers.ssrn.com/sol3/papers.cfm?abstract_id=2089463|https://www.cambridge.org/core/journals/journal-of-financial-and-quantitative-analysis/article/abs/new-anomaly-the-crosssectional-profitability-of-technical-analysis/B9E41049F2E55B4F274D46E72ECA8E29|https://ideas.repec.org/a/bla/jfinan/v47y1992i5p1731-64.html,Time-series momentum re-entry + SPY loose bull / frequency regime
fam_18_01,moving_average_timing_cross,Moving-average timing cross,spy_stage2_bull,SPY Stage-2 bull regime,300,brock_lakonishok_lebaron_1992|han_yang_zhou_2013_ma_timing|minervini_trend_template_public,https://ideas.repec.org/a/bla/jfinan/v47y1992i5p1731-64.html|https://www.cambridge.org/core/journals/journal-of-financial-and-quantitative-analysis/article/abs/new-anomaly-the-crosssectional-profitability-of-technical-analysis/B9E41049F2E55B4F274D46E72ECA8E29|https://www.chartmill.com/documentation/stock-screener/technical-analysis-trading-strategies/496-Mark-Minervini-Trend-Template-A-Step-by-Step-Guide-for-Beginners,Moving-average timing cross + SPY Stage-2 bull regime
fam_18_02,moving_average_timing_cross,Moving-average timing cross,spy_fast_risk_on,SPY fast risk-on regime,300,brock_lakonishok_lebaron_1992|han_yang_zhou_2013_ma_timing|ibd_cup_handle_buy_point,https://ideas.repec.org/a/bla/jfinan/v47y1992i5p1731-64.html|https://www.cambridge.org/core/journals/journal-of-financial-and-quantitative-analysis/article/abs/new-anomaly-the-crosssectional-profitability-of-technical-analysis/B9E41049F2E55B4F274D46E72ECA8E29|https://www.investors.com/how-to-invest/investors-corner/amazon-stock-chart-patterns/,Moving-average timing cross + SPY fast risk-on regime
fam_18_03,moving_average_timing_cross,Moving-average timing cross,spy_pullback_reclaim,SPY pullback reclaim regime,300,brock_lakonishok_lebaron_1992|han_yang_zhou_2013_ma_timing|reddit_realdaytrading_rs_state|quallamaggie_stair_step_breakout,https://ideas.repec.org/a/bla/jfinan/v47y1992i5p1731-64.html|https://www.cambridge.org/core/journals/journal-of-financial-and-quantitative-analysis/article/abs/new-anomaly-the-crosssectional-profitability-of-technical-analysis/B9E41049F2E55B4F274D46E72ECA8E29|https://www.reddit.com/r/RealDayTrading/comments/sc39td/two_questions_about_trading_with_relative_strength/|https://qullamaggie.com/my-3-timeless-setups-that-have-made-me-tens-of-millions/,Moving-average timing cross + SPY pullback reclaim regime
fam_18_04,moving_average_timing_cross,Moving-average timing cross,spy_low_vol_uptrend,SPY low-volatility uptrend,300,brock_lakonishok_lebaron_1992|han_yang_zhou_2013_ma_timing|bollinger_squeeze_chartschool|atr_trailing_stop_chartschool,https://ideas.repec.org/a/bla/jfinan/v47y1992i5p1731-64.html|https://www.cambridge.org/core/journals/journal-of-financial-and-quantitative-analysis/article/abs/new-anomaly-the-crosssectional-profitability-of-technical-analysis/B9E41049F2E55B4F274D46E72ECA8E29|https://chartschool.stockcharts.com/table-of-contents/trading-strategies-and-models/trading-strategies/bollinger-band-squeeze|https://chartschool.stockcharts.com/table-of-contents/technical-indicators-and-overlays/technical-indicators/atr-trailing-stops,Moving-average timing cross + SPY low-volatility uptrend
fam_18_05,moving_average_timing_cross,Moving-average timing cross,spy_distribution_light,SPY light distribution regime,300,brock_lakonishok_lebaron_1992|han_yang_zhou_2013_ma_timing|ibd_sell_rules|ibd_50_day_line_sell,https://ideas.repec.org/a/bla/jfinan/v47y1992i5p1731-64.html|https://www.cambridge.org/core/journals/journal-of-financial-and-quantitative-analysis/article/abs/new-anomaly-the-crosssectional-profitability-of-technical-analysis/B9E41049F2E55B4F274D46E72ECA8E29|https://www.investors.com/how-to-invest/when-to-sell-stocks/|https://www.investors.com/how-to-invest/investors-corner/what-is-the-50-day-moving-average-when-to-buy-or-sell-growth-stocks/,Moving-average timing cross + SPY light distribution regime
fam_18_06,moving_average_timing_cross,Moving-average timing cross,spy_momentum_positive,SPY positive 20/50-day momentum,300,brock_lakonishok_lebaron_1992|han_yang_zhou_2013_ma_timing|moskowitz_ooi_pedersen_2012_tsmom,https://ideas.repec.org/a/bla/jfinan/v47y1992i5p1731-64.html|https://www.cambridge.org/core/journals/journal-of-financial-and-quantitative-analysis/article/abs/new-anomaly-the-crosssectional-profitability-of-technical-analysis/B9E41049F2E55B4F274D46E72ECA8E29|https://papers.ssrn.com/sol3/papers.cfm?abstract_id=2089463,Moving-average timing cross + SPY positive 20/50-day momentum
fam_18_07,moving_average_timing_cross,Moving-average timing cross,spy_dip_but_not_broken,SPY dip but not broken,300,brock_lakonishok_lebaron_1992|han_yang_zhou_2013_ma_timing|reddit_momentum_setups_2026|ibd_sell_rules,https://ideas.repec.org/a/bla/jfinan/v47y1992i5p1731-64.html|https://www.cambridge.org/core/journals/journal-of-financial-and-quantitative-analysis/article/abs/new-anomaly-the-crosssectional-profitability-of-technical-analysis/B9E41049F2E55B4F274D46E72ECA8E29|https://www.reddit.com/r/swingtrading/comments/1r7m0bd/3_momentum_setups_im_watching_february_17_2026/|https://www.investors.com/how-to-invest/when-to-sell-stocks/,Moving-average timing cross + SPY dip but not broken
fam_18_08,moving_average_timing_cross,Moving-average timing cross,spy_broad_loose_bull,SPY loose bull / frequency regime,300,brock_lakonishok_lebaron_1992|han_yang_zhou_2013_ma_timing|moskowitz_ooi_pedersen_2012_tsmom,https://ideas.repec.org/a/bla/jfinan/v47y1992i5p1731-64.html|https://www.cambridge.org/core/journals/journal-of-financial-and-quantitative-analysis/article/abs/new-anomaly-the-crosssectional-profitability-of-technical-analysis/B9E41049F2E55B4F274D46E72ECA8E29|https://papers.ssrn.com/sol3/papers.cfm?abstract_id=2089463,Moving-average timing cross + SPY loose bull / frequency regime
fam_19_01,ema_value_zone_pullback,EMA value-zone pullback,spy_stage2_bull,SPY Stage-2 bull regime,300,reddit_trend_following_pullback_bot|reddit_swing_pullbacks_2026|minervini_trend_template_public|brock_lakonishok_lebaron_1992,https://www.reddit.com/r/swingtrading/comments/1seu2jy/i_built_a_trendfollowing_pullback_bot/|https://www.reddit.com/r/swingtrading/comments/1sy4oxs/momentum_stock_entries_on_pullbacks_frustration/|https://www.chartmill.com/documentation/stock-screener/technical-analysis-trading-strategies/496-Mark-Minervini-Trend-Template-A-Step-by-Step-Guide-for-Beginners|https://ideas.repec.org/a/bla/jfinan/v47y1992i5p1731-64.html,EMA value-zone pullback + SPY Stage-2 bull regime
fam_19_02,ema_value_zone_pullback,EMA value-zone pullback,spy_fast_risk_on,SPY fast risk-on regime,300,reddit_trend_following_pullback_bot|reddit_swing_pullbacks_2026|ibd_cup_handle_buy_point|brock_lakonishok_lebaron_1992,https://www.reddit.com/r/swingtrading/comments/1seu2jy/i_built_a_trendfollowing_pullback_bot/|https://www.reddit.com/r/swingtrading/comments/1sy4oxs/momentum_stock_entries_on_pullbacks_frustration/|https://www.investors.com/how-to-invest/investors-corner/amazon-stock-chart-patterns/|https://ideas.repec.org/a/bla/jfinan/v47y1992i5p1731-64.html,EMA value-zone pullback + SPY fast risk-on regime
fam_19_03,ema_value_zone_pullback,EMA value-zone pullback,spy_pullback_reclaim,SPY pullback reclaim regime,300,reddit_trend_following_pullback_bot|reddit_swing_pullbacks_2026|reddit_realdaytrading_rs_state|quallamaggie_stair_step_breakout,https://www.reddit.com/r/swingtrading/comments/1seu2jy/i_built_a_trendfollowing_pullback_bot/|https://www.reddit.com/r/swingtrading/comments/1sy4oxs/momentum_stock_entries_on_pullbacks_frustration/|https://www.reddit.com/r/RealDayTrading/comments/sc39td/two_questions_about_trading_with_relative_strength/|https://qullamaggie.com/my-3-timeless-setups-that-have-made-me-tens-of-millions/,EMA value-zone pullback + SPY pullback reclaim regime
fam_19_04,ema_value_zone_pullback,EMA value-zone pullback,spy_low_vol_uptrend,SPY low-volatility uptrend,300,reddit_trend_following_pullback_bot|reddit_swing_pullbacks_2026|bollinger_squeeze_chartschool|atr_trailing_stop_chartschool,https://www.reddit.com/r/swingtrading/comments/1seu2jy/i_built_a_trendfollowing_pullback_bot/|https://www.reddit.com/r/swingtrading/comments/1sy4oxs/momentum_stock_entries_on_pullbacks_frustration/|https://chartschool.stockcharts.com/table-of-contents/trading-strategies-and-models/trading-strategies/bollinger-band-squeeze|https://chartschool.stockcharts.com/table-of-contents/technical-indicators-and-overlays/technical-indicators/atr-trailing-stops,EMA value-zone pullback + SPY low-volatility uptrend
fam_19_05,ema_value_zone_pullback,EMA value-zone pullback,spy_distribution_light,SPY light distribution regime,300,reddit_trend_following_pullback_bot|reddit_swing_pullbacks_2026|ibd_sell_rules|ibd_50_day_line_sell,https://www.reddit.com/r/swingtrading/comments/1seu2jy/i_built_a_trendfollowing_pullback_bot/|https://www.reddit.com/r/swingtrading/comments/1sy4oxs/momentum_stock_entries_on_pullbacks_frustration/|https://www.investors.com/how-to-invest/when-to-sell-stocks/|https://www.investors.com/how-to-invest/investors-corner/what-is-the-50-day-moving-average-when-to-buy-or-sell-growth-stocks/,EMA value-zone pullback + SPY light distribution regime
fam_19_06,ema_value_zone_pullback,EMA value-zone pullback,spy_momentum_positive,SPY positive 20/50-day momentum,300,reddit_trend_following_pullback_bot|reddit_swing_pullbacks_2026|moskowitz_ooi_pedersen_2012_tsmom|brock_lakonishok_lebaron_1992,https://www.reddit.com/r/swingtrading/comments/1seu2jy/i_built_a_trendfollowing_pullback_bot/|https://www.reddit.com/r/swingtrading/comments/1sy4oxs/momentum_stock_entries_on_pullbacks_frustration/|https://papers.ssrn.com/sol3/papers.cfm?abstract_id=2089463|https://ideas.repec.org/a/bla/jfinan/v47y1992i5p1731-64.html,EMA value-zone pullback + SPY positive 20/50-day momentum
fam_19_07,ema_value_zone_pullback,EMA value-zone pullback,spy_dip_but_not_broken,SPY dip but not broken,300,reddit_trend_following_pullback_bot|reddit_swing_pullbacks_2026|reddit_momentum_setups_2026|ibd_sell_rules,https://www.reddit.com/r/swingtrading/comments/1seu2jy/i_built_a_trendfollowing_pullback_bot/|https://www.reddit.com/r/swingtrading/comments/1sy4oxs/momentum_stock_entries_on_pullbacks_frustration/|https://www.reddit.com/r/swingtrading/comments/1r7m0bd/3_momentum_setups_im_watching_february_17_2026/|https://www.investors.com/how-to-invest/when-to-sell-stocks/,EMA value-zone pullback + SPY dip but not broken
fam_19_08,ema_value_zone_pullback,EMA value-zone pullback,spy_broad_loose_bull,SPY loose bull / frequency regime,300,reddit_trend_following_pullback_bot|reddit_swing_pullbacks_2026|brock_lakonishok_lebaron_1992|moskowitz_ooi_pedersen_2012_tsmom,https://www.reddit.com/r/swingtrading/comments/1seu2jy/i_built_a_trendfollowing_pullback_bot/|https://www.reddit.com/r/swingtrading/comments/1sy4oxs/momentum_stock_entries_on_pullbacks_frustration/|https://ideas.repec.org/a/bla/jfinan/v47y1992i5p1731-64.html|https://papers.ssrn.com/sol3/papers.cfm?abstract_id=2089463,EMA value-zone pullback + SPY loose bull / frequency regime
fam_20_01,bollinger_squeeze_breakout,Bollinger squeeze breakout,spy_stage2_bull,SPY Stage-2 bull regime,300,bollinger_squeeze_chartschool|brock_lakonishok_lebaron_1992|minervini_trend_template_public,https://chartschool.stockcharts.com/table-of-contents/trading-strategies-and-models/trading-strategies/bollinger-band-squeeze|https://ideas.repec.org/a/bla/jfinan/v47y1992i5p1731-64.html|https://www.chartmill.com/documentation/stock-screener/technical-analysis-trading-strategies/496-Mark-Minervini-Trend-Template-A-Step-by-Step-Guide-for-Beginners,Bollinger squeeze breakout + SPY Stage-2 bull regime
fam_20_02,bollinger_squeeze_breakout,Bollinger squeeze breakout,spy_fast_risk_on,SPY fast risk-on regime,300,bollinger_squeeze_chartschool|brock_lakonishok_lebaron_1992|ibd_cup_handle_buy_point,https://chartschool.stockcharts.com/table-of-contents/trading-strategies-and-models/trading-strategies/bollinger-band-squeeze|https://ideas.repec.org/a/bla/jfinan/v47y1992i5p1731-64.html|https://www.investors.com/how-to-invest/investors-corner/amazon-stock-chart-patterns/,Bollinger squeeze breakout + SPY fast risk-on regime
fam_20_03,bollinger_squeeze_breakout,Bollinger squeeze breakout,spy_pullback_reclaim,SPY pullback reclaim regime,300,bollinger_squeeze_chartschool|brock_lakonishok_lebaron_1992|reddit_realdaytrading_rs_state|quallamaggie_stair_step_breakout,https://chartschool.stockcharts.com/table-of-contents/trading-strategies-and-models/trading-strategies/bollinger-band-squeeze|https://ideas.repec.org/a/bla/jfinan/v47y1992i5p1731-64.html|https://www.reddit.com/r/RealDayTrading/comments/sc39td/two_questions_about_trading_with_relative_strength/|https://qullamaggie.com/my-3-timeless-setups-that-have-made-me-tens-of-millions/,Bollinger squeeze breakout + SPY pullback reclaim regime
fam_20_04,bollinger_squeeze_breakout,Bollinger squeeze breakout,spy_low_vol_uptrend,SPY low-volatility uptrend,300,bollinger_squeeze_chartschool|brock_lakonishok_lebaron_1992|atr_trailing_stop_chartschool,https://chartschool.stockcharts.com/table-of-contents/trading-strategies-and-models/trading-strategies/bollinger-band-squeeze|https://ideas.repec.org/a/bla/jfinan/v47y1992i5p1731-64.html|https://chartschool.stockcharts.com/table-of-contents/technical-indicators-and-overlays/technical-indicators/atr-trailing-stops,Bollinger squeeze breakout + SPY low-volatility uptrend
fam_20_05,bollinger_squeeze_breakout,Bollinger squeeze breakout,spy_distribution_light,SPY light distribution regime,300,bollinger_squeeze_chartschool|brock_lakonishok_lebaron_1992|ibd_sell_rules|ibd_50_day_line_sell,https://chartschool.stockcharts.com/table-of-contents/trading-strategies-and-models/trading-strategies/bollinger-band-squeeze|https://ideas.repec.org/a/bla/jfinan/v47y1992i5p1731-64.html|https://www.investors.com/how-to-invest/when-to-sell-stocks/|https://www.investors.com/how-to-invest/investors-corner/what-is-the-50-day-moving-average-when-to-buy-or-sell-growth-stocks/,Bollinger squeeze breakout + SPY light distribution regime
fam_20_06,bollinger_squeeze_breakout,Bollinger squeeze breakout,spy_momentum_positive,SPY positive 20/50-day momentum,300,bollinger_squeeze_chartschool|brock_lakonishok_lebaron_1992|moskowitz_ooi_pedersen_2012_tsmom,https://chartschool.stockcharts.com/table-of-contents/trading-strategies-and-models/trading-strategies/bollinger-band-squeeze|https://ideas.repec.org/a/bla/jfinan/v47y1992i5p1731-64.html|https://papers.ssrn.com/sol3/papers.cfm?abstract_id=2089463,Bollinger squeeze breakout + SPY positive 20/50-day momentum
fam_20_07,bollinger_squeeze_breakout,Bollinger squeeze breakout,spy_dip_but_not_broken,SPY dip but not broken,300,bollinger_squeeze_chartschool|brock_lakonishok_lebaron_1992|reddit_momentum_setups_2026|ibd_sell_rules,https://chartschool.stockcharts.com/table-of-contents/trading-strategies-and-models/trading-strategies/bollinger-band-squeeze|https://ideas.repec.org/a/bla/jfinan/v47y1992i5p1731-64.html|https://www.reddit.com/r/swingtrading/comments/1r7m0bd/3_momentum_setups_im_watching_february_17_2026/|https://www.investors.com/how-to-invest/when-to-sell-stocks/,Bollinger squeeze breakout + SPY dip but not broken
fam_20_08,bollinger_squeeze_breakout,Bollinger squeeze breakout,spy_broad_loose_bull,SPY loose bull / frequency regime,300,bollinger_squeeze_chartschool|brock_lakonishok_lebaron_1992|moskowitz_ooi_pedersen_2012_tsmom,https://chartschool.stockcharts.com/table-of-contents/trading-strategies-and-models/trading-strategies/bollinger-band-squeeze|https://ideas.repec.org/a/bla/jfinan/v47y1992i5p1731-64.html|https://papers.ssrn.com/sol3/papers.cfm?abstract_id=2089463,Bollinger squeeze breakout + SPY loose bull / frequency regime
fam_21_01,atr_compression_nr_breakout,ATR compression + narrow-range breakout,spy_stage2_bull,SPY Stage-2 bull regime,300,minervini_vcp_traderlion|atr_trailing_stop_chartschool|brock_lakonishok_lebaron_1992|minervini_trend_template_public,https://traderlion.com/technical-analysis/volatility-contraction-pattern/|https://chartschool.stockcharts.com/table-of-contents/technical-indicators-and-overlays/technical-indicators/atr-trailing-stops|https://ideas.repec.org/a/bla/jfinan/v47y1992i5p1731-64.html|https://www.chartmill.com/documentation/stock-screener/technical-analysis-trading-strategies/496-Mark-Minervini-Trend-Template-A-Step-by-Step-Guide-for-Beginners,ATR compression + narrow-range breakout + SPY Stage-2 bull regime
fam_21_02,atr_compression_nr_breakout,ATR compression + narrow-range breakout,spy_fast_risk_on,SPY fast risk-on regime,300,minervini_vcp_traderlion|atr_trailing_stop_chartschool|brock_lakonishok_lebaron_1992|ibd_cup_handle_buy_point,https://traderlion.com/technical-analysis/volatility-contraction-pattern/|https://chartschool.stockcharts.com/table-of-contents/technical-indicators-and-overlays/technical-indicators/atr-trailing-stops|https://ideas.repec.org/a/bla/jfinan/v47y1992i5p1731-64.html|https://www.investors.com/how-to-invest/investors-corner/amazon-stock-chart-patterns/,ATR compression + narrow-range breakout + SPY fast risk-on regime
fam_21_03,atr_compression_nr_breakout,ATR compression + narrow-range breakout,spy_pullback_reclaim,SPY pullback reclaim regime,300,minervini_vcp_traderlion|atr_trailing_stop_chartschool|brock_lakonishok_lebaron_1992|reddit_realdaytrading_rs_state|quallamaggie_stair_step_breakout,https://traderlion.com/technical-analysis/volatility-contraction-pattern/|https://chartschool.stockcharts.com/table-of-contents/technical-indicators-and-overlays/technical-indicators/atr-trailing-stops|https://ideas.repec.org/a/bla/jfinan/v47y1992i5p1731-64.html|https://www.reddit.com/r/RealDayTrading/comments/sc39td/two_questions_about_trading_with_relative_strength/|https://qullamaggie.com/my-3-timeless-setups-that-have-made-me-tens-of-millions/,ATR compression + narrow-range breakout + SPY pullback reclaim regime
fam_21_04,atr_compression_nr_breakout,ATR compression + narrow-range breakout,spy_low_vol_uptrend,SPY low-volatility uptrend,300,minervini_vcp_traderlion|atr_trailing_stop_chartschool|brock_lakonishok_lebaron_1992|bollinger_squeeze_chartschool,https://traderlion.com/technical-analysis/volatility-contraction-pattern/|https://chartschool.stockcharts.com/table-of-contents/technical-indicators-and-overlays/technical-indicators/atr-trailing-stops|https://ideas.repec.org/a/bla/jfinan/v47y1992i5p1731-64.html|https://chartschool.stockcharts.com/table-of-contents/trading-strategies-and-models/trading-strategies/bollinger-band-squeeze,ATR compression + narrow-range breakout + SPY low-volatility uptrend
fam_21_05,atr_compression_nr_breakout,ATR compression + narrow-range breakout,spy_distribution_light,SPY light distribution regime,300,minervini_vcp_traderlion|atr_trailing_stop_chartschool|brock_lakonishok_lebaron_1992|ibd_sell_rules|ibd_50_day_line_sell,https://traderlion.com/technical-analysis/volatility-contraction-pattern/|https://chartschool.stockcharts.com/table-of-contents/technical-indicators-and-overlays/technical-indicators/atr-trailing-stops|https://ideas.repec.org/a/bla/jfinan/v47y1992i5p1731-64.html|https://www.investors.com/how-to-invest/when-to-sell-stocks/|https://www.investors.com/how-to-invest/investors-corner/what-is-the-50-day-moving-average-when-to-buy-or-sell-growth-stocks/,ATR compression + narrow-range breakout + SPY light distribution regime
fam_21_06,atr_compression_nr_breakout,ATR compression + narrow-range breakout,spy_momentum_positive,SPY positive 20/50-day momentum,300,minervini_vcp_traderlion|atr_trailing_stop_chartschool|brock_lakonishok_lebaron_1992|moskowitz_ooi_pedersen_2012_tsmom,https://traderlion.com/technical-analysis/volatility-contraction-pattern/|https://chartschool.stockcharts.com/table-of-contents/technical-indicators-and-overlays/technical-indicators/atr-trailing-stops|https://ideas.repec.org/a/bla/jfinan/v47y1992i5p1731-64.html|https://papers.ssrn.com/sol3/papers.cfm?abstract_id=2089463,ATR compression + narrow-range breakout + SPY positive 20/50-day momentum
fam_21_07,atr_compression_nr_breakout,ATR compression + narrow-range breakout,spy_dip_but_not_broken,SPY dip but not broken,300,minervini_vcp_traderlion|atr_trailing_stop_chartschool|brock_lakonishok_lebaron_1992|reddit_momentum_setups_2026|ibd_sell_rules,https://traderlion.com/technical-analysis/volatility-contraction-pattern/|https://chartschool.stockcharts.com/table-of-contents/technical-indicators-and-overlays/technical-indicators/atr-trailing-stops|https://ideas.repec.org/a/bla/jfinan/v47y1992i5p1731-64.html|https://www.reddit.com/r/swingtrading/comments/1r7m0bd/3_momentum_setups_im_watching_february_17_2026/|https://www.investors.com/how-to-invest/when-to-sell-stocks/,ATR compression + narrow-range breakout + SPY dip but not broken
fam_21_08,atr_compression_nr_breakout,ATR compression + narrow-range breakout,spy_broad_loose_bull,SPY loose bull / frequency regime,300,minervini_vcp_traderlion|atr_trailing_stop_chartschool|brock_lakonishok_lebaron_1992|moskowitz_ooi_pedersen_2012_tsmom,https://traderlion.com/technical-analysis/volatility-contraction-pattern/|https://chartschool.stockcharts.com/table-of-contents/technical-indicators-and-overlays/technical-indicators/atr-trailing-stops|https://ideas.repec.org/a/bla/jfinan/v47y1992i5p1731-64.html|https://papers.ssrn.com/sol3/papers.cfm?abstract_id=2089463,ATR compression + narrow-range breakout + SPY loose bull / frequency regime
fam_22_01,inside_day_breakout_reclaim,Inside-day breakout reclaim,spy_stage2_bull,SPY Stage-2 bull regime,300,quallamaggie_stair_step_breakout|brock_lakonishok_lebaron_1992|minervini_trend_template_public,https://qullamaggie.com/my-3-timeless-setups-that-have-made-me-tens-of-millions/|https://ideas.repec.org/a/bla/jfinan/v47y1992i5p1731-64.html|https://www.chartmill.com/documentation/stock-screener/technical-analysis-trading-strategies/496-Mark-Minervini-Trend-Template-A-Step-by-Step-Guide-for-Beginners,Inside-day breakout reclaim + SPY Stage-2 bull regime
fam_22_02,inside_day_breakout_reclaim,Inside-day breakout reclaim,spy_fast_risk_on,SPY fast risk-on regime,300,quallamaggie_stair_step_breakout|brock_lakonishok_lebaron_1992|ibd_cup_handle_buy_point,https://qullamaggie.com/my-3-timeless-setups-that-have-made-me-tens-of-millions/|https://ideas.repec.org/a/bla/jfinan/v47y1992i5p1731-64.html|https://www.investors.com/how-to-invest/investors-corner/amazon-stock-chart-patterns/,Inside-day breakout reclaim + SPY fast risk-on regime
fam_22_03,inside_day_breakout_reclaim,Inside-day breakout reclaim,spy_pullback_reclaim,SPY pullback reclaim regime,300,quallamaggie_stair_step_breakout|brock_lakonishok_lebaron_1992|reddit_realdaytrading_rs_state,https://qullamaggie.com/my-3-timeless-setups-that-have-made-me-tens-of-millions/|https://ideas.repec.org/a/bla/jfinan/v47y1992i5p1731-64.html|https://www.reddit.com/r/RealDayTrading/comments/sc39td/two_questions_about_trading_with_relative_strength/,Inside-day breakout reclaim + SPY pullback reclaim regime
fam_22_04,inside_day_breakout_reclaim,Inside-day breakout reclaim,spy_low_vol_uptrend,SPY low-volatility uptrend,300,quallamaggie_stair_step_breakout|brock_lakonishok_lebaron_1992|bollinger_squeeze_chartschool|atr_trailing_stop_chartschool,https://qullamaggie.com/my-3-timeless-setups-that-have-made-me-tens-of-millions/|https://ideas.repec.org/a/bla/jfinan/v47y1992i5p1731-64.html|https://chartschool.stockcharts.com/table-of-contents/trading-strategies-and-models/trading-strategies/bollinger-band-squeeze|https://chartschool.stockcharts.com/table-of-contents/technical-indicators-and-overlays/technical-indicators/atr-trailing-stops,Inside-day breakout reclaim + SPY low-volatility uptrend
fam_22_05,inside_day_breakout_reclaim,Inside-day breakout reclaim,spy_distribution_light,SPY light distribution regime,300,quallamaggie_stair_step_breakout|brock_lakonishok_lebaron_1992|ibd_sell_rules|ibd_50_day_line_sell,https://qullamaggie.com/my-3-timeless-setups-that-have-made-me-tens-of-millions/|https://ideas.repec.org/a/bla/jfinan/v47y1992i5p1731-64.html|https://www.investors.com/how-to-invest/when-to-sell-stocks/|https://www.investors.com/how-to-invest/investors-corner/what-is-the-50-day-moving-average-when-to-buy-or-sell-growth-stocks/,Inside-day breakout reclaim + SPY light distribution regime
fam_22_06,inside_day_breakout_reclaim,Inside-day breakout reclaim,spy_momentum_positive,SPY positive 20/50-day momentum,300,quallamaggie_stair_step_breakout|brock_lakonishok_lebaron_1992|moskowitz_ooi_pedersen_2012_tsmom,https://qullamaggie.com/my-3-timeless-setups-that-have-made-me-tens-of-millions/|https://ideas.repec.org/a/bla/jfinan/v47y1992i5p1731-64.html|https://papers.ssrn.com/sol3/papers.cfm?abstract_id=2089463,Inside-day breakout reclaim + SPY positive 20/50-day momentum
fam_22_07,inside_day_breakout_reclaim,Inside-day breakout reclaim,spy_dip_but_not_broken,SPY dip but not broken,300,quallamaggie_stair_step_breakout|brock_lakonishok_lebaron_1992|reddit_momentum_setups_2026|ibd_sell_rules,https://qullamaggie.com/my-3-timeless-setups-that-have-made-me-tens-of-millions/|https://ideas.repec.org/a/bla/jfinan/v47y1992i5p1731-64.html|https://www.reddit.com/r/swingtrading/comments/1r7m0bd/3_momentum_setups_im_watching_february_17_2026/|https://www.investors.com/how-to-invest/when-to-sell-stocks/,Inside-day breakout reclaim + SPY dip but not broken
fam_22_08,inside_day_breakout_reclaim,Inside-day breakout reclaim,spy_broad_loose_bull,SPY loose bull / frequency regime,300,quallamaggie_stair_step_breakout|brock_lakonishok_lebaron_1992|moskowitz_ooi_pedersen_2012_tsmom,https://qullamaggie.com/my-3-timeless-setups-that-have-made-me-tens-of-millions/|https://ideas.repec.org/a/bla/jfinan/v47y1992i5p1731-64.html|https://papers.ssrn.com/sol3/papers.cfm?abstract_id=2089463,Inside-day breakout reclaim + SPY loose bull / frequency regime
fam_23_01,undercut_reclaim_shakeout,Undercut-and-reclaim shakeout,spy_stage2_bull,SPY Stage-2 bull regime,300,ibd_50_day_line_sell|reddit_trend_following_pullback_bot|minervini_trend_template_public|brock_lakonishok_lebaron_1992,https://www.investors.com/how-to-invest/investors-corner/what-is-the-50-day-moving-average-when-to-buy-or-sell-growth-stocks/|https://www.reddit.com/r/swingtrading/comments/1seu2jy/i_built_a_trendfollowing_pullback_bot/|https://www.chartmill.com/documentation/stock-screener/technical-analysis-trading-strategies/496-Mark-Minervini-Trend-Template-A-Step-by-Step-Guide-for-Beginners|https://ideas.repec.org/a/bla/jfinan/v47y1992i5p1731-64.html,Undercut-and-reclaim shakeout + SPY Stage-2 bull regime
fam_23_02,undercut_reclaim_shakeout,Undercut-and-reclaim shakeout,spy_fast_risk_on,SPY fast risk-on regime,300,ibd_50_day_line_sell|reddit_trend_following_pullback_bot|ibd_cup_handle_buy_point|brock_lakonishok_lebaron_1992,https://www.investors.com/how-to-invest/investors-corner/what-is-the-50-day-moving-average-when-to-buy-or-sell-growth-stocks/|https://www.reddit.com/r/swingtrading/comments/1seu2jy/i_built_a_trendfollowing_pullback_bot/|https://www.investors.com/how-to-invest/investors-corner/amazon-stock-chart-patterns/|https://ideas.repec.org/a/bla/jfinan/v47y1992i5p1731-64.html,Undercut-and-reclaim shakeout + SPY fast risk-on regime
fam_23_03,undercut_reclaim_shakeout,Undercut-and-reclaim shakeout,spy_pullback_reclaim,SPY pullback reclaim regime,300,ibd_50_day_line_sell|reddit_trend_following_pullback_bot|reddit_realdaytrading_rs_state|quallamaggie_stair_step_breakout,https://www.investors.com/how-to-invest/investors-corner/what-is-the-50-day-moving-average-when-to-buy-or-sell-growth-stocks/|https://www.reddit.com/r/swingtrading/comments/1seu2jy/i_built_a_trendfollowing_pullback_bot/|https://www.reddit.com/r/RealDayTrading/comments/sc39td/two_questions_about_trading_with_relative_strength/|https://qullamaggie.com/my-3-timeless-setups-that-have-made-me-tens-of-millions/,Undercut-and-reclaim shakeout + SPY pullback reclaim regime
fam_23_04,undercut_reclaim_shakeout,Undercut-and-reclaim shakeout,spy_low_vol_uptrend,SPY low-volatility uptrend,300,ibd_50_day_line_sell|reddit_trend_following_pullback_bot|bollinger_squeeze_chartschool|atr_trailing_stop_chartschool,https://www.investors.com/how-to-invest/investors-corner/what-is-the-50-day-moving-average-when-to-buy-or-sell-growth-stocks/|https://www.reddit.com/r/swingtrading/comments/1seu2jy/i_built_a_trendfollowing_pullback_bot/|https://chartschool.stockcharts.com/table-of-contents/trading-strategies-and-models/trading-strategies/bollinger-band-squeeze|https://chartschool.stockcharts.com/table-of-contents/technical-indicators-and-overlays/technical-indicators/atr-trailing-stops,Undercut-and-reclaim shakeout + SPY low-volatility uptrend
fam_23_05,undercut_reclaim_shakeout,Undercut-and-reclaim shakeout,spy_distribution_light,SPY light distribution regime,300,ibd_50_day_line_sell|reddit_trend_following_pullback_bot|ibd_sell_rules,https://www.investors.com/how-to-invest/investors-corner/what-is-the-50-day-moving-average-when-to-buy-or-sell-growth-stocks/|https://www.reddit.com/r/swingtrading/comments/1seu2jy/i_built_a_trendfollowing_pullback_bot/|https://www.investors.com/how-to-invest/when-to-sell-stocks/,Undercut-and-reclaim shakeout + SPY light distribution regime
fam_23_06,undercut_reclaim_shakeout,Undercut-and-reclaim shakeout,spy_momentum_positive,SPY positive 20/50-day momentum,300,ibd_50_day_line_sell|reddit_trend_following_pullback_bot|moskowitz_ooi_pedersen_2012_tsmom|brock_lakonishok_lebaron_1992,https://www.investors.com/how-to-invest/investors-corner/what-is-the-50-day-moving-average-when-to-buy-or-sell-growth-stocks/|https://www.reddit.com/r/swingtrading/comments/1seu2jy/i_built_a_trendfollowing_pullback_bot/|https://papers.ssrn.com/sol3/papers.cfm?abstract_id=2089463|https://ideas.repec.org/a/bla/jfinan/v47y1992i5p1731-64.html,Undercut-and-reclaim shakeout + SPY positive 20/50-day momentum
fam_23_07,undercut_reclaim_shakeout,Undercut-and-reclaim shakeout,spy_dip_but_not_broken,SPY dip but not broken,300,ibd_50_day_line_sell|reddit_trend_following_pullback_bot|reddit_momentum_setups_2026|ibd_sell_rules,https://www.investors.com/how-to-invest/investors-corner/what-is-the-50-day-moving-average-when-to-buy-or-sell-growth-stocks/|https://www.reddit.com/r/swingtrading/comments/1seu2jy/i_built_a_trendfollowing_pullback_bot/|https://www.reddit.com/r/swingtrading/comments/1r7m0bd/3_momentum_setups_im_watching_february_17_2026/|https://www.investors.com/how-to-invest/when-to-sell-stocks/,Undercut-and-reclaim shakeout + SPY dip but not broken
fam_23_08,undercut_reclaim_shakeout,Undercut-and-reclaim shakeout,spy_broad_loose_bull,SPY loose bull / frequency regime,300,ibd_50_day_line_sell|reddit_trend_following_pullback_bot|brock_lakonishok_lebaron_1992|moskowitz_ooi_pedersen_2012_tsmom,https://www.investors.com/how-to-invest/investors-corner/what-is-the-50-day-moving-average-when-to-buy-or-sell-growth-stocks/|https://www.reddit.com/r/swingtrading/comments/1seu2jy/i_built_a_trendfollowing_pullback_bot/|https://ideas.repec.org/a/bla/jfinan/v47y1992i5p1731-64.html|https://papers.ssrn.com/sol3/papers.cfm?abstract_id=2089463,Undercut-and-reclaim shakeout + SPY loose bull / frequency regime
fam_24_01,failed_breakdown_reclaim,Failed breakdown reclaim,spy_stage2_bull,SPY Stage-2 bull regime,300,ibd_50_day_line_sell|reddit_realdaytrading_rs_state|minervini_trend_template_public|brock_lakonishok_lebaron_1992,https://www.investors.com/how-to-invest/investors-corner/what-is-the-50-day-moving-average-when-to-buy-or-sell-growth-stocks/|https://www.reddit.com/r/RealDayTrading/comments/sc39td/two_questions_about_trading_with_relative_strength/|https://www.chartmill.com/documentation/stock-screener/technical-analysis-trading-strategies/496-Mark-Minervini-Trend-Template-A-Step-by-Step-Guide-for-Beginners|https://ideas.repec.org/a/bla/jfinan/v47y1992i5p1731-64.html,Failed breakdown reclaim + SPY Stage-2 bull regime
fam_24_02,failed_breakdown_reclaim,Failed breakdown reclaim,spy_fast_risk_on,SPY fast risk-on regime,300,ibd_50_day_line_sell|reddit_realdaytrading_rs_state|ibd_cup_handle_buy_point|brock_lakonishok_lebaron_1992,https://www.investors.com/how-to-invest/investors-corner/what-is-the-50-day-moving-average-when-to-buy-or-sell-growth-stocks/|https://www.reddit.com/r/RealDayTrading/comments/sc39td/two_questions_about_trading_with_relative_strength/|https://www.investors.com/how-to-invest/investors-corner/amazon-stock-chart-patterns/|https://ideas.repec.org/a/bla/jfinan/v47y1992i5p1731-64.html,Failed breakdown reclaim + SPY fast risk-on regime
fam_24_03,failed_breakdown_reclaim,Failed breakdown reclaim,spy_pullback_reclaim,SPY pullback reclaim regime,300,ibd_50_day_line_sell|reddit_realdaytrading_rs_state|quallamaggie_stair_step_breakout,https://www.investors.com/how-to-invest/investors-corner/what-is-the-50-day-moving-average-when-to-buy-or-sell-growth-stocks/|https://www.reddit.com/r/RealDayTrading/comments/sc39td/two_questions_about_trading_with_relative_strength/|https://qullamaggie.com/my-3-timeless-setups-that-have-made-me-tens-of-millions/,Failed breakdown reclaim + SPY pullback reclaim regime
fam_24_04,failed_breakdown_reclaim,Failed breakdown reclaim,spy_low_vol_uptrend,SPY low-volatility uptrend,300,ibd_50_day_line_sell|reddit_realdaytrading_rs_state|bollinger_squeeze_chartschool|atr_trailing_stop_chartschool,https://www.investors.com/how-to-invest/investors-corner/what-is-the-50-day-moving-average-when-to-buy-or-sell-growth-stocks/|https://www.reddit.com/r/RealDayTrading/comments/sc39td/two_questions_about_trading_with_relative_strength/|https://chartschool.stockcharts.com/table-of-contents/trading-strategies-and-models/trading-strategies/bollinger-band-squeeze|https://chartschool.stockcharts.com/table-of-contents/technical-indicators-and-overlays/technical-indicators/atr-trailing-stops,Failed breakdown reclaim + SPY low-volatility uptrend
fam_24_05,failed_breakdown_reclaim,Failed breakdown reclaim,spy_distribution_light,SPY light distribution regime,300,ibd_50_day_line_sell|reddit_realdaytrading_rs_state|ibd_sell_rules,https://www.investors.com/how-to-invest/investors-corner/what-is-the-50-day-moving-average-when-to-buy-or-sell-growth-stocks/|https://www.reddit.com/r/RealDayTrading/comments/sc39td/two_questions_about_trading_with_relative_strength/|https://www.investors.com/how-to-invest/when-to-sell-stocks/,Failed breakdown reclaim + SPY light distribution regime
fam_24_06,failed_breakdown_reclaim,Failed breakdown reclaim,spy_momentum_positive,SPY positive 20/50-day momentum,300,ibd_50_day_line_sell|reddit_realdaytrading_rs_state|moskowitz_ooi_pedersen_2012_tsmom|brock_lakonishok_lebaron_1992,https://www.investors.com/how-to-invest/investors-corner/what-is-the-50-day-moving-average-when-to-buy-or-sell-growth-stocks/|https://www.reddit.com/r/RealDayTrading/comments/sc39td/two_questions_about_trading_with_relative_strength/|https://papers.ssrn.com/sol3/papers.cfm?abstract_id=2089463|https://ideas.repec.org/a/bla/jfinan/v47y1992i5p1731-64.html,Failed breakdown reclaim + SPY positive 20/50-day momentum
fam_24_07,failed_breakdown_reclaim,Failed breakdown reclaim,spy_dip_but_not_broken,SPY dip but not broken,300,ibd_50_day_line_sell|reddit_realdaytrading_rs_state|reddit_momentum_setups_2026|ibd_sell_rules,https://www.investors.com/how-to-invest/investors-corner/what-is-the-50-day-moving-average-when-to-buy-or-sell-growth-stocks/|https://www.reddit.com/r/RealDayTrading/comments/sc39td/two_questions_about_trading_with_relative_strength/|https://www.reddit.com/r/swingtrading/comments/1r7m0bd/3_momentum_setups_im_watching_february_17_2026/|https://www.investors.com/how-to-invest/when-to-sell-stocks/,Failed breakdown reclaim + SPY dip but not broken
fam_24_08,failed_breakdown_reclaim,Failed breakdown reclaim,spy_broad_loose_bull,SPY loose bull / frequency regime,300,ibd_50_day_line_sell|reddit_realdaytrading_rs_state|brock_lakonishok_lebaron_1992|moskowitz_ooi_pedersen_2012_tsmom,https://www.investors.com/how-to-invest/investors-corner/what-is-the-50-day-moving-average-when-to-buy-or-sell-growth-stocks/|https://www.reddit.com/r/RealDayTrading/comments/sc39td/two_questions_about_trading_with_relative_strength/|https://ideas.repec.org/a/bla/jfinan/v47y1992i5p1731-64.html|https://papers.ssrn.com/sol3/papers.cfm?abstract_id=2089463,Failed breakdown reclaim + SPY loose bull / frequency regime
fam_25_01,gap_down_leader_reclaim,Gap-down leader reclaim,spy_stage2_bull,SPY Stage-2 bull regime,300,reddit_swing_pullbacks_2026|ibd_sell_rules|minervini_trend_template_public|brock_lakonishok_lebaron_1992,https://www.reddit.com/r/swingtrading/comments/1sy4oxs/momentum_stock_entries_on_pullbacks_frustration/|https://www.investors.com/how-to-invest/when-to-sell-stocks/|https://www.chartmill.com/documentation/stock-screener/technical-analysis-trading-strategies/496-Mark-Minervini-Trend-Template-A-Step-by-Step-Guide-for-Beginners|https://ideas.repec.org/a/bla/jfinan/v47y1992i5p1731-64.html,Gap-down leader reclaim + SPY Stage-2 bull regime
fam_25_02,gap_down_leader_reclaim,Gap-down leader reclaim,spy_fast_risk_on,SPY fast risk-on regime,300,reddit_swing_pullbacks_2026|ibd_sell_rules|ibd_cup_handle_buy_point|brock_lakonishok_lebaron_1992,https://www.reddit.com/r/swingtrading/comments/1sy4oxs/momentum_stock_entries_on_pullbacks_frustration/|https://www.investors.com/how-to-invest/when-to-sell-stocks/|https://www.investors.com/how-to-invest/investors-corner/amazon-stock-chart-patterns/|https://ideas.repec.org/a/bla/jfinan/v47y1992i5p1731-64.html,Gap-down leader reclaim + SPY fast risk-on regime
fam_25_03,gap_down_leader_reclaim,Gap-down leader reclaim,spy_pullback_reclaim,SPY pullback reclaim regime,300,reddit_swing_pullbacks_2026|ibd_sell_rules|reddit_realdaytrading_rs_state|quallamaggie_stair_step_breakout,https://www.reddit.com/r/swingtrading/comments/1sy4oxs/momentum_stock_entries_on_pullbacks_frustration/|https://www.investors.com/how-to-invest/when-to-sell-stocks/|https://www.reddit.com/r/RealDayTrading/comments/sc39td/two_questions_about_trading_with_relative_strength/|https://qullamaggie.com/my-3-timeless-setups-that-have-made-me-tens-of-millions/,Gap-down leader reclaim + SPY pullback reclaim regime
fam_25_04,gap_down_leader_reclaim,Gap-down leader reclaim,spy_low_vol_uptrend,SPY low-volatility uptrend,300,reddit_swing_pullbacks_2026|ibd_sell_rules|bollinger_squeeze_chartschool|atr_trailing_stop_chartschool,https://www.reddit.com/r/swingtrading/comments/1sy4oxs/momentum_stock_entries_on_pullbacks_frustration/|https://www.investors.com/how-to-invest/when-to-sell-stocks/|https://chartschool.stockcharts.com/table-of-contents/trading-strategies-and-models/trading-strategies/bollinger-band-squeeze|https://chartschool.stockcharts.com/table-of-contents/technical-indicators-and-overlays/technical-indicators/atr-trailing-stops,Gap-down leader reclaim + SPY low-volatility uptrend
fam_25_05,gap_down_leader_reclaim,Gap-down leader reclaim,spy_distribution_light,SPY light distribution regime,300,reddit_swing_pullbacks_2026|ibd_sell_rules|ibd_50_day_line_sell,https://www.reddit.com/r/swingtrading/comments/1sy4oxs/momentum_stock_entries_on_pullbacks_frustration/|https://www.investors.com/how-to-invest/when-to-sell-stocks/|https://www.investors.com/how-to-invest/investors-corner/what-is-the-50-day-moving-average-when-to-buy-or-sell-growth-stocks/,Gap-down leader reclaim + SPY light distribution regime
fam_25_06,gap_down_leader_reclaim,Gap-down leader reclaim,spy_momentum_positive,SPY positive 20/50-day momentum,300,reddit_swing_pullbacks_2026|ibd_sell_rules|moskowitz_ooi_pedersen_2012_tsmom|brock_lakonishok_lebaron_1992,https://www.reddit.com/r/swingtrading/comments/1sy4oxs/momentum_stock_entries_on_pullbacks_frustration/|https://www.investors.com/how-to-invest/when-to-sell-stocks/|https://papers.ssrn.com/sol3/papers.cfm?abstract_id=2089463|https://ideas.repec.org/a/bla/jfinan/v47y1992i5p1731-64.html,Gap-down leader reclaim + SPY positive 20/50-day momentum
fam_25_07,gap_down_leader_reclaim,Gap-down leader reclaim,spy_dip_but_not_broken,SPY dip but not broken,300,reddit_swing_pullbacks_2026|ibd_sell_rules|reddit_momentum_setups_2026,https://www.reddit.com/r/swingtrading/comments/1sy4oxs/momentum_stock_entries_on_pullbacks_frustration/|https://www.investors.com/how-to-invest/when-to-sell-stocks/|https://www.reddit.com/r/swingtrading/comments/1r7m0bd/3_momentum_setups_im_watching_february_17_2026/,Gap-down leader reclaim + SPY dip but not broken
fam_25_08,gap_down_leader_reclaim,Gap-down leader reclaim,spy_broad_loose_bull,SPY loose bull / frequency regime,300,reddit_swing_pullbacks_2026|ibd_sell_rules|brock_lakonishok_lebaron_1992|moskowitz_ooi_pedersen_2012_tsmom,https://www.reddit.com/r/swingtrading/comments/1sy4oxs/momentum_stock_entries_on_pullbacks_frustration/|https://www.investors.com/how-to-invest/when-to-sell-stocks/|https://ideas.repec.org/a/bla/jfinan/v47y1992i5p1731-64.html|https://papers.ssrn.com/sol3/papers.cfm?abstract_id=2089463,Gap-down leader reclaim + SPY loose bull / frequency regime
fam_26_01,bollinger_lower_band_reclaim_trend,Bollinger lower-band reclaim in trend,spy_stage2_bull,SPY Stage-2 bull regime,300,bollinger_squeeze_chartschool|connors_rsi2_chartschool|minervini_trend_template_public|brock_lakonishok_lebaron_1992,https://chartschool.stockcharts.com/table-of-contents/trading-strategies-and-models/trading-strategies/bollinger-band-squeeze|https://chartschool.stockcharts.com/table-of-contents/trading-strategies-and-models/trading-strategies/rsi-2|https://www.chartmill.com/documentation/stock-screener/technical-analysis-trading-strategies/496-Mark-Minervini-Trend-Template-A-Step-by-Step-Guide-for-Beginners|https://ideas.repec.org/a/bla/jfinan/v47y1992i5p1731-64.html,Bollinger lower-band reclaim in trend + SPY Stage-2 bull regime
fam_26_02,bollinger_lower_band_reclaim_trend,Bollinger lower-band reclaim in trend,spy_fast_risk_on,SPY fast risk-on regime,300,bollinger_squeeze_chartschool|connors_rsi2_chartschool|ibd_cup_handle_buy_point|brock_lakonishok_lebaron_1992,https://chartschool.stockcharts.com/table-of-contents/trading-strategies-and-models/trading-strategies/bollinger-band-squeeze|https://chartschool.stockcharts.com/table-of-contents/trading-strategies-and-models/trading-strategies/rsi-2|https://www.investors.com/how-to-invest/investors-corner/amazon-stock-chart-patterns/|https://ideas.repec.org/a/bla/jfinan/v47y1992i5p1731-64.html,Bollinger lower-band reclaim in trend + SPY fast risk-on regime
fam_26_03,bollinger_lower_band_reclaim_trend,Bollinger lower-band reclaim in trend,spy_pullback_reclaim,SPY pullback reclaim regime,300,bollinger_squeeze_chartschool|connors_rsi2_chartschool|reddit_realdaytrading_rs_state|quallamaggie_stair_step_breakout,https://chartschool.stockcharts.com/table-of-contents/trading-strategies-and-models/trading-strategies/bollinger-band-squeeze|https://chartschool.stockcharts.com/table-of-contents/trading-strategies-and-models/trading-strategies/rsi-2|https://www.reddit.com/r/RealDayTrading/comments/sc39td/two_questions_about_trading_with_relative_strength/|https://qullamaggie.com/my-3-timeless-setups-that-have-made-me-tens-of-millions/,Bollinger lower-band reclaim in trend + SPY pullback reclaim regime
fam_26_04,bollinger_lower_band_reclaim_trend,Bollinger lower-band reclaim in trend,spy_low_vol_uptrend,SPY low-volatility uptrend,300,bollinger_squeeze_chartschool|connors_rsi2_chartschool|atr_trailing_stop_chartschool,https://chartschool.stockcharts.com/table-of-contents/trading-strategies-and-models/trading-strategies/bollinger-band-squeeze|https://chartschool.stockcharts.com/table-of-contents/trading-strategies-and-models/trading-strategies/rsi-2|https://chartschool.stockcharts.com/table-of-contents/technical-indicators-and-overlays/technical-indicators/atr-trailing-stops,Bollinger lower-band reclaim in trend + SPY low-volatility uptrend
fam_26_05,bollinger_lower_band_reclaim_trend,Bollinger lower-band reclaim in trend,spy_distribution_light,SPY light distribution regime,300,bollinger_squeeze_chartschool|connors_rsi2_chartschool|ibd_sell_rules|ibd_50_day_line_sell,https://chartschool.stockcharts.com/table-of-contents/trading-strategies-and-models/trading-strategies/bollinger-band-squeeze|https://chartschool.stockcharts.com/table-of-contents/trading-strategies-and-models/trading-strategies/rsi-2|https://www.investors.com/how-to-invest/when-to-sell-stocks/|https://www.investors.com/how-to-invest/investors-corner/what-is-the-50-day-moving-average-when-to-buy-or-sell-growth-stocks/,Bollinger lower-band reclaim in trend + SPY light distribution regime
fam_26_06,bollinger_lower_band_reclaim_trend,Bollinger lower-band reclaim in trend,spy_momentum_positive,SPY positive 20/50-day momentum,300,bollinger_squeeze_chartschool|connors_rsi2_chartschool|moskowitz_ooi_pedersen_2012_tsmom|brock_lakonishok_lebaron_1992,https://chartschool.stockcharts.com/table-of-contents/trading-strategies-and-models/trading-strategies/bollinger-band-squeeze|https://chartschool.stockcharts.com/table-of-contents/trading-strategies-and-models/trading-strategies/rsi-2|https://papers.ssrn.com/sol3/papers.cfm?abstract_id=2089463|https://ideas.repec.org/a/bla/jfinan/v47y1992i5p1731-64.html,Bollinger lower-band reclaim in trend + SPY positive 20/50-day momentum
fam_26_07,bollinger_lower_band_reclaim_trend,Bollinger lower-band reclaim in trend,spy_dip_but_not_broken,SPY dip but not broken,300,bollinger_squeeze_chartschool|connors_rsi2_chartschool|reddit_momentum_setups_2026|ibd_sell_rules,https://chartschool.stockcharts.com/table-of-contents/trading-strategies-and-models/trading-strategies/bollinger-band-squeeze|https://chartschool.stockcharts.com/table-of-contents/trading-strategies-and-models/trading-strategies/rsi-2|https://www.reddit.com/r/swingtrading/comments/1r7m0bd/3_momentum_setups_im_watching_february_17_2026/|https://www.investors.com/how-to-invest/when-to-sell-stocks/,Bollinger lower-band reclaim in trend + SPY dip but not broken
fam_26_08,bollinger_lower_band_reclaim_trend,Bollinger lower-band reclaim in trend,spy_broad_loose_bull,SPY loose bull / frequency regime,300,bollinger_squeeze_chartschool|connors_rsi2_chartschool|brock_lakonishok_lebaron_1992|moskowitz_ooi_pedersen_2012_tsmom,https://chartschool.stockcharts.com/table-of-contents/trading-strategies-and-models/trading-strategies/bollinger-band-squeeze|https://chartschool.stockcharts.com/table-of-contents/trading-strategies-and-models/trading-strategies/rsi-2|https://ideas.repec.org/a/bla/jfinan/v47y1992i5p1731-64.html|https://papers.ssrn.com/sol3/papers.cfm?abstract_id=2089463,Bollinger lower-band reclaim in trend + SPY loose bull / frequency regime
fam_27_01,rsi2_pullback_rebound_trend,RSI2 pullback rebound in trend,spy_stage2_bull,SPY Stage-2 bull regime,300,connors_rsi2_chartschool|reddit_trend_following_pullback_bot|minervini_trend_template_public|brock_lakonishok_lebaron_1992,https://chartschool.stockcharts.com/table-of-contents/trading-strategies-and-models/trading-strategies/rsi-2|https://www.reddit.com/r/swingtrading/comments/1seu2jy/i_built_a_trendfollowing_pullback_bot/|https://www.chartmill.com/documentation/stock-screener/technical-analysis-trading-strategies/496-Mark-Minervini-Trend-Template-A-Step-by-Step-Guide-for-Beginners|https://ideas.repec.org/a/bla/jfinan/v47y1992i5p1731-64.html,RSI2 pullback rebound in trend + SPY Stage-2 bull regime
fam_27_02,rsi2_pullback_rebound_trend,RSI2 pullback rebound in trend,spy_fast_risk_on,SPY fast risk-on regime,300,connors_rsi2_chartschool|reddit_trend_following_pullback_bot|ibd_cup_handle_buy_point|brock_lakonishok_lebaron_1992,https://chartschool.stockcharts.com/table-of-contents/trading-strategies-and-models/trading-strategies/rsi-2|https://www.reddit.com/r/swingtrading/comments/1seu2jy/i_built_a_trendfollowing_pullback_bot/|https://www.investors.com/how-to-invest/investors-corner/amazon-stock-chart-patterns/|https://ideas.repec.org/a/bla/jfinan/v47y1992i5p1731-64.html,RSI2 pullback rebound in trend + SPY fast risk-on regime
fam_27_03,rsi2_pullback_rebound_trend,RSI2 pullback rebound in trend,spy_pullback_reclaim,SPY pullback reclaim regime,300,connors_rsi2_chartschool|reddit_trend_following_pullback_bot|reddit_realdaytrading_rs_state|quallamaggie_stair_step_breakout,https://chartschool.stockcharts.com/table-of-contents/trading-strategies-and-models/trading-strategies/rsi-2|https://www.reddit.com/r/swingtrading/comments/1seu2jy/i_built_a_trendfollowing_pullback_bot/|https://www.reddit.com/r/RealDayTrading/comments/sc39td/two_questions_about_trading_with_relative_strength/|https://qullamaggie.com/my-3-timeless-setups-that-have-made-me-tens-of-millions/,RSI2 pullback rebound in trend + SPY pullback reclaim regime
fam_27_04,rsi2_pullback_rebound_trend,RSI2 pullback rebound in trend,spy_low_vol_uptrend,SPY low-volatility uptrend,300,connors_rsi2_chartschool|reddit_trend_following_pullback_bot|bollinger_squeeze_chartschool|atr_trailing_stop_chartschool,https://chartschool.stockcharts.com/table-of-contents/trading-strategies-and-models/trading-strategies/rsi-2|https://www.reddit.com/r/swingtrading/comments/1seu2jy/i_built_a_trendfollowing_pullback_bot/|https://chartschool.stockcharts.com/table-of-contents/trading-strategies-and-models/trading-strategies/bollinger-band-squeeze|https://chartschool.stockcharts.com/table-of-contents/technical-indicators-and-overlays/technical-indicators/atr-trailing-stops,RSI2 pullback rebound in trend + SPY low-volatility uptrend
fam_27_05,rsi2_pullback_rebound_trend,RSI2 pullback rebound in trend,spy_distribution_light,SPY light distribution regime,300,connors_rsi2_chartschool|reddit_trend_following_pullback_bot|ibd_sell_rules|ibd_50_day_line_sell,https://chartschool.stockcharts.com/table-of-contents/trading-strategies-and-models/trading-strategies/rsi-2|https://www.reddit.com/r/swingtrading/comments/1seu2jy/i_built_a_trendfollowing_pullback_bot/|https://www.investors.com/how-to-invest/when-to-sell-stocks/|https://www.investors.com/how-to-invest/investors-corner/what-is-the-50-day-moving-average-when-to-buy-or-sell-growth-stocks/,RSI2 pullback rebound in trend + SPY light distribution regime
fam_27_06,rsi2_pullback_rebound_trend,RSI2 pullback rebound in trend,spy_momentum_positive,SPY positive 20/50-day momentum,300,connors_rsi2_chartschool|reddit_trend_following_pullback_bot|moskowitz_ooi_pedersen_2012_tsmom|brock_lakonishok_lebaron_1992,https://chartschool.stockcharts.com/table-of-contents/trading-strategies-and-models/trading-strategies/rsi-2|https://www.reddit.com/r/swingtrading/comments/1seu2jy/i_built_a_trendfollowing_pullback_bot/|https://papers.ssrn.com/sol3/papers.cfm?abstract_id=2089463|https://ideas.repec.org/a/bla/jfinan/v47y1992i5p1731-64.html,RSI2 pullback rebound in trend + SPY positive 20/50-day momentum
fam_27_07,rsi2_pullback_rebound_trend,RSI2 pullback rebound in trend,spy_dip_but_not_broken,SPY dip but not broken,300,connors_rsi2_chartschool|reddit_trend_following_pullback_bot|reddit_momentum_setups_2026|ibd_sell_rules,https://chartschool.stockcharts.com/table-of-contents/trading-strategies-and-models/trading-strategies/rsi-2|https://www.reddit.com/r/swingtrading/comments/1seu2jy/i_built_a_trendfollowing_pullback_bot/|https://www.reddit.com/r/swingtrading/comments/1r7m0bd/3_momentum_setups_im_watching_february_17_2026/|https://www.investors.com/how-to-invest/when-to-sell-stocks/,RSI2 pullback rebound in trend + SPY dip but not broken
fam_27_08,rsi2_pullback_rebound_trend,RSI2 pullback rebound in trend,spy_broad_loose_bull,SPY loose bull / frequency regime,300,connors_rsi2_chartschool|reddit_trend_following_pullback_bot|brock_lakonishok_lebaron_1992|moskowitz_ooi_pedersen_2012_tsmom,https://chartschool.stockcharts.com/table-of-contents/trading-strategies-and-models/trading-strategies/rsi-2|https://www.reddit.com/r/swingtrading/comments/1seu2jy/i_built_a_trendfollowing_pullback_bot/|https://ideas.repec.org/a/bla/jfinan/v47y1992i5p1731-64.html|https://papers.ssrn.com/sol3/papers.cfm?abstract_id=2089463,RSI2 pullback rebound in trend + SPY loose bull / frequency regime
fam_28_01,macd_histogram_turnup_trend,MACD histogram turn-up in trend,spy_stage2_bull,SPY Stage-2 bull regime,300,han_yang_zhou_2013_ma_timing|brock_lakonishok_lebaron_1992|minervini_trend_template_public,https://www.cambridge.org/core/journals/journal-of-financial-and-quantitative-analysis/article/abs/new-anomaly-the-crosssectional-profitability-of-technical-analysis/B9E41049F2E55B4F274D46E72ECA8E29|https://ideas.repec.org/a/bla/jfinan/v47y1992i5p1731-64.html|https://www.chartmill.com/documentation/stock-screener/technical-analysis-trading-strategies/496-Mark-Minervini-Trend-Template-A-Step-by-Step-Guide-for-Beginners,MACD histogram turn-up in trend + SPY Stage-2 bull regime
fam_28_02,macd_histogram_turnup_trend,MACD histogram turn-up in trend,spy_fast_risk_on,SPY fast risk-on regime,300,han_yang_zhou_2013_ma_timing|brock_lakonishok_lebaron_1992|ibd_cup_handle_buy_point,https://www.cambridge.org/core/journals/journal-of-financial-and-quantitative-analysis/article/abs/new-anomaly-the-crosssectional-profitability-of-technical-analysis/B9E41049F2E55B4F274D46E72ECA8E29|https://ideas.repec.org/a/bla/jfinan/v47y1992i5p1731-64.html|https://www.investors.com/how-to-invest/investors-corner/amazon-stock-chart-patterns/,MACD histogram turn-up in trend + SPY fast risk-on regime
fam_28_03,macd_histogram_turnup_trend,MACD histogram turn-up in trend,spy_pullback_reclaim,SPY pullback reclaim regime,300,han_yang_zhou_2013_ma_timing|brock_lakonishok_lebaron_1992|reddit_realdaytrading_rs_state|quallamaggie_stair_step_breakout,https://www.cambridge.org/core/journals/journal-of-financial-and-quantitative-analysis/article/abs/new-anomaly-the-crosssectional-profitability-of-technical-analysis/B9E41049F2E55B4F274D46E72ECA8E29|https://ideas.repec.org/a/bla/jfinan/v47y1992i5p1731-64.html|https://www.reddit.com/r/RealDayTrading/comments/sc39td/two_questions_about_trading_with_relative_strength/|https://qullamaggie.com/my-3-timeless-setups-that-have-made-me-tens-of-millions/,MACD histogram turn-up in trend + SPY pullback reclaim regime
fam_28_04,macd_histogram_turnup_trend,MACD histogram turn-up in trend,spy_low_vol_uptrend,SPY low-volatility uptrend,300,han_yang_zhou_2013_ma_timing|brock_lakonishok_lebaron_1992|bollinger_squeeze_chartschool|atr_trailing_stop_chartschool,https://www.cambridge.org/core/journals/journal-of-financial-and-quantitative-analysis/article/abs/new-anomaly-the-crosssectional-profitability-of-technical-analysis/B9E41049F2E55B4F274D46E72ECA8E29|https://ideas.repec.org/a/bla/jfinan/v47y1992i5p1731-64.html|https://chartschool.stockcharts.com/table-of-contents/trading-strategies-and-models/trading-strategies/bollinger-band-squeeze|https://chartschool.stockcharts.com/table-of-contents/technical-indicators-and-overlays/technical-indicators/atr-trailing-stops,MACD histogram turn-up in trend + SPY low-volatility uptrend
fam_28_05,macd_histogram_turnup_trend,MACD histogram turn-up in trend,spy_distribution_light,SPY light distribution regime,300,han_yang_zhou_2013_ma_timing|brock_lakonishok_lebaron_1992|ibd_sell_rules|ibd_50_day_line_sell,https://www.cambridge.org/core/journals/journal-of-financial-and-quantitative-analysis/article/abs/new-anomaly-the-crosssectional-profitability-of-technical-analysis/B9E41049F2E55B4F274D46E72ECA8E29|https://ideas.repec.org/a/bla/jfinan/v47y1992i5p1731-64.html|https://www.investors.com/how-to-invest/when-to-sell-stocks/|https://www.investors.com/how-to-invest/investors-corner/what-is-the-50-day-moving-average-when-to-buy-or-sell-growth-stocks/,MACD histogram turn-up in trend + SPY light distribution regime
fam_28_06,macd_histogram_turnup_trend,MACD histogram turn-up in trend,spy_momentum_positive,SPY positive 20/50-day momentum,300,han_yang_zhou_2013_ma_timing|brock_lakonishok_lebaron_1992|moskowitz_ooi_pedersen_2012_tsmom,https://www.cambridge.org/core/journals/journal-of-financial-and-quantitative-analysis/article/abs/new-anomaly-the-crosssectional-profitability-of-technical-analysis/B9E41049F2E55B4F274D46E72ECA8E29|https://ideas.repec.org/a/bla/jfinan/v47y1992i5p1731-64.html|https://papers.ssrn.com/sol3/papers.cfm?abstract_id=2089463,MACD histogram turn-up in trend + SPY positive 20/50-day momentum
fam_28_07,macd_histogram_turnup_trend,MACD histogram turn-up in trend,spy_dip_but_not_broken,SPY dip but not broken,300,han_yang_zhou_2013_ma_timing|brock_lakonishok_lebaron_1992|reddit_momentum_setups_2026|ibd_sell_rules,https://www.cambridge.org/core/journals/journal-of-financial-and-quantitative-analysis/article/abs/new-anomaly-the-crosssectional-profitability-of-technical-analysis/B9E41049F2E55B4F274D46E72ECA8E29|https://ideas.repec.org/a/bla/jfinan/v47y1992i5p1731-64.html|https://www.reddit.com/r/swingtrading/comments/1r7m0bd/3_momentum_setups_im_watching_february_17_2026/|https://www.investors.com/how-to-invest/when-to-sell-stocks/,MACD histogram turn-up in trend + SPY dip but not broken
fam_28_08,macd_histogram_turnup_trend,MACD histogram turn-up in trend,spy_broad_loose_bull,SPY loose bull / frequency regime,300,han_yang_zhou_2013_ma_timing|brock_lakonishok_lebaron_1992|moskowitz_ooi_pedersen_2012_tsmom,https://www.cambridge.org/core/journals/journal-of-financial-and-quantitative-analysis/article/abs/new-anomaly-the-crosssectional-profitability-of-technical-analysis/B9E41049F2E55B4F274D46E72ECA8E29|https://ideas.repec.org/a/bla/jfinan/v47y1992i5p1731-64.html|https://papers.ssrn.com/sol3/papers.cfm?abstract_id=2089463,MACD histogram turn-up in trend + SPY loose bull / frequency regime
fam_29_01,adx_di_pullback_reversal,ADX/+DI pullback reversal,spy_stage2_bull,SPY Stage-2 bull regime,300,adx_chartschool|reddit_trend_following_pullback_bot|minervini_trend_template_public|brock_lakonishok_lebaron_1992,https://chartschool.stockcharts.com/table-of-contents/technical-indicators-and-overlays/technical-indicators/average-directional-index-adx|https://www.reddit.com/r/swingtrading/comments/1seu2jy/i_built_a_trendfollowing_pullback_bot/|https://www.chartmill.com/documentation/stock-screener/technical-analysis-trading-strategies/496-Mark-Minervini-Trend-Template-A-Step-by-Step-Guide-for-Beginners|https://ideas.repec.org/a/bla/jfinan/v47y1992i5p1731-64.html,ADX/+DI pullback reversal + SPY Stage-2 bull regime
fam_29_02,adx_di_pullback_reversal,ADX/+DI pullback reversal,spy_fast_risk_on,SPY fast risk-on regime,300,adx_chartschool|reddit_trend_following_pullback_bot|ibd_cup_handle_buy_point|brock_lakonishok_lebaron_1992,https://chartschool.stockcharts.com/table-of-contents/technical-indicators-and-overlays/technical-indicators/average-directional-index-adx|https://www.reddit.com/r/swingtrading/comments/1seu2jy/i_built_a_trendfollowing_pullback_bot/|https://www.investors.com/how-to-invest/investors-corner/amazon-stock-chart-patterns/|https://ideas.repec.org/a/bla/jfinan/v47y1992i5p1731-64.html,ADX/+DI pullback reversal + SPY fast risk-on regime
fam_29_03,adx_di_pullback_reversal,ADX/+DI pullback reversal,spy_pullback_reclaim,SPY pullback reclaim regime,300,adx_chartschool|reddit_trend_following_pullback_bot|reddit_realdaytrading_rs_state|quallamaggie_stair_step_breakout,https://chartschool.stockcharts.com/table-of-contents/technical-indicators-and-overlays/technical-indicators/average-directional-index-adx|https://www.reddit.com/r/swingtrading/comments/1seu2jy/i_built_a_trendfollowing_pullback_bot/|https://www.reddit.com/r/RealDayTrading/comments/sc39td/two_questions_about_trading_with_relative_strength/|https://qullamaggie.com/my-3-timeless-setups-that-have-made-me-tens-of-millions/,ADX/+DI pullback reversal + SPY pullback reclaim regime
fam_29_04,adx_di_pullback_reversal,ADX/+DI pullback reversal,spy_low_vol_uptrend,SPY low-volatility uptrend,300,adx_chartschool|reddit_trend_following_pullback_bot|bollinger_squeeze_chartschool|atr_trailing_stop_chartschool,https://chartschool.stockcharts.com/table-of-contents/technical-indicators-and-overlays/technical-indicators/average-directional-index-adx|https://www.reddit.com/r/swingtrading/comments/1seu2jy/i_built_a_trendfollowing_pullback_bot/|https://chartschool.stockcharts.com/table-of-contents/trading-strategies-and-models/trading-strategies/bollinger-band-squeeze|https://chartschool.stockcharts.com/table-of-contents/technical-indicators-and-overlays/technical-indicators/atr-trailing-stops,ADX/+DI pullback reversal + SPY low-volatility uptrend
fam_29_05,adx_di_pullback_reversal,ADX/+DI pullback reversal,spy_distribution_light,SPY light distribution regime,300,adx_chartschool|reddit_trend_following_pullback_bot|ibd_sell_rules|ibd_50_day_line_sell,https://chartschool.stockcharts.com/table-of-contents/technical-indicators-and-overlays/technical-indicators/average-directional-index-adx|https://www.reddit.com/r/swingtrading/comments/1seu2jy/i_built_a_trendfollowing_pullback_bot/|https://www.investors.com/how-to-invest/when-to-sell-stocks/|https://www.investors.com/how-to-invest/investors-corner/what-is-the-50-day-moving-average-when-to-buy-or-sell-growth-stocks/,ADX/+DI pullback reversal + SPY light distribution regime
fam_29_06,adx_di_pullback_reversal,ADX/+DI pullback reversal,spy_momentum_positive,SPY positive 20/50-day momentum,300,adx_chartschool|reddit_trend_following_pullback_bot|moskowitz_ooi_pedersen_2012_tsmom|brock_lakonishok_lebaron_1992,https://chartschool.stockcharts.com/table-of-contents/technical-indicators-and-overlays/technical-indicators/average-directional-index-adx|https://www.reddit.com/r/swingtrading/comments/1seu2jy/i_built_a_trendfollowing_pullback_bot/|https://papers.ssrn.com/sol3/papers.cfm?abstract_id=2089463|https://ideas.repec.org/a/bla/jfinan/v47y1992i5p1731-64.html,ADX/+DI pullback reversal + SPY positive 20/50-day momentum
fam_29_07,adx_di_pullback_reversal,ADX/+DI pullback reversal,spy_dip_but_not_broken,SPY dip but not broken,300,adx_chartschool|reddit_trend_following_pullback_bot|reddit_momentum_setups_2026|ibd_sell_rules,https://chartschool.stockcharts.com/table-of-contents/technical-indicators-and-overlays/technical-indicators/average-directional-index-adx|https://www.reddit.com/r/swingtrading/comments/1seu2jy/i_built_a_trendfollowing_pullback_bot/|https://www.reddit.com/r/swingtrading/comments/1r7m0bd/3_momentum_setups_im_watching_february_17_2026/|https://www.investors.com/how-to-invest/when-to-sell-stocks/,ADX/+DI pullback reversal + SPY dip but not broken
fam_29_08,adx_di_pullback_reversal,ADX/+DI pullback reversal,spy_broad_loose_bull,SPY loose bull / frequency regime,300,adx_chartschool|reddit_trend_following_pullback_bot|brock_lakonishok_lebaron_1992|moskowitz_ooi_pedersen_2012_tsmom,https://chartschool.stockcharts.com/table-of-contents/technical-indicators-and-overlays/technical-indicators/average-directional-index-adx|https://www.reddit.com/r/swingtrading/comments/1seu2jy/i_built_a_trendfollowing_pullback_bot/|https://ideas.repec.org/a/bla/jfinan/v47y1992i5p1731-64.html|https://papers.ssrn.com/sol3/papers.cfm?abstract_id=2089463,ADX/+DI pullback reversal + SPY loose bull / frequency regime
fam_30_01,keltner_pullback_reclaim,Keltner pullback reclaim,spy_stage2_bull,SPY Stage-2 bull regime,300,keltner_channel_chartschool|adx_chartschool|minervini_trend_template_public|brock_lakonishok_lebaron_1992,https://chartschool.stockcharts.com/table-of-contents/technical-indicators-and-overlays/technical-overlays/keltner-channels|https://chartschool.stockcharts.com/table-of-contents/technical-indicators-and-overlays/technical-indicators/average-directional-index-adx|https://www.chartmill.com/documentation/stock-screener/technical-analysis-trading-strategies/496-Mark-Minervini-Trend-Template-A-Step-by-Step-Guide-for-Beginners|https://ideas.repec.org/a/bla/jfinan/v47y1992i5p1731-64.html,Keltner pullback reclaim + SPY Stage-2 bull regime
fam_30_02,keltner_pullback_reclaim,Keltner pullback reclaim,spy_fast_risk_on,SPY fast risk-on regime,300,keltner_channel_chartschool|adx_chartschool|ibd_cup_handle_buy_point|brock_lakonishok_lebaron_1992,https://chartschool.stockcharts.com/table-of-contents/technical-indicators-and-overlays/technical-overlays/keltner-channels|https://chartschool.stockcharts.com/table-of-contents/technical-indicators-and-overlays/technical-indicators/average-directional-index-adx|https://www.investors.com/how-to-invest/investors-corner/amazon-stock-chart-patterns/|https://ideas.repec.org/a/bla/jfinan/v47y1992i5p1731-64.html,Keltner pullback reclaim + SPY fast risk-on regime
fam_30_03,keltner_pullback_reclaim,Keltner pullback reclaim,spy_pullback_reclaim,SPY pullback reclaim regime,300,keltner_channel_chartschool|adx_chartschool|reddit_realdaytrading_rs_state|quallamaggie_stair_step_breakout,https://chartschool.stockcharts.com/table-of-contents/technical-indicators-and-overlays/technical-overlays/keltner-channels|https://chartschool.stockcharts.com/table-of-contents/technical-indicators-and-overlays/technical-indicators/average-directional-index-adx|https://www.reddit.com/r/RealDayTrading/comments/sc39td/two_questions_about_trading_with_relative_strength/|https://qullamaggie.com/my-3-timeless-setups-that-have-made-me-tens-of-millions/,Keltner pullback reclaim + SPY pullback reclaim regime
fam_30_04,keltner_pullback_reclaim,Keltner pullback reclaim,spy_low_vol_uptrend,SPY low-volatility uptrend,300,keltner_channel_chartschool|adx_chartschool|bollinger_squeeze_chartschool|atr_trailing_stop_chartschool,https://chartschool.stockcharts.com/table-of-contents/technical-indicators-and-overlays/technical-overlays/keltner-channels|https://chartschool.stockcharts.com/table-of-contents/technical-indicators-and-overlays/technical-indicators/average-directional-index-adx|https://chartschool.stockcharts.com/table-of-contents/trading-strategies-and-models/trading-strategies/bollinger-band-squeeze|https://chartschool.stockcharts.com/table-of-contents/technical-indicators-and-overlays/technical-indicators/atr-trailing-stops,Keltner pullback reclaim + SPY low-volatility uptrend
fam_30_05,keltner_pullback_reclaim,Keltner pullback reclaim,spy_distribution_light,SPY light distribution regime,300,keltner_channel_chartschool|adx_chartschool|ibd_sell_rules|ibd_50_day_line_sell,https://chartschool.stockcharts.com/table-of-contents/technical-indicators-and-overlays/technical-overlays/keltner-channels|https://chartschool.stockcharts.com/table-of-contents/technical-indicators-and-overlays/technical-indicators/average-directional-index-adx|https://www.investors.com/how-to-invest/when-to-sell-stocks/|https://www.investors.com/how-to-invest/investors-corner/what-is-the-50-day-moving-average-when-to-buy-or-sell-growth-stocks/,Keltner pullback reclaim + SPY light distribution regime
fam_30_06,keltner_pullback_reclaim,Keltner pullback reclaim,spy_momentum_positive,SPY positive 20/50-day momentum,300,keltner_channel_chartschool|adx_chartschool|moskowitz_ooi_pedersen_2012_tsmom|brock_lakonishok_lebaron_1992,https://chartschool.stockcharts.com/table-of-contents/technical-indicators-and-overlays/technical-overlays/keltner-channels|https://chartschool.stockcharts.com/table-of-contents/technical-indicators-and-overlays/technical-indicators/average-directional-index-adx|https://papers.ssrn.com/sol3/papers.cfm?abstract_id=2089463|https://ideas.repec.org/a/bla/jfinan/v47y1992i5p1731-64.html,Keltner pullback reclaim + SPY positive 20/50-day momentum
fam_30_07,keltner_pullback_reclaim,Keltner pullback reclaim,spy_dip_but_not_broken,SPY dip but not broken,300,keltner_channel_chartschool|adx_chartschool|reddit_momentum_setups_2026|ibd_sell_rules,https://chartschool.stockcharts.com/table-of-contents/technical-indicators-and-overlays/technical-overlays/keltner-channels|https://chartschool.stockcharts.com/table-of-contents/technical-indicators-and-overlays/technical-indicators/average-directional-index-adx|https://www.reddit.com/r/swingtrading/comments/1r7m0bd/3_momentum_setups_im_watching_february_17_2026/|https://www.investors.com/how-to-invest/when-to-sell-stocks/,Keltner pullback reclaim + SPY dip but not broken
fam_30_08,keltner_pullback_reclaim,Keltner pullback reclaim,spy_broad_loose_bull,SPY loose bull / frequency regime,300,keltner_channel_chartschool|adx_chartschool|brock_lakonishok_lebaron_1992|moskowitz_ooi_pedersen_2012_tsmom,https://chartschool.stockcharts.com/table-of-contents/technical-indicators-and-overlays/technical-overlays/keltner-channels|https://chartschool.stockcharts.com/table-of-contents/technical-indicators-and-overlays/technical-indicators/average-directional-index-adx|https://ideas.repec.org/a/bla/jfinan/v47y1992i5p1731-64.html|https://papers.ssrn.com/sol3/papers.cfm?abstract_id=2089463,Keltner pullback reclaim + SPY loose bull / frequency regime
